ARM GAS  /tmp/ccXsv2Xt.s 			page 1


   1              		.cpu cortex-m4
   2              		.arch armv7e-m
   3              		.fpu fpv4-sp-d16
   4              		.eabi_attribute 27, 1
   5              		.eabi_attribute 28, 1
   6              		.eabi_attribute 20, 1
   7              		.eabi_attribute 21, 1
   8              		.eabi_attribute 23, 3
   9              		.eabi_attribute 24, 1
  10              		.eabi_attribute 25, 1
  11              		.eabi_attribute 26, 1
  12              		.eabi_attribute 30, 1
  13              		.eabi_attribute 34, 1
  14              		.eabi_attribute 18, 4
  15              		.file	"stm32f4xx_hal_i2s.c"
  16              		.text
  17              	.Ltext0:
  18              		.cfi_sections	.debug_frame
  19              		.file 1 "Drivers/STM32F4xx_HAL_Driver/Src/stm32f4xx_hal_i2s.c"
  20              		.section	.text.I2S_WaitFlagStateUntilTimeout,"ax",%progbits
  21              		.align	1
  22              		.syntax unified
  23              		.thumb
  24              		.thumb_func
  26              	I2S_WaitFlagStateUntilTimeout:
  27              	.LVL0:
  28              	.LFB268:
   1:Drivers/STM32F4xx_HAL_Driver/Src/stm32f4xx_hal_i2s.c **** /**
   2:Drivers/STM32F4xx_HAL_Driver/Src/stm32f4xx_hal_i2s.c ****   ******************************************************************************
   3:Drivers/STM32F4xx_HAL_Driver/Src/stm32f4xx_hal_i2s.c ****   * @file    stm32f4xx_hal_i2s.c
   4:Drivers/STM32F4xx_HAL_Driver/Src/stm32f4xx_hal_i2s.c ****   * @author  MCD Application Team
   5:Drivers/STM32F4xx_HAL_Driver/Src/stm32f4xx_hal_i2s.c ****   * @brief   I2S HAL module driver.
   6:Drivers/STM32F4xx_HAL_Driver/Src/stm32f4xx_hal_i2s.c ****   *          This file provides firmware functions to manage the following
   7:Drivers/STM32F4xx_HAL_Driver/Src/stm32f4xx_hal_i2s.c ****   *          functionalities of the Integrated Interchip Sound (I2S) peripheral:
   8:Drivers/STM32F4xx_HAL_Driver/Src/stm32f4xx_hal_i2s.c ****   *           + Initialization and de-initialization functions
   9:Drivers/STM32F4xx_HAL_Driver/Src/stm32f4xx_hal_i2s.c ****   *           + IO operation functions
  10:Drivers/STM32F4xx_HAL_Driver/Src/stm32f4xx_hal_i2s.c ****   *           + Peripheral State and Errors functions
  11:Drivers/STM32F4xx_HAL_Driver/Src/stm32f4xx_hal_i2s.c ****   ******************************************************************************
  12:Drivers/STM32F4xx_HAL_Driver/Src/stm32f4xx_hal_i2s.c ****   * @attention
  13:Drivers/STM32F4xx_HAL_Driver/Src/stm32f4xx_hal_i2s.c ****   *
  14:Drivers/STM32F4xx_HAL_Driver/Src/stm32f4xx_hal_i2s.c ****   * Copyright (c) 2016 STMicroelectronics.
  15:Drivers/STM32F4xx_HAL_Driver/Src/stm32f4xx_hal_i2s.c ****   * All rights reserved.
  16:Drivers/STM32F4xx_HAL_Driver/Src/stm32f4xx_hal_i2s.c ****   *
  17:Drivers/STM32F4xx_HAL_Driver/Src/stm32f4xx_hal_i2s.c ****   * This software is licensed under terms that can be found in the LICENSE file
  18:Drivers/STM32F4xx_HAL_Driver/Src/stm32f4xx_hal_i2s.c ****   * in the root directory of this software component.
  19:Drivers/STM32F4xx_HAL_Driver/Src/stm32f4xx_hal_i2s.c ****   * If no LICENSE file comes with this software, it is provided AS-IS.
  20:Drivers/STM32F4xx_HAL_Driver/Src/stm32f4xx_hal_i2s.c ****   *
  21:Drivers/STM32F4xx_HAL_Driver/Src/stm32f4xx_hal_i2s.c ****   ******************************************************************************
  22:Drivers/STM32F4xx_HAL_Driver/Src/stm32f4xx_hal_i2s.c ****   @verbatim
  23:Drivers/STM32F4xx_HAL_Driver/Src/stm32f4xx_hal_i2s.c ****  ===============================================================================
  24:Drivers/STM32F4xx_HAL_Driver/Src/stm32f4xx_hal_i2s.c ****                   ##### How to use this driver #####
  25:Drivers/STM32F4xx_HAL_Driver/Src/stm32f4xx_hal_i2s.c ****  ===============================================================================
  26:Drivers/STM32F4xx_HAL_Driver/Src/stm32f4xx_hal_i2s.c ****  [..]
  27:Drivers/STM32F4xx_HAL_Driver/Src/stm32f4xx_hal_i2s.c ****     The I2S HAL driver can be used as follow:
  28:Drivers/STM32F4xx_HAL_Driver/Src/stm32f4xx_hal_i2s.c **** 
  29:Drivers/STM32F4xx_HAL_Driver/Src/stm32f4xx_hal_i2s.c ****     (#) Declare a I2S_HandleTypeDef handle structure.
  30:Drivers/STM32F4xx_HAL_Driver/Src/stm32f4xx_hal_i2s.c ****     (#) Initialize the I2S low level resources by implement the HAL_I2S_MspInit() API:
ARM GAS  /tmp/ccXsv2Xt.s 			page 2


  31:Drivers/STM32F4xx_HAL_Driver/Src/stm32f4xx_hal_i2s.c ****         (##) Enable the SPIx interface clock.
  32:Drivers/STM32F4xx_HAL_Driver/Src/stm32f4xx_hal_i2s.c ****         (##) I2S pins configuration:
  33:Drivers/STM32F4xx_HAL_Driver/Src/stm32f4xx_hal_i2s.c ****             (+++) Enable the clock for the I2S GPIOs.
  34:Drivers/STM32F4xx_HAL_Driver/Src/stm32f4xx_hal_i2s.c ****             (+++) Configure these I2S pins as alternate function pull-up.
  35:Drivers/STM32F4xx_HAL_Driver/Src/stm32f4xx_hal_i2s.c ****         (##) NVIC configuration if you need to use interrupt process (HAL_I2S_Transmit_IT()
  36:Drivers/STM32F4xx_HAL_Driver/Src/stm32f4xx_hal_i2s.c ****              and HAL_I2S_Receive_IT() APIs).
  37:Drivers/STM32F4xx_HAL_Driver/Src/stm32f4xx_hal_i2s.c ****             (+++) Configure the I2Sx interrupt priority.
  38:Drivers/STM32F4xx_HAL_Driver/Src/stm32f4xx_hal_i2s.c ****             (+++) Enable the NVIC I2S IRQ handle.
  39:Drivers/STM32F4xx_HAL_Driver/Src/stm32f4xx_hal_i2s.c ****         (##) DMA Configuration if you need to use DMA process (HAL_I2S_Transmit_DMA()
  40:Drivers/STM32F4xx_HAL_Driver/Src/stm32f4xx_hal_i2s.c ****              and HAL_I2S_Receive_DMA() APIs:
  41:Drivers/STM32F4xx_HAL_Driver/Src/stm32f4xx_hal_i2s.c ****             (+++) Declare a DMA handle structure for the Tx/Rx Stream/Channel.
  42:Drivers/STM32F4xx_HAL_Driver/Src/stm32f4xx_hal_i2s.c ****             (+++) Enable the DMAx interface clock.
  43:Drivers/STM32F4xx_HAL_Driver/Src/stm32f4xx_hal_i2s.c ****             (+++) Configure the declared DMA handle structure with the required Tx/Rx parameters.
  44:Drivers/STM32F4xx_HAL_Driver/Src/stm32f4xx_hal_i2s.c ****             (+++) Configure the DMA Tx/Rx Stream/Channel.
  45:Drivers/STM32F4xx_HAL_Driver/Src/stm32f4xx_hal_i2s.c ****             (+++) Associate the initialized DMA handle to the I2S DMA Tx/Rx handle.
  46:Drivers/STM32F4xx_HAL_Driver/Src/stm32f4xx_hal_i2s.c ****             (+++) Configure the priority and enable the NVIC for the transfer complete interrupt on
  47:Drivers/STM32F4xx_HAL_Driver/Src/stm32f4xx_hal_i2s.c ****                   DMA Tx/Rx Stream/Channel.
  48:Drivers/STM32F4xx_HAL_Driver/Src/stm32f4xx_hal_i2s.c **** 
  49:Drivers/STM32F4xx_HAL_Driver/Src/stm32f4xx_hal_i2s.c ****    (#) Program the Mode, Standard, Data Format, MCLK Output, Audio frequency and Polarity
  50:Drivers/STM32F4xx_HAL_Driver/Src/stm32f4xx_hal_i2s.c ****        using HAL_I2S_Init() function.
  51:Drivers/STM32F4xx_HAL_Driver/Src/stm32f4xx_hal_i2s.c **** 
  52:Drivers/STM32F4xx_HAL_Driver/Src/stm32f4xx_hal_i2s.c ****    -@- The specific I2S interrupts (Transmission complete interrupt,
  53:Drivers/STM32F4xx_HAL_Driver/Src/stm32f4xx_hal_i2s.c ****        RXNE interrupt and Error Interrupts) will be managed using the macros
  54:Drivers/STM32F4xx_HAL_Driver/Src/stm32f4xx_hal_i2s.c ****        __HAL_I2S_ENABLE_IT() and __HAL_I2S_DISABLE_IT() inside the transmit and receive process.
  55:Drivers/STM32F4xx_HAL_Driver/Src/stm32f4xx_hal_i2s.c ****    -@- Make sure that either:
  56:Drivers/STM32F4xx_HAL_Driver/Src/stm32f4xx_hal_i2s.c ****         (+@) I2S PLL clock is configured or
  57:Drivers/STM32F4xx_HAL_Driver/Src/stm32f4xx_hal_i2s.c ****         (+@) External clock source is configured after setting correctly
  58:Drivers/STM32F4xx_HAL_Driver/Src/stm32f4xx_hal_i2s.c ****              the define constant EXTERNAL_CLOCK_VALUE in the stm32f4xx_hal_conf.h file.
  59:Drivers/STM32F4xx_HAL_Driver/Src/stm32f4xx_hal_i2s.c **** 
  60:Drivers/STM32F4xx_HAL_Driver/Src/stm32f4xx_hal_i2s.c ****     (#) Three mode of operations are available within this driver :
  61:Drivers/STM32F4xx_HAL_Driver/Src/stm32f4xx_hal_i2s.c **** 
  62:Drivers/STM32F4xx_HAL_Driver/Src/stm32f4xx_hal_i2s.c ****    *** Polling mode IO operation ***
  63:Drivers/STM32F4xx_HAL_Driver/Src/stm32f4xx_hal_i2s.c ****    =================================
  64:Drivers/STM32F4xx_HAL_Driver/Src/stm32f4xx_hal_i2s.c ****    [..]
  65:Drivers/STM32F4xx_HAL_Driver/Src/stm32f4xx_hal_i2s.c ****      (+) Send an amount of data in blocking mode using HAL_I2S_Transmit()
  66:Drivers/STM32F4xx_HAL_Driver/Src/stm32f4xx_hal_i2s.c ****      (+) Receive an amount of data in blocking mode using HAL_I2S_Receive()
  67:Drivers/STM32F4xx_HAL_Driver/Src/stm32f4xx_hal_i2s.c **** 
  68:Drivers/STM32F4xx_HAL_Driver/Src/stm32f4xx_hal_i2s.c ****    *** Interrupt mode IO operation ***
  69:Drivers/STM32F4xx_HAL_Driver/Src/stm32f4xx_hal_i2s.c ****    ===================================
  70:Drivers/STM32F4xx_HAL_Driver/Src/stm32f4xx_hal_i2s.c ****    [..]
  71:Drivers/STM32F4xx_HAL_Driver/Src/stm32f4xx_hal_i2s.c ****      (+) Send an amount of data in non blocking mode using HAL_I2S_Transmit_IT()
  72:Drivers/STM32F4xx_HAL_Driver/Src/stm32f4xx_hal_i2s.c ****      (+) At transmission end of half transfer HAL_I2S_TxHalfCpltCallback is executed and user can
  73:Drivers/STM32F4xx_HAL_Driver/Src/stm32f4xx_hal_i2s.c ****          add his own code by customization of function pointer HAL_I2S_TxHalfCpltCallback
  74:Drivers/STM32F4xx_HAL_Driver/Src/stm32f4xx_hal_i2s.c ****      (+) At transmission end of transfer HAL_I2S_TxCpltCallback is executed and user can
  75:Drivers/STM32F4xx_HAL_Driver/Src/stm32f4xx_hal_i2s.c ****          add his own code by customization of function pointer HAL_I2S_TxCpltCallback
  76:Drivers/STM32F4xx_HAL_Driver/Src/stm32f4xx_hal_i2s.c ****      (+) Receive an amount of data in non blocking mode using HAL_I2S_Receive_IT()
  77:Drivers/STM32F4xx_HAL_Driver/Src/stm32f4xx_hal_i2s.c ****      (+) At reception end of half transfer HAL_I2S_RxHalfCpltCallback is executed and user can
  78:Drivers/STM32F4xx_HAL_Driver/Src/stm32f4xx_hal_i2s.c ****          add his own code by customization of function pointer HAL_I2S_RxHalfCpltCallback
  79:Drivers/STM32F4xx_HAL_Driver/Src/stm32f4xx_hal_i2s.c ****      (+) At reception end of transfer HAL_I2S_RxCpltCallback is executed and user can
  80:Drivers/STM32F4xx_HAL_Driver/Src/stm32f4xx_hal_i2s.c ****          add his own code by customization of function pointer HAL_I2S_RxCpltCallback
  81:Drivers/STM32F4xx_HAL_Driver/Src/stm32f4xx_hal_i2s.c ****      (+) In case of transfer Error, HAL_I2S_ErrorCallback() function is executed and user can
  82:Drivers/STM32F4xx_HAL_Driver/Src/stm32f4xx_hal_i2s.c ****          add his own code by customization of function pointer HAL_I2S_ErrorCallback
  83:Drivers/STM32F4xx_HAL_Driver/Src/stm32f4xx_hal_i2s.c **** 
  84:Drivers/STM32F4xx_HAL_Driver/Src/stm32f4xx_hal_i2s.c ****    *** DMA mode IO operation ***
  85:Drivers/STM32F4xx_HAL_Driver/Src/stm32f4xx_hal_i2s.c ****    ==============================
  86:Drivers/STM32F4xx_HAL_Driver/Src/stm32f4xx_hal_i2s.c ****    [..]
  87:Drivers/STM32F4xx_HAL_Driver/Src/stm32f4xx_hal_i2s.c ****      (+) Send an amount of data in non blocking mode (DMA) using HAL_I2S_Transmit_DMA()
ARM GAS  /tmp/ccXsv2Xt.s 			page 3


  88:Drivers/STM32F4xx_HAL_Driver/Src/stm32f4xx_hal_i2s.c ****      (+) At transmission end of half transfer HAL_I2S_TxHalfCpltCallback is executed and user can
  89:Drivers/STM32F4xx_HAL_Driver/Src/stm32f4xx_hal_i2s.c ****          add his own code by customization of function pointer HAL_I2S_TxHalfCpltCallback
  90:Drivers/STM32F4xx_HAL_Driver/Src/stm32f4xx_hal_i2s.c ****      (+) At transmission end of transfer HAL_I2S_TxCpltCallback is executed and user can
  91:Drivers/STM32F4xx_HAL_Driver/Src/stm32f4xx_hal_i2s.c ****          add his own code by customization of function pointer HAL_I2S_TxCpltCallback
  92:Drivers/STM32F4xx_HAL_Driver/Src/stm32f4xx_hal_i2s.c ****      (+) Receive an amount of data in non blocking mode (DMA) using HAL_I2S_Receive_DMA()
  93:Drivers/STM32F4xx_HAL_Driver/Src/stm32f4xx_hal_i2s.c ****      (+) At reception end of half transfer HAL_I2S_RxHalfCpltCallback is executed and user can
  94:Drivers/STM32F4xx_HAL_Driver/Src/stm32f4xx_hal_i2s.c ****          add his own code by customization of function pointer HAL_I2S_RxHalfCpltCallback
  95:Drivers/STM32F4xx_HAL_Driver/Src/stm32f4xx_hal_i2s.c ****      (+) At reception end of transfer HAL_I2S_RxCpltCallback is executed and user can
  96:Drivers/STM32F4xx_HAL_Driver/Src/stm32f4xx_hal_i2s.c ****          add his own code by customization of function pointer HAL_I2S_RxCpltCallback
  97:Drivers/STM32F4xx_HAL_Driver/Src/stm32f4xx_hal_i2s.c ****      (+) In case of transfer Error, HAL_I2S_ErrorCallback() function is executed and user can
  98:Drivers/STM32F4xx_HAL_Driver/Src/stm32f4xx_hal_i2s.c ****          add his own code by customization of function pointer HAL_I2S_ErrorCallback
  99:Drivers/STM32F4xx_HAL_Driver/Src/stm32f4xx_hal_i2s.c ****      (+) Pause the DMA Transfer using HAL_I2S_DMAPause()
 100:Drivers/STM32F4xx_HAL_Driver/Src/stm32f4xx_hal_i2s.c ****      (+) Resume the DMA Transfer using HAL_I2S_DMAResume()
 101:Drivers/STM32F4xx_HAL_Driver/Src/stm32f4xx_hal_i2s.c ****      (+) Stop the DMA Transfer using HAL_I2S_DMAStop()
 102:Drivers/STM32F4xx_HAL_Driver/Src/stm32f4xx_hal_i2s.c ****          In Slave mode, if HAL_I2S_DMAStop is used to stop the communication, an error
 103:Drivers/STM32F4xx_HAL_Driver/Src/stm32f4xx_hal_i2s.c ****          HAL_I2S_ERROR_BUSY_LINE_RX is raised as the master continue to transmit data.
 104:Drivers/STM32F4xx_HAL_Driver/Src/stm32f4xx_hal_i2s.c ****          In this case __HAL_I2S_FLUSH_RX_DR macro must be used to flush the remaining data
 105:Drivers/STM32F4xx_HAL_Driver/Src/stm32f4xx_hal_i2s.c ****          inside DR register and avoid using DeInit/Init process for the next transfer.
 106:Drivers/STM32F4xx_HAL_Driver/Src/stm32f4xx_hal_i2s.c **** 
 107:Drivers/STM32F4xx_HAL_Driver/Src/stm32f4xx_hal_i2s.c ****    *** I2S HAL driver macros list ***
 108:Drivers/STM32F4xx_HAL_Driver/Src/stm32f4xx_hal_i2s.c ****    ===================================
 109:Drivers/STM32F4xx_HAL_Driver/Src/stm32f4xx_hal_i2s.c ****    [..]
 110:Drivers/STM32F4xx_HAL_Driver/Src/stm32f4xx_hal_i2s.c ****      Below the list of most used macros in I2S HAL driver.
 111:Drivers/STM32F4xx_HAL_Driver/Src/stm32f4xx_hal_i2s.c **** 
 112:Drivers/STM32F4xx_HAL_Driver/Src/stm32f4xx_hal_i2s.c ****       (+) __HAL_I2S_ENABLE: Enable the specified SPI peripheral (in I2S mode)
 113:Drivers/STM32F4xx_HAL_Driver/Src/stm32f4xx_hal_i2s.c ****       (+) __HAL_I2S_DISABLE: Disable the specified SPI peripheral (in I2S mode)
 114:Drivers/STM32F4xx_HAL_Driver/Src/stm32f4xx_hal_i2s.c ****       (+) __HAL_I2S_ENABLE_IT : Enable the specified I2S interrupts
 115:Drivers/STM32F4xx_HAL_Driver/Src/stm32f4xx_hal_i2s.c ****       (+) __HAL_I2S_DISABLE_IT : Disable the specified I2S interrupts
 116:Drivers/STM32F4xx_HAL_Driver/Src/stm32f4xx_hal_i2s.c ****       (+) __HAL_I2S_GET_FLAG: Check whether the specified I2S flag is set or not
 117:Drivers/STM32F4xx_HAL_Driver/Src/stm32f4xx_hal_i2s.c ****       (+) __HAL_I2S_FLUSH_RX_DR: Read DR Register to Flush RX Data
 118:Drivers/STM32F4xx_HAL_Driver/Src/stm32f4xx_hal_i2s.c **** 
 119:Drivers/STM32F4xx_HAL_Driver/Src/stm32f4xx_hal_i2s.c ****     [..]
 120:Drivers/STM32F4xx_HAL_Driver/Src/stm32f4xx_hal_i2s.c ****       (@) You can refer to the I2S HAL driver header file for more useful macros
 121:Drivers/STM32F4xx_HAL_Driver/Src/stm32f4xx_hal_i2s.c **** 
 122:Drivers/STM32F4xx_HAL_Driver/Src/stm32f4xx_hal_i2s.c ****    *** I2S HAL driver macros list ***
 123:Drivers/STM32F4xx_HAL_Driver/Src/stm32f4xx_hal_i2s.c ****    ===================================
 124:Drivers/STM32F4xx_HAL_Driver/Src/stm32f4xx_hal_i2s.c ****    [..]
 125:Drivers/STM32F4xx_HAL_Driver/Src/stm32f4xx_hal_i2s.c ****        Callback registration:
 126:Drivers/STM32F4xx_HAL_Driver/Src/stm32f4xx_hal_i2s.c **** 
 127:Drivers/STM32F4xx_HAL_Driver/Src/stm32f4xx_hal_i2s.c ****       (#) The compilation flag USE_HAL_I2S_REGISTER_CALLBACKS when set to 1U
 128:Drivers/STM32F4xx_HAL_Driver/Src/stm32f4xx_hal_i2s.c ****           allows the user to configure dynamically the driver callbacks.
 129:Drivers/STM32F4xx_HAL_Driver/Src/stm32f4xx_hal_i2s.c ****           Use Functions HAL_I2S_RegisterCallback() to register an interrupt callback.
 130:Drivers/STM32F4xx_HAL_Driver/Src/stm32f4xx_hal_i2s.c **** 
 131:Drivers/STM32F4xx_HAL_Driver/Src/stm32f4xx_hal_i2s.c ****           Function HAL_I2S_RegisterCallback() allows to register following callbacks:
 132:Drivers/STM32F4xx_HAL_Driver/Src/stm32f4xx_hal_i2s.c ****             (++) TxCpltCallback        : I2S Tx Completed callback
 133:Drivers/STM32F4xx_HAL_Driver/Src/stm32f4xx_hal_i2s.c ****             (++) RxCpltCallback        : I2S Rx Completed callback
 134:Drivers/STM32F4xx_HAL_Driver/Src/stm32f4xx_hal_i2s.c ****             (++) TxRxCpltCallback      : I2S TxRx Completed callback
 135:Drivers/STM32F4xx_HAL_Driver/Src/stm32f4xx_hal_i2s.c ****             (++) TxHalfCpltCallback    : I2S Tx Half Completed callback
 136:Drivers/STM32F4xx_HAL_Driver/Src/stm32f4xx_hal_i2s.c ****             (++) RxHalfCpltCallback    : I2S Rx Half Completed callback
 137:Drivers/STM32F4xx_HAL_Driver/Src/stm32f4xx_hal_i2s.c ****             (++) ErrorCallback         : I2S Error callback
 138:Drivers/STM32F4xx_HAL_Driver/Src/stm32f4xx_hal_i2s.c ****             (++) MspInitCallback       : I2S Msp Init callback
 139:Drivers/STM32F4xx_HAL_Driver/Src/stm32f4xx_hal_i2s.c ****             (++) MspDeInitCallback     : I2S Msp DeInit callback
 140:Drivers/STM32F4xx_HAL_Driver/Src/stm32f4xx_hal_i2s.c ****           This function takes as parameters the HAL peripheral handle, the Callback ID
 141:Drivers/STM32F4xx_HAL_Driver/Src/stm32f4xx_hal_i2s.c ****           and a pointer to the user callback function.
 142:Drivers/STM32F4xx_HAL_Driver/Src/stm32f4xx_hal_i2s.c **** 
 143:Drivers/STM32F4xx_HAL_Driver/Src/stm32f4xx_hal_i2s.c **** 
 144:Drivers/STM32F4xx_HAL_Driver/Src/stm32f4xx_hal_i2s.c ****       (#) Use function HAL_I2S_UnRegisterCallback to reset a callback to the default
ARM GAS  /tmp/ccXsv2Xt.s 			page 4


 145:Drivers/STM32F4xx_HAL_Driver/Src/stm32f4xx_hal_i2s.c ****           weak function.
 146:Drivers/STM32F4xx_HAL_Driver/Src/stm32f4xx_hal_i2s.c ****           HAL_I2S_UnRegisterCallback takes as parameters the HAL peripheral handle,
 147:Drivers/STM32F4xx_HAL_Driver/Src/stm32f4xx_hal_i2s.c ****           and the Callback ID.
 148:Drivers/STM32F4xx_HAL_Driver/Src/stm32f4xx_hal_i2s.c ****           This function allows to reset following callbacks:
 149:Drivers/STM32F4xx_HAL_Driver/Src/stm32f4xx_hal_i2s.c ****             (++) TxCpltCallback        : I2S Tx Completed callback
 150:Drivers/STM32F4xx_HAL_Driver/Src/stm32f4xx_hal_i2s.c ****             (++) RxCpltCallback        : I2S Rx Completed callback
 151:Drivers/STM32F4xx_HAL_Driver/Src/stm32f4xx_hal_i2s.c ****             (++) TxRxCpltCallback      : I2S TxRx Completed callback
 152:Drivers/STM32F4xx_HAL_Driver/Src/stm32f4xx_hal_i2s.c ****             (++) TxHalfCpltCallback    : I2S Tx Half Completed callback
 153:Drivers/STM32F4xx_HAL_Driver/Src/stm32f4xx_hal_i2s.c ****             (++) RxHalfCpltCallback    : I2S Rx Half Completed callback
 154:Drivers/STM32F4xx_HAL_Driver/Src/stm32f4xx_hal_i2s.c ****             (++) ErrorCallback         : I2S Error callback
 155:Drivers/STM32F4xx_HAL_Driver/Src/stm32f4xx_hal_i2s.c ****             (++) MspInitCallback       : I2S Msp Init callback
 156:Drivers/STM32F4xx_HAL_Driver/Src/stm32f4xx_hal_i2s.c ****             (++) MspDeInitCallback     : I2S Msp DeInit callback
 157:Drivers/STM32F4xx_HAL_Driver/Src/stm32f4xx_hal_i2s.c **** 
 158:Drivers/STM32F4xx_HAL_Driver/Src/stm32f4xx_hal_i2s.c ****        [..]
 159:Drivers/STM32F4xx_HAL_Driver/Src/stm32f4xx_hal_i2s.c ****        By default, after the HAL_I2S_Init() and when the state is HAL_I2S_STATE_RESET
 160:Drivers/STM32F4xx_HAL_Driver/Src/stm32f4xx_hal_i2s.c ****        all callbacks are set to the corresponding weak functions:
 161:Drivers/STM32F4xx_HAL_Driver/Src/stm32f4xx_hal_i2s.c ****        examples HAL_I2S_MasterTxCpltCallback(), HAL_I2S_MasterRxCpltCallback().
 162:Drivers/STM32F4xx_HAL_Driver/Src/stm32f4xx_hal_i2s.c ****        Exception done for MspInit and MspDeInit functions that are
 163:Drivers/STM32F4xx_HAL_Driver/Src/stm32f4xx_hal_i2s.c ****        reset to the legacy weak functions in the HAL_I2S_Init()/ HAL_I2S_DeInit() only when
 164:Drivers/STM32F4xx_HAL_Driver/Src/stm32f4xx_hal_i2s.c ****        these callbacks are null (not registered beforehand).
 165:Drivers/STM32F4xx_HAL_Driver/Src/stm32f4xx_hal_i2s.c ****        If MspInit or MspDeInit are not null, the HAL_I2S_Init()/ HAL_I2S_DeInit()
 166:Drivers/STM32F4xx_HAL_Driver/Src/stm32f4xx_hal_i2s.c ****        keep and use the user MspInit/MspDeInit callbacks (registered beforehand) whatever the state
 167:Drivers/STM32F4xx_HAL_Driver/Src/stm32f4xx_hal_i2s.c **** 
 168:Drivers/STM32F4xx_HAL_Driver/Src/stm32f4xx_hal_i2s.c ****        [..]
 169:Drivers/STM32F4xx_HAL_Driver/Src/stm32f4xx_hal_i2s.c ****        Callbacks can be registered/unregistered in HAL_I2S_STATE_READY state only.
 170:Drivers/STM32F4xx_HAL_Driver/Src/stm32f4xx_hal_i2s.c ****        Exception done MspInit/MspDeInit functions that can be registered/unregistered
 171:Drivers/STM32F4xx_HAL_Driver/Src/stm32f4xx_hal_i2s.c ****        in HAL_I2S_STATE_READY or HAL_I2S_STATE_RESET state,
 172:Drivers/STM32F4xx_HAL_Driver/Src/stm32f4xx_hal_i2s.c ****        thus registered (user) MspInit/DeInit callbacks can be used during the Init/DeInit.
 173:Drivers/STM32F4xx_HAL_Driver/Src/stm32f4xx_hal_i2s.c ****        Then, the user first registers the MspInit/MspDeInit user callbacks
 174:Drivers/STM32F4xx_HAL_Driver/Src/stm32f4xx_hal_i2s.c ****        using HAL_I2S_RegisterCallback() before calling HAL_I2S_DeInit()
 175:Drivers/STM32F4xx_HAL_Driver/Src/stm32f4xx_hal_i2s.c ****        or HAL_I2S_Init() function.
 176:Drivers/STM32F4xx_HAL_Driver/Src/stm32f4xx_hal_i2s.c **** 
 177:Drivers/STM32F4xx_HAL_Driver/Src/stm32f4xx_hal_i2s.c ****        [..]
 178:Drivers/STM32F4xx_HAL_Driver/Src/stm32f4xx_hal_i2s.c ****        When the compilation define USE_HAL_I2S_REGISTER_CALLBACKS is set to 0 or
 179:Drivers/STM32F4xx_HAL_Driver/Src/stm32f4xx_hal_i2s.c ****        not defined, the callback registering feature is not available
 180:Drivers/STM32F4xx_HAL_Driver/Src/stm32f4xx_hal_i2s.c ****        and weak (surcharged) callbacks are used.
 181:Drivers/STM32F4xx_HAL_Driver/Src/stm32f4xx_hal_i2s.c **** 
 182:Drivers/STM32F4xx_HAL_Driver/Src/stm32f4xx_hal_i2s.c ****   @endverbatim
 183:Drivers/STM32F4xx_HAL_Driver/Src/stm32f4xx_hal_i2s.c **** 
 184:Drivers/STM32F4xx_HAL_Driver/Src/stm32f4xx_hal_i2s.c ****   */
 185:Drivers/STM32F4xx_HAL_Driver/Src/stm32f4xx_hal_i2s.c **** 
 186:Drivers/STM32F4xx_HAL_Driver/Src/stm32f4xx_hal_i2s.c **** /* Includes ------------------------------------------------------------------*/
 187:Drivers/STM32F4xx_HAL_Driver/Src/stm32f4xx_hal_i2s.c **** #include "stm32f4xx_hal.h"
 188:Drivers/STM32F4xx_HAL_Driver/Src/stm32f4xx_hal_i2s.c **** 
 189:Drivers/STM32F4xx_HAL_Driver/Src/stm32f4xx_hal_i2s.c **** #ifdef HAL_I2S_MODULE_ENABLED
 190:Drivers/STM32F4xx_HAL_Driver/Src/stm32f4xx_hal_i2s.c **** 
 191:Drivers/STM32F4xx_HAL_Driver/Src/stm32f4xx_hal_i2s.c **** /** @addtogroup STM32F4xx_HAL_Driver
 192:Drivers/STM32F4xx_HAL_Driver/Src/stm32f4xx_hal_i2s.c ****   * @{
 193:Drivers/STM32F4xx_HAL_Driver/Src/stm32f4xx_hal_i2s.c ****   */
 194:Drivers/STM32F4xx_HAL_Driver/Src/stm32f4xx_hal_i2s.c **** 
 195:Drivers/STM32F4xx_HAL_Driver/Src/stm32f4xx_hal_i2s.c **** /** @defgroup I2S I2S
 196:Drivers/STM32F4xx_HAL_Driver/Src/stm32f4xx_hal_i2s.c ****   * @brief I2S HAL module driver
 197:Drivers/STM32F4xx_HAL_Driver/Src/stm32f4xx_hal_i2s.c ****   * @{
 198:Drivers/STM32F4xx_HAL_Driver/Src/stm32f4xx_hal_i2s.c ****   */
 199:Drivers/STM32F4xx_HAL_Driver/Src/stm32f4xx_hal_i2s.c **** 
 200:Drivers/STM32F4xx_HAL_Driver/Src/stm32f4xx_hal_i2s.c **** /* Private typedef -----------------------------------------------------------*/
 201:Drivers/STM32F4xx_HAL_Driver/Src/stm32f4xx_hal_i2s.c **** /* Private define ------------------------------------------------------------*/
ARM GAS  /tmp/ccXsv2Xt.s 			page 5


 202:Drivers/STM32F4xx_HAL_Driver/Src/stm32f4xx_hal_i2s.c **** #define I2S_TIMEOUT_FLAG          100U         /*!< Timeout 100 ms            */
 203:Drivers/STM32F4xx_HAL_Driver/Src/stm32f4xx_hal_i2s.c **** /* Private macro -------------------------------------------------------------*/
 204:Drivers/STM32F4xx_HAL_Driver/Src/stm32f4xx_hal_i2s.c **** /* Private variables ---------------------------------------------------------*/
 205:Drivers/STM32F4xx_HAL_Driver/Src/stm32f4xx_hal_i2s.c **** /* Private function prototypes -----------------------------------------------*/
 206:Drivers/STM32F4xx_HAL_Driver/Src/stm32f4xx_hal_i2s.c **** /** @defgroup I2S_Private_Functions I2S Private Functions
 207:Drivers/STM32F4xx_HAL_Driver/Src/stm32f4xx_hal_i2s.c ****   * @{
 208:Drivers/STM32F4xx_HAL_Driver/Src/stm32f4xx_hal_i2s.c ****   */
 209:Drivers/STM32F4xx_HAL_Driver/Src/stm32f4xx_hal_i2s.c **** static void               I2S_DMATxCplt(DMA_HandleTypeDef *hdma);
 210:Drivers/STM32F4xx_HAL_Driver/Src/stm32f4xx_hal_i2s.c **** static void               I2S_DMATxHalfCplt(DMA_HandleTypeDef *hdma);
 211:Drivers/STM32F4xx_HAL_Driver/Src/stm32f4xx_hal_i2s.c **** static void               I2S_DMARxCplt(DMA_HandleTypeDef *hdma);
 212:Drivers/STM32F4xx_HAL_Driver/Src/stm32f4xx_hal_i2s.c **** static void               I2S_DMARxHalfCplt(DMA_HandleTypeDef *hdma);
 213:Drivers/STM32F4xx_HAL_Driver/Src/stm32f4xx_hal_i2s.c **** static void               I2S_DMAError(DMA_HandleTypeDef *hdma);
 214:Drivers/STM32F4xx_HAL_Driver/Src/stm32f4xx_hal_i2s.c **** static void               I2S_Transmit_IT(I2S_HandleTypeDef *hi2s);
 215:Drivers/STM32F4xx_HAL_Driver/Src/stm32f4xx_hal_i2s.c **** static void               I2S_Receive_IT(I2S_HandleTypeDef *hi2s);
 216:Drivers/STM32F4xx_HAL_Driver/Src/stm32f4xx_hal_i2s.c **** static void               I2S_IRQHandler(I2S_HandleTypeDef *hi2s);
 217:Drivers/STM32F4xx_HAL_Driver/Src/stm32f4xx_hal_i2s.c **** static HAL_StatusTypeDef  I2S_WaitFlagStateUntilTimeout(I2S_HandleTypeDef *hi2s, uint32_t Flag, Fla
 218:Drivers/STM32F4xx_HAL_Driver/Src/stm32f4xx_hal_i2s.c ****                                                         uint32_t Timeout);
 219:Drivers/STM32F4xx_HAL_Driver/Src/stm32f4xx_hal_i2s.c **** /**
 220:Drivers/STM32F4xx_HAL_Driver/Src/stm32f4xx_hal_i2s.c ****   * @}
 221:Drivers/STM32F4xx_HAL_Driver/Src/stm32f4xx_hal_i2s.c ****   */
 222:Drivers/STM32F4xx_HAL_Driver/Src/stm32f4xx_hal_i2s.c **** 
 223:Drivers/STM32F4xx_HAL_Driver/Src/stm32f4xx_hal_i2s.c **** /* Exported functions ---------------------------------------------------------*/
 224:Drivers/STM32F4xx_HAL_Driver/Src/stm32f4xx_hal_i2s.c **** 
 225:Drivers/STM32F4xx_HAL_Driver/Src/stm32f4xx_hal_i2s.c **** /** @defgroup I2S_Exported_Functions I2S Exported Functions
 226:Drivers/STM32F4xx_HAL_Driver/Src/stm32f4xx_hal_i2s.c ****   * @{
 227:Drivers/STM32F4xx_HAL_Driver/Src/stm32f4xx_hal_i2s.c ****   */
 228:Drivers/STM32F4xx_HAL_Driver/Src/stm32f4xx_hal_i2s.c **** 
 229:Drivers/STM32F4xx_HAL_Driver/Src/stm32f4xx_hal_i2s.c **** /** @defgroup  I2S_Exported_Functions_Group1 Initialization and de-initialization functions
 230:Drivers/STM32F4xx_HAL_Driver/Src/stm32f4xx_hal_i2s.c ****   *  @brief    Initialization and Configuration functions
 231:Drivers/STM32F4xx_HAL_Driver/Src/stm32f4xx_hal_i2s.c ****   *
 232:Drivers/STM32F4xx_HAL_Driver/Src/stm32f4xx_hal_i2s.c **** @verbatim
 233:Drivers/STM32F4xx_HAL_Driver/Src/stm32f4xx_hal_i2s.c ****  ===============================================================================
 234:Drivers/STM32F4xx_HAL_Driver/Src/stm32f4xx_hal_i2s.c ****               ##### Initialization and de-initialization functions #####
 235:Drivers/STM32F4xx_HAL_Driver/Src/stm32f4xx_hal_i2s.c ****  ===============================================================================
 236:Drivers/STM32F4xx_HAL_Driver/Src/stm32f4xx_hal_i2s.c ****     [..]  This subsection provides a set of functions allowing to initialize and
 237:Drivers/STM32F4xx_HAL_Driver/Src/stm32f4xx_hal_i2s.c ****           de-initialize the I2Sx peripheral in simplex mode:
 238:Drivers/STM32F4xx_HAL_Driver/Src/stm32f4xx_hal_i2s.c **** 
 239:Drivers/STM32F4xx_HAL_Driver/Src/stm32f4xx_hal_i2s.c ****       (+) User must Implement HAL_I2S_MspInit() function in which he configures
 240:Drivers/STM32F4xx_HAL_Driver/Src/stm32f4xx_hal_i2s.c ****           all related peripherals resources (CLOCK, GPIO, DMA, IT and NVIC ).
 241:Drivers/STM32F4xx_HAL_Driver/Src/stm32f4xx_hal_i2s.c **** 
 242:Drivers/STM32F4xx_HAL_Driver/Src/stm32f4xx_hal_i2s.c ****       (+) Call the function HAL_I2S_Init() to configure the selected device with
 243:Drivers/STM32F4xx_HAL_Driver/Src/stm32f4xx_hal_i2s.c ****           the selected configuration:
 244:Drivers/STM32F4xx_HAL_Driver/Src/stm32f4xx_hal_i2s.c ****         (++) Mode
 245:Drivers/STM32F4xx_HAL_Driver/Src/stm32f4xx_hal_i2s.c ****         (++) Standard
 246:Drivers/STM32F4xx_HAL_Driver/Src/stm32f4xx_hal_i2s.c ****         (++) Data Format
 247:Drivers/STM32F4xx_HAL_Driver/Src/stm32f4xx_hal_i2s.c ****         (++) MCLK Output
 248:Drivers/STM32F4xx_HAL_Driver/Src/stm32f4xx_hal_i2s.c ****         (++) Audio frequency
 249:Drivers/STM32F4xx_HAL_Driver/Src/stm32f4xx_hal_i2s.c ****         (++) Polarity
 250:Drivers/STM32F4xx_HAL_Driver/Src/stm32f4xx_hal_i2s.c ****         (++) Full duplex mode
 251:Drivers/STM32F4xx_HAL_Driver/Src/stm32f4xx_hal_i2s.c **** 
 252:Drivers/STM32F4xx_HAL_Driver/Src/stm32f4xx_hal_i2s.c ****      (+) Call the function HAL_I2S_DeInit() to restore the default configuration
 253:Drivers/STM32F4xx_HAL_Driver/Src/stm32f4xx_hal_i2s.c ****           of the selected I2Sx peripheral.
 254:Drivers/STM32F4xx_HAL_Driver/Src/stm32f4xx_hal_i2s.c ****   @endverbatim
 255:Drivers/STM32F4xx_HAL_Driver/Src/stm32f4xx_hal_i2s.c ****   * @{
 256:Drivers/STM32F4xx_HAL_Driver/Src/stm32f4xx_hal_i2s.c ****   */
 257:Drivers/STM32F4xx_HAL_Driver/Src/stm32f4xx_hal_i2s.c **** 
 258:Drivers/STM32F4xx_HAL_Driver/Src/stm32f4xx_hal_i2s.c **** /**
ARM GAS  /tmp/ccXsv2Xt.s 			page 6


 259:Drivers/STM32F4xx_HAL_Driver/Src/stm32f4xx_hal_i2s.c ****   * @brief  Initializes the I2S according to the specified parameters
 260:Drivers/STM32F4xx_HAL_Driver/Src/stm32f4xx_hal_i2s.c ****   *         in the I2S_InitTypeDef and create the associated handle.
 261:Drivers/STM32F4xx_HAL_Driver/Src/stm32f4xx_hal_i2s.c ****   * @param  hi2s pointer to a I2S_HandleTypeDef structure that contains
 262:Drivers/STM32F4xx_HAL_Driver/Src/stm32f4xx_hal_i2s.c ****   *         the configuration information for I2S module
 263:Drivers/STM32F4xx_HAL_Driver/Src/stm32f4xx_hal_i2s.c ****   * @retval HAL status
 264:Drivers/STM32F4xx_HAL_Driver/Src/stm32f4xx_hal_i2s.c ****   */
 265:Drivers/STM32F4xx_HAL_Driver/Src/stm32f4xx_hal_i2s.c **** HAL_StatusTypeDef HAL_I2S_Init(I2S_HandleTypeDef *hi2s)
 266:Drivers/STM32F4xx_HAL_Driver/Src/stm32f4xx_hal_i2s.c **** {
 267:Drivers/STM32F4xx_HAL_Driver/Src/stm32f4xx_hal_i2s.c ****   uint32_t i2sdiv;
 268:Drivers/STM32F4xx_HAL_Driver/Src/stm32f4xx_hal_i2s.c ****   uint32_t i2sodd;
 269:Drivers/STM32F4xx_HAL_Driver/Src/stm32f4xx_hal_i2s.c ****   uint32_t packetlength;
 270:Drivers/STM32F4xx_HAL_Driver/Src/stm32f4xx_hal_i2s.c ****   uint32_t tmp;
 271:Drivers/STM32F4xx_HAL_Driver/Src/stm32f4xx_hal_i2s.c ****   uint32_t i2sclk;
 272:Drivers/STM32F4xx_HAL_Driver/Src/stm32f4xx_hal_i2s.c **** #if defined (SPI_I2S_FULLDUPLEX_SUPPORT)
 273:Drivers/STM32F4xx_HAL_Driver/Src/stm32f4xx_hal_i2s.c ****   uint16_t tmpreg;
 274:Drivers/STM32F4xx_HAL_Driver/Src/stm32f4xx_hal_i2s.c **** #endif
 275:Drivers/STM32F4xx_HAL_Driver/Src/stm32f4xx_hal_i2s.c **** 
 276:Drivers/STM32F4xx_HAL_Driver/Src/stm32f4xx_hal_i2s.c ****   /* Check the I2S handle allocation */
 277:Drivers/STM32F4xx_HAL_Driver/Src/stm32f4xx_hal_i2s.c ****   if (hi2s == NULL)
 278:Drivers/STM32F4xx_HAL_Driver/Src/stm32f4xx_hal_i2s.c ****   {
 279:Drivers/STM32F4xx_HAL_Driver/Src/stm32f4xx_hal_i2s.c ****     return HAL_ERROR;
 280:Drivers/STM32F4xx_HAL_Driver/Src/stm32f4xx_hal_i2s.c ****   }
 281:Drivers/STM32F4xx_HAL_Driver/Src/stm32f4xx_hal_i2s.c **** 
 282:Drivers/STM32F4xx_HAL_Driver/Src/stm32f4xx_hal_i2s.c ****   /* Check the I2S parameters */
 283:Drivers/STM32F4xx_HAL_Driver/Src/stm32f4xx_hal_i2s.c ****   assert_param(IS_I2S_ALL_INSTANCE(hi2s->Instance));
 284:Drivers/STM32F4xx_HAL_Driver/Src/stm32f4xx_hal_i2s.c ****   assert_param(IS_I2S_MODE(hi2s->Init.Mode));
 285:Drivers/STM32F4xx_HAL_Driver/Src/stm32f4xx_hal_i2s.c ****   assert_param(IS_I2S_STANDARD(hi2s->Init.Standard));
 286:Drivers/STM32F4xx_HAL_Driver/Src/stm32f4xx_hal_i2s.c ****   assert_param(IS_I2S_DATA_FORMAT(hi2s->Init.DataFormat));
 287:Drivers/STM32F4xx_HAL_Driver/Src/stm32f4xx_hal_i2s.c ****   assert_param(IS_I2S_MCLK_OUTPUT(hi2s->Init.MCLKOutput));
 288:Drivers/STM32F4xx_HAL_Driver/Src/stm32f4xx_hal_i2s.c ****   assert_param(IS_I2S_AUDIO_FREQ(hi2s->Init.AudioFreq));
 289:Drivers/STM32F4xx_HAL_Driver/Src/stm32f4xx_hal_i2s.c ****   assert_param(IS_I2S_CPOL(hi2s->Init.CPOL));
 290:Drivers/STM32F4xx_HAL_Driver/Src/stm32f4xx_hal_i2s.c ****   assert_param(IS_I2S_CLOCKSOURCE(hi2s->Init.ClockSource));
 291:Drivers/STM32F4xx_HAL_Driver/Src/stm32f4xx_hal_i2s.c **** 
 292:Drivers/STM32F4xx_HAL_Driver/Src/stm32f4xx_hal_i2s.c ****   if (hi2s->State == HAL_I2S_STATE_RESET)
 293:Drivers/STM32F4xx_HAL_Driver/Src/stm32f4xx_hal_i2s.c ****   {
 294:Drivers/STM32F4xx_HAL_Driver/Src/stm32f4xx_hal_i2s.c ****     /* Allocate lock resource and initialize it */
 295:Drivers/STM32F4xx_HAL_Driver/Src/stm32f4xx_hal_i2s.c ****     hi2s->Lock = HAL_UNLOCKED;
 296:Drivers/STM32F4xx_HAL_Driver/Src/stm32f4xx_hal_i2s.c **** 
 297:Drivers/STM32F4xx_HAL_Driver/Src/stm32f4xx_hal_i2s.c ****     /* Initialize Default I2S IrqHandler ISR */
 298:Drivers/STM32F4xx_HAL_Driver/Src/stm32f4xx_hal_i2s.c ****     hi2s->IrqHandlerISR = I2S_IRQHandler;
 299:Drivers/STM32F4xx_HAL_Driver/Src/stm32f4xx_hal_i2s.c **** 
 300:Drivers/STM32F4xx_HAL_Driver/Src/stm32f4xx_hal_i2s.c **** #if (USE_HAL_I2S_REGISTER_CALLBACKS == 1U)
 301:Drivers/STM32F4xx_HAL_Driver/Src/stm32f4xx_hal_i2s.c ****     /* Init the I2S Callback settings */
 302:Drivers/STM32F4xx_HAL_Driver/Src/stm32f4xx_hal_i2s.c ****     hi2s->TxCpltCallback       = HAL_I2S_TxCpltCallback;          /* Legacy weak TxCpltCallback    
 303:Drivers/STM32F4xx_HAL_Driver/Src/stm32f4xx_hal_i2s.c ****     hi2s->RxCpltCallback       = HAL_I2S_RxCpltCallback;          /* Legacy weak RxCpltCallback    
 304:Drivers/STM32F4xx_HAL_Driver/Src/stm32f4xx_hal_i2s.c **** #if defined (SPI_I2S_FULLDUPLEX_SUPPORT)
 305:Drivers/STM32F4xx_HAL_Driver/Src/stm32f4xx_hal_i2s.c ****     hi2s->TxRxCpltCallback     = HAL_I2SEx_TxRxCpltCallback;      /* Legacy weak TxRxCpltCallback  
 306:Drivers/STM32F4xx_HAL_Driver/Src/stm32f4xx_hal_i2s.c **** #endif /* SPI_I2S_FULLDUPLEX_SUPPORT */
 307:Drivers/STM32F4xx_HAL_Driver/Src/stm32f4xx_hal_i2s.c ****     hi2s->TxHalfCpltCallback   = HAL_I2S_TxHalfCpltCallback;      /* Legacy weak TxHalfCpltCallback
 308:Drivers/STM32F4xx_HAL_Driver/Src/stm32f4xx_hal_i2s.c ****     hi2s->RxHalfCpltCallback   = HAL_I2S_RxHalfCpltCallback;      /* Legacy weak RxHalfCpltCallback
 309:Drivers/STM32F4xx_HAL_Driver/Src/stm32f4xx_hal_i2s.c **** #if defined (SPI_I2S_FULLDUPLEX_SUPPORT)
 310:Drivers/STM32F4xx_HAL_Driver/Src/stm32f4xx_hal_i2s.c ****     hi2s->TxRxHalfCpltCallback = HAL_I2SEx_TxRxHalfCpltCallback;  /* Legacy weak TxRxHalfCpltCallba
 311:Drivers/STM32F4xx_HAL_Driver/Src/stm32f4xx_hal_i2s.c **** #endif /* SPI_I2S_FULLDUPLEX_SUPPORT */
 312:Drivers/STM32F4xx_HAL_Driver/Src/stm32f4xx_hal_i2s.c ****     hi2s->ErrorCallback        = HAL_I2S_ErrorCallback;           /* Legacy weak ErrorCallback     
 313:Drivers/STM32F4xx_HAL_Driver/Src/stm32f4xx_hal_i2s.c **** 
 314:Drivers/STM32F4xx_HAL_Driver/Src/stm32f4xx_hal_i2s.c ****     if (hi2s->MspInitCallback == NULL)
 315:Drivers/STM32F4xx_HAL_Driver/Src/stm32f4xx_hal_i2s.c ****     {
ARM GAS  /tmp/ccXsv2Xt.s 			page 7


 316:Drivers/STM32F4xx_HAL_Driver/Src/stm32f4xx_hal_i2s.c ****       hi2s->MspInitCallback = HAL_I2S_MspInit; /* Legacy weak MspInit  */
 317:Drivers/STM32F4xx_HAL_Driver/Src/stm32f4xx_hal_i2s.c ****     }
 318:Drivers/STM32F4xx_HAL_Driver/Src/stm32f4xx_hal_i2s.c **** 
 319:Drivers/STM32F4xx_HAL_Driver/Src/stm32f4xx_hal_i2s.c ****     /* Init the low level hardware : GPIO, CLOCK, NVIC... */
 320:Drivers/STM32F4xx_HAL_Driver/Src/stm32f4xx_hal_i2s.c ****     hi2s->MspInitCallback(hi2s);
 321:Drivers/STM32F4xx_HAL_Driver/Src/stm32f4xx_hal_i2s.c **** #else
 322:Drivers/STM32F4xx_HAL_Driver/Src/stm32f4xx_hal_i2s.c ****     /* Init the low level hardware : GPIO, CLOCK, CORTEX...etc */
 323:Drivers/STM32F4xx_HAL_Driver/Src/stm32f4xx_hal_i2s.c ****     HAL_I2S_MspInit(hi2s);
 324:Drivers/STM32F4xx_HAL_Driver/Src/stm32f4xx_hal_i2s.c **** #endif /* USE_HAL_I2S_REGISTER_CALLBACKS */
 325:Drivers/STM32F4xx_HAL_Driver/Src/stm32f4xx_hal_i2s.c ****   }
 326:Drivers/STM32F4xx_HAL_Driver/Src/stm32f4xx_hal_i2s.c **** 
 327:Drivers/STM32F4xx_HAL_Driver/Src/stm32f4xx_hal_i2s.c ****   hi2s->State = HAL_I2S_STATE_BUSY;
 328:Drivers/STM32F4xx_HAL_Driver/Src/stm32f4xx_hal_i2s.c **** 
 329:Drivers/STM32F4xx_HAL_Driver/Src/stm32f4xx_hal_i2s.c ****   /*----------------------- SPIx I2SCFGR & I2SPR Configuration ----------------*/
 330:Drivers/STM32F4xx_HAL_Driver/Src/stm32f4xx_hal_i2s.c ****   /* Clear I2SMOD, I2SE, I2SCFG, PCMSYNC, I2SSTD, CKPOL, DATLEN and CHLEN bits */
 331:Drivers/STM32F4xx_HAL_Driver/Src/stm32f4xx_hal_i2s.c ****   CLEAR_BIT(hi2s->Instance->I2SCFGR, (SPI_I2SCFGR_CHLEN | SPI_I2SCFGR_DATLEN | SPI_I2SCFGR_CKPOL | 
 332:Drivers/STM32F4xx_HAL_Driver/Src/stm32f4xx_hal_i2s.c ****                                       SPI_I2SCFGR_I2SSTD | SPI_I2SCFGR_PCMSYNC | SPI_I2SCFGR_I2SCFG
 333:Drivers/STM32F4xx_HAL_Driver/Src/stm32f4xx_hal_i2s.c ****                                       SPI_I2SCFGR_I2SE | SPI_I2SCFGR_I2SMOD));
 334:Drivers/STM32F4xx_HAL_Driver/Src/stm32f4xx_hal_i2s.c ****   hi2s->Instance->I2SPR = 0x0002U;
 335:Drivers/STM32F4xx_HAL_Driver/Src/stm32f4xx_hal_i2s.c **** 
 336:Drivers/STM32F4xx_HAL_Driver/Src/stm32f4xx_hal_i2s.c ****   /*----------------------- I2SPR: I2SDIV and ODD Calculation -----------------*/
 337:Drivers/STM32F4xx_HAL_Driver/Src/stm32f4xx_hal_i2s.c ****   /* If the requested audio frequency is not the default, compute the prescaler */
 338:Drivers/STM32F4xx_HAL_Driver/Src/stm32f4xx_hal_i2s.c ****   if (hi2s->Init.AudioFreq != I2S_AUDIOFREQ_DEFAULT)
 339:Drivers/STM32F4xx_HAL_Driver/Src/stm32f4xx_hal_i2s.c ****   {
 340:Drivers/STM32F4xx_HAL_Driver/Src/stm32f4xx_hal_i2s.c ****     /* Check the frame length (For the Prescaler computing) ********************/
 341:Drivers/STM32F4xx_HAL_Driver/Src/stm32f4xx_hal_i2s.c ****     if (hi2s->Init.DataFormat == I2S_DATAFORMAT_16B)
 342:Drivers/STM32F4xx_HAL_Driver/Src/stm32f4xx_hal_i2s.c ****     {
 343:Drivers/STM32F4xx_HAL_Driver/Src/stm32f4xx_hal_i2s.c ****       /* Packet length is 16 bits */
 344:Drivers/STM32F4xx_HAL_Driver/Src/stm32f4xx_hal_i2s.c ****       packetlength = 16U;
 345:Drivers/STM32F4xx_HAL_Driver/Src/stm32f4xx_hal_i2s.c ****     }
 346:Drivers/STM32F4xx_HAL_Driver/Src/stm32f4xx_hal_i2s.c ****     else
 347:Drivers/STM32F4xx_HAL_Driver/Src/stm32f4xx_hal_i2s.c ****     {
 348:Drivers/STM32F4xx_HAL_Driver/Src/stm32f4xx_hal_i2s.c ****       /* Packet length is 32 bits */
 349:Drivers/STM32F4xx_HAL_Driver/Src/stm32f4xx_hal_i2s.c ****       packetlength = 32U;
 350:Drivers/STM32F4xx_HAL_Driver/Src/stm32f4xx_hal_i2s.c ****     }
 351:Drivers/STM32F4xx_HAL_Driver/Src/stm32f4xx_hal_i2s.c **** 
 352:Drivers/STM32F4xx_HAL_Driver/Src/stm32f4xx_hal_i2s.c ****     /* I2S standard */
 353:Drivers/STM32F4xx_HAL_Driver/Src/stm32f4xx_hal_i2s.c ****     if (hi2s->Init.Standard <= I2S_STANDARD_LSB)
 354:Drivers/STM32F4xx_HAL_Driver/Src/stm32f4xx_hal_i2s.c ****     {
 355:Drivers/STM32F4xx_HAL_Driver/Src/stm32f4xx_hal_i2s.c ****       /* In I2S standard packet length is multiplied by 2 */
 356:Drivers/STM32F4xx_HAL_Driver/Src/stm32f4xx_hal_i2s.c ****       packetlength = packetlength * 2U;
 357:Drivers/STM32F4xx_HAL_Driver/Src/stm32f4xx_hal_i2s.c ****     }
 358:Drivers/STM32F4xx_HAL_Driver/Src/stm32f4xx_hal_i2s.c **** 
 359:Drivers/STM32F4xx_HAL_Driver/Src/stm32f4xx_hal_i2s.c ****     /* Get the source clock value **********************************************/
 360:Drivers/STM32F4xx_HAL_Driver/Src/stm32f4xx_hal_i2s.c **** #if defined(I2S_APB1_APB2_FEATURE)
 361:Drivers/STM32F4xx_HAL_Driver/Src/stm32f4xx_hal_i2s.c ****     if (IS_I2S_APB1_INSTANCE(hi2s->Instance))
 362:Drivers/STM32F4xx_HAL_Driver/Src/stm32f4xx_hal_i2s.c ****     {
 363:Drivers/STM32F4xx_HAL_Driver/Src/stm32f4xx_hal_i2s.c ****       i2sclk = HAL_RCCEx_GetPeriphCLKFreq(RCC_PERIPHCLK_I2S_APB1);
 364:Drivers/STM32F4xx_HAL_Driver/Src/stm32f4xx_hal_i2s.c ****     }
 365:Drivers/STM32F4xx_HAL_Driver/Src/stm32f4xx_hal_i2s.c ****     else
 366:Drivers/STM32F4xx_HAL_Driver/Src/stm32f4xx_hal_i2s.c ****     {
 367:Drivers/STM32F4xx_HAL_Driver/Src/stm32f4xx_hal_i2s.c ****       i2sclk = HAL_RCCEx_GetPeriphCLKFreq(RCC_PERIPHCLK_I2S_APB2);
 368:Drivers/STM32F4xx_HAL_Driver/Src/stm32f4xx_hal_i2s.c ****     }
 369:Drivers/STM32F4xx_HAL_Driver/Src/stm32f4xx_hal_i2s.c **** #else
 370:Drivers/STM32F4xx_HAL_Driver/Src/stm32f4xx_hal_i2s.c ****     i2sclk = HAL_RCCEx_GetPeriphCLKFreq(RCC_PERIPHCLK_I2S);
 371:Drivers/STM32F4xx_HAL_Driver/Src/stm32f4xx_hal_i2s.c **** #endif /* I2S_APB1_APB2_FEATURE */
 372:Drivers/STM32F4xx_HAL_Driver/Src/stm32f4xx_hal_i2s.c **** 
ARM GAS  /tmp/ccXsv2Xt.s 			page 8


 373:Drivers/STM32F4xx_HAL_Driver/Src/stm32f4xx_hal_i2s.c ****     /* Compute the Real divider depending on the MCLK output state, with a floating point */
 374:Drivers/STM32F4xx_HAL_Driver/Src/stm32f4xx_hal_i2s.c ****     if (hi2s->Init.MCLKOutput == I2S_MCLKOUTPUT_ENABLE)
 375:Drivers/STM32F4xx_HAL_Driver/Src/stm32f4xx_hal_i2s.c ****     {
 376:Drivers/STM32F4xx_HAL_Driver/Src/stm32f4xx_hal_i2s.c ****       /* MCLK output is enabled */
 377:Drivers/STM32F4xx_HAL_Driver/Src/stm32f4xx_hal_i2s.c ****       if (hi2s->Init.DataFormat != I2S_DATAFORMAT_16B)
 378:Drivers/STM32F4xx_HAL_Driver/Src/stm32f4xx_hal_i2s.c ****       {
 379:Drivers/STM32F4xx_HAL_Driver/Src/stm32f4xx_hal_i2s.c ****         tmp = (uint32_t)(((((i2sclk / (packetlength * 4U)) * 10U) / hi2s->Init.AudioFreq)) + 5U);
 380:Drivers/STM32F4xx_HAL_Driver/Src/stm32f4xx_hal_i2s.c ****       }
 381:Drivers/STM32F4xx_HAL_Driver/Src/stm32f4xx_hal_i2s.c ****       else
 382:Drivers/STM32F4xx_HAL_Driver/Src/stm32f4xx_hal_i2s.c ****       {
 383:Drivers/STM32F4xx_HAL_Driver/Src/stm32f4xx_hal_i2s.c ****         tmp = (uint32_t)(((((i2sclk / (packetlength * 8U)) * 10U) / hi2s->Init.AudioFreq)) + 5U);
 384:Drivers/STM32F4xx_HAL_Driver/Src/stm32f4xx_hal_i2s.c ****       }
 385:Drivers/STM32F4xx_HAL_Driver/Src/stm32f4xx_hal_i2s.c ****     }
 386:Drivers/STM32F4xx_HAL_Driver/Src/stm32f4xx_hal_i2s.c ****     else
 387:Drivers/STM32F4xx_HAL_Driver/Src/stm32f4xx_hal_i2s.c ****     {
 388:Drivers/STM32F4xx_HAL_Driver/Src/stm32f4xx_hal_i2s.c ****       /* MCLK output is disabled */
 389:Drivers/STM32F4xx_HAL_Driver/Src/stm32f4xx_hal_i2s.c ****       tmp = (uint32_t)(((((i2sclk / packetlength) * 10U) / hi2s->Init.AudioFreq)) + 5U);
 390:Drivers/STM32F4xx_HAL_Driver/Src/stm32f4xx_hal_i2s.c ****     }
 391:Drivers/STM32F4xx_HAL_Driver/Src/stm32f4xx_hal_i2s.c **** 
 392:Drivers/STM32F4xx_HAL_Driver/Src/stm32f4xx_hal_i2s.c ****     /* Remove the flatting point */
 393:Drivers/STM32F4xx_HAL_Driver/Src/stm32f4xx_hal_i2s.c ****     tmp = tmp / 10U;
 394:Drivers/STM32F4xx_HAL_Driver/Src/stm32f4xx_hal_i2s.c **** 
 395:Drivers/STM32F4xx_HAL_Driver/Src/stm32f4xx_hal_i2s.c ****     /* Check the parity of the divider */
 396:Drivers/STM32F4xx_HAL_Driver/Src/stm32f4xx_hal_i2s.c ****     i2sodd = (uint32_t)(tmp & (uint32_t)1U);
 397:Drivers/STM32F4xx_HAL_Driver/Src/stm32f4xx_hal_i2s.c **** 
 398:Drivers/STM32F4xx_HAL_Driver/Src/stm32f4xx_hal_i2s.c ****     /* Compute the i2sdiv prescaler */
 399:Drivers/STM32F4xx_HAL_Driver/Src/stm32f4xx_hal_i2s.c ****     i2sdiv = (uint32_t)((tmp - i2sodd) / 2U);
 400:Drivers/STM32F4xx_HAL_Driver/Src/stm32f4xx_hal_i2s.c **** 
 401:Drivers/STM32F4xx_HAL_Driver/Src/stm32f4xx_hal_i2s.c ****     /* Get the Mask for the Odd bit (SPI_I2SPR[8]) register */
 402:Drivers/STM32F4xx_HAL_Driver/Src/stm32f4xx_hal_i2s.c ****     i2sodd = (uint32_t)(i2sodd << 8U);
 403:Drivers/STM32F4xx_HAL_Driver/Src/stm32f4xx_hal_i2s.c ****   }
 404:Drivers/STM32F4xx_HAL_Driver/Src/stm32f4xx_hal_i2s.c ****   else
 405:Drivers/STM32F4xx_HAL_Driver/Src/stm32f4xx_hal_i2s.c ****   {
 406:Drivers/STM32F4xx_HAL_Driver/Src/stm32f4xx_hal_i2s.c ****     /* Set the default values */
 407:Drivers/STM32F4xx_HAL_Driver/Src/stm32f4xx_hal_i2s.c ****     i2sdiv = 2U;
 408:Drivers/STM32F4xx_HAL_Driver/Src/stm32f4xx_hal_i2s.c ****     i2sodd = 0U;
 409:Drivers/STM32F4xx_HAL_Driver/Src/stm32f4xx_hal_i2s.c ****   }
 410:Drivers/STM32F4xx_HAL_Driver/Src/stm32f4xx_hal_i2s.c **** 
 411:Drivers/STM32F4xx_HAL_Driver/Src/stm32f4xx_hal_i2s.c ****   /* Test if the divider is 1 or 0 or greater than 0xFF */
 412:Drivers/STM32F4xx_HAL_Driver/Src/stm32f4xx_hal_i2s.c ****   if ((i2sdiv < 2U) || (i2sdiv > 0xFFU))
 413:Drivers/STM32F4xx_HAL_Driver/Src/stm32f4xx_hal_i2s.c ****   {
 414:Drivers/STM32F4xx_HAL_Driver/Src/stm32f4xx_hal_i2s.c ****     /* Set the error code and execute error callback*/
 415:Drivers/STM32F4xx_HAL_Driver/Src/stm32f4xx_hal_i2s.c ****     SET_BIT(hi2s->ErrorCode, HAL_I2S_ERROR_PRESCALER);
 416:Drivers/STM32F4xx_HAL_Driver/Src/stm32f4xx_hal_i2s.c ****     return  HAL_ERROR;
 417:Drivers/STM32F4xx_HAL_Driver/Src/stm32f4xx_hal_i2s.c ****   }
 418:Drivers/STM32F4xx_HAL_Driver/Src/stm32f4xx_hal_i2s.c **** 
 419:Drivers/STM32F4xx_HAL_Driver/Src/stm32f4xx_hal_i2s.c ****   /*----------------------- SPIx I2SCFGR & I2SPR Configuration ----------------*/
 420:Drivers/STM32F4xx_HAL_Driver/Src/stm32f4xx_hal_i2s.c **** 
 421:Drivers/STM32F4xx_HAL_Driver/Src/stm32f4xx_hal_i2s.c ****   /* Write to SPIx I2SPR register the computed value */
 422:Drivers/STM32F4xx_HAL_Driver/Src/stm32f4xx_hal_i2s.c ****   hi2s->Instance->I2SPR = (uint32_t)((uint32_t)i2sdiv | (uint32_t)(i2sodd | (uint32_t)hi2s->Init.MC
 423:Drivers/STM32F4xx_HAL_Driver/Src/stm32f4xx_hal_i2s.c **** 
 424:Drivers/STM32F4xx_HAL_Driver/Src/stm32f4xx_hal_i2s.c ****   /* Clear I2SMOD, I2SE, I2SCFG, PCMSYNC, I2SSTD, CKPOL, DATLEN and CHLEN bits */
 425:Drivers/STM32F4xx_HAL_Driver/Src/stm32f4xx_hal_i2s.c ****   /* And configure the I2S with the I2S_InitStruct values                      */
 426:Drivers/STM32F4xx_HAL_Driver/Src/stm32f4xx_hal_i2s.c ****   MODIFY_REG(hi2s->Instance->I2SCFGR, (SPI_I2SCFGR_CHLEN | SPI_I2SCFGR_DATLEN | \
 427:Drivers/STM32F4xx_HAL_Driver/Src/stm32f4xx_hal_i2s.c ****                                        SPI_I2SCFGR_CKPOL | SPI_I2SCFGR_I2SSTD | \
 428:Drivers/STM32F4xx_HAL_Driver/Src/stm32f4xx_hal_i2s.c ****                                        SPI_I2SCFGR_PCMSYNC | SPI_I2SCFGR_I2SCFG | \
 429:Drivers/STM32F4xx_HAL_Driver/Src/stm32f4xx_hal_i2s.c ****                                        SPI_I2SCFGR_I2SE  | SPI_I2SCFGR_I2SMOD), \
ARM GAS  /tmp/ccXsv2Xt.s 			page 9


 430:Drivers/STM32F4xx_HAL_Driver/Src/stm32f4xx_hal_i2s.c ****              (SPI_I2SCFGR_I2SMOD | hi2s->Init.Mode | \
 431:Drivers/STM32F4xx_HAL_Driver/Src/stm32f4xx_hal_i2s.c ****               hi2s->Init.Standard | hi2s->Init.DataFormat | \
 432:Drivers/STM32F4xx_HAL_Driver/Src/stm32f4xx_hal_i2s.c ****               hi2s->Init.CPOL));
 433:Drivers/STM32F4xx_HAL_Driver/Src/stm32f4xx_hal_i2s.c **** 
 434:Drivers/STM32F4xx_HAL_Driver/Src/stm32f4xx_hal_i2s.c **** #if defined(SPI_I2SCFGR_ASTRTEN)
 435:Drivers/STM32F4xx_HAL_Driver/Src/stm32f4xx_hal_i2s.c ****   if ((hi2s->Init.Standard == I2S_STANDARD_PCM_SHORT) || ((hi2s->Init.Standard == I2S_STANDARD_PCM_
 436:Drivers/STM32F4xx_HAL_Driver/Src/stm32f4xx_hal_i2s.c ****   {
 437:Drivers/STM32F4xx_HAL_Driver/Src/stm32f4xx_hal_i2s.c ****     /* Write to SPIx I2SCFGR */
 438:Drivers/STM32F4xx_HAL_Driver/Src/stm32f4xx_hal_i2s.c ****     SET_BIT(hi2s->Instance->I2SCFGR, SPI_I2SCFGR_ASTRTEN);
 439:Drivers/STM32F4xx_HAL_Driver/Src/stm32f4xx_hal_i2s.c ****   }
 440:Drivers/STM32F4xx_HAL_Driver/Src/stm32f4xx_hal_i2s.c **** #endif /* SPI_I2SCFGR_ASTRTEN */
 441:Drivers/STM32F4xx_HAL_Driver/Src/stm32f4xx_hal_i2s.c **** 
 442:Drivers/STM32F4xx_HAL_Driver/Src/stm32f4xx_hal_i2s.c **** #if defined (SPI_I2S_FULLDUPLEX_SUPPORT)
 443:Drivers/STM32F4xx_HAL_Driver/Src/stm32f4xx_hal_i2s.c **** 
 444:Drivers/STM32F4xx_HAL_Driver/Src/stm32f4xx_hal_i2s.c ****   /* Configure the I2S extended if the full duplex mode is enabled */
 445:Drivers/STM32F4xx_HAL_Driver/Src/stm32f4xx_hal_i2s.c ****   assert_param(IS_I2S_FULLDUPLEX_MODE(hi2s->Init.FullDuplexMode));
 446:Drivers/STM32F4xx_HAL_Driver/Src/stm32f4xx_hal_i2s.c **** 
 447:Drivers/STM32F4xx_HAL_Driver/Src/stm32f4xx_hal_i2s.c ****   if (hi2s->Init.FullDuplexMode == I2S_FULLDUPLEXMODE_ENABLE)
 448:Drivers/STM32F4xx_HAL_Driver/Src/stm32f4xx_hal_i2s.c ****   {
 449:Drivers/STM32F4xx_HAL_Driver/Src/stm32f4xx_hal_i2s.c ****     /* Set FullDuplex I2S IrqHandler ISR if FULLDUPLEXMODE is enabled */
 450:Drivers/STM32F4xx_HAL_Driver/Src/stm32f4xx_hal_i2s.c ****     hi2s->IrqHandlerISR = HAL_I2SEx_FullDuplex_IRQHandler;
 451:Drivers/STM32F4xx_HAL_Driver/Src/stm32f4xx_hal_i2s.c **** 
 452:Drivers/STM32F4xx_HAL_Driver/Src/stm32f4xx_hal_i2s.c ****     /* Clear I2SMOD, I2SE, I2SCFG, PCMSYNC, I2SSTD, CKPOL, DATLEN and CHLEN bits */
 453:Drivers/STM32F4xx_HAL_Driver/Src/stm32f4xx_hal_i2s.c ****     CLEAR_BIT(I2SxEXT(hi2s->Instance)->I2SCFGR, (SPI_I2SCFGR_CHLEN | SPI_I2SCFGR_DATLEN | SPI_I2SCF
 454:Drivers/STM32F4xx_HAL_Driver/Src/stm32f4xx_hal_i2s.c ****                                                  SPI_I2SCFGR_I2SSTD | SPI_I2SCFGR_PCMSYNC | SPI_I2S
 455:Drivers/STM32F4xx_HAL_Driver/Src/stm32f4xx_hal_i2s.c ****                                                  SPI_I2SCFGR_I2SE | SPI_I2SCFGR_I2SMOD));
 456:Drivers/STM32F4xx_HAL_Driver/Src/stm32f4xx_hal_i2s.c ****     I2SxEXT(hi2s->Instance)->I2SPR = 2U;
 457:Drivers/STM32F4xx_HAL_Driver/Src/stm32f4xx_hal_i2s.c **** 
 458:Drivers/STM32F4xx_HAL_Driver/Src/stm32f4xx_hal_i2s.c ****     /* Get the I2SCFGR register value */
 459:Drivers/STM32F4xx_HAL_Driver/Src/stm32f4xx_hal_i2s.c ****     tmpreg = I2SxEXT(hi2s->Instance)->I2SCFGR;
 460:Drivers/STM32F4xx_HAL_Driver/Src/stm32f4xx_hal_i2s.c **** 
 461:Drivers/STM32F4xx_HAL_Driver/Src/stm32f4xx_hal_i2s.c ****     /* Get the mode to be configured for the extended I2S */
 462:Drivers/STM32F4xx_HAL_Driver/Src/stm32f4xx_hal_i2s.c ****     if ((hi2s->Init.Mode == I2S_MODE_MASTER_TX) || (hi2s->Init.Mode == I2S_MODE_SLAVE_TX))
 463:Drivers/STM32F4xx_HAL_Driver/Src/stm32f4xx_hal_i2s.c ****     {
 464:Drivers/STM32F4xx_HAL_Driver/Src/stm32f4xx_hal_i2s.c ****       tmp = I2S_MODE_SLAVE_RX;
 465:Drivers/STM32F4xx_HAL_Driver/Src/stm32f4xx_hal_i2s.c ****     }
 466:Drivers/STM32F4xx_HAL_Driver/Src/stm32f4xx_hal_i2s.c ****     else /* I2S_MODE_MASTER_RX ||  I2S_MODE_SLAVE_RX */
 467:Drivers/STM32F4xx_HAL_Driver/Src/stm32f4xx_hal_i2s.c ****     {
 468:Drivers/STM32F4xx_HAL_Driver/Src/stm32f4xx_hal_i2s.c ****       tmp = I2S_MODE_SLAVE_TX;
 469:Drivers/STM32F4xx_HAL_Driver/Src/stm32f4xx_hal_i2s.c ****     }
 470:Drivers/STM32F4xx_HAL_Driver/Src/stm32f4xx_hal_i2s.c **** 
 471:Drivers/STM32F4xx_HAL_Driver/Src/stm32f4xx_hal_i2s.c ****     /* Configure the I2S Slave with the I2S Master parameter values */
 472:Drivers/STM32F4xx_HAL_Driver/Src/stm32f4xx_hal_i2s.c ****     tmpreg |= (uint16_t)((uint16_t)SPI_I2SCFGR_I2SMOD    | \
 473:Drivers/STM32F4xx_HAL_Driver/Src/stm32f4xx_hal_i2s.c ****                          (uint16_t)tmp                   | \
 474:Drivers/STM32F4xx_HAL_Driver/Src/stm32f4xx_hal_i2s.c ****                          (uint16_t)hi2s->Init.Standard   | \
 475:Drivers/STM32F4xx_HAL_Driver/Src/stm32f4xx_hal_i2s.c ****                          (uint16_t)hi2s->Init.DataFormat | \
 476:Drivers/STM32F4xx_HAL_Driver/Src/stm32f4xx_hal_i2s.c ****                          (uint16_t)hi2s->Init.CPOL);
 477:Drivers/STM32F4xx_HAL_Driver/Src/stm32f4xx_hal_i2s.c **** 
 478:Drivers/STM32F4xx_HAL_Driver/Src/stm32f4xx_hal_i2s.c ****     /* Write to SPIx I2SCFGR */
 479:Drivers/STM32F4xx_HAL_Driver/Src/stm32f4xx_hal_i2s.c ****     WRITE_REG(I2SxEXT(hi2s->Instance)->I2SCFGR, tmpreg);
 480:Drivers/STM32F4xx_HAL_Driver/Src/stm32f4xx_hal_i2s.c ****   }
 481:Drivers/STM32F4xx_HAL_Driver/Src/stm32f4xx_hal_i2s.c **** #endif /* SPI_I2S_FULLDUPLEX_SUPPORT */
 482:Drivers/STM32F4xx_HAL_Driver/Src/stm32f4xx_hal_i2s.c **** 
 483:Drivers/STM32F4xx_HAL_Driver/Src/stm32f4xx_hal_i2s.c ****   hi2s->ErrorCode = HAL_I2S_ERROR_NONE;
 484:Drivers/STM32F4xx_HAL_Driver/Src/stm32f4xx_hal_i2s.c ****   hi2s->State     = HAL_I2S_STATE_READY;
 485:Drivers/STM32F4xx_HAL_Driver/Src/stm32f4xx_hal_i2s.c **** 
 486:Drivers/STM32F4xx_HAL_Driver/Src/stm32f4xx_hal_i2s.c ****   return HAL_OK;
ARM GAS  /tmp/ccXsv2Xt.s 			page 10


 487:Drivers/STM32F4xx_HAL_Driver/Src/stm32f4xx_hal_i2s.c **** }
 488:Drivers/STM32F4xx_HAL_Driver/Src/stm32f4xx_hal_i2s.c **** 
 489:Drivers/STM32F4xx_HAL_Driver/Src/stm32f4xx_hal_i2s.c **** /**
 490:Drivers/STM32F4xx_HAL_Driver/Src/stm32f4xx_hal_i2s.c ****   * @brief DeInitializes the I2S peripheral
 491:Drivers/STM32F4xx_HAL_Driver/Src/stm32f4xx_hal_i2s.c ****   * @param  hi2s pointer to a I2S_HandleTypeDef structure that contains
 492:Drivers/STM32F4xx_HAL_Driver/Src/stm32f4xx_hal_i2s.c ****   *         the configuration information for I2S module
 493:Drivers/STM32F4xx_HAL_Driver/Src/stm32f4xx_hal_i2s.c ****   * @retval HAL status
 494:Drivers/STM32F4xx_HAL_Driver/Src/stm32f4xx_hal_i2s.c ****   */
 495:Drivers/STM32F4xx_HAL_Driver/Src/stm32f4xx_hal_i2s.c **** HAL_StatusTypeDef HAL_I2S_DeInit(I2S_HandleTypeDef *hi2s)
 496:Drivers/STM32F4xx_HAL_Driver/Src/stm32f4xx_hal_i2s.c **** {
 497:Drivers/STM32F4xx_HAL_Driver/Src/stm32f4xx_hal_i2s.c ****   /* Check the I2S handle allocation */
 498:Drivers/STM32F4xx_HAL_Driver/Src/stm32f4xx_hal_i2s.c ****   if (hi2s == NULL)
 499:Drivers/STM32F4xx_HAL_Driver/Src/stm32f4xx_hal_i2s.c ****   {
 500:Drivers/STM32F4xx_HAL_Driver/Src/stm32f4xx_hal_i2s.c ****     return HAL_ERROR;
 501:Drivers/STM32F4xx_HAL_Driver/Src/stm32f4xx_hal_i2s.c ****   }
 502:Drivers/STM32F4xx_HAL_Driver/Src/stm32f4xx_hal_i2s.c **** 
 503:Drivers/STM32F4xx_HAL_Driver/Src/stm32f4xx_hal_i2s.c ****   /* Check the parameters */
 504:Drivers/STM32F4xx_HAL_Driver/Src/stm32f4xx_hal_i2s.c ****   assert_param(IS_I2S_ALL_INSTANCE(hi2s->Instance));
 505:Drivers/STM32F4xx_HAL_Driver/Src/stm32f4xx_hal_i2s.c **** 
 506:Drivers/STM32F4xx_HAL_Driver/Src/stm32f4xx_hal_i2s.c ****   hi2s->State = HAL_I2S_STATE_BUSY;
 507:Drivers/STM32F4xx_HAL_Driver/Src/stm32f4xx_hal_i2s.c **** 
 508:Drivers/STM32F4xx_HAL_Driver/Src/stm32f4xx_hal_i2s.c ****   /* Disable the I2S Peripheral Clock */
 509:Drivers/STM32F4xx_HAL_Driver/Src/stm32f4xx_hal_i2s.c ****   __HAL_I2S_DISABLE(hi2s);
 510:Drivers/STM32F4xx_HAL_Driver/Src/stm32f4xx_hal_i2s.c **** 
 511:Drivers/STM32F4xx_HAL_Driver/Src/stm32f4xx_hal_i2s.c **** #if (USE_HAL_I2S_REGISTER_CALLBACKS == 1U)
 512:Drivers/STM32F4xx_HAL_Driver/Src/stm32f4xx_hal_i2s.c ****   if (hi2s->MspDeInitCallback == NULL)
 513:Drivers/STM32F4xx_HAL_Driver/Src/stm32f4xx_hal_i2s.c ****   {
 514:Drivers/STM32F4xx_HAL_Driver/Src/stm32f4xx_hal_i2s.c ****     hi2s->MspDeInitCallback = HAL_I2S_MspDeInit; /* Legacy weak MspDeInit  */
 515:Drivers/STM32F4xx_HAL_Driver/Src/stm32f4xx_hal_i2s.c ****   }
 516:Drivers/STM32F4xx_HAL_Driver/Src/stm32f4xx_hal_i2s.c **** 
 517:Drivers/STM32F4xx_HAL_Driver/Src/stm32f4xx_hal_i2s.c ****   /* DeInit the low level hardware: GPIO, CLOCK, NVIC... */
 518:Drivers/STM32F4xx_HAL_Driver/Src/stm32f4xx_hal_i2s.c ****   hi2s->MspDeInitCallback(hi2s);
 519:Drivers/STM32F4xx_HAL_Driver/Src/stm32f4xx_hal_i2s.c **** #else
 520:Drivers/STM32F4xx_HAL_Driver/Src/stm32f4xx_hal_i2s.c ****   /* DeInit the low level hardware: GPIO, CLOCK, NVIC... */
 521:Drivers/STM32F4xx_HAL_Driver/Src/stm32f4xx_hal_i2s.c ****   HAL_I2S_MspDeInit(hi2s);
 522:Drivers/STM32F4xx_HAL_Driver/Src/stm32f4xx_hal_i2s.c **** #endif /* USE_HAL_I2S_REGISTER_CALLBACKS */
 523:Drivers/STM32F4xx_HAL_Driver/Src/stm32f4xx_hal_i2s.c **** 
 524:Drivers/STM32F4xx_HAL_Driver/Src/stm32f4xx_hal_i2s.c ****   hi2s->ErrorCode = HAL_I2S_ERROR_NONE;
 525:Drivers/STM32F4xx_HAL_Driver/Src/stm32f4xx_hal_i2s.c ****   hi2s->State     = HAL_I2S_STATE_RESET;
 526:Drivers/STM32F4xx_HAL_Driver/Src/stm32f4xx_hal_i2s.c **** 
 527:Drivers/STM32F4xx_HAL_Driver/Src/stm32f4xx_hal_i2s.c ****   /* Release Lock */
 528:Drivers/STM32F4xx_HAL_Driver/Src/stm32f4xx_hal_i2s.c ****   __HAL_UNLOCK(hi2s);
 529:Drivers/STM32F4xx_HAL_Driver/Src/stm32f4xx_hal_i2s.c **** 
 530:Drivers/STM32F4xx_HAL_Driver/Src/stm32f4xx_hal_i2s.c ****   return HAL_OK;
 531:Drivers/STM32F4xx_HAL_Driver/Src/stm32f4xx_hal_i2s.c **** }
 532:Drivers/STM32F4xx_HAL_Driver/Src/stm32f4xx_hal_i2s.c **** 
 533:Drivers/STM32F4xx_HAL_Driver/Src/stm32f4xx_hal_i2s.c **** /**
 534:Drivers/STM32F4xx_HAL_Driver/Src/stm32f4xx_hal_i2s.c ****   * @brief I2S MSP Init
 535:Drivers/STM32F4xx_HAL_Driver/Src/stm32f4xx_hal_i2s.c ****   * @param  hi2s pointer to a I2S_HandleTypeDef structure that contains
 536:Drivers/STM32F4xx_HAL_Driver/Src/stm32f4xx_hal_i2s.c ****   *         the configuration information for I2S module
 537:Drivers/STM32F4xx_HAL_Driver/Src/stm32f4xx_hal_i2s.c ****   * @retval None
 538:Drivers/STM32F4xx_HAL_Driver/Src/stm32f4xx_hal_i2s.c ****   */
 539:Drivers/STM32F4xx_HAL_Driver/Src/stm32f4xx_hal_i2s.c **** __weak void HAL_I2S_MspInit(I2S_HandleTypeDef *hi2s)
 540:Drivers/STM32F4xx_HAL_Driver/Src/stm32f4xx_hal_i2s.c **** {
 541:Drivers/STM32F4xx_HAL_Driver/Src/stm32f4xx_hal_i2s.c ****   /* Prevent unused argument(s) compilation warning */
 542:Drivers/STM32F4xx_HAL_Driver/Src/stm32f4xx_hal_i2s.c ****   UNUSED(hi2s);
 543:Drivers/STM32F4xx_HAL_Driver/Src/stm32f4xx_hal_i2s.c **** 
ARM GAS  /tmp/ccXsv2Xt.s 			page 11


 544:Drivers/STM32F4xx_HAL_Driver/Src/stm32f4xx_hal_i2s.c ****   /* NOTE : This function Should not be modified, when the callback is needed,
 545:Drivers/STM32F4xx_HAL_Driver/Src/stm32f4xx_hal_i2s.c ****             the HAL_I2S_MspInit could be implemented in the user file
 546:Drivers/STM32F4xx_HAL_Driver/Src/stm32f4xx_hal_i2s.c ****    */
 547:Drivers/STM32F4xx_HAL_Driver/Src/stm32f4xx_hal_i2s.c **** }
 548:Drivers/STM32F4xx_HAL_Driver/Src/stm32f4xx_hal_i2s.c **** 
 549:Drivers/STM32F4xx_HAL_Driver/Src/stm32f4xx_hal_i2s.c **** /**
 550:Drivers/STM32F4xx_HAL_Driver/Src/stm32f4xx_hal_i2s.c ****   * @brief I2S MSP DeInit
 551:Drivers/STM32F4xx_HAL_Driver/Src/stm32f4xx_hal_i2s.c ****   * @param  hi2s pointer to a I2S_HandleTypeDef structure that contains
 552:Drivers/STM32F4xx_HAL_Driver/Src/stm32f4xx_hal_i2s.c ****   *         the configuration information for I2S module
 553:Drivers/STM32F4xx_HAL_Driver/Src/stm32f4xx_hal_i2s.c ****   * @retval None
 554:Drivers/STM32F4xx_HAL_Driver/Src/stm32f4xx_hal_i2s.c ****   */
 555:Drivers/STM32F4xx_HAL_Driver/Src/stm32f4xx_hal_i2s.c **** __weak void HAL_I2S_MspDeInit(I2S_HandleTypeDef *hi2s)
 556:Drivers/STM32F4xx_HAL_Driver/Src/stm32f4xx_hal_i2s.c **** {
 557:Drivers/STM32F4xx_HAL_Driver/Src/stm32f4xx_hal_i2s.c ****   /* Prevent unused argument(s) compilation warning */
 558:Drivers/STM32F4xx_HAL_Driver/Src/stm32f4xx_hal_i2s.c ****   UNUSED(hi2s);
 559:Drivers/STM32F4xx_HAL_Driver/Src/stm32f4xx_hal_i2s.c **** 
 560:Drivers/STM32F4xx_HAL_Driver/Src/stm32f4xx_hal_i2s.c ****   /* NOTE : This function Should not be modified, when the callback is needed,
 561:Drivers/STM32F4xx_HAL_Driver/Src/stm32f4xx_hal_i2s.c ****             the HAL_I2S_MspDeInit could be implemented in the user file
 562:Drivers/STM32F4xx_HAL_Driver/Src/stm32f4xx_hal_i2s.c ****    */
 563:Drivers/STM32F4xx_HAL_Driver/Src/stm32f4xx_hal_i2s.c **** }
 564:Drivers/STM32F4xx_HAL_Driver/Src/stm32f4xx_hal_i2s.c **** 
 565:Drivers/STM32F4xx_HAL_Driver/Src/stm32f4xx_hal_i2s.c **** #if (USE_HAL_I2S_REGISTER_CALLBACKS == 1U)
 566:Drivers/STM32F4xx_HAL_Driver/Src/stm32f4xx_hal_i2s.c **** /**
 567:Drivers/STM32F4xx_HAL_Driver/Src/stm32f4xx_hal_i2s.c ****   * @brief  Register a User I2S Callback
 568:Drivers/STM32F4xx_HAL_Driver/Src/stm32f4xx_hal_i2s.c ****   *         To be used instead of the weak predefined callback
 569:Drivers/STM32F4xx_HAL_Driver/Src/stm32f4xx_hal_i2s.c ****   * @param  hi2s Pointer to a I2S_HandleTypeDef structure that contains
 570:Drivers/STM32F4xx_HAL_Driver/Src/stm32f4xx_hal_i2s.c ****   *                the configuration information for the specified I2S.
 571:Drivers/STM32F4xx_HAL_Driver/Src/stm32f4xx_hal_i2s.c ****   * @param  CallbackID ID of the callback to be registered
 572:Drivers/STM32F4xx_HAL_Driver/Src/stm32f4xx_hal_i2s.c ****   * @param  pCallback pointer to the Callback function
 573:Drivers/STM32F4xx_HAL_Driver/Src/stm32f4xx_hal_i2s.c ****   * @retval HAL status
 574:Drivers/STM32F4xx_HAL_Driver/Src/stm32f4xx_hal_i2s.c ****   */
 575:Drivers/STM32F4xx_HAL_Driver/Src/stm32f4xx_hal_i2s.c **** HAL_StatusTypeDef HAL_I2S_RegisterCallback(I2S_HandleTypeDef *hi2s, HAL_I2S_CallbackIDTypeDef Callb
 576:Drivers/STM32F4xx_HAL_Driver/Src/stm32f4xx_hal_i2s.c ****                                            pI2S_CallbackTypeDef pCallback)
 577:Drivers/STM32F4xx_HAL_Driver/Src/stm32f4xx_hal_i2s.c **** {
 578:Drivers/STM32F4xx_HAL_Driver/Src/stm32f4xx_hal_i2s.c ****   HAL_StatusTypeDef status = HAL_OK;
 579:Drivers/STM32F4xx_HAL_Driver/Src/stm32f4xx_hal_i2s.c **** 
 580:Drivers/STM32F4xx_HAL_Driver/Src/stm32f4xx_hal_i2s.c ****   if (pCallback == NULL)
 581:Drivers/STM32F4xx_HAL_Driver/Src/stm32f4xx_hal_i2s.c ****   {
 582:Drivers/STM32F4xx_HAL_Driver/Src/stm32f4xx_hal_i2s.c ****     /* Update the error code */
 583:Drivers/STM32F4xx_HAL_Driver/Src/stm32f4xx_hal_i2s.c ****     hi2s->ErrorCode |= HAL_I2S_ERROR_INVALID_CALLBACK;
 584:Drivers/STM32F4xx_HAL_Driver/Src/stm32f4xx_hal_i2s.c **** 
 585:Drivers/STM32F4xx_HAL_Driver/Src/stm32f4xx_hal_i2s.c ****     return HAL_ERROR;
 586:Drivers/STM32F4xx_HAL_Driver/Src/stm32f4xx_hal_i2s.c ****   }
 587:Drivers/STM32F4xx_HAL_Driver/Src/stm32f4xx_hal_i2s.c ****   /* Process locked */
 588:Drivers/STM32F4xx_HAL_Driver/Src/stm32f4xx_hal_i2s.c ****   __HAL_LOCK(hi2s);
 589:Drivers/STM32F4xx_HAL_Driver/Src/stm32f4xx_hal_i2s.c **** 
 590:Drivers/STM32F4xx_HAL_Driver/Src/stm32f4xx_hal_i2s.c ****   if (HAL_I2S_STATE_READY == hi2s->State)
 591:Drivers/STM32F4xx_HAL_Driver/Src/stm32f4xx_hal_i2s.c ****   {
 592:Drivers/STM32F4xx_HAL_Driver/Src/stm32f4xx_hal_i2s.c ****     switch (CallbackID)
 593:Drivers/STM32F4xx_HAL_Driver/Src/stm32f4xx_hal_i2s.c ****     {
 594:Drivers/STM32F4xx_HAL_Driver/Src/stm32f4xx_hal_i2s.c ****       case HAL_I2S_TX_COMPLETE_CB_ID :
 595:Drivers/STM32F4xx_HAL_Driver/Src/stm32f4xx_hal_i2s.c ****         hi2s->TxCpltCallback = pCallback;
 596:Drivers/STM32F4xx_HAL_Driver/Src/stm32f4xx_hal_i2s.c ****         break;
 597:Drivers/STM32F4xx_HAL_Driver/Src/stm32f4xx_hal_i2s.c **** 
 598:Drivers/STM32F4xx_HAL_Driver/Src/stm32f4xx_hal_i2s.c ****       case HAL_I2S_RX_COMPLETE_CB_ID :
 599:Drivers/STM32F4xx_HAL_Driver/Src/stm32f4xx_hal_i2s.c ****         hi2s->RxCpltCallback = pCallback;
 600:Drivers/STM32F4xx_HAL_Driver/Src/stm32f4xx_hal_i2s.c ****         break;
ARM GAS  /tmp/ccXsv2Xt.s 			page 12


 601:Drivers/STM32F4xx_HAL_Driver/Src/stm32f4xx_hal_i2s.c **** 
 602:Drivers/STM32F4xx_HAL_Driver/Src/stm32f4xx_hal_i2s.c **** #if defined (SPI_I2S_FULLDUPLEX_SUPPORT)
 603:Drivers/STM32F4xx_HAL_Driver/Src/stm32f4xx_hal_i2s.c ****       case HAL_I2S_TX_RX_COMPLETE_CB_ID :
 604:Drivers/STM32F4xx_HAL_Driver/Src/stm32f4xx_hal_i2s.c ****         hi2s->TxRxCpltCallback = pCallback;
 605:Drivers/STM32F4xx_HAL_Driver/Src/stm32f4xx_hal_i2s.c ****         break;
 606:Drivers/STM32F4xx_HAL_Driver/Src/stm32f4xx_hal_i2s.c **** #endif /* SPI_I2S_FULLDUPLEX_SUPPORT */
 607:Drivers/STM32F4xx_HAL_Driver/Src/stm32f4xx_hal_i2s.c **** 
 608:Drivers/STM32F4xx_HAL_Driver/Src/stm32f4xx_hal_i2s.c ****       case HAL_I2S_TX_HALF_COMPLETE_CB_ID :
 609:Drivers/STM32F4xx_HAL_Driver/Src/stm32f4xx_hal_i2s.c ****         hi2s->TxHalfCpltCallback = pCallback;
 610:Drivers/STM32F4xx_HAL_Driver/Src/stm32f4xx_hal_i2s.c ****         break;
 611:Drivers/STM32F4xx_HAL_Driver/Src/stm32f4xx_hal_i2s.c **** 
 612:Drivers/STM32F4xx_HAL_Driver/Src/stm32f4xx_hal_i2s.c ****       case HAL_I2S_RX_HALF_COMPLETE_CB_ID :
 613:Drivers/STM32F4xx_HAL_Driver/Src/stm32f4xx_hal_i2s.c ****         hi2s->RxHalfCpltCallback = pCallback;
 614:Drivers/STM32F4xx_HAL_Driver/Src/stm32f4xx_hal_i2s.c ****         break;
 615:Drivers/STM32F4xx_HAL_Driver/Src/stm32f4xx_hal_i2s.c **** 
 616:Drivers/STM32F4xx_HAL_Driver/Src/stm32f4xx_hal_i2s.c **** #if defined (SPI_I2S_FULLDUPLEX_SUPPORT)
 617:Drivers/STM32F4xx_HAL_Driver/Src/stm32f4xx_hal_i2s.c ****       case HAL_I2S_TX_RX_HALF_COMPLETE_CB_ID :
 618:Drivers/STM32F4xx_HAL_Driver/Src/stm32f4xx_hal_i2s.c ****         hi2s->TxRxHalfCpltCallback = pCallback;
 619:Drivers/STM32F4xx_HAL_Driver/Src/stm32f4xx_hal_i2s.c ****         break;
 620:Drivers/STM32F4xx_HAL_Driver/Src/stm32f4xx_hal_i2s.c **** #endif /* SPI_I2S_FULLDUPLEX_SUPPORT */
 621:Drivers/STM32F4xx_HAL_Driver/Src/stm32f4xx_hal_i2s.c **** 
 622:Drivers/STM32F4xx_HAL_Driver/Src/stm32f4xx_hal_i2s.c ****       case HAL_I2S_ERROR_CB_ID :
 623:Drivers/STM32F4xx_HAL_Driver/Src/stm32f4xx_hal_i2s.c ****         hi2s->ErrorCallback = pCallback;
 624:Drivers/STM32F4xx_HAL_Driver/Src/stm32f4xx_hal_i2s.c ****         break;
 625:Drivers/STM32F4xx_HAL_Driver/Src/stm32f4xx_hal_i2s.c **** 
 626:Drivers/STM32F4xx_HAL_Driver/Src/stm32f4xx_hal_i2s.c ****       case HAL_I2S_MSPINIT_CB_ID :
 627:Drivers/STM32F4xx_HAL_Driver/Src/stm32f4xx_hal_i2s.c ****         hi2s->MspInitCallback = pCallback;
 628:Drivers/STM32F4xx_HAL_Driver/Src/stm32f4xx_hal_i2s.c ****         break;
 629:Drivers/STM32F4xx_HAL_Driver/Src/stm32f4xx_hal_i2s.c **** 
 630:Drivers/STM32F4xx_HAL_Driver/Src/stm32f4xx_hal_i2s.c ****       case HAL_I2S_MSPDEINIT_CB_ID :
 631:Drivers/STM32F4xx_HAL_Driver/Src/stm32f4xx_hal_i2s.c ****         hi2s->MspDeInitCallback = pCallback;
 632:Drivers/STM32F4xx_HAL_Driver/Src/stm32f4xx_hal_i2s.c ****         break;
 633:Drivers/STM32F4xx_HAL_Driver/Src/stm32f4xx_hal_i2s.c **** 
 634:Drivers/STM32F4xx_HAL_Driver/Src/stm32f4xx_hal_i2s.c ****       default :
 635:Drivers/STM32F4xx_HAL_Driver/Src/stm32f4xx_hal_i2s.c ****         /* Update the error code */
 636:Drivers/STM32F4xx_HAL_Driver/Src/stm32f4xx_hal_i2s.c ****         SET_BIT(hi2s->ErrorCode, HAL_I2S_ERROR_INVALID_CALLBACK);
 637:Drivers/STM32F4xx_HAL_Driver/Src/stm32f4xx_hal_i2s.c **** 
 638:Drivers/STM32F4xx_HAL_Driver/Src/stm32f4xx_hal_i2s.c ****         /* Return error status */
 639:Drivers/STM32F4xx_HAL_Driver/Src/stm32f4xx_hal_i2s.c ****         status =  HAL_ERROR;
 640:Drivers/STM32F4xx_HAL_Driver/Src/stm32f4xx_hal_i2s.c ****         break;
 641:Drivers/STM32F4xx_HAL_Driver/Src/stm32f4xx_hal_i2s.c ****     }
 642:Drivers/STM32F4xx_HAL_Driver/Src/stm32f4xx_hal_i2s.c ****   }
 643:Drivers/STM32F4xx_HAL_Driver/Src/stm32f4xx_hal_i2s.c ****   else if (HAL_I2S_STATE_RESET == hi2s->State)
 644:Drivers/STM32F4xx_HAL_Driver/Src/stm32f4xx_hal_i2s.c ****   {
 645:Drivers/STM32F4xx_HAL_Driver/Src/stm32f4xx_hal_i2s.c ****     switch (CallbackID)
 646:Drivers/STM32F4xx_HAL_Driver/Src/stm32f4xx_hal_i2s.c ****     {
 647:Drivers/STM32F4xx_HAL_Driver/Src/stm32f4xx_hal_i2s.c ****       case HAL_I2S_MSPINIT_CB_ID :
 648:Drivers/STM32F4xx_HAL_Driver/Src/stm32f4xx_hal_i2s.c ****         hi2s->MspInitCallback = pCallback;
 649:Drivers/STM32F4xx_HAL_Driver/Src/stm32f4xx_hal_i2s.c ****         break;
 650:Drivers/STM32F4xx_HAL_Driver/Src/stm32f4xx_hal_i2s.c **** 
 651:Drivers/STM32F4xx_HAL_Driver/Src/stm32f4xx_hal_i2s.c ****       case HAL_I2S_MSPDEINIT_CB_ID :
 652:Drivers/STM32F4xx_HAL_Driver/Src/stm32f4xx_hal_i2s.c ****         hi2s->MspDeInitCallback = pCallback;
 653:Drivers/STM32F4xx_HAL_Driver/Src/stm32f4xx_hal_i2s.c ****         break;
 654:Drivers/STM32F4xx_HAL_Driver/Src/stm32f4xx_hal_i2s.c **** 
 655:Drivers/STM32F4xx_HAL_Driver/Src/stm32f4xx_hal_i2s.c ****       default :
 656:Drivers/STM32F4xx_HAL_Driver/Src/stm32f4xx_hal_i2s.c ****         /* Update the error code */
 657:Drivers/STM32F4xx_HAL_Driver/Src/stm32f4xx_hal_i2s.c ****         SET_BIT(hi2s->ErrorCode, HAL_I2S_ERROR_INVALID_CALLBACK);
ARM GAS  /tmp/ccXsv2Xt.s 			page 13


 658:Drivers/STM32F4xx_HAL_Driver/Src/stm32f4xx_hal_i2s.c **** 
 659:Drivers/STM32F4xx_HAL_Driver/Src/stm32f4xx_hal_i2s.c ****         /* Return error status */
 660:Drivers/STM32F4xx_HAL_Driver/Src/stm32f4xx_hal_i2s.c ****         status =  HAL_ERROR;
 661:Drivers/STM32F4xx_HAL_Driver/Src/stm32f4xx_hal_i2s.c ****         break;
 662:Drivers/STM32F4xx_HAL_Driver/Src/stm32f4xx_hal_i2s.c ****     }
 663:Drivers/STM32F4xx_HAL_Driver/Src/stm32f4xx_hal_i2s.c ****   }
 664:Drivers/STM32F4xx_HAL_Driver/Src/stm32f4xx_hal_i2s.c ****   else
 665:Drivers/STM32F4xx_HAL_Driver/Src/stm32f4xx_hal_i2s.c ****   {
 666:Drivers/STM32F4xx_HAL_Driver/Src/stm32f4xx_hal_i2s.c ****     /* Update the error code */
 667:Drivers/STM32F4xx_HAL_Driver/Src/stm32f4xx_hal_i2s.c ****     SET_BIT(hi2s->ErrorCode, HAL_I2S_ERROR_INVALID_CALLBACK);
 668:Drivers/STM32F4xx_HAL_Driver/Src/stm32f4xx_hal_i2s.c **** 
 669:Drivers/STM32F4xx_HAL_Driver/Src/stm32f4xx_hal_i2s.c ****     /* Return error status */
 670:Drivers/STM32F4xx_HAL_Driver/Src/stm32f4xx_hal_i2s.c ****     status =  HAL_ERROR;
 671:Drivers/STM32F4xx_HAL_Driver/Src/stm32f4xx_hal_i2s.c ****   }
 672:Drivers/STM32F4xx_HAL_Driver/Src/stm32f4xx_hal_i2s.c **** 
 673:Drivers/STM32F4xx_HAL_Driver/Src/stm32f4xx_hal_i2s.c ****   /* Release Lock */
 674:Drivers/STM32F4xx_HAL_Driver/Src/stm32f4xx_hal_i2s.c ****   __HAL_UNLOCK(hi2s);
 675:Drivers/STM32F4xx_HAL_Driver/Src/stm32f4xx_hal_i2s.c ****   return status;
 676:Drivers/STM32F4xx_HAL_Driver/Src/stm32f4xx_hal_i2s.c **** }
 677:Drivers/STM32F4xx_HAL_Driver/Src/stm32f4xx_hal_i2s.c **** 
 678:Drivers/STM32F4xx_HAL_Driver/Src/stm32f4xx_hal_i2s.c **** /**
 679:Drivers/STM32F4xx_HAL_Driver/Src/stm32f4xx_hal_i2s.c ****   * @brief  Unregister an I2S Callback
 680:Drivers/STM32F4xx_HAL_Driver/Src/stm32f4xx_hal_i2s.c ****   *         I2S callback is redirected to the weak predefined callback
 681:Drivers/STM32F4xx_HAL_Driver/Src/stm32f4xx_hal_i2s.c ****   * @param  hi2s Pointer to a I2S_HandleTypeDef structure that contains
 682:Drivers/STM32F4xx_HAL_Driver/Src/stm32f4xx_hal_i2s.c ****   *                the configuration information for the specified I2S.
 683:Drivers/STM32F4xx_HAL_Driver/Src/stm32f4xx_hal_i2s.c ****   * @param  CallbackID ID of the callback to be unregistered
 684:Drivers/STM32F4xx_HAL_Driver/Src/stm32f4xx_hal_i2s.c ****   * @retval HAL status
 685:Drivers/STM32F4xx_HAL_Driver/Src/stm32f4xx_hal_i2s.c ****   */
 686:Drivers/STM32F4xx_HAL_Driver/Src/stm32f4xx_hal_i2s.c **** HAL_StatusTypeDef HAL_I2S_UnRegisterCallback(I2S_HandleTypeDef *hi2s, HAL_I2S_CallbackIDTypeDef Cal
 687:Drivers/STM32F4xx_HAL_Driver/Src/stm32f4xx_hal_i2s.c **** {
 688:Drivers/STM32F4xx_HAL_Driver/Src/stm32f4xx_hal_i2s.c ****   HAL_StatusTypeDef status = HAL_OK;
 689:Drivers/STM32F4xx_HAL_Driver/Src/stm32f4xx_hal_i2s.c **** 
 690:Drivers/STM32F4xx_HAL_Driver/Src/stm32f4xx_hal_i2s.c ****   /* Process locked */
 691:Drivers/STM32F4xx_HAL_Driver/Src/stm32f4xx_hal_i2s.c ****   __HAL_LOCK(hi2s);
 692:Drivers/STM32F4xx_HAL_Driver/Src/stm32f4xx_hal_i2s.c **** 
 693:Drivers/STM32F4xx_HAL_Driver/Src/stm32f4xx_hal_i2s.c ****   if (HAL_I2S_STATE_READY == hi2s->State)
 694:Drivers/STM32F4xx_HAL_Driver/Src/stm32f4xx_hal_i2s.c ****   {
 695:Drivers/STM32F4xx_HAL_Driver/Src/stm32f4xx_hal_i2s.c ****     switch (CallbackID)
 696:Drivers/STM32F4xx_HAL_Driver/Src/stm32f4xx_hal_i2s.c ****     {
 697:Drivers/STM32F4xx_HAL_Driver/Src/stm32f4xx_hal_i2s.c ****       case HAL_I2S_TX_COMPLETE_CB_ID :
 698:Drivers/STM32F4xx_HAL_Driver/Src/stm32f4xx_hal_i2s.c ****         hi2s->TxCpltCallback = HAL_I2S_TxCpltCallback;                /* Legacy weak TxCpltCallback
 699:Drivers/STM32F4xx_HAL_Driver/Src/stm32f4xx_hal_i2s.c ****         break;
 700:Drivers/STM32F4xx_HAL_Driver/Src/stm32f4xx_hal_i2s.c **** 
 701:Drivers/STM32F4xx_HAL_Driver/Src/stm32f4xx_hal_i2s.c ****       case HAL_I2S_RX_COMPLETE_CB_ID :
 702:Drivers/STM32F4xx_HAL_Driver/Src/stm32f4xx_hal_i2s.c ****         hi2s->RxCpltCallback = HAL_I2S_RxCpltCallback;                /* Legacy weak RxCpltCallback
 703:Drivers/STM32F4xx_HAL_Driver/Src/stm32f4xx_hal_i2s.c ****         break;
 704:Drivers/STM32F4xx_HAL_Driver/Src/stm32f4xx_hal_i2s.c **** 
 705:Drivers/STM32F4xx_HAL_Driver/Src/stm32f4xx_hal_i2s.c **** #if defined (SPI_I2S_FULLDUPLEX_SUPPORT)
 706:Drivers/STM32F4xx_HAL_Driver/Src/stm32f4xx_hal_i2s.c ****       case HAL_I2S_TX_RX_COMPLETE_CB_ID :
 707:Drivers/STM32F4xx_HAL_Driver/Src/stm32f4xx_hal_i2s.c ****         hi2s->TxRxCpltCallback = HAL_I2SEx_TxRxCpltCallback;          /* Legacy weak TxRxCpltCallba
 708:Drivers/STM32F4xx_HAL_Driver/Src/stm32f4xx_hal_i2s.c ****         break;
 709:Drivers/STM32F4xx_HAL_Driver/Src/stm32f4xx_hal_i2s.c **** #endif /* SPI_I2S_FULLDUPLEX_SUPPORT */
 710:Drivers/STM32F4xx_HAL_Driver/Src/stm32f4xx_hal_i2s.c **** 
 711:Drivers/STM32F4xx_HAL_Driver/Src/stm32f4xx_hal_i2s.c ****       case HAL_I2S_TX_HALF_COMPLETE_CB_ID :
 712:Drivers/STM32F4xx_HAL_Driver/Src/stm32f4xx_hal_i2s.c ****         hi2s->TxHalfCpltCallback = HAL_I2S_TxHalfCpltCallback;        /* Legacy weak TxHalfCpltCall
 713:Drivers/STM32F4xx_HAL_Driver/Src/stm32f4xx_hal_i2s.c ****         break;
 714:Drivers/STM32F4xx_HAL_Driver/Src/stm32f4xx_hal_i2s.c **** 
ARM GAS  /tmp/ccXsv2Xt.s 			page 14


 715:Drivers/STM32F4xx_HAL_Driver/Src/stm32f4xx_hal_i2s.c ****       case HAL_I2S_RX_HALF_COMPLETE_CB_ID :
 716:Drivers/STM32F4xx_HAL_Driver/Src/stm32f4xx_hal_i2s.c ****         hi2s->RxHalfCpltCallback = HAL_I2S_RxHalfCpltCallback;        /* Legacy weak RxHalfCpltCall
 717:Drivers/STM32F4xx_HAL_Driver/Src/stm32f4xx_hal_i2s.c ****         break;
 718:Drivers/STM32F4xx_HAL_Driver/Src/stm32f4xx_hal_i2s.c **** 
 719:Drivers/STM32F4xx_HAL_Driver/Src/stm32f4xx_hal_i2s.c **** #if defined (SPI_I2S_FULLDUPLEX_SUPPORT)
 720:Drivers/STM32F4xx_HAL_Driver/Src/stm32f4xx_hal_i2s.c ****       case HAL_I2S_TX_RX_HALF_COMPLETE_CB_ID :
 721:Drivers/STM32F4xx_HAL_Driver/Src/stm32f4xx_hal_i2s.c ****         hi2s->TxRxHalfCpltCallback = HAL_I2SEx_TxRxHalfCpltCallback;  /* Legacy weak TxRxHalfCpltCa
 722:Drivers/STM32F4xx_HAL_Driver/Src/stm32f4xx_hal_i2s.c ****         break;
 723:Drivers/STM32F4xx_HAL_Driver/Src/stm32f4xx_hal_i2s.c **** #endif /* SPI_I2S_FULLDUPLEX_SUPPORT */
 724:Drivers/STM32F4xx_HAL_Driver/Src/stm32f4xx_hal_i2s.c **** 
 725:Drivers/STM32F4xx_HAL_Driver/Src/stm32f4xx_hal_i2s.c ****       case HAL_I2S_ERROR_CB_ID :
 726:Drivers/STM32F4xx_HAL_Driver/Src/stm32f4xx_hal_i2s.c ****         hi2s->ErrorCallback = HAL_I2S_ErrorCallback;                  /* Legacy weak ErrorCallback 
 727:Drivers/STM32F4xx_HAL_Driver/Src/stm32f4xx_hal_i2s.c ****         break;
 728:Drivers/STM32F4xx_HAL_Driver/Src/stm32f4xx_hal_i2s.c **** 
 729:Drivers/STM32F4xx_HAL_Driver/Src/stm32f4xx_hal_i2s.c ****       case HAL_I2S_MSPINIT_CB_ID :
 730:Drivers/STM32F4xx_HAL_Driver/Src/stm32f4xx_hal_i2s.c ****         hi2s->MspInitCallback = HAL_I2S_MspInit;                      /* Legacy weak MspInit       
 731:Drivers/STM32F4xx_HAL_Driver/Src/stm32f4xx_hal_i2s.c ****         break;
 732:Drivers/STM32F4xx_HAL_Driver/Src/stm32f4xx_hal_i2s.c **** 
 733:Drivers/STM32F4xx_HAL_Driver/Src/stm32f4xx_hal_i2s.c ****       case HAL_I2S_MSPDEINIT_CB_ID :
 734:Drivers/STM32F4xx_HAL_Driver/Src/stm32f4xx_hal_i2s.c ****         hi2s->MspDeInitCallback = HAL_I2S_MspDeInit;                  /* Legacy weak MspDeInit     
 735:Drivers/STM32F4xx_HAL_Driver/Src/stm32f4xx_hal_i2s.c ****         break;
 736:Drivers/STM32F4xx_HAL_Driver/Src/stm32f4xx_hal_i2s.c **** 
 737:Drivers/STM32F4xx_HAL_Driver/Src/stm32f4xx_hal_i2s.c ****       default :
 738:Drivers/STM32F4xx_HAL_Driver/Src/stm32f4xx_hal_i2s.c ****         /* Update the error code */
 739:Drivers/STM32F4xx_HAL_Driver/Src/stm32f4xx_hal_i2s.c ****         SET_BIT(hi2s->ErrorCode, HAL_I2S_ERROR_INVALID_CALLBACK);
 740:Drivers/STM32F4xx_HAL_Driver/Src/stm32f4xx_hal_i2s.c **** 
 741:Drivers/STM32F4xx_HAL_Driver/Src/stm32f4xx_hal_i2s.c ****         /* Return error status */
 742:Drivers/STM32F4xx_HAL_Driver/Src/stm32f4xx_hal_i2s.c ****         status =  HAL_ERROR;
 743:Drivers/STM32F4xx_HAL_Driver/Src/stm32f4xx_hal_i2s.c ****         break;
 744:Drivers/STM32F4xx_HAL_Driver/Src/stm32f4xx_hal_i2s.c ****     }
 745:Drivers/STM32F4xx_HAL_Driver/Src/stm32f4xx_hal_i2s.c ****   }
 746:Drivers/STM32F4xx_HAL_Driver/Src/stm32f4xx_hal_i2s.c ****   else if (HAL_I2S_STATE_RESET == hi2s->State)
 747:Drivers/STM32F4xx_HAL_Driver/Src/stm32f4xx_hal_i2s.c ****   {
 748:Drivers/STM32F4xx_HAL_Driver/Src/stm32f4xx_hal_i2s.c ****     switch (CallbackID)
 749:Drivers/STM32F4xx_HAL_Driver/Src/stm32f4xx_hal_i2s.c ****     {
 750:Drivers/STM32F4xx_HAL_Driver/Src/stm32f4xx_hal_i2s.c ****       case HAL_I2S_MSPINIT_CB_ID :
 751:Drivers/STM32F4xx_HAL_Driver/Src/stm32f4xx_hal_i2s.c ****         hi2s->MspInitCallback = HAL_I2S_MspInit;                      /* Legacy weak MspInit       
 752:Drivers/STM32F4xx_HAL_Driver/Src/stm32f4xx_hal_i2s.c ****         break;
 753:Drivers/STM32F4xx_HAL_Driver/Src/stm32f4xx_hal_i2s.c **** 
 754:Drivers/STM32F4xx_HAL_Driver/Src/stm32f4xx_hal_i2s.c ****       case HAL_I2S_MSPDEINIT_CB_ID :
 755:Drivers/STM32F4xx_HAL_Driver/Src/stm32f4xx_hal_i2s.c ****         hi2s->MspDeInitCallback = HAL_I2S_MspDeInit;                  /* Legacy weak MspDeInit     
 756:Drivers/STM32F4xx_HAL_Driver/Src/stm32f4xx_hal_i2s.c ****         break;
 757:Drivers/STM32F4xx_HAL_Driver/Src/stm32f4xx_hal_i2s.c **** 
 758:Drivers/STM32F4xx_HAL_Driver/Src/stm32f4xx_hal_i2s.c ****       default :
 759:Drivers/STM32F4xx_HAL_Driver/Src/stm32f4xx_hal_i2s.c ****         /* Update the error code */
 760:Drivers/STM32F4xx_HAL_Driver/Src/stm32f4xx_hal_i2s.c ****         SET_BIT(hi2s->ErrorCode, HAL_I2S_ERROR_INVALID_CALLBACK);
 761:Drivers/STM32F4xx_HAL_Driver/Src/stm32f4xx_hal_i2s.c **** 
 762:Drivers/STM32F4xx_HAL_Driver/Src/stm32f4xx_hal_i2s.c ****         /* Return error status */
 763:Drivers/STM32F4xx_HAL_Driver/Src/stm32f4xx_hal_i2s.c ****         status =  HAL_ERROR;
 764:Drivers/STM32F4xx_HAL_Driver/Src/stm32f4xx_hal_i2s.c ****         break;
 765:Drivers/STM32F4xx_HAL_Driver/Src/stm32f4xx_hal_i2s.c ****     }
 766:Drivers/STM32F4xx_HAL_Driver/Src/stm32f4xx_hal_i2s.c ****   }
 767:Drivers/STM32F4xx_HAL_Driver/Src/stm32f4xx_hal_i2s.c ****   else
 768:Drivers/STM32F4xx_HAL_Driver/Src/stm32f4xx_hal_i2s.c ****   {
 769:Drivers/STM32F4xx_HAL_Driver/Src/stm32f4xx_hal_i2s.c ****     /* Update the error code */
 770:Drivers/STM32F4xx_HAL_Driver/Src/stm32f4xx_hal_i2s.c ****     SET_BIT(hi2s->ErrorCode, HAL_I2S_ERROR_INVALID_CALLBACK);
 771:Drivers/STM32F4xx_HAL_Driver/Src/stm32f4xx_hal_i2s.c **** 
ARM GAS  /tmp/ccXsv2Xt.s 			page 15


 772:Drivers/STM32F4xx_HAL_Driver/Src/stm32f4xx_hal_i2s.c ****     /* Return error status */
 773:Drivers/STM32F4xx_HAL_Driver/Src/stm32f4xx_hal_i2s.c ****     status =  HAL_ERROR;
 774:Drivers/STM32F4xx_HAL_Driver/Src/stm32f4xx_hal_i2s.c ****   }
 775:Drivers/STM32F4xx_HAL_Driver/Src/stm32f4xx_hal_i2s.c **** 
 776:Drivers/STM32F4xx_HAL_Driver/Src/stm32f4xx_hal_i2s.c ****   /* Release Lock */
 777:Drivers/STM32F4xx_HAL_Driver/Src/stm32f4xx_hal_i2s.c ****   __HAL_UNLOCK(hi2s);
 778:Drivers/STM32F4xx_HAL_Driver/Src/stm32f4xx_hal_i2s.c ****   return status;
 779:Drivers/STM32F4xx_HAL_Driver/Src/stm32f4xx_hal_i2s.c **** }
 780:Drivers/STM32F4xx_HAL_Driver/Src/stm32f4xx_hal_i2s.c **** #endif /* USE_HAL_I2S_REGISTER_CALLBACKS */
 781:Drivers/STM32F4xx_HAL_Driver/Src/stm32f4xx_hal_i2s.c **** /**
 782:Drivers/STM32F4xx_HAL_Driver/Src/stm32f4xx_hal_i2s.c ****   * @}
 783:Drivers/STM32F4xx_HAL_Driver/Src/stm32f4xx_hal_i2s.c ****   */
 784:Drivers/STM32F4xx_HAL_Driver/Src/stm32f4xx_hal_i2s.c **** 
 785:Drivers/STM32F4xx_HAL_Driver/Src/stm32f4xx_hal_i2s.c **** /** @defgroup I2S_Exported_Functions_Group2 IO operation functions
 786:Drivers/STM32F4xx_HAL_Driver/Src/stm32f4xx_hal_i2s.c ****   *  @brief Data transfers functions
 787:Drivers/STM32F4xx_HAL_Driver/Src/stm32f4xx_hal_i2s.c ****   *
 788:Drivers/STM32F4xx_HAL_Driver/Src/stm32f4xx_hal_i2s.c **** @verbatim
 789:Drivers/STM32F4xx_HAL_Driver/Src/stm32f4xx_hal_i2s.c ****  ===============================================================================
 790:Drivers/STM32F4xx_HAL_Driver/Src/stm32f4xx_hal_i2s.c ****                       ##### IO operation functions #####
 791:Drivers/STM32F4xx_HAL_Driver/Src/stm32f4xx_hal_i2s.c ****  ===============================================================================
 792:Drivers/STM32F4xx_HAL_Driver/Src/stm32f4xx_hal_i2s.c ****     [..]
 793:Drivers/STM32F4xx_HAL_Driver/Src/stm32f4xx_hal_i2s.c ****     This subsection provides a set of functions allowing to manage the I2S data
 794:Drivers/STM32F4xx_HAL_Driver/Src/stm32f4xx_hal_i2s.c ****     transfers.
 795:Drivers/STM32F4xx_HAL_Driver/Src/stm32f4xx_hal_i2s.c **** 
 796:Drivers/STM32F4xx_HAL_Driver/Src/stm32f4xx_hal_i2s.c ****     (#) There are two modes of transfer:
 797:Drivers/STM32F4xx_HAL_Driver/Src/stm32f4xx_hal_i2s.c ****        (++) Blocking mode : The communication is performed in the polling mode.
 798:Drivers/STM32F4xx_HAL_Driver/Src/stm32f4xx_hal_i2s.c ****             The status of all data processing is returned by the same function
 799:Drivers/STM32F4xx_HAL_Driver/Src/stm32f4xx_hal_i2s.c ****             after finishing transfer.
 800:Drivers/STM32F4xx_HAL_Driver/Src/stm32f4xx_hal_i2s.c ****        (++) No-Blocking mode : The communication is performed using Interrupts
 801:Drivers/STM32F4xx_HAL_Driver/Src/stm32f4xx_hal_i2s.c ****             or DMA. These functions return the status of the transfer startup.
 802:Drivers/STM32F4xx_HAL_Driver/Src/stm32f4xx_hal_i2s.c ****             The end of the data processing will be indicated through the
 803:Drivers/STM32F4xx_HAL_Driver/Src/stm32f4xx_hal_i2s.c ****             dedicated I2S IRQ when using Interrupt mode or the DMA IRQ when
 804:Drivers/STM32F4xx_HAL_Driver/Src/stm32f4xx_hal_i2s.c ****             using DMA mode.
 805:Drivers/STM32F4xx_HAL_Driver/Src/stm32f4xx_hal_i2s.c **** 
 806:Drivers/STM32F4xx_HAL_Driver/Src/stm32f4xx_hal_i2s.c ****     (#) Blocking mode functions are :
 807:Drivers/STM32F4xx_HAL_Driver/Src/stm32f4xx_hal_i2s.c ****         (++) HAL_I2S_Transmit()
 808:Drivers/STM32F4xx_HAL_Driver/Src/stm32f4xx_hal_i2s.c ****         (++) HAL_I2S_Receive()
 809:Drivers/STM32F4xx_HAL_Driver/Src/stm32f4xx_hal_i2s.c **** 
 810:Drivers/STM32F4xx_HAL_Driver/Src/stm32f4xx_hal_i2s.c ****     (#) No-Blocking mode functions with Interrupt are :
 811:Drivers/STM32F4xx_HAL_Driver/Src/stm32f4xx_hal_i2s.c ****         (++) HAL_I2S_Transmit_IT()
 812:Drivers/STM32F4xx_HAL_Driver/Src/stm32f4xx_hal_i2s.c ****         (++) HAL_I2S_Receive_IT()
 813:Drivers/STM32F4xx_HAL_Driver/Src/stm32f4xx_hal_i2s.c **** 
 814:Drivers/STM32F4xx_HAL_Driver/Src/stm32f4xx_hal_i2s.c ****     (#) No-Blocking mode functions with DMA are :
 815:Drivers/STM32F4xx_HAL_Driver/Src/stm32f4xx_hal_i2s.c ****         (++) HAL_I2S_Transmit_DMA()
 816:Drivers/STM32F4xx_HAL_Driver/Src/stm32f4xx_hal_i2s.c ****         (++) HAL_I2S_Receive_DMA()
 817:Drivers/STM32F4xx_HAL_Driver/Src/stm32f4xx_hal_i2s.c **** 
 818:Drivers/STM32F4xx_HAL_Driver/Src/stm32f4xx_hal_i2s.c ****     (#) A set of Transfer Complete Callbacks are provided in non Blocking mode:
 819:Drivers/STM32F4xx_HAL_Driver/Src/stm32f4xx_hal_i2s.c ****         (++) HAL_I2S_TxCpltCallback()
 820:Drivers/STM32F4xx_HAL_Driver/Src/stm32f4xx_hal_i2s.c ****         (++) HAL_I2S_RxCpltCallback()
 821:Drivers/STM32F4xx_HAL_Driver/Src/stm32f4xx_hal_i2s.c ****         (++) HAL_I2S_ErrorCallback()
 822:Drivers/STM32F4xx_HAL_Driver/Src/stm32f4xx_hal_i2s.c **** 
 823:Drivers/STM32F4xx_HAL_Driver/Src/stm32f4xx_hal_i2s.c **** @endverbatim
 824:Drivers/STM32F4xx_HAL_Driver/Src/stm32f4xx_hal_i2s.c ****   * @{
 825:Drivers/STM32F4xx_HAL_Driver/Src/stm32f4xx_hal_i2s.c ****   */
 826:Drivers/STM32F4xx_HAL_Driver/Src/stm32f4xx_hal_i2s.c **** 
 827:Drivers/STM32F4xx_HAL_Driver/Src/stm32f4xx_hal_i2s.c **** /**
 828:Drivers/STM32F4xx_HAL_Driver/Src/stm32f4xx_hal_i2s.c ****   * @brief  Transmit an amount of data in blocking mode
ARM GAS  /tmp/ccXsv2Xt.s 			page 16


 829:Drivers/STM32F4xx_HAL_Driver/Src/stm32f4xx_hal_i2s.c ****   * @param  hi2s pointer to a I2S_HandleTypeDef structure that contains
 830:Drivers/STM32F4xx_HAL_Driver/Src/stm32f4xx_hal_i2s.c ****   *         the configuration information for I2S module
 831:Drivers/STM32F4xx_HAL_Driver/Src/stm32f4xx_hal_i2s.c ****   * @param  pData a 16-bit pointer to data buffer.
 832:Drivers/STM32F4xx_HAL_Driver/Src/stm32f4xx_hal_i2s.c ****   * @param  Size number of data sample to be sent:
 833:Drivers/STM32F4xx_HAL_Driver/Src/stm32f4xx_hal_i2s.c ****   * @note   When a 16-bit data frame or a 16-bit data frame extended is selected during the I2S
 834:Drivers/STM32F4xx_HAL_Driver/Src/stm32f4xx_hal_i2s.c ****   *         configuration phase, the Size parameter means the number of 16-bit data length
 835:Drivers/STM32F4xx_HAL_Driver/Src/stm32f4xx_hal_i2s.c ****   *         in the transaction and when a 24-bit data frame or a 32-bit data frame is selected
 836:Drivers/STM32F4xx_HAL_Driver/Src/stm32f4xx_hal_i2s.c ****   *         the Size parameter means the number of 24-bit or 32-bit data length.
 837:Drivers/STM32F4xx_HAL_Driver/Src/stm32f4xx_hal_i2s.c ****   * @param  Timeout Timeout duration
 838:Drivers/STM32F4xx_HAL_Driver/Src/stm32f4xx_hal_i2s.c ****   * @note   The I2S is kept enabled at the end of transaction to avoid the clock de-synchronization
 839:Drivers/STM32F4xx_HAL_Driver/Src/stm32f4xx_hal_i2s.c ****   *         between Master and Slave(example: audio streaming).
 840:Drivers/STM32F4xx_HAL_Driver/Src/stm32f4xx_hal_i2s.c ****   * @retval HAL status
 841:Drivers/STM32F4xx_HAL_Driver/Src/stm32f4xx_hal_i2s.c ****   */
 842:Drivers/STM32F4xx_HAL_Driver/Src/stm32f4xx_hal_i2s.c **** HAL_StatusTypeDef HAL_I2S_Transmit(I2S_HandleTypeDef *hi2s, uint16_t *pData, uint16_t Size, uint32_
 843:Drivers/STM32F4xx_HAL_Driver/Src/stm32f4xx_hal_i2s.c **** {
 844:Drivers/STM32F4xx_HAL_Driver/Src/stm32f4xx_hal_i2s.c ****   uint32_t tmpreg_cfgr;
 845:Drivers/STM32F4xx_HAL_Driver/Src/stm32f4xx_hal_i2s.c **** 
 846:Drivers/STM32F4xx_HAL_Driver/Src/stm32f4xx_hal_i2s.c ****   if ((pData == NULL) || (Size == 0U))
 847:Drivers/STM32F4xx_HAL_Driver/Src/stm32f4xx_hal_i2s.c ****   {
 848:Drivers/STM32F4xx_HAL_Driver/Src/stm32f4xx_hal_i2s.c ****     return  HAL_ERROR;
 849:Drivers/STM32F4xx_HAL_Driver/Src/stm32f4xx_hal_i2s.c ****   }
 850:Drivers/STM32F4xx_HAL_Driver/Src/stm32f4xx_hal_i2s.c **** 
 851:Drivers/STM32F4xx_HAL_Driver/Src/stm32f4xx_hal_i2s.c ****   if (hi2s->State != HAL_I2S_STATE_READY)
 852:Drivers/STM32F4xx_HAL_Driver/Src/stm32f4xx_hal_i2s.c ****   {
 853:Drivers/STM32F4xx_HAL_Driver/Src/stm32f4xx_hal_i2s.c ****     return HAL_BUSY;
 854:Drivers/STM32F4xx_HAL_Driver/Src/stm32f4xx_hal_i2s.c ****   }
 855:Drivers/STM32F4xx_HAL_Driver/Src/stm32f4xx_hal_i2s.c **** 
 856:Drivers/STM32F4xx_HAL_Driver/Src/stm32f4xx_hal_i2s.c ****   /* Process Locked */
 857:Drivers/STM32F4xx_HAL_Driver/Src/stm32f4xx_hal_i2s.c ****   __HAL_LOCK(hi2s);
 858:Drivers/STM32F4xx_HAL_Driver/Src/stm32f4xx_hal_i2s.c **** 
 859:Drivers/STM32F4xx_HAL_Driver/Src/stm32f4xx_hal_i2s.c ****   /* Set state and reset error code */
 860:Drivers/STM32F4xx_HAL_Driver/Src/stm32f4xx_hal_i2s.c ****   hi2s->State = HAL_I2S_STATE_BUSY_TX;
 861:Drivers/STM32F4xx_HAL_Driver/Src/stm32f4xx_hal_i2s.c ****   hi2s->ErrorCode = HAL_I2S_ERROR_NONE;
 862:Drivers/STM32F4xx_HAL_Driver/Src/stm32f4xx_hal_i2s.c ****   hi2s->pTxBuffPtr = pData;
 863:Drivers/STM32F4xx_HAL_Driver/Src/stm32f4xx_hal_i2s.c **** 
 864:Drivers/STM32F4xx_HAL_Driver/Src/stm32f4xx_hal_i2s.c ****   tmpreg_cfgr = hi2s->Instance->I2SCFGR & (SPI_I2SCFGR_DATLEN | SPI_I2SCFGR_CHLEN);
 865:Drivers/STM32F4xx_HAL_Driver/Src/stm32f4xx_hal_i2s.c **** 
 866:Drivers/STM32F4xx_HAL_Driver/Src/stm32f4xx_hal_i2s.c ****   if ((tmpreg_cfgr == I2S_DATAFORMAT_24B) || (tmpreg_cfgr == I2S_DATAFORMAT_32B))
 867:Drivers/STM32F4xx_HAL_Driver/Src/stm32f4xx_hal_i2s.c ****   {
 868:Drivers/STM32F4xx_HAL_Driver/Src/stm32f4xx_hal_i2s.c ****     hi2s->TxXferSize = (Size << 1U);
 869:Drivers/STM32F4xx_HAL_Driver/Src/stm32f4xx_hal_i2s.c ****     hi2s->TxXferCount = (Size << 1U);
 870:Drivers/STM32F4xx_HAL_Driver/Src/stm32f4xx_hal_i2s.c ****   }
 871:Drivers/STM32F4xx_HAL_Driver/Src/stm32f4xx_hal_i2s.c ****   else
 872:Drivers/STM32F4xx_HAL_Driver/Src/stm32f4xx_hal_i2s.c ****   {
 873:Drivers/STM32F4xx_HAL_Driver/Src/stm32f4xx_hal_i2s.c ****     hi2s->TxXferSize = Size;
 874:Drivers/STM32F4xx_HAL_Driver/Src/stm32f4xx_hal_i2s.c ****     hi2s->TxXferCount = Size;
 875:Drivers/STM32F4xx_HAL_Driver/Src/stm32f4xx_hal_i2s.c ****   }
 876:Drivers/STM32F4xx_HAL_Driver/Src/stm32f4xx_hal_i2s.c **** 
 877:Drivers/STM32F4xx_HAL_Driver/Src/stm32f4xx_hal_i2s.c ****   tmpreg_cfgr = hi2s->Instance->I2SCFGR;
 878:Drivers/STM32F4xx_HAL_Driver/Src/stm32f4xx_hal_i2s.c **** 
 879:Drivers/STM32F4xx_HAL_Driver/Src/stm32f4xx_hal_i2s.c ****   /* Check if the I2S is already enabled */
 880:Drivers/STM32F4xx_HAL_Driver/Src/stm32f4xx_hal_i2s.c ****   if ((hi2s->Instance->I2SCFGR & SPI_I2SCFGR_I2SE) != SPI_I2SCFGR_I2SE)
 881:Drivers/STM32F4xx_HAL_Driver/Src/stm32f4xx_hal_i2s.c ****   {
 882:Drivers/STM32F4xx_HAL_Driver/Src/stm32f4xx_hal_i2s.c ****     /* Enable I2S peripheral */
 883:Drivers/STM32F4xx_HAL_Driver/Src/stm32f4xx_hal_i2s.c ****     __HAL_I2S_ENABLE(hi2s);
 884:Drivers/STM32F4xx_HAL_Driver/Src/stm32f4xx_hal_i2s.c ****   }
 885:Drivers/STM32F4xx_HAL_Driver/Src/stm32f4xx_hal_i2s.c **** 
ARM GAS  /tmp/ccXsv2Xt.s 			page 17


 886:Drivers/STM32F4xx_HAL_Driver/Src/stm32f4xx_hal_i2s.c ****   /* Wait until TXE flag is set */
 887:Drivers/STM32F4xx_HAL_Driver/Src/stm32f4xx_hal_i2s.c ****   if (I2S_WaitFlagStateUntilTimeout(hi2s, I2S_FLAG_TXE, SET, Timeout) != HAL_OK)
 888:Drivers/STM32F4xx_HAL_Driver/Src/stm32f4xx_hal_i2s.c ****   {
 889:Drivers/STM32F4xx_HAL_Driver/Src/stm32f4xx_hal_i2s.c ****     /* Set the error code */
 890:Drivers/STM32F4xx_HAL_Driver/Src/stm32f4xx_hal_i2s.c ****     SET_BIT(hi2s->ErrorCode, HAL_I2S_ERROR_TIMEOUT);
 891:Drivers/STM32F4xx_HAL_Driver/Src/stm32f4xx_hal_i2s.c ****     hi2s->State = HAL_I2S_STATE_READY;
 892:Drivers/STM32F4xx_HAL_Driver/Src/stm32f4xx_hal_i2s.c ****     __HAL_UNLOCK(hi2s);
 893:Drivers/STM32F4xx_HAL_Driver/Src/stm32f4xx_hal_i2s.c ****     return HAL_ERROR;
 894:Drivers/STM32F4xx_HAL_Driver/Src/stm32f4xx_hal_i2s.c ****   }
 895:Drivers/STM32F4xx_HAL_Driver/Src/stm32f4xx_hal_i2s.c **** 
 896:Drivers/STM32F4xx_HAL_Driver/Src/stm32f4xx_hal_i2s.c ****   while (hi2s->TxXferCount > 0U)
 897:Drivers/STM32F4xx_HAL_Driver/Src/stm32f4xx_hal_i2s.c ****   {
 898:Drivers/STM32F4xx_HAL_Driver/Src/stm32f4xx_hal_i2s.c ****     hi2s->Instance->DR = (*hi2s->pTxBuffPtr);
 899:Drivers/STM32F4xx_HAL_Driver/Src/stm32f4xx_hal_i2s.c ****     hi2s->pTxBuffPtr++;
 900:Drivers/STM32F4xx_HAL_Driver/Src/stm32f4xx_hal_i2s.c ****     hi2s->TxXferCount--;
 901:Drivers/STM32F4xx_HAL_Driver/Src/stm32f4xx_hal_i2s.c **** 
 902:Drivers/STM32F4xx_HAL_Driver/Src/stm32f4xx_hal_i2s.c ****     /* Wait until TXE flag is set */
 903:Drivers/STM32F4xx_HAL_Driver/Src/stm32f4xx_hal_i2s.c ****     if (I2S_WaitFlagStateUntilTimeout(hi2s, I2S_FLAG_TXE, SET, Timeout) != HAL_OK)
 904:Drivers/STM32F4xx_HAL_Driver/Src/stm32f4xx_hal_i2s.c ****     {
 905:Drivers/STM32F4xx_HAL_Driver/Src/stm32f4xx_hal_i2s.c ****       /* Set the error code */
 906:Drivers/STM32F4xx_HAL_Driver/Src/stm32f4xx_hal_i2s.c ****       SET_BIT(hi2s->ErrorCode, HAL_I2S_ERROR_TIMEOUT);
 907:Drivers/STM32F4xx_HAL_Driver/Src/stm32f4xx_hal_i2s.c ****       hi2s->State = HAL_I2S_STATE_READY;
 908:Drivers/STM32F4xx_HAL_Driver/Src/stm32f4xx_hal_i2s.c ****       __HAL_UNLOCK(hi2s);
 909:Drivers/STM32F4xx_HAL_Driver/Src/stm32f4xx_hal_i2s.c ****       return HAL_ERROR;
 910:Drivers/STM32F4xx_HAL_Driver/Src/stm32f4xx_hal_i2s.c ****     }
 911:Drivers/STM32F4xx_HAL_Driver/Src/stm32f4xx_hal_i2s.c **** 
 912:Drivers/STM32F4xx_HAL_Driver/Src/stm32f4xx_hal_i2s.c ****     /* Check if an underrun occurs */
 913:Drivers/STM32F4xx_HAL_Driver/Src/stm32f4xx_hal_i2s.c ****     if (__HAL_I2S_GET_FLAG(hi2s, I2S_FLAG_UDR) == SET)
 914:Drivers/STM32F4xx_HAL_Driver/Src/stm32f4xx_hal_i2s.c ****     {
 915:Drivers/STM32F4xx_HAL_Driver/Src/stm32f4xx_hal_i2s.c ****       /* Clear underrun flag */
 916:Drivers/STM32F4xx_HAL_Driver/Src/stm32f4xx_hal_i2s.c ****       __HAL_I2S_CLEAR_UDRFLAG(hi2s);
 917:Drivers/STM32F4xx_HAL_Driver/Src/stm32f4xx_hal_i2s.c **** 
 918:Drivers/STM32F4xx_HAL_Driver/Src/stm32f4xx_hal_i2s.c ****       /* Set the error code */
 919:Drivers/STM32F4xx_HAL_Driver/Src/stm32f4xx_hal_i2s.c ****       SET_BIT(hi2s->ErrorCode, HAL_I2S_ERROR_UDR);
 920:Drivers/STM32F4xx_HAL_Driver/Src/stm32f4xx_hal_i2s.c ****     }
 921:Drivers/STM32F4xx_HAL_Driver/Src/stm32f4xx_hal_i2s.c ****   }
 922:Drivers/STM32F4xx_HAL_Driver/Src/stm32f4xx_hal_i2s.c **** 
 923:Drivers/STM32F4xx_HAL_Driver/Src/stm32f4xx_hal_i2s.c ****   /* Check if Slave mode is selected */
 924:Drivers/STM32F4xx_HAL_Driver/Src/stm32f4xx_hal_i2s.c ****   if (((tmpreg_cfgr & SPI_I2SCFGR_I2SCFG) == I2S_MODE_SLAVE_TX)
 925:Drivers/STM32F4xx_HAL_Driver/Src/stm32f4xx_hal_i2s.c ****       || ((tmpreg_cfgr & SPI_I2SCFGR_I2SCFG) == I2S_MODE_SLAVE_RX))
 926:Drivers/STM32F4xx_HAL_Driver/Src/stm32f4xx_hal_i2s.c ****   {
 927:Drivers/STM32F4xx_HAL_Driver/Src/stm32f4xx_hal_i2s.c ****     /* Wait until Busy flag is reset */
 928:Drivers/STM32F4xx_HAL_Driver/Src/stm32f4xx_hal_i2s.c ****     if (I2S_WaitFlagStateUntilTimeout(hi2s, I2S_FLAG_BSY, RESET, Timeout) != HAL_OK)
 929:Drivers/STM32F4xx_HAL_Driver/Src/stm32f4xx_hal_i2s.c ****     {
 930:Drivers/STM32F4xx_HAL_Driver/Src/stm32f4xx_hal_i2s.c ****       /* Set the error code */
 931:Drivers/STM32F4xx_HAL_Driver/Src/stm32f4xx_hal_i2s.c ****       SET_BIT(hi2s->ErrorCode, HAL_I2S_ERROR_TIMEOUT);
 932:Drivers/STM32F4xx_HAL_Driver/Src/stm32f4xx_hal_i2s.c ****       hi2s->State = HAL_I2S_STATE_READY;
 933:Drivers/STM32F4xx_HAL_Driver/Src/stm32f4xx_hal_i2s.c ****       __HAL_UNLOCK(hi2s);
 934:Drivers/STM32F4xx_HAL_Driver/Src/stm32f4xx_hal_i2s.c ****       return HAL_ERROR;
 935:Drivers/STM32F4xx_HAL_Driver/Src/stm32f4xx_hal_i2s.c ****     }
 936:Drivers/STM32F4xx_HAL_Driver/Src/stm32f4xx_hal_i2s.c ****   }
 937:Drivers/STM32F4xx_HAL_Driver/Src/stm32f4xx_hal_i2s.c **** 
 938:Drivers/STM32F4xx_HAL_Driver/Src/stm32f4xx_hal_i2s.c ****   hi2s->State = HAL_I2S_STATE_READY;
 939:Drivers/STM32F4xx_HAL_Driver/Src/stm32f4xx_hal_i2s.c ****   __HAL_UNLOCK(hi2s);
 940:Drivers/STM32F4xx_HAL_Driver/Src/stm32f4xx_hal_i2s.c ****   return HAL_OK;
 941:Drivers/STM32F4xx_HAL_Driver/Src/stm32f4xx_hal_i2s.c **** }
 942:Drivers/STM32F4xx_HAL_Driver/Src/stm32f4xx_hal_i2s.c **** 
ARM GAS  /tmp/ccXsv2Xt.s 			page 18


 943:Drivers/STM32F4xx_HAL_Driver/Src/stm32f4xx_hal_i2s.c **** /**
 944:Drivers/STM32F4xx_HAL_Driver/Src/stm32f4xx_hal_i2s.c ****   * @brief  Receive an amount of data in blocking mode
 945:Drivers/STM32F4xx_HAL_Driver/Src/stm32f4xx_hal_i2s.c ****   * @param  hi2s pointer to a I2S_HandleTypeDef structure that contains
 946:Drivers/STM32F4xx_HAL_Driver/Src/stm32f4xx_hal_i2s.c ****   *         the configuration information for I2S module
 947:Drivers/STM32F4xx_HAL_Driver/Src/stm32f4xx_hal_i2s.c ****   * @param  pData a 16-bit pointer to data buffer.
 948:Drivers/STM32F4xx_HAL_Driver/Src/stm32f4xx_hal_i2s.c ****   * @param  Size number of data sample to be sent:
 949:Drivers/STM32F4xx_HAL_Driver/Src/stm32f4xx_hal_i2s.c ****   * @note   When a 16-bit data frame or a 16-bit data frame extended is selected during the I2S
 950:Drivers/STM32F4xx_HAL_Driver/Src/stm32f4xx_hal_i2s.c ****   *         configuration phase, the Size parameter means the number of 16-bit data length
 951:Drivers/STM32F4xx_HAL_Driver/Src/stm32f4xx_hal_i2s.c ****   *         in the transaction and when a 24-bit data frame or a 32-bit data frame is selected
 952:Drivers/STM32F4xx_HAL_Driver/Src/stm32f4xx_hal_i2s.c ****   *         the Size parameter means the number of 24-bit or 32-bit data length.
 953:Drivers/STM32F4xx_HAL_Driver/Src/stm32f4xx_hal_i2s.c ****   * @param  Timeout Timeout duration
 954:Drivers/STM32F4xx_HAL_Driver/Src/stm32f4xx_hal_i2s.c ****   * @note   The I2S is kept enabled at the end of transaction to avoid the clock de-synchronization
 955:Drivers/STM32F4xx_HAL_Driver/Src/stm32f4xx_hal_i2s.c ****   *         between Master and Slave(example: audio streaming).
 956:Drivers/STM32F4xx_HAL_Driver/Src/stm32f4xx_hal_i2s.c ****   * @note   In I2S Master Receiver mode, just after enabling the peripheral the clock will be gener
 957:Drivers/STM32F4xx_HAL_Driver/Src/stm32f4xx_hal_i2s.c ****   *         in continuous way and as the I2S is not disabled at the end of the I2S transaction.
 958:Drivers/STM32F4xx_HAL_Driver/Src/stm32f4xx_hal_i2s.c ****   * @retval HAL status
 959:Drivers/STM32F4xx_HAL_Driver/Src/stm32f4xx_hal_i2s.c ****   */
 960:Drivers/STM32F4xx_HAL_Driver/Src/stm32f4xx_hal_i2s.c **** HAL_StatusTypeDef HAL_I2S_Receive(I2S_HandleTypeDef *hi2s, uint16_t *pData, uint16_t Size, uint32_t
 961:Drivers/STM32F4xx_HAL_Driver/Src/stm32f4xx_hal_i2s.c **** {
 962:Drivers/STM32F4xx_HAL_Driver/Src/stm32f4xx_hal_i2s.c ****   uint32_t tmpreg_cfgr;
 963:Drivers/STM32F4xx_HAL_Driver/Src/stm32f4xx_hal_i2s.c **** 
 964:Drivers/STM32F4xx_HAL_Driver/Src/stm32f4xx_hal_i2s.c ****   if ((pData == NULL) || (Size == 0U))
 965:Drivers/STM32F4xx_HAL_Driver/Src/stm32f4xx_hal_i2s.c ****   {
 966:Drivers/STM32F4xx_HAL_Driver/Src/stm32f4xx_hal_i2s.c ****     return  HAL_ERROR;
 967:Drivers/STM32F4xx_HAL_Driver/Src/stm32f4xx_hal_i2s.c ****   }
 968:Drivers/STM32F4xx_HAL_Driver/Src/stm32f4xx_hal_i2s.c **** 
 969:Drivers/STM32F4xx_HAL_Driver/Src/stm32f4xx_hal_i2s.c ****   if (hi2s->State != HAL_I2S_STATE_READY)
 970:Drivers/STM32F4xx_HAL_Driver/Src/stm32f4xx_hal_i2s.c ****   {
 971:Drivers/STM32F4xx_HAL_Driver/Src/stm32f4xx_hal_i2s.c ****     return HAL_BUSY;
 972:Drivers/STM32F4xx_HAL_Driver/Src/stm32f4xx_hal_i2s.c ****   }
 973:Drivers/STM32F4xx_HAL_Driver/Src/stm32f4xx_hal_i2s.c **** 
 974:Drivers/STM32F4xx_HAL_Driver/Src/stm32f4xx_hal_i2s.c ****   /* Process Locked */
 975:Drivers/STM32F4xx_HAL_Driver/Src/stm32f4xx_hal_i2s.c ****   __HAL_LOCK(hi2s);
 976:Drivers/STM32F4xx_HAL_Driver/Src/stm32f4xx_hal_i2s.c ****   
 977:Drivers/STM32F4xx_HAL_Driver/Src/stm32f4xx_hal_i2s.c ****   /* Set state and reset error code */
 978:Drivers/STM32F4xx_HAL_Driver/Src/stm32f4xx_hal_i2s.c ****   hi2s->State = HAL_I2S_STATE_BUSY_RX;
 979:Drivers/STM32F4xx_HAL_Driver/Src/stm32f4xx_hal_i2s.c ****   hi2s->ErrorCode = HAL_I2S_ERROR_NONE;
 980:Drivers/STM32F4xx_HAL_Driver/Src/stm32f4xx_hal_i2s.c ****   hi2s->pRxBuffPtr = pData;
 981:Drivers/STM32F4xx_HAL_Driver/Src/stm32f4xx_hal_i2s.c **** 
 982:Drivers/STM32F4xx_HAL_Driver/Src/stm32f4xx_hal_i2s.c ****   tmpreg_cfgr = hi2s->Instance->I2SCFGR & (SPI_I2SCFGR_DATLEN | SPI_I2SCFGR_CHLEN);
 983:Drivers/STM32F4xx_HAL_Driver/Src/stm32f4xx_hal_i2s.c **** 
 984:Drivers/STM32F4xx_HAL_Driver/Src/stm32f4xx_hal_i2s.c ****   if ((tmpreg_cfgr == I2S_DATAFORMAT_24B) || (tmpreg_cfgr == I2S_DATAFORMAT_32B))
 985:Drivers/STM32F4xx_HAL_Driver/Src/stm32f4xx_hal_i2s.c ****   {
 986:Drivers/STM32F4xx_HAL_Driver/Src/stm32f4xx_hal_i2s.c ****     hi2s->RxXferSize = (Size << 1U);
 987:Drivers/STM32F4xx_HAL_Driver/Src/stm32f4xx_hal_i2s.c ****     hi2s->RxXferCount = (Size << 1U);
 988:Drivers/STM32F4xx_HAL_Driver/Src/stm32f4xx_hal_i2s.c ****   }
 989:Drivers/STM32F4xx_HAL_Driver/Src/stm32f4xx_hal_i2s.c ****   else
 990:Drivers/STM32F4xx_HAL_Driver/Src/stm32f4xx_hal_i2s.c ****   {
 991:Drivers/STM32F4xx_HAL_Driver/Src/stm32f4xx_hal_i2s.c ****     hi2s->RxXferSize = Size;
 992:Drivers/STM32F4xx_HAL_Driver/Src/stm32f4xx_hal_i2s.c ****     hi2s->RxXferCount = Size;
 993:Drivers/STM32F4xx_HAL_Driver/Src/stm32f4xx_hal_i2s.c ****   }
 994:Drivers/STM32F4xx_HAL_Driver/Src/stm32f4xx_hal_i2s.c **** 
 995:Drivers/STM32F4xx_HAL_Driver/Src/stm32f4xx_hal_i2s.c ****   /* Check if the I2S is already enabled */
 996:Drivers/STM32F4xx_HAL_Driver/Src/stm32f4xx_hal_i2s.c ****   if ((hi2s->Instance->I2SCFGR & SPI_I2SCFGR_I2SE) != SPI_I2SCFGR_I2SE)
 997:Drivers/STM32F4xx_HAL_Driver/Src/stm32f4xx_hal_i2s.c ****   {
 998:Drivers/STM32F4xx_HAL_Driver/Src/stm32f4xx_hal_i2s.c ****     /* Enable I2S peripheral */
 999:Drivers/STM32F4xx_HAL_Driver/Src/stm32f4xx_hal_i2s.c ****     __HAL_I2S_ENABLE(hi2s);
ARM GAS  /tmp/ccXsv2Xt.s 			page 19


1000:Drivers/STM32F4xx_HAL_Driver/Src/stm32f4xx_hal_i2s.c ****   }
1001:Drivers/STM32F4xx_HAL_Driver/Src/stm32f4xx_hal_i2s.c **** 
1002:Drivers/STM32F4xx_HAL_Driver/Src/stm32f4xx_hal_i2s.c ****   /* Check if Master Receiver mode is selected */
1003:Drivers/STM32F4xx_HAL_Driver/Src/stm32f4xx_hal_i2s.c ****   if ((hi2s->Instance->I2SCFGR & SPI_I2SCFGR_I2SCFG) == I2S_MODE_MASTER_RX)
1004:Drivers/STM32F4xx_HAL_Driver/Src/stm32f4xx_hal_i2s.c ****   {
1005:Drivers/STM32F4xx_HAL_Driver/Src/stm32f4xx_hal_i2s.c ****     /* Clear the Overrun Flag by a read operation on the SPI_DR register followed by a read
1006:Drivers/STM32F4xx_HAL_Driver/Src/stm32f4xx_hal_i2s.c ****     access to the SPI_SR register. */
1007:Drivers/STM32F4xx_HAL_Driver/Src/stm32f4xx_hal_i2s.c ****     __HAL_I2S_CLEAR_OVRFLAG(hi2s);
1008:Drivers/STM32F4xx_HAL_Driver/Src/stm32f4xx_hal_i2s.c ****   }
1009:Drivers/STM32F4xx_HAL_Driver/Src/stm32f4xx_hal_i2s.c **** 
1010:Drivers/STM32F4xx_HAL_Driver/Src/stm32f4xx_hal_i2s.c ****   /* Receive data */
1011:Drivers/STM32F4xx_HAL_Driver/Src/stm32f4xx_hal_i2s.c ****   while (hi2s->RxXferCount > 0U)
1012:Drivers/STM32F4xx_HAL_Driver/Src/stm32f4xx_hal_i2s.c ****   {
1013:Drivers/STM32F4xx_HAL_Driver/Src/stm32f4xx_hal_i2s.c ****     /* Wait until RXNE flag is set */
1014:Drivers/STM32F4xx_HAL_Driver/Src/stm32f4xx_hal_i2s.c ****     if (I2S_WaitFlagStateUntilTimeout(hi2s, I2S_FLAG_RXNE, SET, Timeout) != HAL_OK)
1015:Drivers/STM32F4xx_HAL_Driver/Src/stm32f4xx_hal_i2s.c ****     {
1016:Drivers/STM32F4xx_HAL_Driver/Src/stm32f4xx_hal_i2s.c ****       /* Set the error code */
1017:Drivers/STM32F4xx_HAL_Driver/Src/stm32f4xx_hal_i2s.c ****       SET_BIT(hi2s->ErrorCode, HAL_I2S_ERROR_TIMEOUT);
1018:Drivers/STM32F4xx_HAL_Driver/Src/stm32f4xx_hal_i2s.c ****       hi2s->State = HAL_I2S_STATE_READY;
1019:Drivers/STM32F4xx_HAL_Driver/Src/stm32f4xx_hal_i2s.c ****       __HAL_UNLOCK(hi2s);
1020:Drivers/STM32F4xx_HAL_Driver/Src/stm32f4xx_hal_i2s.c ****       return HAL_ERROR;
1021:Drivers/STM32F4xx_HAL_Driver/Src/stm32f4xx_hal_i2s.c ****     }
1022:Drivers/STM32F4xx_HAL_Driver/Src/stm32f4xx_hal_i2s.c **** 
1023:Drivers/STM32F4xx_HAL_Driver/Src/stm32f4xx_hal_i2s.c ****     (*hi2s->pRxBuffPtr) = (uint16_t)hi2s->Instance->DR;
1024:Drivers/STM32F4xx_HAL_Driver/Src/stm32f4xx_hal_i2s.c ****     hi2s->pRxBuffPtr++;
1025:Drivers/STM32F4xx_HAL_Driver/Src/stm32f4xx_hal_i2s.c ****     hi2s->RxXferCount--;
1026:Drivers/STM32F4xx_HAL_Driver/Src/stm32f4xx_hal_i2s.c **** 
1027:Drivers/STM32F4xx_HAL_Driver/Src/stm32f4xx_hal_i2s.c ****     /* Check if an overrun occurs */
1028:Drivers/STM32F4xx_HAL_Driver/Src/stm32f4xx_hal_i2s.c ****     if (__HAL_I2S_GET_FLAG(hi2s, I2S_FLAG_OVR) == SET)
1029:Drivers/STM32F4xx_HAL_Driver/Src/stm32f4xx_hal_i2s.c ****     {
1030:Drivers/STM32F4xx_HAL_Driver/Src/stm32f4xx_hal_i2s.c ****       /* Clear overrun flag */
1031:Drivers/STM32F4xx_HAL_Driver/Src/stm32f4xx_hal_i2s.c ****       __HAL_I2S_CLEAR_OVRFLAG(hi2s);
1032:Drivers/STM32F4xx_HAL_Driver/Src/stm32f4xx_hal_i2s.c **** 
1033:Drivers/STM32F4xx_HAL_Driver/Src/stm32f4xx_hal_i2s.c ****       /* Set the error code */
1034:Drivers/STM32F4xx_HAL_Driver/Src/stm32f4xx_hal_i2s.c ****       SET_BIT(hi2s->ErrorCode, HAL_I2S_ERROR_OVR);
1035:Drivers/STM32F4xx_HAL_Driver/Src/stm32f4xx_hal_i2s.c ****     }
1036:Drivers/STM32F4xx_HAL_Driver/Src/stm32f4xx_hal_i2s.c ****   }
1037:Drivers/STM32F4xx_HAL_Driver/Src/stm32f4xx_hal_i2s.c **** 
1038:Drivers/STM32F4xx_HAL_Driver/Src/stm32f4xx_hal_i2s.c ****   hi2s->State = HAL_I2S_STATE_READY;
1039:Drivers/STM32F4xx_HAL_Driver/Src/stm32f4xx_hal_i2s.c ****   __HAL_UNLOCK(hi2s);
1040:Drivers/STM32F4xx_HAL_Driver/Src/stm32f4xx_hal_i2s.c ****   return HAL_OK;
1041:Drivers/STM32F4xx_HAL_Driver/Src/stm32f4xx_hal_i2s.c **** }
1042:Drivers/STM32F4xx_HAL_Driver/Src/stm32f4xx_hal_i2s.c **** 
1043:Drivers/STM32F4xx_HAL_Driver/Src/stm32f4xx_hal_i2s.c **** /**
1044:Drivers/STM32F4xx_HAL_Driver/Src/stm32f4xx_hal_i2s.c ****   * @brief  Transmit an amount of data in non-blocking mode with Interrupt
1045:Drivers/STM32F4xx_HAL_Driver/Src/stm32f4xx_hal_i2s.c ****   * @param  hi2s pointer to a I2S_HandleTypeDef structure that contains
1046:Drivers/STM32F4xx_HAL_Driver/Src/stm32f4xx_hal_i2s.c ****   *         the configuration information for I2S module
1047:Drivers/STM32F4xx_HAL_Driver/Src/stm32f4xx_hal_i2s.c ****   * @param  pData a 16-bit pointer to data buffer.
1048:Drivers/STM32F4xx_HAL_Driver/Src/stm32f4xx_hal_i2s.c ****   * @param  Size number of data sample to be sent:
1049:Drivers/STM32F4xx_HAL_Driver/Src/stm32f4xx_hal_i2s.c ****   * @note   When a 16-bit data frame or a 16-bit data frame extended is selected during the I2S
1050:Drivers/STM32F4xx_HAL_Driver/Src/stm32f4xx_hal_i2s.c ****   *         configuration phase, the Size parameter means the number of 16-bit data length
1051:Drivers/STM32F4xx_HAL_Driver/Src/stm32f4xx_hal_i2s.c ****   *         in the transaction and when a 24-bit data frame or a 32-bit data frame is selected
1052:Drivers/STM32F4xx_HAL_Driver/Src/stm32f4xx_hal_i2s.c ****   *         the Size parameter means the number of 24-bit or 32-bit data length.
1053:Drivers/STM32F4xx_HAL_Driver/Src/stm32f4xx_hal_i2s.c ****   * @note   The I2S is kept enabled at the end of transaction to avoid the clock de-synchronization
1054:Drivers/STM32F4xx_HAL_Driver/Src/stm32f4xx_hal_i2s.c ****   *         between Master and Slave(example: audio streaming).
1055:Drivers/STM32F4xx_HAL_Driver/Src/stm32f4xx_hal_i2s.c ****   * @retval HAL status
1056:Drivers/STM32F4xx_HAL_Driver/Src/stm32f4xx_hal_i2s.c ****   */
ARM GAS  /tmp/ccXsv2Xt.s 			page 20


1057:Drivers/STM32F4xx_HAL_Driver/Src/stm32f4xx_hal_i2s.c **** HAL_StatusTypeDef HAL_I2S_Transmit_IT(I2S_HandleTypeDef *hi2s, uint16_t *pData, uint16_t Size)
1058:Drivers/STM32F4xx_HAL_Driver/Src/stm32f4xx_hal_i2s.c **** {
1059:Drivers/STM32F4xx_HAL_Driver/Src/stm32f4xx_hal_i2s.c ****   uint32_t tmpreg_cfgr;
1060:Drivers/STM32F4xx_HAL_Driver/Src/stm32f4xx_hal_i2s.c **** 
1061:Drivers/STM32F4xx_HAL_Driver/Src/stm32f4xx_hal_i2s.c ****   if ((pData == NULL) || (Size == 0U))
1062:Drivers/STM32F4xx_HAL_Driver/Src/stm32f4xx_hal_i2s.c ****   {
1063:Drivers/STM32F4xx_HAL_Driver/Src/stm32f4xx_hal_i2s.c ****     return  HAL_ERROR;
1064:Drivers/STM32F4xx_HAL_Driver/Src/stm32f4xx_hal_i2s.c ****   }
1065:Drivers/STM32F4xx_HAL_Driver/Src/stm32f4xx_hal_i2s.c **** 
1066:Drivers/STM32F4xx_HAL_Driver/Src/stm32f4xx_hal_i2s.c ****   if (hi2s->State != HAL_I2S_STATE_READY)
1067:Drivers/STM32F4xx_HAL_Driver/Src/stm32f4xx_hal_i2s.c ****   {
1068:Drivers/STM32F4xx_HAL_Driver/Src/stm32f4xx_hal_i2s.c ****     return HAL_BUSY;
1069:Drivers/STM32F4xx_HAL_Driver/Src/stm32f4xx_hal_i2s.c ****   }
1070:Drivers/STM32F4xx_HAL_Driver/Src/stm32f4xx_hal_i2s.c **** 
1071:Drivers/STM32F4xx_HAL_Driver/Src/stm32f4xx_hal_i2s.c ****   /* Process Locked */
1072:Drivers/STM32F4xx_HAL_Driver/Src/stm32f4xx_hal_i2s.c ****   __HAL_LOCK(hi2s);
1073:Drivers/STM32F4xx_HAL_Driver/Src/stm32f4xx_hal_i2s.c **** 
1074:Drivers/STM32F4xx_HAL_Driver/Src/stm32f4xx_hal_i2s.c ****   /* Set state and reset error code */
1075:Drivers/STM32F4xx_HAL_Driver/Src/stm32f4xx_hal_i2s.c ****   hi2s->State = HAL_I2S_STATE_BUSY_TX;
1076:Drivers/STM32F4xx_HAL_Driver/Src/stm32f4xx_hal_i2s.c ****   hi2s->ErrorCode = HAL_I2S_ERROR_NONE;
1077:Drivers/STM32F4xx_HAL_Driver/Src/stm32f4xx_hal_i2s.c ****   hi2s->pTxBuffPtr = pData;
1078:Drivers/STM32F4xx_HAL_Driver/Src/stm32f4xx_hal_i2s.c **** 
1079:Drivers/STM32F4xx_HAL_Driver/Src/stm32f4xx_hal_i2s.c ****   tmpreg_cfgr = hi2s->Instance->I2SCFGR & (SPI_I2SCFGR_DATLEN | SPI_I2SCFGR_CHLEN);
1080:Drivers/STM32F4xx_HAL_Driver/Src/stm32f4xx_hal_i2s.c **** 
1081:Drivers/STM32F4xx_HAL_Driver/Src/stm32f4xx_hal_i2s.c ****   if ((tmpreg_cfgr == I2S_DATAFORMAT_24B) || (tmpreg_cfgr == I2S_DATAFORMAT_32B))
1082:Drivers/STM32F4xx_HAL_Driver/Src/stm32f4xx_hal_i2s.c ****   {
1083:Drivers/STM32F4xx_HAL_Driver/Src/stm32f4xx_hal_i2s.c ****     hi2s->TxXferSize = (Size << 1U);
1084:Drivers/STM32F4xx_HAL_Driver/Src/stm32f4xx_hal_i2s.c ****     hi2s->TxXferCount = (Size << 1U);
1085:Drivers/STM32F4xx_HAL_Driver/Src/stm32f4xx_hal_i2s.c ****   }
1086:Drivers/STM32F4xx_HAL_Driver/Src/stm32f4xx_hal_i2s.c ****   else
1087:Drivers/STM32F4xx_HAL_Driver/Src/stm32f4xx_hal_i2s.c ****   {
1088:Drivers/STM32F4xx_HAL_Driver/Src/stm32f4xx_hal_i2s.c ****     hi2s->TxXferSize = Size;
1089:Drivers/STM32F4xx_HAL_Driver/Src/stm32f4xx_hal_i2s.c ****     hi2s->TxXferCount = Size;
1090:Drivers/STM32F4xx_HAL_Driver/Src/stm32f4xx_hal_i2s.c ****   }
1091:Drivers/STM32F4xx_HAL_Driver/Src/stm32f4xx_hal_i2s.c **** 
1092:Drivers/STM32F4xx_HAL_Driver/Src/stm32f4xx_hal_i2s.c ****   __HAL_UNLOCK(hi2s);
1093:Drivers/STM32F4xx_HAL_Driver/Src/stm32f4xx_hal_i2s.c **** 
1094:Drivers/STM32F4xx_HAL_Driver/Src/stm32f4xx_hal_i2s.c ****   /* Enable TXE and ERR interrupt */
1095:Drivers/STM32F4xx_HAL_Driver/Src/stm32f4xx_hal_i2s.c ****   __HAL_I2S_ENABLE_IT(hi2s, (I2S_IT_TXE | I2S_IT_ERR));
1096:Drivers/STM32F4xx_HAL_Driver/Src/stm32f4xx_hal_i2s.c **** 
1097:Drivers/STM32F4xx_HAL_Driver/Src/stm32f4xx_hal_i2s.c ****   /* Check if the I2S is already enabled */
1098:Drivers/STM32F4xx_HAL_Driver/Src/stm32f4xx_hal_i2s.c ****   if ((hi2s->Instance->I2SCFGR & SPI_I2SCFGR_I2SE) != SPI_I2SCFGR_I2SE)
1099:Drivers/STM32F4xx_HAL_Driver/Src/stm32f4xx_hal_i2s.c ****   {
1100:Drivers/STM32F4xx_HAL_Driver/Src/stm32f4xx_hal_i2s.c ****     /* Enable I2S peripheral */
1101:Drivers/STM32F4xx_HAL_Driver/Src/stm32f4xx_hal_i2s.c ****     __HAL_I2S_ENABLE(hi2s);
1102:Drivers/STM32F4xx_HAL_Driver/Src/stm32f4xx_hal_i2s.c ****   }
1103:Drivers/STM32F4xx_HAL_Driver/Src/stm32f4xx_hal_i2s.c **** 
1104:Drivers/STM32F4xx_HAL_Driver/Src/stm32f4xx_hal_i2s.c ****   return HAL_OK;
1105:Drivers/STM32F4xx_HAL_Driver/Src/stm32f4xx_hal_i2s.c **** }
1106:Drivers/STM32F4xx_HAL_Driver/Src/stm32f4xx_hal_i2s.c **** 
1107:Drivers/STM32F4xx_HAL_Driver/Src/stm32f4xx_hal_i2s.c **** /**
1108:Drivers/STM32F4xx_HAL_Driver/Src/stm32f4xx_hal_i2s.c ****   * @brief  Receive an amount of data in non-blocking mode with Interrupt
1109:Drivers/STM32F4xx_HAL_Driver/Src/stm32f4xx_hal_i2s.c ****   * @param  hi2s pointer to a I2S_HandleTypeDef structure that contains
1110:Drivers/STM32F4xx_HAL_Driver/Src/stm32f4xx_hal_i2s.c ****   *         the configuration information for I2S module
1111:Drivers/STM32F4xx_HAL_Driver/Src/stm32f4xx_hal_i2s.c ****   * @param  pData a 16-bit pointer to the Receive data buffer.
1112:Drivers/STM32F4xx_HAL_Driver/Src/stm32f4xx_hal_i2s.c ****   * @param  Size number of data sample to be sent:
1113:Drivers/STM32F4xx_HAL_Driver/Src/stm32f4xx_hal_i2s.c ****   * @note   When a 16-bit data frame or a 16-bit data frame extended is selected during the I2S
ARM GAS  /tmp/ccXsv2Xt.s 			page 21


1114:Drivers/STM32F4xx_HAL_Driver/Src/stm32f4xx_hal_i2s.c ****   *         configuration phase, the Size parameter means the number of 16-bit data length
1115:Drivers/STM32F4xx_HAL_Driver/Src/stm32f4xx_hal_i2s.c ****   *         in the transaction and when a 24-bit data frame or a 32-bit data frame is selected
1116:Drivers/STM32F4xx_HAL_Driver/Src/stm32f4xx_hal_i2s.c ****   *         the Size parameter means the number of 24-bit or 32-bit data length.
1117:Drivers/STM32F4xx_HAL_Driver/Src/stm32f4xx_hal_i2s.c ****   * @note   The I2S is kept enabled at the end of transaction to avoid the clock de-synchronization
1118:Drivers/STM32F4xx_HAL_Driver/Src/stm32f4xx_hal_i2s.c ****   *         between Master and Slave(example: audio streaming).
1119:Drivers/STM32F4xx_HAL_Driver/Src/stm32f4xx_hal_i2s.c ****   * @note   It is recommended to use DMA for the I2S receiver to avoid de-synchronization
1120:Drivers/STM32F4xx_HAL_Driver/Src/stm32f4xx_hal_i2s.c ****   * between Master and Slave otherwise the I2S interrupt should be optimized.
1121:Drivers/STM32F4xx_HAL_Driver/Src/stm32f4xx_hal_i2s.c ****   * @retval HAL status
1122:Drivers/STM32F4xx_HAL_Driver/Src/stm32f4xx_hal_i2s.c ****   */
1123:Drivers/STM32F4xx_HAL_Driver/Src/stm32f4xx_hal_i2s.c **** HAL_StatusTypeDef HAL_I2S_Receive_IT(I2S_HandleTypeDef *hi2s, uint16_t *pData, uint16_t Size)
1124:Drivers/STM32F4xx_HAL_Driver/Src/stm32f4xx_hal_i2s.c **** {
1125:Drivers/STM32F4xx_HAL_Driver/Src/stm32f4xx_hal_i2s.c ****   uint32_t tmpreg_cfgr;
1126:Drivers/STM32F4xx_HAL_Driver/Src/stm32f4xx_hal_i2s.c **** 
1127:Drivers/STM32F4xx_HAL_Driver/Src/stm32f4xx_hal_i2s.c ****   if ((pData == NULL) || (Size == 0U))
1128:Drivers/STM32F4xx_HAL_Driver/Src/stm32f4xx_hal_i2s.c ****   {
1129:Drivers/STM32F4xx_HAL_Driver/Src/stm32f4xx_hal_i2s.c ****     return  HAL_ERROR;
1130:Drivers/STM32F4xx_HAL_Driver/Src/stm32f4xx_hal_i2s.c ****   }
1131:Drivers/STM32F4xx_HAL_Driver/Src/stm32f4xx_hal_i2s.c **** 
1132:Drivers/STM32F4xx_HAL_Driver/Src/stm32f4xx_hal_i2s.c ****   if (hi2s->State != HAL_I2S_STATE_READY)
1133:Drivers/STM32F4xx_HAL_Driver/Src/stm32f4xx_hal_i2s.c ****   {
1134:Drivers/STM32F4xx_HAL_Driver/Src/stm32f4xx_hal_i2s.c ****     return HAL_BUSY;
1135:Drivers/STM32F4xx_HAL_Driver/Src/stm32f4xx_hal_i2s.c ****   }
1136:Drivers/STM32F4xx_HAL_Driver/Src/stm32f4xx_hal_i2s.c **** 
1137:Drivers/STM32F4xx_HAL_Driver/Src/stm32f4xx_hal_i2s.c ****   /* Process Locked */
1138:Drivers/STM32F4xx_HAL_Driver/Src/stm32f4xx_hal_i2s.c ****   __HAL_LOCK(hi2s);
1139:Drivers/STM32F4xx_HAL_Driver/Src/stm32f4xx_hal_i2s.c **** 
1140:Drivers/STM32F4xx_HAL_Driver/Src/stm32f4xx_hal_i2s.c ****   /* Set state and reset error code */
1141:Drivers/STM32F4xx_HAL_Driver/Src/stm32f4xx_hal_i2s.c ****   hi2s->State = HAL_I2S_STATE_BUSY_RX;
1142:Drivers/STM32F4xx_HAL_Driver/Src/stm32f4xx_hal_i2s.c ****   hi2s->ErrorCode = HAL_I2S_ERROR_NONE;
1143:Drivers/STM32F4xx_HAL_Driver/Src/stm32f4xx_hal_i2s.c ****   hi2s->pRxBuffPtr = pData;
1144:Drivers/STM32F4xx_HAL_Driver/Src/stm32f4xx_hal_i2s.c **** 
1145:Drivers/STM32F4xx_HAL_Driver/Src/stm32f4xx_hal_i2s.c ****   tmpreg_cfgr = hi2s->Instance->I2SCFGR & (SPI_I2SCFGR_DATLEN | SPI_I2SCFGR_CHLEN);
1146:Drivers/STM32F4xx_HAL_Driver/Src/stm32f4xx_hal_i2s.c **** 
1147:Drivers/STM32F4xx_HAL_Driver/Src/stm32f4xx_hal_i2s.c ****   if ((tmpreg_cfgr == I2S_DATAFORMAT_24B) || (tmpreg_cfgr == I2S_DATAFORMAT_32B))
1148:Drivers/STM32F4xx_HAL_Driver/Src/stm32f4xx_hal_i2s.c ****   {
1149:Drivers/STM32F4xx_HAL_Driver/Src/stm32f4xx_hal_i2s.c ****     hi2s->RxXferSize = (Size << 1U);
1150:Drivers/STM32F4xx_HAL_Driver/Src/stm32f4xx_hal_i2s.c ****     hi2s->RxXferCount = (Size << 1U);
1151:Drivers/STM32F4xx_HAL_Driver/Src/stm32f4xx_hal_i2s.c ****   }
1152:Drivers/STM32F4xx_HAL_Driver/Src/stm32f4xx_hal_i2s.c ****   else
1153:Drivers/STM32F4xx_HAL_Driver/Src/stm32f4xx_hal_i2s.c ****   {
1154:Drivers/STM32F4xx_HAL_Driver/Src/stm32f4xx_hal_i2s.c ****     hi2s->RxXferSize = Size;
1155:Drivers/STM32F4xx_HAL_Driver/Src/stm32f4xx_hal_i2s.c ****     hi2s->RxXferCount = Size;
1156:Drivers/STM32F4xx_HAL_Driver/Src/stm32f4xx_hal_i2s.c ****   }
1157:Drivers/STM32F4xx_HAL_Driver/Src/stm32f4xx_hal_i2s.c **** 
1158:Drivers/STM32F4xx_HAL_Driver/Src/stm32f4xx_hal_i2s.c ****   __HAL_UNLOCK(hi2s);
1159:Drivers/STM32F4xx_HAL_Driver/Src/stm32f4xx_hal_i2s.c **** 
1160:Drivers/STM32F4xx_HAL_Driver/Src/stm32f4xx_hal_i2s.c ****   /* Enable RXNE and ERR interrupt */
1161:Drivers/STM32F4xx_HAL_Driver/Src/stm32f4xx_hal_i2s.c ****   __HAL_I2S_ENABLE_IT(hi2s, (I2S_IT_RXNE | I2S_IT_ERR));
1162:Drivers/STM32F4xx_HAL_Driver/Src/stm32f4xx_hal_i2s.c **** 
1163:Drivers/STM32F4xx_HAL_Driver/Src/stm32f4xx_hal_i2s.c ****   /* Check if the I2S is already enabled */
1164:Drivers/STM32F4xx_HAL_Driver/Src/stm32f4xx_hal_i2s.c ****   if ((hi2s->Instance->I2SCFGR & SPI_I2SCFGR_I2SE) != SPI_I2SCFGR_I2SE)
1165:Drivers/STM32F4xx_HAL_Driver/Src/stm32f4xx_hal_i2s.c ****   {
1166:Drivers/STM32F4xx_HAL_Driver/Src/stm32f4xx_hal_i2s.c ****     /* Enable I2S peripheral */
1167:Drivers/STM32F4xx_HAL_Driver/Src/stm32f4xx_hal_i2s.c ****     __HAL_I2S_ENABLE(hi2s);
1168:Drivers/STM32F4xx_HAL_Driver/Src/stm32f4xx_hal_i2s.c ****   }
1169:Drivers/STM32F4xx_HAL_Driver/Src/stm32f4xx_hal_i2s.c **** 
1170:Drivers/STM32F4xx_HAL_Driver/Src/stm32f4xx_hal_i2s.c ****   return HAL_OK;
ARM GAS  /tmp/ccXsv2Xt.s 			page 22


1171:Drivers/STM32F4xx_HAL_Driver/Src/stm32f4xx_hal_i2s.c **** }
1172:Drivers/STM32F4xx_HAL_Driver/Src/stm32f4xx_hal_i2s.c **** 
1173:Drivers/STM32F4xx_HAL_Driver/Src/stm32f4xx_hal_i2s.c **** /**
1174:Drivers/STM32F4xx_HAL_Driver/Src/stm32f4xx_hal_i2s.c ****   * @brief  Transmit an amount of data in non-blocking mode with DMA
1175:Drivers/STM32F4xx_HAL_Driver/Src/stm32f4xx_hal_i2s.c ****   * @param  hi2s pointer to a I2S_HandleTypeDef structure that contains
1176:Drivers/STM32F4xx_HAL_Driver/Src/stm32f4xx_hal_i2s.c ****   *         the configuration information for I2S module
1177:Drivers/STM32F4xx_HAL_Driver/Src/stm32f4xx_hal_i2s.c ****   * @param  pData a 16-bit pointer to the Transmit data buffer.
1178:Drivers/STM32F4xx_HAL_Driver/Src/stm32f4xx_hal_i2s.c ****   * @param  Size number of data sample to be sent:
1179:Drivers/STM32F4xx_HAL_Driver/Src/stm32f4xx_hal_i2s.c ****   * @note   When a 16-bit data frame or a 16-bit data frame extended is selected during the I2S
1180:Drivers/STM32F4xx_HAL_Driver/Src/stm32f4xx_hal_i2s.c ****   *         configuration phase, the Size parameter means the number of 16-bit data length
1181:Drivers/STM32F4xx_HAL_Driver/Src/stm32f4xx_hal_i2s.c ****   *         in the transaction and when a 24-bit data frame or a 32-bit data frame is selected
1182:Drivers/STM32F4xx_HAL_Driver/Src/stm32f4xx_hal_i2s.c ****   *         the Size parameter means the number of 24-bit or 32-bit data length.
1183:Drivers/STM32F4xx_HAL_Driver/Src/stm32f4xx_hal_i2s.c ****   * @note   The I2S is kept enabled at the end of transaction to avoid the clock de-synchronization
1184:Drivers/STM32F4xx_HAL_Driver/Src/stm32f4xx_hal_i2s.c ****   *         between Master and Slave(example: audio streaming).
1185:Drivers/STM32F4xx_HAL_Driver/Src/stm32f4xx_hal_i2s.c ****   * @retval HAL status
1186:Drivers/STM32F4xx_HAL_Driver/Src/stm32f4xx_hal_i2s.c ****   */
1187:Drivers/STM32F4xx_HAL_Driver/Src/stm32f4xx_hal_i2s.c **** HAL_StatusTypeDef HAL_I2S_Transmit_DMA(I2S_HandleTypeDef *hi2s, uint16_t *pData, uint16_t Size)
1188:Drivers/STM32F4xx_HAL_Driver/Src/stm32f4xx_hal_i2s.c **** {
1189:Drivers/STM32F4xx_HAL_Driver/Src/stm32f4xx_hal_i2s.c ****   uint32_t tmpreg_cfgr;
1190:Drivers/STM32F4xx_HAL_Driver/Src/stm32f4xx_hal_i2s.c **** 
1191:Drivers/STM32F4xx_HAL_Driver/Src/stm32f4xx_hal_i2s.c ****   if ((pData == NULL) || (Size == 0U))
1192:Drivers/STM32F4xx_HAL_Driver/Src/stm32f4xx_hal_i2s.c ****   {
1193:Drivers/STM32F4xx_HAL_Driver/Src/stm32f4xx_hal_i2s.c ****     return  HAL_ERROR;
1194:Drivers/STM32F4xx_HAL_Driver/Src/stm32f4xx_hal_i2s.c ****   }
1195:Drivers/STM32F4xx_HAL_Driver/Src/stm32f4xx_hal_i2s.c **** 
1196:Drivers/STM32F4xx_HAL_Driver/Src/stm32f4xx_hal_i2s.c ****   if (hi2s->State != HAL_I2S_STATE_READY)
1197:Drivers/STM32F4xx_HAL_Driver/Src/stm32f4xx_hal_i2s.c ****   {
1198:Drivers/STM32F4xx_HAL_Driver/Src/stm32f4xx_hal_i2s.c ****     return HAL_BUSY;
1199:Drivers/STM32F4xx_HAL_Driver/Src/stm32f4xx_hal_i2s.c ****   }
1200:Drivers/STM32F4xx_HAL_Driver/Src/stm32f4xx_hal_i2s.c **** 
1201:Drivers/STM32F4xx_HAL_Driver/Src/stm32f4xx_hal_i2s.c ****   /* Process Locked */
1202:Drivers/STM32F4xx_HAL_Driver/Src/stm32f4xx_hal_i2s.c ****   __HAL_LOCK(hi2s);
1203:Drivers/STM32F4xx_HAL_Driver/Src/stm32f4xx_hal_i2s.c **** 
1204:Drivers/STM32F4xx_HAL_Driver/Src/stm32f4xx_hal_i2s.c ****   /* Set state and reset error code */
1205:Drivers/STM32F4xx_HAL_Driver/Src/stm32f4xx_hal_i2s.c ****   hi2s->State = HAL_I2S_STATE_BUSY_TX;
1206:Drivers/STM32F4xx_HAL_Driver/Src/stm32f4xx_hal_i2s.c ****   hi2s->ErrorCode = HAL_I2S_ERROR_NONE;
1207:Drivers/STM32F4xx_HAL_Driver/Src/stm32f4xx_hal_i2s.c ****   hi2s->pTxBuffPtr = pData;
1208:Drivers/STM32F4xx_HAL_Driver/Src/stm32f4xx_hal_i2s.c **** 
1209:Drivers/STM32F4xx_HAL_Driver/Src/stm32f4xx_hal_i2s.c ****   tmpreg_cfgr = hi2s->Instance->I2SCFGR & (SPI_I2SCFGR_DATLEN | SPI_I2SCFGR_CHLEN);
1210:Drivers/STM32F4xx_HAL_Driver/Src/stm32f4xx_hal_i2s.c **** 
1211:Drivers/STM32F4xx_HAL_Driver/Src/stm32f4xx_hal_i2s.c ****   if ((tmpreg_cfgr == I2S_DATAFORMAT_24B) || (tmpreg_cfgr == I2S_DATAFORMAT_32B))
1212:Drivers/STM32F4xx_HAL_Driver/Src/stm32f4xx_hal_i2s.c ****   {
1213:Drivers/STM32F4xx_HAL_Driver/Src/stm32f4xx_hal_i2s.c ****     hi2s->TxXferSize = (Size << 1U);
1214:Drivers/STM32F4xx_HAL_Driver/Src/stm32f4xx_hal_i2s.c ****     hi2s->TxXferCount = (Size << 1U);
1215:Drivers/STM32F4xx_HAL_Driver/Src/stm32f4xx_hal_i2s.c ****   }
1216:Drivers/STM32F4xx_HAL_Driver/Src/stm32f4xx_hal_i2s.c ****   else
1217:Drivers/STM32F4xx_HAL_Driver/Src/stm32f4xx_hal_i2s.c ****   {
1218:Drivers/STM32F4xx_HAL_Driver/Src/stm32f4xx_hal_i2s.c ****     hi2s->TxXferSize = Size;
1219:Drivers/STM32F4xx_HAL_Driver/Src/stm32f4xx_hal_i2s.c ****     hi2s->TxXferCount = Size;
1220:Drivers/STM32F4xx_HAL_Driver/Src/stm32f4xx_hal_i2s.c ****   }
1221:Drivers/STM32F4xx_HAL_Driver/Src/stm32f4xx_hal_i2s.c **** 
1222:Drivers/STM32F4xx_HAL_Driver/Src/stm32f4xx_hal_i2s.c ****   /* Set the I2S Tx DMA Half transfer complete callback */
1223:Drivers/STM32F4xx_HAL_Driver/Src/stm32f4xx_hal_i2s.c ****   hi2s->hdmatx->XferHalfCpltCallback = I2S_DMATxHalfCplt;
1224:Drivers/STM32F4xx_HAL_Driver/Src/stm32f4xx_hal_i2s.c **** 
1225:Drivers/STM32F4xx_HAL_Driver/Src/stm32f4xx_hal_i2s.c ****   /* Set the I2S Tx DMA transfer complete callback */
1226:Drivers/STM32F4xx_HAL_Driver/Src/stm32f4xx_hal_i2s.c ****   hi2s->hdmatx->XferCpltCallback = I2S_DMATxCplt;
1227:Drivers/STM32F4xx_HAL_Driver/Src/stm32f4xx_hal_i2s.c **** 
ARM GAS  /tmp/ccXsv2Xt.s 			page 23


1228:Drivers/STM32F4xx_HAL_Driver/Src/stm32f4xx_hal_i2s.c ****   /* Set the DMA error callback */
1229:Drivers/STM32F4xx_HAL_Driver/Src/stm32f4xx_hal_i2s.c ****   hi2s->hdmatx->XferErrorCallback = I2S_DMAError;
1230:Drivers/STM32F4xx_HAL_Driver/Src/stm32f4xx_hal_i2s.c **** 
1231:Drivers/STM32F4xx_HAL_Driver/Src/stm32f4xx_hal_i2s.c ****   /* Enable the Tx DMA Stream/Channel */
1232:Drivers/STM32F4xx_HAL_Driver/Src/stm32f4xx_hal_i2s.c ****   if (HAL_OK != HAL_DMA_Start_IT(hi2s->hdmatx,
1233:Drivers/STM32F4xx_HAL_Driver/Src/stm32f4xx_hal_i2s.c ****                                  (uint32_t)hi2s->pTxBuffPtr,
1234:Drivers/STM32F4xx_HAL_Driver/Src/stm32f4xx_hal_i2s.c ****                                  (uint32_t)&hi2s->Instance->DR,
1235:Drivers/STM32F4xx_HAL_Driver/Src/stm32f4xx_hal_i2s.c ****                                  hi2s->TxXferSize))
1236:Drivers/STM32F4xx_HAL_Driver/Src/stm32f4xx_hal_i2s.c ****   {
1237:Drivers/STM32F4xx_HAL_Driver/Src/stm32f4xx_hal_i2s.c ****     /* Update SPI error code */
1238:Drivers/STM32F4xx_HAL_Driver/Src/stm32f4xx_hal_i2s.c ****     SET_BIT(hi2s->ErrorCode, HAL_I2S_ERROR_DMA);
1239:Drivers/STM32F4xx_HAL_Driver/Src/stm32f4xx_hal_i2s.c ****     hi2s->State = HAL_I2S_STATE_READY;
1240:Drivers/STM32F4xx_HAL_Driver/Src/stm32f4xx_hal_i2s.c **** 
1241:Drivers/STM32F4xx_HAL_Driver/Src/stm32f4xx_hal_i2s.c ****     __HAL_UNLOCK(hi2s);
1242:Drivers/STM32F4xx_HAL_Driver/Src/stm32f4xx_hal_i2s.c ****     return HAL_ERROR;
1243:Drivers/STM32F4xx_HAL_Driver/Src/stm32f4xx_hal_i2s.c ****   }
1244:Drivers/STM32F4xx_HAL_Driver/Src/stm32f4xx_hal_i2s.c **** 
1245:Drivers/STM32F4xx_HAL_Driver/Src/stm32f4xx_hal_i2s.c ****   __HAL_UNLOCK(hi2s);
1246:Drivers/STM32F4xx_HAL_Driver/Src/stm32f4xx_hal_i2s.c **** 
1247:Drivers/STM32F4xx_HAL_Driver/Src/stm32f4xx_hal_i2s.c ****   /* Check if the I2S Tx request is already enabled */
1248:Drivers/STM32F4xx_HAL_Driver/Src/stm32f4xx_hal_i2s.c ****   if (HAL_IS_BIT_CLR(hi2s->Instance->CR2, SPI_CR2_TXDMAEN))
1249:Drivers/STM32F4xx_HAL_Driver/Src/stm32f4xx_hal_i2s.c ****   {
1250:Drivers/STM32F4xx_HAL_Driver/Src/stm32f4xx_hal_i2s.c ****     /* Enable Tx DMA Request */
1251:Drivers/STM32F4xx_HAL_Driver/Src/stm32f4xx_hal_i2s.c ****     SET_BIT(hi2s->Instance->CR2, SPI_CR2_TXDMAEN);
1252:Drivers/STM32F4xx_HAL_Driver/Src/stm32f4xx_hal_i2s.c ****   }
1253:Drivers/STM32F4xx_HAL_Driver/Src/stm32f4xx_hal_i2s.c **** 
1254:Drivers/STM32F4xx_HAL_Driver/Src/stm32f4xx_hal_i2s.c ****   /* Check if the I2S is already enabled */
1255:Drivers/STM32F4xx_HAL_Driver/Src/stm32f4xx_hal_i2s.c ****   if (HAL_IS_BIT_CLR(hi2s->Instance->I2SCFGR, SPI_I2SCFGR_I2SE))
1256:Drivers/STM32F4xx_HAL_Driver/Src/stm32f4xx_hal_i2s.c ****   {
1257:Drivers/STM32F4xx_HAL_Driver/Src/stm32f4xx_hal_i2s.c ****     /* Enable I2S peripheral */
1258:Drivers/STM32F4xx_HAL_Driver/Src/stm32f4xx_hal_i2s.c ****     __HAL_I2S_ENABLE(hi2s);
1259:Drivers/STM32F4xx_HAL_Driver/Src/stm32f4xx_hal_i2s.c ****   }
1260:Drivers/STM32F4xx_HAL_Driver/Src/stm32f4xx_hal_i2s.c **** 
1261:Drivers/STM32F4xx_HAL_Driver/Src/stm32f4xx_hal_i2s.c ****   return HAL_OK;
1262:Drivers/STM32F4xx_HAL_Driver/Src/stm32f4xx_hal_i2s.c **** }
1263:Drivers/STM32F4xx_HAL_Driver/Src/stm32f4xx_hal_i2s.c **** 
1264:Drivers/STM32F4xx_HAL_Driver/Src/stm32f4xx_hal_i2s.c **** /**
1265:Drivers/STM32F4xx_HAL_Driver/Src/stm32f4xx_hal_i2s.c ****   * @brief  Receive an amount of data in non-blocking mode with DMA
1266:Drivers/STM32F4xx_HAL_Driver/Src/stm32f4xx_hal_i2s.c ****   * @param  hi2s pointer to a I2S_HandleTypeDef structure that contains
1267:Drivers/STM32F4xx_HAL_Driver/Src/stm32f4xx_hal_i2s.c ****   *         the configuration information for I2S module
1268:Drivers/STM32F4xx_HAL_Driver/Src/stm32f4xx_hal_i2s.c ****   * @param  pData a 16-bit pointer to the Receive data buffer.
1269:Drivers/STM32F4xx_HAL_Driver/Src/stm32f4xx_hal_i2s.c ****   * @param  Size number of data sample to be sent:
1270:Drivers/STM32F4xx_HAL_Driver/Src/stm32f4xx_hal_i2s.c ****   * @note   When a 16-bit data frame or a 16-bit data frame extended is selected during the I2S
1271:Drivers/STM32F4xx_HAL_Driver/Src/stm32f4xx_hal_i2s.c ****   *         configuration phase, the Size parameter means the number of 16-bit data length
1272:Drivers/STM32F4xx_HAL_Driver/Src/stm32f4xx_hal_i2s.c ****   *         in the transaction and when a 24-bit data frame or a 32-bit data frame is selected
1273:Drivers/STM32F4xx_HAL_Driver/Src/stm32f4xx_hal_i2s.c ****   *         the Size parameter means the number of 24-bit or 32-bit data length.
1274:Drivers/STM32F4xx_HAL_Driver/Src/stm32f4xx_hal_i2s.c ****   * @note   The I2S is kept enabled at the end of transaction to avoid the clock de-synchronization
1275:Drivers/STM32F4xx_HAL_Driver/Src/stm32f4xx_hal_i2s.c ****   *         between Master and Slave(example: audio streaming).
1276:Drivers/STM32F4xx_HAL_Driver/Src/stm32f4xx_hal_i2s.c ****   * @retval HAL status
1277:Drivers/STM32F4xx_HAL_Driver/Src/stm32f4xx_hal_i2s.c ****   */
1278:Drivers/STM32F4xx_HAL_Driver/Src/stm32f4xx_hal_i2s.c **** HAL_StatusTypeDef HAL_I2S_Receive_DMA(I2S_HandleTypeDef *hi2s, uint16_t *pData, uint16_t Size)
1279:Drivers/STM32F4xx_HAL_Driver/Src/stm32f4xx_hal_i2s.c **** {
1280:Drivers/STM32F4xx_HAL_Driver/Src/stm32f4xx_hal_i2s.c ****   uint32_t tmpreg_cfgr;
1281:Drivers/STM32F4xx_HAL_Driver/Src/stm32f4xx_hal_i2s.c **** 
1282:Drivers/STM32F4xx_HAL_Driver/Src/stm32f4xx_hal_i2s.c ****   if ((pData == NULL) || (Size == 0U))
1283:Drivers/STM32F4xx_HAL_Driver/Src/stm32f4xx_hal_i2s.c ****   {
1284:Drivers/STM32F4xx_HAL_Driver/Src/stm32f4xx_hal_i2s.c ****     return  HAL_ERROR;
ARM GAS  /tmp/ccXsv2Xt.s 			page 24


1285:Drivers/STM32F4xx_HAL_Driver/Src/stm32f4xx_hal_i2s.c ****   }
1286:Drivers/STM32F4xx_HAL_Driver/Src/stm32f4xx_hal_i2s.c **** 
1287:Drivers/STM32F4xx_HAL_Driver/Src/stm32f4xx_hal_i2s.c ****   if (hi2s->State != HAL_I2S_STATE_READY)
1288:Drivers/STM32F4xx_HAL_Driver/Src/stm32f4xx_hal_i2s.c ****   {
1289:Drivers/STM32F4xx_HAL_Driver/Src/stm32f4xx_hal_i2s.c ****     return HAL_BUSY;
1290:Drivers/STM32F4xx_HAL_Driver/Src/stm32f4xx_hal_i2s.c ****   }
1291:Drivers/STM32F4xx_HAL_Driver/Src/stm32f4xx_hal_i2s.c **** 
1292:Drivers/STM32F4xx_HAL_Driver/Src/stm32f4xx_hal_i2s.c ****   /* Process Locked */
1293:Drivers/STM32F4xx_HAL_Driver/Src/stm32f4xx_hal_i2s.c ****   __HAL_LOCK(hi2s);
1294:Drivers/STM32F4xx_HAL_Driver/Src/stm32f4xx_hal_i2s.c **** 
1295:Drivers/STM32F4xx_HAL_Driver/Src/stm32f4xx_hal_i2s.c ****   /* Set state and reset error code */
1296:Drivers/STM32F4xx_HAL_Driver/Src/stm32f4xx_hal_i2s.c ****   hi2s->State = HAL_I2S_STATE_BUSY_RX;
1297:Drivers/STM32F4xx_HAL_Driver/Src/stm32f4xx_hal_i2s.c ****   hi2s->ErrorCode = HAL_I2S_ERROR_NONE;
1298:Drivers/STM32F4xx_HAL_Driver/Src/stm32f4xx_hal_i2s.c ****   hi2s->pRxBuffPtr = pData;
1299:Drivers/STM32F4xx_HAL_Driver/Src/stm32f4xx_hal_i2s.c **** 
1300:Drivers/STM32F4xx_HAL_Driver/Src/stm32f4xx_hal_i2s.c ****   tmpreg_cfgr = hi2s->Instance->I2SCFGR & (SPI_I2SCFGR_DATLEN | SPI_I2SCFGR_CHLEN);
1301:Drivers/STM32F4xx_HAL_Driver/Src/stm32f4xx_hal_i2s.c **** 
1302:Drivers/STM32F4xx_HAL_Driver/Src/stm32f4xx_hal_i2s.c ****   if ((tmpreg_cfgr == I2S_DATAFORMAT_24B) || (tmpreg_cfgr == I2S_DATAFORMAT_32B))
1303:Drivers/STM32F4xx_HAL_Driver/Src/stm32f4xx_hal_i2s.c ****   {
1304:Drivers/STM32F4xx_HAL_Driver/Src/stm32f4xx_hal_i2s.c ****     hi2s->RxXferSize = (Size << 1U);
1305:Drivers/STM32F4xx_HAL_Driver/Src/stm32f4xx_hal_i2s.c ****     hi2s->RxXferCount = (Size << 1U);
1306:Drivers/STM32F4xx_HAL_Driver/Src/stm32f4xx_hal_i2s.c ****   }
1307:Drivers/STM32F4xx_HAL_Driver/Src/stm32f4xx_hal_i2s.c ****   else
1308:Drivers/STM32F4xx_HAL_Driver/Src/stm32f4xx_hal_i2s.c ****   {
1309:Drivers/STM32F4xx_HAL_Driver/Src/stm32f4xx_hal_i2s.c ****     hi2s->RxXferSize = Size;
1310:Drivers/STM32F4xx_HAL_Driver/Src/stm32f4xx_hal_i2s.c ****     hi2s->RxXferCount = Size;
1311:Drivers/STM32F4xx_HAL_Driver/Src/stm32f4xx_hal_i2s.c ****   }
1312:Drivers/STM32F4xx_HAL_Driver/Src/stm32f4xx_hal_i2s.c **** 
1313:Drivers/STM32F4xx_HAL_Driver/Src/stm32f4xx_hal_i2s.c ****   /* Set the I2S Rx DMA Half transfer complete callback */
1314:Drivers/STM32F4xx_HAL_Driver/Src/stm32f4xx_hal_i2s.c ****   hi2s->hdmarx->XferHalfCpltCallback = I2S_DMARxHalfCplt;
1315:Drivers/STM32F4xx_HAL_Driver/Src/stm32f4xx_hal_i2s.c **** 
1316:Drivers/STM32F4xx_HAL_Driver/Src/stm32f4xx_hal_i2s.c ****   /* Set the I2S Rx DMA transfer complete callback */
1317:Drivers/STM32F4xx_HAL_Driver/Src/stm32f4xx_hal_i2s.c ****   hi2s->hdmarx->XferCpltCallback = I2S_DMARxCplt;
1318:Drivers/STM32F4xx_HAL_Driver/Src/stm32f4xx_hal_i2s.c **** 
1319:Drivers/STM32F4xx_HAL_Driver/Src/stm32f4xx_hal_i2s.c ****   /* Set the DMA error callback */
1320:Drivers/STM32F4xx_HAL_Driver/Src/stm32f4xx_hal_i2s.c ****   hi2s->hdmarx->XferErrorCallback = I2S_DMAError;
1321:Drivers/STM32F4xx_HAL_Driver/Src/stm32f4xx_hal_i2s.c **** 
1322:Drivers/STM32F4xx_HAL_Driver/Src/stm32f4xx_hal_i2s.c ****   /* Check if Master Receiver mode is selected */
1323:Drivers/STM32F4xx_HAL_Driver/Src/stm32f4xx_hal_i2s.c ****   if ((hi2s->Instance->I2SCFGR & SPI_I2SCFGR_I2SCFG) == I2S_MODE_MASTER_RX)
1324:Drivers/STM32F4xx_HAL_Driver/Src/stm32f4xx_hal_i2s.c ****   {
1325:Drivers/STM32F4xx_HAL_Driver/Src/stm32f4xx_hal_i2s.c ****     /* Clear the Overrun Flag by a read operation to the SPI_DR register followed by a read
1326:Drivers/STM32F4xx_HAL_Driver/Src/stm32f4xx_hal_i2s.c ****     access to the SPI_SR register. */
1327:Drivers/STM32F4xx_HAL_Driver/Src/stm32f4xx_hal_i2s.c ****     __HAL_I2S_CLEAR_OVRFLAG(hi2s);
1328:Drivers/STM32F4xx_HAL_Driver/Src/stm32f4xx_hal_i2s.c ****   }
1329:Drivers/STM32F4xx_HAL_Driver/Src/stm32f4xx_hal_i2s.c **** 
1330:Drivers/STM32F4xx_HAL_Driver/Src/stm32f4xx_hal_i2s.c ****   /* Enable the Rx DMA Stream/Channel */
1331:Drivers/STM32F4xx_HAL_Driver/Src/stm32f4xx_hal_i2s.c ****   if (HAL_OK != HAL_DMA_Start_IT(hi2s->hdmarx, (uint32_t)&hi2s->Instance->DR, (uint32_t)hi2s->pRxBu
1332:Drivers/STM32F4xx_HAL_Driver/Src/stm32f4xx_hal_i2s.c ****                                  hi2s->RxXferSize))
1333:Drivers/STM32F4xx_HAL_Driver/Src/stm32f4xx_hal_i2s.c ****   {
1334:Drivers/STM32F4xx_HAL_Driver/Src/stm32f4xx_hal_i2s.c ****     /* Update SPI error code */
1335:Drivers/STM32F4xx_HAL_Driver/Src/stm32f4xx_hal_i2s.c ****     SET_BIT(hi2s->ErrorCode, HAL_I2S_ERROR_DMA);
1336:Drivers/STM32F4xx_HAL_Driver/Src/stm32f4xx_hal_i2s.c ****     hi2s->State = HAL_I2S_STATE_READY;
1337:Drivers/STM32F4xx_HAL_Driver/Src/stm32f4xx_hal_i2s.c **** 
1338:Drivers/STM32F4xx_HAL_Driver/Src/stm32f4xx_hal_i2s.c ****     __HAL_UNLOCK(hi2s);
1339:Drivers/STM32F4xx_HAL_Driver/Src/stm32f4xx_hal_i2s.c ****     return HAL_ERROR;
1340:Drivers/STM32F4xx_HAL_Driver/Src/stm32f4xx_hal_i2s.c ****   }
1341:Drivers/STM32F4xx_HAL_Driver/Src/stm32f4xx_hal_i2s.c **** 
ARM GAS  /tmp/ccXsv2Xt.s 			page 25


1342:Drivers/STM32F4xx_HAL_Driver/Src/stm32f4xx_hal_i2s.c ****   __HAL_UNLOCK(hi2s);
1343:Drivers/STM32F4xx_HAL_Driver/Src/stm32f4xx_hal_i2s.c **** 
1344:Drivers/STM32F4xx_HAL_Driver/Src/stm32f4xx_hal_i2s.c ****   /* Check if the I2S Rx request is already enabled */
1345:Drivers/STM32F4xx_HAL_Driver/Src/stm32f4xx_hal_i2s.c ****   if (HAL_IS_BIT_CLR(hi2s->Instance->CR2, SPI_CR2_RXDMAEN))
1346:Drivers/STM32F4xx_HAL_Driver/Src/stm32f4xx_hal_i2s.c ****   {
1347:Drivers/STM32F4xx_HAL_Driver/Src/stm32f4xx_hal_i2s.c ****     /* Enable Rx DMA Request */
1348:Drivers/STM32F4xx_HAL_Driver/Src/stm32f4xx_hal_i2s.c ****     SET_BIT(hi2s->Instance->CR2, SPI_CR2_RXDMAEN);
1349:Drivers/STM32F4xx_HAL_Driver/Src/stm32f4xx_hal_i2s.c ****   }
1350:Drivers/STM32F4xx_HAL_Driver/Src/stm32f4xx_hal_i2s.c **** 
1351:Drivers/STM32F4xx_HAL_Driver/Src/stm32f4xx_hal_i2s.c ****   /* Check if the I2S is already enabled */
1352:Drivers/STM32F4xx_HAL_Driver/Src/stm32f4xx_hal_i2s.c ****   if (HAL_IS_BIT_CLR(hi2s->Instance->I2SCFGR, SPI_I2SCFGR_I2SE))
1353:Drivers/STM32F4xx_HAL_Driver/Src/stm32f4xx_hal_i2s.c ****   {
1354:Drivers/STM32F4xx_HAL_Driver/Src/stm32f4xx_hal_i2s.c ****     /* Enable I2S peripheral */
1355:Drivers/STM32F4xx_HAL_Driver/Src/stm32f4xx_hal_i2s.c ****     __HAL_I2S_ENABLE(hi2s);
1356:Drivers/STM32F4xx_HAL_Driver/Src/stm32f4xx_hal_i2s.c ****   }
1357:Drivers/STM32F4xx_HAL_Driver/Src/stm32f4xx_hal_i2s.c **** 
1358:Drivers/STM32F4xx_HAL_Driver/Src/stm32f4xx_hal_i2s.c ****   return HAL_OK;
1359:Drivers/STM32F4xx_HAL_Driver/Src/stm32f4xx_hal_i2s.c **** }
1360:Drivers/STM32F4xx_HAL_Driver/Src/stm32f4xx_hal_i2s.c **** 
1361:Drivers/STM32F4xx_HAL_Driver/Src/stm32f4xx_hal_i2s.c **** /**
1362:Drivers/STM32F4xx_HAL_Driver/Src/stm32f4xx_hal_i2s.c ****   * @brief  Pauses the audio DMA Stream/Channel playing from the Media.
1363:Drivers/STM32F4xx_HAL_Driver/Src/stm32f4xx_hal_i2s.c ****   * @param  hi2s pointer to a I2S_HandleTypeDef structure that contains
1364:Drivers/STM32F4xx_HAL_Driver/Src/stm32f4xx_hal_i2s.c ****   *         the configuration information for I2S module
1365:Drivers/STM32F4xx_HAL_Driver/Src/stm32f4xx_hal_i2s.c ****   * @retval HAL status
1366:Drivers/STM32F4xx_HAL_Driver/Src/stm32f4xx_hal_i2s.c ****   */
1367:Drivers/STM32F4xx_HAL_Driver/Src/stm32f4xx_hal_i2s.c **** HAL_StatusTypeDef HAL_I2S_DMAPause(I2S_HandleTypeDef *hi2s)
1368:Drivers/STM32F4xx_HAL_Driver/Src/stm32f4xx_hal_i2s.c **** {
1369:Drivers/STM32F4xx_HAL_Driver/Src/stm32f4xx_hal_i2s.c ****   /* Process Locked */
1370:Drivers/STM32F4xx_HAL_Driver/Src/stm32f4xx_hal_i2s.c ****   __HAL_LOCK(hi2s);
1371:Drivers/STM32F4xx_HAL_Driver/Src/stm32f4xx_hal_i2s.c **** 
1372:Drivers/STM32F4xx_HAL_Driver/Src/stm32f4xx_hal_i2s.c ****   if (hi2s->State == HAL_I2S_STATE_BUSY_TX)
1373:Drivers/STM32F4xx_HAL_Driver/Src/stm32f4xx_hal_i2s.c ****   {
1374:Drivers/STM32F4xx_HAL_Driver/Src/stm32f4xx_hal_i2s.c ****     /* Disable the I2S DMA Tx request */
1375:Drivers/STM32F4xx_HAL_Driver/Src/stm32f4xx_hal_i2s.c ****     CLEAR_BIT(hi2s->Instance->CR2, SPI_CR2_TXDMAEN);
1376:Drivers/STM32F4xx_HAL_Driver/Src/stm32f4xx_hal_i2s.c ****   }
1377:Drivers/STM32F4xx_HAL_Driver/Src/stm32f4xx_hal_i2s.c ****   else if (hi2s->State == HAL_I2S_STATE_BUSY_RX)
1378:Drivers/STM32F4xx_HAL_Driver/Src/stm32f4xx_hal_i2s.c ****   {
1379:Drivers/STM32F4xx_HAL_Driver/Src/stm32f4xx_hal_i2s.c ****     /* Disable the I2S DMA Rx request */
1380:Drivers/STM32F4xx_HAL_Driver/Src/stm32f4xx_hal_i2s.c ****     CLEAR_BIT(hi2s->Instance->CR2, SPI_CR2_RXDMAEN);
1381:Drivers/STM32F4xx_HAL_Driver/Src/stm32f4xx_hal_i2s.c ****   }
1382:Drivers/STM32F4xx_HAL_Driver/Src/stm32f4xx_hal_i2s.c **** #if defined (SPI_I2S_FULLDUPLEX_SUPPORT)
1383:Drivers/STM32F4xx_HAL_Driver/Src/stm32f4xx_hal_i2s.c ****   else if (hi2s->State == HAL_I2S_STATE_BUSY_TX_RX)
1384:Drivers/STM32F4xx_HAL_Driver/Src/stm32f4xx_hal_i2s.c ****   {
1385:Drivers/STM32F4xx_HAL_Driver/Src/stm32f4xx_hal_i2s.c ****     /* Pause the audio file playing by disabling the I2S DMA request */
1386:Drivers/STM32F4xx_HAL_Driver/Src/stm32f4xx_hal_i2s.c ****     CLEAR_BIT(hi2s->Instance->CR2, (SPI_CR2_TXDMAEN | SPI_CR2_RXDMAEN));
1387:Drivers/STM32F4xx_HAL_Driver/Src/stm32f4xx_hal_i2s.c ****     CLEAR_BIT(I2SxEXT(hi2s->Instance)->CR2, (SPI_CR2_TXDMAEN | SPI_CR2_RXDMAEN));
1388:Drivers/STM32F4xx_HAL_Driver/Src/stm32f4xx_hal_i2s.c ****   }
1389:Drivers/STM32F4xx_HAL_Driver/Src/stm32f4xx_hal_i2s.c **** #endif /* SPI_I2S_FULLDUPLEX_SUPPORT */
1390:Drivers/STM32F4xx_HAL_Driver/Src/stm32f4xx_hal_i2s.c ****   else
1391:Drivers/STM32F4xx_HAL_Driver/Src/stm32f4xx_hal_i2s.c ****   {
1392:Drivers/STM32F4xx_HAL_Driver/Src/stm32f4xx_hal_i2s.c ****     /* nothing to do */
1393:Drivers/STM32F4xx_HAL_Driver/Src/stm32f4xx_hal_i2s.c ****   }
1394:Drivers/STM32F4xx_HAL_Driver/Src/stm32f4xx_hal_i2s.c **** 
1395:Drivers/STM32F4xx_HAL_Driver/Src/stm32f4xx_hal_i2s.c ****   /* Process Unlocked */
1396:Drivers/STM32F4xx_HAL_Driver/Src/stm32f4xx_hal_i2s.c ****   __HAL_UNLOCK(hi2s);
1397:Drivers/STM32F4xx_HAL_Driver/Src/stm32f4xx_hal_i2s.c **** 
1398:Drivers/STM32F4xx_HAL_Driver/Src/stm32f4xx_hal_i2s.c ****   return HAL_OK;
ARM GAS  /tmp/ccXsv2Xt.s 			page 26


1399:Drivers/STM32F4xx_HAL_Driver/Src/stm32f4xx_hal_i2s.c **** }
1400:Drivers/STM32F4xx_HAL_Driver/Src/stm32f4xx_hal_i2s.c **** 
1401:Drivers/STM32F4xx_HAL_Driver/Src/stm32f4xx_hal_i2s.c **** /**
1402:Drivers/STM32F4xx_HAL_Driver/Src/stm32f4xx_hal_i2s.c ****   * @brief  Resumes the audio DMA Stream/Channel playing from the Media.
1403:Drivers/STM32F4xx_HAL_Driver/Src/stm32f4xx_hal_i2s.c ****   * @param  hi2s pointer to a I2S_HandleTypeDef structure that contains
1404:Drivers/STM32F4xx_HAL_Driver/Src/stm32f4xx_hal_i2s.c ****   *         the configuration information for I2S module
1405:Drivers/STM32F4xx_HAL_Driver/Src/stm32f4xx_hal_i2s.c ****   * @retval HAL status
1406:Drivers/STM32F4xx_HAL_Driver/Src/stm32f4xx_hal_i2s.c ****   */
1407:Drivers/STM32F4xx_HAL_Driver/Src/stm32f4xx_hal_i2s.c **** HAL_StatusTypeDef HAL_I2S_DMAResume(I2S_HandleTypeDef *hi2s)
1408:Drivers/STM32F4xx_HAL_Driver/Src/stm32f4xx_hal_i2s.c **** {
1409:Drivers/STM32F4xx_HAL_Driver/Src/stm32f4xx_hal_i2s.c ****   /* Process Locked */
1410:Drivers/STM32F4xx_HAL_Driver/Src/stm32f4xx_hal_i2s.c ****   __HAL_LOCK(hi2s);
1411:Drivers/STM32F4xx_HAL_Driver/Src/stm32f4xx_hal_i2s.c **** 
1412:Drivers/STM32F4xx_HAL_Driver/Src/stm32f4xx_hal_i2s.c ****   if (hi2s->State == HAL_I2S_STATE_BUSY_TX)
1413:Drivers/STM32F4xx_HAL_Driver/Src/stm32f4xx_hal_i2s.c ****   {
1414:Drivers/STM32F4xx_HAL_Driver/Src/stm32f4xx_hal_i2s.c ****     /* Enable the I2S DMA Tx request */
1415:Drivers/STM32F4xx_HAL_Driver/Src/stm32f4xx_hal_i2s.c ****     SET_BIT(hi2s->Instance->CR2, SPI_CR2_TXDMAEN);
1416:Drivers/STM32F4xx_HAL_Driver/Src/stm32f4xx_hal_i2s.c ****   }
1417:Drivers/STM32F4xx_HAL_Driver/Src/stm32f4xx_hal_i2s.c ****   else if (hi2s->State == HAL_I2S_STATE_BUSY_RX)
1418:Drivers/STM32F4xx_HAL_Driver/Src/stm32f4xx_hal_i2s.c ****   {
1419:Drivers/STM32F4xx_HAL_Driver/Src/stm32f4xx_hal_i2s.c ****     /* Enable the I2S DMA Rx request */
1420:Drivers/STM32F4xx_HAL_Driver/Src/stm32f4xx_hal_i2s.c ****     SET_BIT(hi2s->Instance->CR2, SPI_CR2_RXDMAEN);
1421:Drivers/STM32F4xx_HAL_Driver/Src/stm32f4xx_hal_i2s.c ****   }
1422:Drivers/STM32F4xx_HAL_Driver/Src/stm32f4xx_hal_i2s.c **** #if defined (SPI_I2S_FULLDUPLEX_SUPPORT)
1423:Drivers/STM32F4xx_HAL_Driver/Src/stm32f4xx_hal_i2s.c ****   else if (hi2s->State == HAL_I2S_STATE_BUSY_TX_RX)
1424:Drivers/STM32F4xx_HAL_Driver/Src/stm32f4xx_hal_i2s.c ****   {
1425:Drivers/STM32F4xx_HAL_Driver/Src/stm32f4xx_hal_i2s.c ****     /* Pause the audio file playing by disabling the I2S DMA request */
1426:Drivers/STM32F4xx_HAL_Driver/Src/stm32f4xx_hal_i2s.c ****     SET_BIT(hi2s->Instance->CR2, (SPI_CR2_RXDMAEN | SPI_CR2_TXDMAEN));
1427:Drivers/STM32F4xx_HAL_Driver/Src/stm32f4xx_hal_i2s.c ****     SET_BIT(I2SxEXT(hi2s->Instance)->CR2, (SPI_CR2_RXDMAEN | SPI_CR2_TXDMAEN));
1428:Drivers/STM32F4xx_HAL_Driver/Src/stm32f4xx_hal_i2s.c **** 
1429:Drivers/STM32F4xx_HAL_Driver/Src/stm32f4xx_hal_i2s.c ****     /* If the I2Sext peripheral is still not enabled, enable it */
1430:Drivers/STM32F4xx_HAL_Driver/Src/stm32f4xx_hal_i2s.c ****     if ((I2SxEXT(hi2s->Instance)->I2SCFGR & SPI_I2SCFGR_I2SE) == 0U)
1431:Drivers/STM32F4xx_HAL_Driver/Src/stm32f4xx_hal_i2s.c ****     {
1432:Drivers/STM32F4xx_HAL_Driver/Src/stm32f4xx_hal_i2s.c ****       /* Enable I2Sext peripheral */
1433:Drivers/STM32F4xx_HAL_Driver/Src/stm32f4xx_hal_i2s.c ****       __HAL_I2SEXT_ENABLE(hi2s);
1434:Drivers/STM32F4xx_HAL_Driver/Src/stm32f4xx_hal_i2s.c ****     }
1435:Drivers/STM32F4xx_HAL_Driver/Src/stm32f4xx_hal_i2s.c ****   }
1436:Drivers/STM32F4xx_HAL_Driver/Src/stm32f4xx_hal_i2s.c **** #endif /* SPI_I2S_FULLDUPLEX_SUPPORT */
1437:Drivers/STM32F4xx_HAL_Driver/Src/stm32f4xx_hal_i2s.c ****   else
1438:Drivers/STM32F4xx_HAL_Driver/Src/stm32f4xx_hal_i2s.c ****   {
1439:Drivers/STM32F4xx_HAL_Driver/Src/stm32f4xx_hal_i2s.c ****     /* nothing to do */
1440:Drivers/STM32F4xx_HAL_Driver/Src/stm32f4xx_hal_i2s.c ****   }
1441:Drivers/STM32F4xx_HAL_Driver/Src/stm32f4xx_hal_i2s.c **** 
1442:Drivers/STM32F4xx_HAL_Driver/Src/stm32f4xx_hal_i2s.c ****   /* If the I2S peripheral is still not enabled, enable it */
1443:Drivers/STM32F4xx_HAL_Driver/Src/stm32f4xx_hal_i2s.c ****   if (HAL_IS_BIT_CLR(hi2s->Instance->I2SCFGR, SPI_I2SCFGR_I2SE))
1444:Drivers/STM32F4xx_HAL_Driver/Src/stm32f4xx_hal_i2s.c ****   {
1445:Drivers/STM32F4xx_HAL_Driver/Src/stm32f4xx_hal_i2s.c ****     /* Enable I2S peripheral */
1446:Drivers/STM32F4xx_HAL_Driver/Src/stm32f4xx_hal_i2s.c ****     __HAL_I2S_ENABLE(hi2s);
1447:Drivers/STM32F4xx_HAL_Driver/Src/stm32f4xx_hal_i2s.c ****   }
1448:Drivers/STM32F4xx_HAL_Driver/Src/stm32f4xx_hal_i2s.c **** 
1449:Drivers/STM32F4xx_HAL_Driver/Src/stm32f4xx_hal_i2s.c ****   /* Process Unlocked */
1450:Drivers/STM32F4xx_HAL_Driver/Src/stm32f4xx_hal_i2s.c ****   __HAL_UNLOCK(hi2s);
1451:Drivers/STM32F4xx_HAL_Driver/Src/stm32f4xx_hal_i2s.c **** 
1452:Drivers/STM32F4xx_HAL_Driver/Src/stm32f4xx_hal_i2s.c ****   return HAL_OK;
1453:Drivers/STM32F4xx_HAL_Driver/Src/stm32f4xx_hal_i2s.c **** }
1454:Drivers/STM32F4xx_HAL_Driver/Src/stm32f4xx_hal_i2s.c **** 
1455:Drivers/STM32F4xx_HAL_Driver/Src/stm32f4xx_hal_i2s.c **** /**
ARM GAS  /tmp/ccXsv2Xt.s 			page 27


1456:Drivers/STM32F4xx_HAL_Driver/Src/stm32f4xx_hal_i2s.c ****   * @brief  Stops the audio DMA Stream/Channel playing from the Media.
1457:Drivers/STM32F4xx_HAL_Driver/Src/stm32f4xx_hal_i2s.c ****   * @param  hi2s pointer to a I2S_HandleTypeDef structure that contains
1458:Drivers/STM32F4xx_HAL_Driver/Src/stm32f4xx_hal_i2s.c ****   *         the configuration information for I2S module
1459:Drivers/STM32F4xx_HAL_Driver/Src/stm32f4xx_hal_i2s.c ****   * @retval HAL status
1460:Drivers/STM32F4xx_HAL_Driver/Src/stm32f4xx_hal_i2s.c ****   */
1461:Drivers/STM32F4xx_HAL_Driver/Src/stm32f4xx_hal_i2s.c **** HAL_StatusTypeDef HAL_I2S_DMAStop(I2S_HandleTypeDef *hi2s)
1462:Drivers/STM32F4xx_HAL_Driver/Src/stm32f4xx_hal_i2s.c **** {
1463:Drivers/STM32F4xx_HAL_Driver/Src/stm32f4xx_hal_i2s.c **** #if defined (SPI_I2S_FULLDUPLEX_SUPPORT)
1464:Drivers/STM32F4xx_HAL_Driver/Src/stm32f4xx_hal_i2s.c ****   uint32_t tickstart;
1465:Drivers/STM32F4xx_HAL_Driver/Src/stm32f4xx_hal_i2s.c **** #endif /* SPI_I2S_FULLDUPLEX_SUPPORT */
1466:Drivers/STM32F4xx_HAL_Driver/Src/stm32f4xx_hal_i2s.c ****   HAL_StatusTypeDef errorcode = HAL_OK;
1467:Drivers/STM32F4xx_HAL_Driver/Src/stm32f4xx_hal_i2s.c ****   /* The Lock is not implemented on this API to allow the user application
1468:Drivers/STM32F4xx_HAL_Driver/Src/stm32f4xx_hal_i2s.c ****      to call the HAL SPI API under callbacks HAL_I2S_TxCpltCallback() or HAL_I2S_RxCpltCallback()
1469:Drivers/STM32F4xx_HAL_Driver/Src/stm32f4xx_hal_i2s.c ****      when calling HAL_DMA_Abort() API the DMA TX or RX Transfer complete interrupt is generated
1470:Drivers/STM32F4xx_HAL_Driver/Src/stm32f4xx_hal_i2s.c ****      and the correspond call back is executed HAL_I2S_TxCpltCallback() or HAL_I2S_RxCpltCallback()
1471:Drivers/STM32F4xx_HAL_Driver/Src/stm32f4xx_hal_i2s.c ****      */
1472:Drivers/STM32F4xx_HAL_Driver/Src/stm32f4xx_hal_i2s.c **** 
1473:Drivers/STM32F4xx_HAL_Driver/Src/stm32f4xx_hal_i2s.c ****   if ((hi2s->Init.Mode == I2S_MODE_MASTER_TX) || (hi2s->Init.Mode == I2S_MODE_SLAVE_TX))
1474:Drivers/STM32F4xx_HAL_Driver/Src/stm32f4xx_hal_i2s.c ****   {
1475:Drivers/STM32F4xx_HAL_Driver/Src/stm32f4xx_hal_i2s.c ****     /* Abort the I2S DMA tx Stream/Channel */
1476:Drivers/STM32F4xx_HAL_Driver/Src/stm32f4xx_hal_i2s.c ****     if (hi2s->hdmatx != NULL)
1477:Drivers/STM32F4xx_HAL_Driver/Src/stm32f4xx_hal_i2s.c ****     {
1478:Drivers/STM32F4xx_HAL_Driver/Src/stm32f4xx_hal_i2s.c ****       /* Disable the I2S DMA tx Stream/Channel */
1479:Drivers/STM32F4xx_HAL_Driver/Src/stm32f4xx_hal_i2s.c ****       if (HAL_OK != HAL_DMA_Abort(hi2s->hdmatx))
1480:Drivers/STM32F4xx_HAL_Driver/Src/stm32f4xx_hal_i2s.c ****       {
1481:Drivers/STM32F4xx_HAL_Driver/Src/stm32f4xx_hal_i2s.c ****         SET_BIT(hi2s->ErrorCode, HAL_I2S_ERROR_DMA);
1482:Drivers/STM32F4xx_HAL_Driver/Src/stm32f4xx_hal_i2s.c ****         errorcode = HAL_ERROR;
1483:Drivers/STM32F4xx_HAL_Driver/Src/stm32f4xx_hal_i2s.c ****       }
1484:Drivers/STM32F4xx_HAL_Driver/Src/stm32f4xx_hal_i2s.c ****     }
1485:Drivers/STM32F4xx_HAL_Driver/Src/stm32f4xx_hal_i2s.c **** 
1486:Drivers/STM32F4xx_HAL_Driver/Src/stm32f4xx_hal_i2s.c ****     /* Wait until TXE flag is set */
1487:Drivers/STM32F4xx_HAL_Driver/Src/stm32f4xx_hal_i2s.c ****     if (I2S_WaitFlagStateUntilTimeout(hi2s, I2S_FLAG_TXE, SET, I2S_TIMEOUT_FLAG) != HAL_OK)
1488:Drivers/STM32F4xx_HAL_Driver/Src/stm32f4xx_hal_i2s.c ****     {
1489:Drivers/STM32F4xx_HAL_Driver/Src/stm32f4xx_hal_i2s.c ****       /* Set the error code */
1490:Drivers/STM32F4xx_HAL_Driver/Src/stm32f4xx_hal_i2s.c ****       SET_BIT(hi2s->ErrorCode, HAL_I2S_ERROR_TIMEOUT);
1491:Drivers/STM32F4xx_HAL_Driver/Src/stm32f4xx_hal_i2s.c ****       hi2s->State = HAL_I2S_STATE_READY;
1492:Drivers/STM32F4xx_HAL_Driver/Src/stm32f4xx_hal_i2s.c ****       errorcode   = HAL_ERROR;
1493:Drivers/STM32F4xx_HAL_Driver/Src/stm32f4xx_hal_i2s.c ****     }
1494:Drivers/STM32F4xx_HAL_Driver/Src/stm32f4xx_hal_i2s.c **** 
1495:Drivers/STM32F4xx_HAL_Driver/Src/stm32f4xx_hal_i2s.c ****     /* Wait until BSY flag is Reset */
1496:Drivers/STM32F4xx_HAL_Driver/Src/stm32f4xx_hal_i2s.c ****     if (I2S_WaitFlagStateUntilTimeout(hi2s, I2S_FLAG_BSY, RESET, I2S_TIMEOUT_FLAG) != HAL_OK)
1497:Drivers/STM32F4xx_HAL_Driver/Src/stm32f4xx_hal_i2s.c ****     {
1498:Drivers/STM32F4xx_HAL_Driver/Src/stm32f4xx_hal_i2s.c ****       /* Set the error code */
1499:Drivers/STM32F4xx_HAL_Driver/Src/stm32f4xx_hal_i2s.c ****       SET_BIT(hi2s->ErrorCode, HAL_I2S_ERROR_TIMEOUT);
1500:Drivers/STM32F4xx_HAL_Driver/Src/stm32f4xx_hal_i2s.c ****       hi2s->State = HAL_I2S_STATE_READY;
1501:Drivers/STM32F4xx_HAL_Driver/Src/stm32f4xx_hal_i2s.c ****       errorcode   = HAL_ERROR;
1502:Drivers/STM32F4xx_HAL_Driver/Src/stm32f4xx_hal_i2s.c ****     }
1503:Drivers/STM32F4xx_HAL_Driver/Src/stm32f4xx_hal_i2s.c **** 
1504:Drivers/STM32F4xx_HAL_Driver/Src/stm32f4xx_hal_i2s.c ****     /* Disable I2S peripheral */
1505:Drivers/STM32F4xx_HAL_Driver/Src/stm32f4xx_hal_i2s.c ****     __HAL_I2S_DISABLE(hi2s);
1506:Drivers/STM32F4xx_HAL_Driver/Src/stm32f4xx_hal_i2s.c **** 
1507:Drivers/STM32F4xx_HAL_Driver/Src/stm32f4xx_hal_i2s.c ****     /* Clear UDR flag */
1508:Drivers/STM32F4xx_HAL_Driver/Src/stm32f4xx_hal_i2s.c ****     __HAL_I2S_CLEAR_UDRFLAG(hi2s);
1509:Drivers/STM32F4xx_HAL_Driver/Src/stm32f4xx_hal_i2s.c **** 
1510:Drivers/STM32F4xx_HAL_Driver/Src/stm32f4xx_hal_i2s.c ****     /* Disable the I2S Tx DMA requests */
1511:Drivers/STM32F4xx_HAL_Driver/Src/stm32f4xx_hal_i2s.c ****     CLEAR_BIT(hi2s->Instance->CR2, SPI_CR2_TXDMAEN);
1512:Drivers/STM32F4xx_HAL_Driver/Src/stm32f4xx_hal_i2s.c **** 
ARM GAS  /tmp/ccXsv2Xt.s 			page 28


1513:Drivers/STM32F4xx_HAL_Driver/Src/stm32f4xx_hal_i2s.c **** #if defined (SPI_I2S_FULLDUPLEX_SUPPORT)
1514:Drivers/STM32F4xx_HAL_Driver/Src/stm32f4xx_hal_i2s.c **** 
1515:Drivers/STM32F4xx_HAL_Driver/Src/stm32f4xx_hal_i2s.c ****     if (hi2s->State == HAL_I2S_STATE_BUSY_TX_RX)
1516:Drivers/STM32F4xx_HAL_Driver/Src/stm32f4xx_hal_i2s.c ****     {
1517:Drivers/STM32F4xx_HAL_Driver/Src/stm32f4xx_hal_i2s.c ****       /* Abort the I2S DMA rx Stream/Channel */
1518:Drivers/STM32F4xx_HAL_Driver/Src/stm32f4xx_hal_i2s.c ****       if (hi2s->hdmarx != NULL)
1519:Drivers/STM32F4xx_HAL_Driver/Src/stm32f4xx_hal_i2s.c ****       {
1520:Drivers/STM32F4xx_HAL_Driver/Src/stm32f4xx_hal_i2s.c ****         /* Disable the I2S DMA rx Stream/Channel */
1521:Drivers/STM32F4xx_HAL_Driver/Src/stm32f4xx_hal_i2s.c ****         if (HAL_OK != HAL_DMA_Abort(hi2s->hdmarx))
1522:Drivers/STM32F4xx_HAL_Driver/Src/stm32f4xx_hal_i2s.c ****         {
1523:Drivers/STM32F4xx_HAL_Driver/Src/stm32f4xx_hal_i2s.c ****           SET_BIT(hi2s->ErrorCode, HAL_I2S_ERROR_DMA);
1524:Drivers/STM32F4xx_HAL_Driver/Src/stm32f4xx_hal_i2s.c ****           errorcode = HAL_ERROR;
1525:Drivers/STM32F4xx_HAL_Driver/Src/stm32f4xx_hal_i2s.c ****         }
1526:Drivers/STM32F4xx_HAL_Driver/Src/stm32f4xx_hal_i2s.c ****       }
1527:Drivers/STM32F4xx_HAL_Driver/Src/stm32f4xx_hal_i2s.c **** 
1528:Drivers/STM32F4xx_HAL_Driver/Src/stm32f4xx_hal_i2s.c ****       /* Disable I2Sext peripheral */
1529:Drivers/STM32F4xx_HAL_Driver/Src/stm32f4xx_hal_i2s.c ****       __HAL_I2SEXT_DISABLE(hi2s);
1530:Drivers/STM32F4xx_HAL_Driver/Src/stm32f4xx_hal_i2s.c **** 
1531:Drivers/STM32F4xx_HAL_Driver/Src/stm32f4xx_hal_i2s.c ****       /* Clear OVR flag */
1532:Drivers/STM32F4xx_HAL_Driver/Src/stm32f4xx_hal_i2s.c ****       __HAL_I2SEXT_CLEAR_OVRFLAG(hi2s);
1533:Drivers/STM32F4xx_HAL_Driver/Src/stm32f4xx_hal_i2s.c **** 
1534:Drivers/STM32F4xx_HAL_Driver/Src/stm32f4xx_hal_i2s.c ****       /* Disable the I2SxEXT DMA request */
1535:Drivers/STM32F4xx_HAL_Driver/Src/stm32f4xx_hal_i2s.c ****       CLEAR_BIT(I2SxEXT(hi2s->Instance)->CR2, SPI_CR2_RXDMAEN);
1536:Drivers/STM32F4xx_HAL_Driver/Src/stm32f4xx_hal_i2s.c **** 
1537:Drivers/STM32F4xx_HAL_Driver/Src/stm32f4xx_hal_i2s.c ****       if (hi2s->Init.Mode == I2S_MODE_SLAVE_TX)
1538:Drivers/STM32F4xx_HAL_Driver/Src/stm32f4xx_hal_i2s.c ****       {
1539:Drivers/STM32F4xx_HAL_Driver/Src/stm32f4xx_hal_i2s.c ****         /* Set the error code */
1540:Drivers/STM32F4xx_HAL_Driver/Src/stm32f4xx_hal_i2s.c ****         SET_BIT(hi2s->ErrorCode, HAL_I2S_ERROR_BUSY_LINE_RX);
1541:Drivers/STM32F4xx_HAL_Driver/Src/stm32f4xx_hal_i2s.c **** 
1542:Drivers/STM32F4xx_HAL_Driver/Src/stm32f4xx_hal_i2s.c ****         /* Set the I2S State ready */
1543:Drivers/STM32F4xx_HAL_Driver/Src/stm32f4xx_hal_i2s.c ****         hi2s->State = HAL_I2S_STATE_READY;
1544:Drivers/STM32F4xx_HAL_Driver/Src/stm32f4xx_hal_i2s.c ****         errorcode = HAL_ERROR;
1545:Drivers/STM32F4xx_HAL_Driver/Src/stm32f4xx_hal_i2s.c ****       }
1546:Drivers/STM32F4xx_HAL_Driver/Src/stm32f4xx_hal_i2s.c ****       else
1547:Drivers/STM32F4xx_HAL_Driver/Src/stm32f4xx_hal_i2s.c ****       {
1548:Drivers/STM32F4xx_HAL_Driver/Src/stm32f4xx_hal_i2s.c ****         /* Read DR to Flush RX Data */
1549:Drivers/STM32F4xx_HAL_Driver/Src/stm32f4xx_hal_i2s.c ****         READ_REG(I2SxEXT(hi2s->Instance)->DR);
1550:Drivers/STM32F4xx_HAL_Driver/Src/stm32f4xx_hal_i2s.c ****       }
1551:Drivers/STM32F4xx_HAL_Driver/Src/stm32f4xx_hal_i2s.c ****     }
1552:Drivers/STM32F4xx_HAL_Driver/Src/stm32f4xx_hal_i2s.c **** #endif /* SPI_I2S_FULLDUPLEX_SUPPORT */
1553:Drivers/STM32F4xx_HAL_Driver/Src/stm32f4xx_hal_i2s.c ****   }
1554:Drivers/STM32F4xx_HAL_Driver/Src/stm32f4xx_hal_i2s.c **** 
1555:Drivers/STM32F4xx_HAL_Driver/Src/stm32f4xx_hal_i2s.c ****   else if ((hi2s->Init.Mode == I2S_MODE_MASTER_RX) || (hi2s->Init.Mode == I2S_MODE_SLAVE_RX))
1556:Drivers/STM32F4xx_HAL_Driver/Src/stm32f4xx_hal_i2s.c ****   {
1557:Drivers/STM32F4xx_HAL_Driver/Src/stm32f4xx_hal_i2s.c ****     /* Abort the I2S DMA rx Stream/Channel */
1558:Drivers/STM32F4xx_HAL_Driver/Src/stm32f4xx_hal_i2s.c ****     if (hi2s->hdmarx != NULL)
1559:Drivers/STM32F4xx_HAL_Driver/Src/stm32f4xx_hal_i2s.c ****     {
1560:Drivers/STM32F4xx_HAL_Driver/Src/stm32f4xx_hal_i2s.c ****       /* Disable the I2S DMA rx Stream/Channel */
1561:Drivers/STM32F4xx_HAL_Driver/Src/stm32f4xx_hal_i2s.c ****       if (HAL_OK != HAL_DMA_Abort(hi2s->hdmarx))
1562:Drivers/STM32F4xx_HAL_Driver/Src/stm32f4xx_hal_i2s.c ****       {
1563:Drivers/STM32F4xx_HAL_Driver/Src/stm32f4xx_hal_i2s.c ****         SET_BIT(hi2s->ErrorCode, HAL_I2S_ERROR_DMA);
1564:Drivers/STM32F4xx_HAL_Driver/Src/stm32f4xx_hal_i2s.c ****         errorcode = HAL_ERROR;
1565:Drivers/STM32F4xx_HAL_Driver/Src/stm32f4xx_hal_i2s.c ****       }
1566:Drivers/STM32F4xx_HAL_Driver/Src/stm32f4xx_hal_i2s.c ****     }
1567:Drivers/STM32F4xx_HAL_Driver/Src/stm32f4xx_hal_i2s.c **** #if defined (SPI_I2S_FULLDUPLEX_SUPPORT)
1568:Drivers/STM32F4xx_HAL_Driver/Src/stm32f4xx_hal_i2s.c **** 
1569:Drivers/STM32F4xx_HAL_Driver/Src/stm32f4xx_hal_i2s.c ****     if (hi2s->State == HAL_I2S_STATE_BUSY_TX_RX)
ARM GAS  /tmp/ccXsv2Xt.s 			page 29


1570:Drivers/STM32F4xx_HAL_Driver/Src/stm32f4xx_hal_i2s.c ****     {
1571:Drivers/STM32F4xx_HAL_Driver/Src/stm32f4xx_hal_i2s.c ****       /* Abort the I2S DMA tx Stream/Channel */
1572:Drivers/STM32F4xx_HAL_Driver/Src/stm32f4xx_hal_i2s.c ****       if (hi2s->hdmatx != NULL)
1573:Drivers/STM32F4xx_HAL_Driver/Src/stm32f4xx_hal_i2s.c ****       {
1574:Drivers/STM32F4xx_HAL_Driver/Src/stm32f4xx_hal_i2s.c ****         /* Disable the I2S DMA tx Stream/Channel */
1575:Drivers/STM32F4xx_HAL_Driver/Src/stm32f4xx_hal_i2s.c ****         if (HAL_OK != HAL_DMA_Abort(hi2s->hdmatx))
1576:Drivers/STM32F4xx_HAL_Driver/Src/stm32f4xx_hal_i2s.c ****         {
1577:Drivers/STM32F4xx_HAL_Driver/Src/stm32f4xx_hal_i2s.c ****           SET_BIT(hi2s->ErrorCode, HAL_I2S_ERROR_DMA);
1578:Drivers/STM32F4xx_HAL_Driver/Src/stm32f4xx_hal_i2s.c ****           errorcode = HAL_ERROR;
1579:Drivers/STM32F4xx_HAL_Driver/Src/stm32f4xx_hal_i2s.c ****         }
1580:Drivers/STM32F4xx_HAL_Driver/Src/stm32f4xx_hal_i2s.c ****       }
1581:Drivers/STM32F4xx_HAL_Driver/Src/stm32f4xx_hal_i2s.c **** 
1582:Drivers/STM32F4xx_HAL_Driver/Src/stm32f4xx_hal_i2s.c ****       tickstart = HAL_GetTick();
1583:Drivers/STM32F4xx_HAL_Driver/Src/stm32f4xx_hal_i2s.c **** 
1584:Drivers/STM32F4xx_HAL_Driver/Src/stm32f4xx_hal_i2s.c ****       /* Wait until TXE flag is set */
1585:Drivers/STM32F4xx_HAL_Driver/Src/stm32f4xx_hal_i2s.c ****       while (__HAL_I2SEXT_GET_FLAG(hi2s, I2S_FLAG_TXE) != SET)
1586:Drivers/STM32F4xx_HAL_Driver/Src/stm32f4xx_hal_i2s.c ****       {
1587:Drivers/STM32F4xx_HAL_Driver/Src/stm32f4xx_hal_i2s.c ****         if (((HAL_GetTick() - tickstart) > I2S_TIMEOUT_FLAG))
1588:Drivers/STM32F4xx_HAL_Driver/Src/stm32f4xx_hal_i2s.c ****         {
1589:Drivers/STM32F4xx_HAL_Driver/Src/stm32f4xx_hal_i2s.c ****           /* Set the error code */
1590:Drivers/STM32F4xx_HAL_Driver/Src/stm32f4xx_hal_i2s.c ****           SET_BIT(hi2s->ErrorCode, HAL_I2S_ERROR_TIMEOUT);
1591:Drivers/STM32F4xx_HAL_Driver/Src/stm32f4xx_hal_i2s.c **** 
1592:Drivers/STM32F4xx_HAL_Driver/Src/stm32f4xx_hal_i2s.c ****           /* Set the I2S State ready */
1593:Drivers/STM32F4xx_HAL_Driver/Src/stm32f4xx_hal_i2s.c ****           hi2s->State = HAL_I2S_STATE_READY;
1594:Drivers/STM32F4xx_HAL_Driver/Src/stm32f4xx_hal_i2s.c ****           errorcode   = HAL_ERROR;
1595:Drivers/STM32F4xx_HAL_Driver/Src/stm32f4xx_hal_i2s.c ****         }
1596:Drivers/STM32F4xx_HAL_Driver/Src/stm32f4xx_hal_i2s.c ****       }
1597:Drivers/STM32F4xx_HAL_Driver/Src/stm32f4xx_hal_i2s.c **** 
1598:Drivers/STM32F4xx_HAL_Driver/Src/stm32f4xx_hal_i2s.c ****       /* Wait until BSY flag is Reset */
1599:Drivers/STM32F4xx_HAL_Driver/Src/stm32f4xx_hal_i2s.c ****       while (__HAL_I2SEXT_GET_FLAG(hi2s, I2S_FLAG_BSY) != RESET)
1600:Drivers/STM32F4xx_HAL_Driver/Src/stm32f4xx_hal_i2s.c ****       {
1601:Drivers/STM32F4xx_HAL_Driver/Src/stm32f4xx_hal_i2s.c ****         if (((HAL_GetTick() - tickstart) > I2S_TIMEOUT_FLAG))
1602:Drivers/STM32F4xx_HAL_Driver/Src/stm32f4xx_hal_i2s.c ****         {
1603:Drivers/STM32F4xx_HAL_Driver/Src/stm32f4xx_hal_i2s.c ****           /* Set the error code */
1604:Drivers/STM32F4xx_HAL_Driver/Src/stm32f4xx_hal_i2s.c ****           SET_BIT(hi2s->ErrorCode, HAL_I2S_ERROR_TIMEOUT);
1605:Drivers/STM32F4xx_HAL_Driver/Src/stm32f4xx_hal_i2s.c **** 
1606:Drivers/STM32F4xx_HAL_Driver/Src/stm32f4xx_hal_i2s.c ****           /* Set the I2S State ready */
1607:Drivers/STM32F4xx_HAL_Driver/Src/stm32f4xx_hal_i2s.c ****           hi2s->State = HAL_I2S_STATE_READY;
1608:Drivers/STM32F4xx_HAL_Driver/Src/stm32f4xx_hal_i2s.c ****           errorcode   = HAL_ERROR;
1609:Drivers/STM32F4xx_HAL_Driver/Src/stm32f4xx_hal_i2s.c ****         }
1610:Drivers/STM32F4xx_HAL_Driver/Src/stm32f4xx_hal_i2s.c ****       }
1611:Drivers/STM32F4xx_HAL_Driver/Src/stm32f4xx_hal_i2s.c **** 
1612:Drivers/STM32F4xx_HAL_Driver/Src/stm32f4xx_hal_i2s.c ****       /* Disable I2Sext peripheral */
1613:Drivers/STM32F4xx_HAL_Driver/Src/stm32f4xx_hal_i2s.c ****       __HAL_I2SEXT_DISABLE(hi2s);
1614:Drivers/STM32F4xx_HAL_Driver/Src/stm32f4xx_hal_i2s.c **** 
1615:Drivers/STM32F4xx_HAL_Driver/Src/stm32f4xx_hal_i2s.c ****       /* Clear UDR flag */
1616:Drivers/STM32F4xx_HAL_Driver/Src/stm32f4xx_hal_i2s.c ****       __HAL_I2SEXT_CLEAR_UDRFLAG(hi2s);
1617:Drivers/STM32F4xx_HAL_Driver/Src/stm32f4xx_hal_i2s.c **** 
1618:Drivers/STM32F4xx_HAL_Driver/Src/stm32f4xx_hal_i2s.c ****       /* Disable the I2SxEXT DMA request */
1619:Drivers/STM32F4xx_HAL_Driver/Src/stm32f4xx_hal_i2s.c ****       CLEAR_BIT(I2SxEXT(hi2s->Instance)->CR2, SPI_CR2_TXDMAEN);
1620:Drivers/STM32F4xx_HAL_Driver/Src/stm32f4xx_hal_i2s.c ****     }
1621:Drivers/STM32F4xx_HAL_Driver/Src/stm32f4xx_hal_i2s.c **** #endif /* SPI_I2S_FULLDUPLEX_SUPPORT */
1622:Drivers/STM32F4xx_HAL_Driver/Src/stm32f4xx_hal_i2s.c **** 
1623:Drivers/STM32F4xx_HAL_Driver/Src/stm32f4xx_hal_i2s.c ****     /* Disable I2S peripheral */
1624:Drivers/STM32F4xx_HAL_Driver/Src/stm32f4xx_hal_i2s.c ****     __HAL_I2S_DISABLE(hi2s);
1625:Drivers/STM32F4xx_HAL_Driver/Src/stm32f4xx_hal_i2s.c **** 
1626:Drivers/STM32F4xx_HAL_Driver/Src/stm32f4xx_hal_i2s.c ****     /* Clear OVR flag */
ARM GAS  /tmp/ccXsv2Xt.s 			page 30


1627:Drivers/STM32F4xx_HAL_Driver/Src/stm32f4xx_hal_i2s.c ****     __HAL_I2S_CLEAR_OVRFLAG(hi2s);
1628:Drivers/STM32F4xx_HAL_Driver/Src/stm32f4xx_hal_i2s.c **** 
1629:Drivers/STM32F4xx_HAL_Driver/Src/stm32f4xx_hal_i2s.c ****     /* Disable the I2S Rx DMA request */
1630:Drivers/STM32F4xx_HAL_Driver/Src/stm32f4xx_hal_i2s.c ****     CLEAR_BIT(hi2s->Instance->CR2, SPI_CR2_RXDMAEN);
1631:Drivers/STM32F4xx_HAL_Driver/Src/stm32f4xx_hal_i2s.c **** 
1632:Drivers/STM32F4xx_HAL_Driver/Src/stm32f4xx_hal_i2s.c ****     if (hi2s->Init.Mode == I2S_MODE_SLAVE_RX)
1633:Drivers/STM32F4xx_HAL_Driver/Src/stm32f4xx_hal_i2s.c ****     {
1634:Drivers/STM32F4xx_HAL_Driver/Src/stm32f4xx_hal_i2s.c ****       /* Set the error code */
1635:Drivers/STM32F4xx_HAL_Driver/Src/stm32f4xx_hal_i2s.c ****       SET_BIT(hi2s->ErrorCode, HAL_I2S_ERROR_BUSY_LINE_RX);
1636:Drivers/STM32F4xx_HAL_Driver/Src/stm32f4xx_hal_i2s.c **** 
1637:Drivers/STM32F4xx_HAL_Driver/Src/stm32f4xx_hal_i2s.c ****       /* Set the I2S State ready */
1638:Drivers/STM32F4xx_HAL_Driver/Src/stm32f4xx_hal_i2s.c ****       hi2s->State = HAL_I2S_STATE_READY;
1639:Drivers/STM32F4xx_HAL_Driver/Src/stm32f4xx_hal_i2s.c ****       errorcode = HAL_ERROR;
1640:Drivers/STM32F4xx_HAL_Driver/Src/stm32f4xx_hal_i2s.c ****     }
1641:Drivers/STM32F4xx_HAL_Driver/Src/stm32f4xx_hal_i2s.c ****     else
1642:Drivers/STM32F4xx_HAL_Driver/Src/stm32f4xx_hal_i2s.c ****     {
1643:Drivers/STM32F4xx_HAL_Driver/Src/stm32f4xx_hal_i2s.c ****       /* Read DR to Flush RX Data */
1644:Drivers/STM32F4xx_HAL_Driver/Src/stm32f4xx_hal_i2s.c ****       READ_REG((hi2s->Instance)->DR);
1645:Drivers/STM32F4xx_HAL_Driver/Src/stm32f4xx_hal_i2s.c ****     }
1646:Drivers/STM32F4xx_HAL_Driver/Src/stm32f4xx_hal_i2s.c ****   }
1647:Drivers/STM32F4xx_HAL_Driver/Src/stm32f4xx_hal_i2s.c **** 
1648:Drivers/STM32F4xx_HAL_Driver/Src/stm32f4xx_hal_i2s.c ****   hi2s->State = HAL_I2S_STATE_READY;
1649:Drivers/STM32F4xx_HAL_Driver/Src/stm32f4xx_hal_i2s.c **** 
1650:Drivers/STM32F4xx_HAL_Driver/Src/stm32f4xx_hal_i2s.c ****   return errorcode;
1651:Drivers/STM32F4xx_HAL_Driver/Src/stm32f4xx_hal_i2s.c **** }
1652:Drivers/STM32F4xx_HAL_Driver/Src/stm32f4xx_hal_i2s.c **** 
1653:Drivers/STM32F4xx_HAL_Driver/Src/stm32f4xx_hal_i2s.c **** /**
1654:Drivers/STM32F4xx_HAL_Driver/Src/stm32f4xx_hal_i2s.c ****   * @brief  This function handles I2S interrupt request.
1655:Drivers/STM32F4xx_HAL_Driver/Src/stm32f4xx_hal_i2s.c ****   * @param  hi2s pointer to a I2S_HandleTypeDef structure that contains
1656:Drivers/STM32F4xx_HAL_Driver/Src/stm32f4xx_hal_i2s.c ****   *         the configuration information for I2S module
1657:Drivers/STM32F4xx_HAL_Driver/Src/stm32f4xx_hal_i2s.c ****   * @retval None
1658:Drivers/STM32F4xx_HAL_Driver/Src/stm32f4xx_hal_i2s.c ****   */
1659:Drivers/STM32F4xx_HAL_Driver/Src/stm32f4xx_hal_i2s.c **** void HAL_I2S_IRQHandler(I2S_HandleTypeDef *hi2s)
1660:Drivers/STM32F4xx_HAL_Driver/Src/stm32f4xx_hal_i2s.c **** {
1661:Drivers/STM32F4xx_HAL_Driver/Src/stm32f4xx_hal_i2s.c ****   /* Call the IrqHandler ISR set during HAL_I2S_INIT */
1662:Drivers/STM32F4xx_HAL_Driver/Src/stm32f4xx_hal_i2s.c ****   hi2s->IrqHandlerISR(hi2s);
1663:Drivers/STM32F4xx_HAL_Driver/Src/stm32f4xx_hal_i2s.c **** }
1664:Drivers/STM32F4xx_HAL_Driver/Src/stm32f4xx_hal_i2s.c **** 
1665:Drivers/STM32F4xx_HAL_Driver/Src/stm32f4xx_hal_i2s.c **** /**
1666:Drivers/STM32F4xx_HAL_Driver/Src/stm32f4xx_hal_i2s.c ****   * @brief  Tx Transfer Half completed callbacks
1667:Drivers/STM32F4xx_HAL_Driver/Src/stm32f4xx_hal_i2s.c ****   * @param  hi2s pointer to a I2S_HandleTypeDef structure that contains
1668:Drivers/STM32F4xx_HAL_Driver/Src/stm32f4xx_hal_i2s.c ****   *         the configuration information for I2S module
1669:Drivers/STM32F4xx_HAL_Driver/Src/stm32f4xx_hal_i2s.c ****   * @retval None
1670:Drivers/STM32F4xx_HAL_Driver/Src/stm32f4xx_hal_i2s.c ****   */
1671:Drivers/STM32F4xx_HAL_Driver/Src/stm32f4xx_hal_i2s.c **** __weak void HAL_I2S_TxHalfCpltCallback(I2S_HandleTypeDef *hi2s)
1672:Drivers/STM32F4xx_HAL_Driver/Src/stm32f4xx_hal_i2s.c **** {
1673:Drivers/STM32F4xx_HAL_Driver/Src/stm32f4xx_hal_i2s.c ****   /* Prevent unused argument(s) compilation warning */
1674:Drivers/STM32F4xx_HAL_Driver/Src/stm32f4xx_hal_i2s.c ****   UNUSED(hi2s);
1675:Drivers/STM32F4xx_HAL_Driver/Src/stm32f4xx_hal_i2s.c **** 
1676:Drivers/STM32F4xx_HAL_Driver/Src/stm32f4xx_hal_i2s.c ****   /* NOTE : This function Should not be modified, when the callback is needed,
1677:Drivers/STM32F4xx_HAL_Driver/Src/stm32f4xx_hal_i2s.c ****             the HAL_I2S_TxHalfCpltCallback could be implemented in the user file
1678:Drivers/STM32F4xx_HAL_Driver/Src/stm32f4xx_hal_i2s.c ****    */
1679:Drivers/STM32F4xx_HAL_Driver/Src/stm32f4xx_hal_i2s.c **** }
1680:Drivers/STM32F4xx_HAL_Driver/Src/stm32f4xx_hal_i2s.c **** 
1681:Drivers/STM32F4xx_HAL_Driver/Src/stm32f4xx_hal_i2s.c **** /**
1682:Drivers/STM32F4xx_HAL_Driver/Src/stm32f4xx_hal_i2s.c ****   * @brief  Tx Transfer completed callbacks
1683:Drivers/STM32F4xx_HAL_Driver/Src/stm32f4xx_hal_i2s.c ****   * @param  hi2s pointer to a I2S_HandleTypeDef structure that contains
ARM GAS  /tmp/ccXsv2Xt.s 			page 31


1684:Drivers/STM32F4xx_HAL_Driver/Src/stm32f4xx_hal_i2s.c ****   *         the configuration information for I2S module
1685:Drivers/STM32F4xx_HAL_Driver/Src/stm32f4xx_hal_i2s.c ****   * @retval None
1686:Drivers/STM32F4xx_HAL_Driver/Src/stm32f4xx_hal_i2s.c ****   */
1687:Drivers/STM32F4xx_HAL_Driver/Src/stm32f4xx_hal_i2s.c **** __weak void HAL_I2S_TxCpltCallback(I2S_HandleTypeDef *hi2s)
1688:Drivers/STM32F4xx_HAL_Driver/Src/stm32f4xx_hal_i2s.c **** {
1689:Drivers/STM32F4xx_HAL_Driver/Src/stm32f4xx_hal_i2s.c ****   /* Prevent unused argument(s) compilation warning */
1690:Drivers/STM32F4xx_HAL_Driver/Src/stm32f4xx_hal_i2s.c ****   UNUSED(hi2s);
1691:Drivers/STM32F4xx_HAL_Driver/Src/stm32f4xx_hal_i2s.c **** 
1692:Drivers/STM32F4xx_HAL_Driver/Src/stm32f4xx_hal_i2s.c ****   /* NOTE : This function Should not be modified, when the callback is needed,
1693:Drivers/STM32F4xx_HAL_Driver/Src/stm32f4xx_hal_i2s.c ****             the HAL_I2S_TxCpltCallback could be implemented in the user file
1694:Drivers/STM32F4xx_HAL_Driver/Src/stm32f4xx_hal_i2s.c ****    */
1695:Drivers/STM32F4xx_HAL_Driver/Src/stm32f4xx_hal_i2s.c **** }
1696:Drivers/STM32F4xx_HAL_Driver/Src/stm32f4xx_hal_i2s.c **** 
1697:Drivers/STM32F4xx_HAL_Driver/Src/stm32f4xx_hal_i2s.c **** /**
1698:Drivers/STM32F4xx_HAL_Driver/Src/stm32f4xx_hal_i2s.c ****   * @brief  Rx Transfer half completed callbacks
1699:Drivers/STM32F4xx_HAL_Driver/Src/stm32f4xx_hal_i2s.c ****   * @param  hi2s pointer to a I2S_HandleTypeDef structure that contains
1700:Drivers/STM32F4xx_HAL_Driver/Src/stm32f4xx_hal_i2s.c ****   *         the configuration information for I2S module
1701:Drivers/STM32F4xx_HAL_Driver/Src/stm32f4xx_hal_i2s.c ****   * @retval None
1702:Drivers/STM32F4xx_HAL_Driver/Src/stm32f4xx_hal_i2s.c ****   */
1703:Drivers/STM32F4xx_HAL_Driver/Src/stm32f4xx_hal_i2s.c **** __weak void HAL_I2S_RxHalfCpltCallback(I2S_HandleTypeDef *hi2s)
1704:Drivers/STM32F4xx_HAL_Driver/Src/stm32f4xx_hal_i2s.c **** {
1705:Drivers/STM32F4xx_HAL_Driver/Src/stm32f4xx_hal_i2s.c ****   /* Prevent unused argument(s) compilation warning */
1706:Drivers/STM32F4xx_HAL_Driver/Src/stm32f4xx_hal_i2s.c ****   UNUSED(hi2s);
1707:Drivers/STM32F4xx_HAL_Driver/Src/stm32f4xx_hal_i2s.c **** 
1708:Drivers/STM32F4xx_HAL_Driver/Src/stm32f4xx_hal_i2s.c ****   /* NOTE : This function Should not be modified, when the callback is needed,
1709:Drivers/STM32F4xx_HAL_Driver/Src/stm32f4xx_hal_i2s.c ****             the HAL_I2S_RxHalfCpltCallback could be implemented in the user file
1710:Drivers/STM32F4xx_HAL_Driver/Src/stm32f4xx_hal_i2s.c ****    */
1711:Drivers/STM32F4xx_HAL_Driver/Src/stm32f4xx_hal_i2s.c **** }
1712:Drivers/STM32F4xx_HAL_Driver/Src/stm32f4xx_hal_i2s.c **** 
1713:Drivers/STM32F4xx_HAL_Driver/Src/stm32f4xx_hal_i2s.c **** /**
1714:Drivers/STM32F4xx_HAL_Driver/Src/stm32f4xx_hal_i2s.c ****   * @brief  Rx Transfer completed callbacks
1715:Drivers/STM32F4xx_HAL_Driver/Src/stm32f4xx_hal_i2s.c ****   * @param  hi2s pointer to a I2S_HandleTypeDef structure that contains
1716:Drivers/STM32F4xx_HAL_Driver/Src/stm32f4xx_hal_i2s.c ****   *         the configuration information for I2S module
1717:Drivers/STM32F4xx_HAL_Driver/Src/stm32f4xx_hal_i2s.c ****   * @retval None
1718:Drivers/STM32F4xx_HAL_Driver/Src/stm32f4xx_hal_i2s.c ****   */
1719:Drivers/STM32F4xx_HAL_Driver/Src/stm32f4xx_hal_i2s.c **** __weak void HAL_I2S_RxCpltCallback(I2S_HandleTypeDef *hi2s)
1720:Drivers/STM32F4xx_HAL_Driver/Src/stm32f4xx_hal_i2s.c **** {
1721:Drivers/STM32F4xx_HAL_Driver/Src/stm32f4xx_hal_i2s.c ****   /* Prevent unused argument(s) compilation warning */
1722:Drivers/STM32F4xx_HAL_Driver/Src/stm32f4xx_hal_i2s.c ****   UNUSED(hi2s);
1723:Drivers/STM32F4xx_HAL_Driver/Src/stm32f4xx_hal_i2s.c **** 
1724:Drivers/STM32F4xx_HAL_Driver/Src/stm32f4xx_hal_i2s.c ****   /* NOTE : This function Should not be modified, when the callback is needed,
1725:Drivers/STM32F4xx_HAL_Driver/Src/stm32f4xx_hal_i2s.c ****             the HAL_I2S_RxCpltCallback could be implemented in the user file
1726:Drivers/STM32F4xx_HAL_Driver/Src/stm32f4xx_hal_i2s.c ****    */
1727:Drivers/STM32F4xx_HAL_Driver/Src/stm32f4xx_hal_i2s.c **** }
1728:Drivers/STM32F4xx_HAL_Driver/Src/stm32f4xx_hal_i2s.c **** 
1729:Drivers/STM32F4xx_HAL_Driver/Src/stm32f4xx_hal_i2s.c **** /**
1730:Drivers/STM32F4xx_HAL_Driver/Src/stm32f4xx_hal_i2s.c ****   * @brief  I2S error callbacks
1731:Drivers/STM32F4xx_HAL_Driver/Src/stm32f4xx_hal_i2s.c ****   * @param  hi2s pointer to a I2S_HandleTypeDef structure that contains
1732:Drivers/STM32F4xx_HAL_Driver/Src/stm32f4xx_hal_i2s.c ****   *         the configuration information for I2S module
1733:Drivers/STM32F4xx_HAL_Driver/Src/stm32f4xx_hal_i2s.c ****   * @retval None
1734:Drivers/STM32F4xx_HAL_Driver/Src/stm32f4xx_hal_i2s.c ****   */
1735:Drivers/STM32F4xx_HAL_Driver/Src/stm32f4xx_hal_i2s.c **** __weak void HAL_I2S_ErrorCallback(I2S_HandleTypeDef *hi2s)
1736:Drivers/STM32F4xx_HAL_Driver/Src/stm32f4xx_hal_i2s.c **** {
1737:Drivers/STM32F4xx_HAL_Driver/Src/stm32f4xx_hal_i2s.c ****   /* Prevent unused argument(s) compilation warning */
1738:Drivers/STM32F4xx_HAL_Driver/Src/stm32f4xx_hal_i2s.c ****   UNUSED(hi2s);
1739:Drivers/STM32F4xx_HAL_Driver/Src/stm32f4xx_hal_i2s.c **** 
1740:Drivers/STM32F4xx_HAL_Driver/Src/stm32f4xx_hal_i2s.c ****   /* NOTE : This function Should not be modified, when the callback is needed,
ARM GAS  /tmp/ccXsv2Xt.s 			page 32


1741:Drivers/STM32F4xx_HAL_Driver/Src/stm32f4xx_hal_i2s.c ****             the HAL_I2S_ErrorCallback could be implemented in the user file
1742:Drivers/STM32F4xx_HAL_Driver/Src/stm32f4xx_hal_i2s.c ****    */
1743:Drivers/STM32F4xx_HAL_Driver/Src/stm32f4xx_hal_i2s.c **** }
1744:Drivers/STM32F4xx_HAL_Driver/Src/stm32f4xx_hal_i2s.c **** 
1745:Drivers/STM32F4xx_HAL_Driver/Src/stm32f4xx_hal_i2s.c **** /**
1746:Drivers/STM32F4xx_HAL_Driver/Src/stm32f4xx_hal_i2s.c ****   * @}
1747:Drivers/STM32F4xx_HAL_Driver/Src/stm32f4xx_hal_i2s.c ****   */
1748:Drivers/STM32F4xx_HAL_Driver/Src/stm32f4xx_hal_i2s.c **** 
1749:Drivers/STM32F4xx_HAL_Driver/Src/stm32f4xx_hal_i2s.c **** /** @defgroup I2S_Exported_Functions_Group3 Peripheral State and Errors functions
1750:Drivers/STM32F4xx_HAL_Driver/Src/stm32f4xx_hal_i2s.c ****   *  @brief   Peripheral State functions
1751:Drivers/STM32F4xx_HAL_Driver/Src/stm32f4xx_hal_i2s.c ****   *
1752:Drivers/STM32F4xx_HAL_Driver/Src/stm32f4xx_hal_i2s.c **** @verbatim
1753:Drivers/STM32F4xx_HAL_Driver/Src/stm32f4xx_hal_i2s.c ****  ===============================================================================
1754:Drivers/STM32F4xx_HAL_Driver/Src/stm32f4xx_hal_i2s.c ****                       ##### Peripheral State and Errors functions #####
1755:Drivers/STM32F4xx_HAL_Driver/Src/stm32f4xx_hal_i2s.c ****  ===============================================================================
1756:Drivers/STM32F4xx_HAL_Driver/Src/stm32f4xx_hal_i2s.c ****     [..]
1757:Drivers/STM32F4xx_HAL_Driver/Src/stm32f4xx_hal_i2s.c ****     This subsection permits to get in run-time the status of the peripheral
1758:Drivers/STM32F4xx_HAL_Driver/Src/stm32f4xx_hal_i2s.c ****     and the data flow.
1759:Drivers/STM32F4xx_HAL_Driver/Src/stm32f4xx_hal_i2s.c **** 
1760:Drivers/STM32F4xx_HAL_Driver/Src/stm32f4xx_hal_i2s.c **** @endverbatim
1761:Drivers/STM32F4xx_HAL_Driver/Src/stm32f4xx_hal_i2s.c ****   * @{
1762:Drivers/STM32F4xx_HAL_Driver/Src/stm32f4xx_hal_i2s.c ****   */
1763:Drivers/STM32F4xx_HAL_Driver/Src/stm32f4xx_hal_i2s.c **** 
1764:Drivers/STM32F4xx_HAL_Driver/Src/stm32f4xx_hal_i2s.c **** /**
1765:Drivers/STM32F4xx_HAL_Driver/Src/stm32f4xx_hal_i2s.c ****   * @brief  Return the I2S state
1766:Drivers/STM32F4xx_HAL_Driver/Src/stm32f4xx_hal_i2s.c ****   * @param  hi2s pointer to a I2S_HandleTypeDef structure that contains
1767:Drivers/STM32F4xx_HAL_Driver/Src/stm32f4xx_hal_i2s.c ****   *         the configuration information for I2S module
1768:Drivers/STM32F4xx_HAL_Driver/Src/stm32f4xx_hal_i2s.c ****   * @retval HAL state
1769:Drivers/STM32F4xx_HAL_Driver/Src/stm32f4xx_hal_i2s.c ****   */
1770:Drivers/STM32F4xx_HAL_Driver/Src/stm32f4xx_hal_i2s.c **** HAL_I2S_StateTypeDef HAL_I2S_GetState(const I2S_HandleTypeDef *hi2s)
1771:Drivers/STM32F4xx_HAL_Driver/Src/stm32f4xx_hal_i2s.c **** {
1772:Drivers/STM32F4xx_HAL_Driver/Src/stm32f4xx_hal_i2s.c ****   return hi2s->State;
1773:Drivers/STM32F4xx_HAL_Driver/Src/stm32f4xx_hal_i2s.c **** }
1774:Drivers/STM32F4xx_HAL_Driver/Src/stm32f4xx_hal_i2s.c **** 
1775:Drivers/STM32F4xx_HAL_Driver/Src/stm32f4xx_hal_i2s.c **** /**
1776:Drivers/STM32F4xx_HAL_Driver/Src/stm32f4xx_hal_i2s.c ****   * @brief  Return the I2S error code
1777:Drivers/STM32F4xx_HAL_Driver/Src/stm32f4xx_hal_i2s.c ****   * @param  hi2s pointer to a I2S_HandleTypeDef structure that contains
1778:Drivers/STM32F4xx_HAL_Driver/Src/stm32f4xx_hal_i2s.c ****   *         the configuration information for I2S module
1779:Drivers/STM32F4xx_HAL_Driver/Src/stm32f4xx_hal_i2s.c ****   * @retval I2S Error Code
1780:Drivers/STM32F4xx_HAL_Driver/Src/stm32f4xx_hal_i2s.c ****   */
1781:Drivers/STM32F4xx_HAL_Driver/Src/stm32f4xx_hal_i2s.c **** uint32_t HAL_I2S_GetError(const I2S_HandleTypeDef *hi2s)
1782:Drivers/STM32F4xx_HAL_Driver/Src/stm32f4xx_hal_i2s.c **** {
1783:Drivers/STM32F4xx_HAL_Driver/Src/stm32f4xx_hal_i2s.c ****   return hi2s->ErrorCode;
1784:Drivers/STM32F4xx_HAL_Driver/Src/stm32f4xx_hal_i2s.c **** }
1785:Drivers/STM32F4xx_HAL_Driver/Src/stm32f4xx_hal_i2s.c **** /**
1786:Drivers/STM32F4xx_HAL_Driver/Src/stm32f4xx_hal_i2s.c ****   * @}
1787:Drivers/STM32F4xx_HAL_Driver/Src/stm32f4xx_hal_i2s.c ****   */
1788:Drivers/STM32F4xx_HAL_Driver/Src/stm32f4xx_hal_i2s.c **** 
1789:Drivers/STM32F4xx_HAL_Driver/Src/stm32f4xx_hal_i2s.c **** /**
1790:Drivers/STM32F4xx_HAL_Driver/Src/stm32f4xx_hal_i2s.c ****   * @}
1791:Drivers/STM32F4xx_HAL_Driver/Src/stm32f4xx_hal_i2s.c ****   */
1792:Drivers/STM32F4xx_HAL_Driver/Src/stm32f4xx_hal_i2s.c **** 
1793:Drivers/STM32F4xx_HAL_Driver/Src/stm32f4xx_hal_i2s.c **** /** @addtogroup I2S_Private_Functions I2S Private Functions
1794:Drivers/STM32F4xx_HAL_Driver/Src/stm32f4xx_hal_i2s.c ****   * @{
1795:Drivers/STM32F4xx_HAL_Driver/Src/stm32f4xx_hal_i2s.c ****   */
1796:Drivers/STM32F4xx_HAL_Driver/Src/stm32f4xx_hal_i2s.c **** /**
1797:Drivers/STM32F4xx_HAL_Driver/Src/stm32f4xx_hal_i2s.c ****   * @brief  DMA I2S transmit process complete callback
ARM GAS  /tmp/ccXsv2Xt.s 			page 33


1798:Drivers/STM32F4xx_HAL_Driver/Src/stm32f4xx_hal_i2s.c ****   * @param  hdma pointer to a DMA_HandleTypeDef structure that contains
1799:Drivers/STM32F4xx_HAL_Driver/Src/stm32f4xx_hal_i2s.c ****   *                the configuration information for the specified DMA module.
1800:Drivers/STM32F4xx_HAL_Driver/Src/stm32f4xx_hal_i2s.c ****   * @retval None
1801:Drivers/STM32F4xx_HAL_Driver/Src/stm32f4xx_hal_i2s.c ****   */
1802:Drivers/STM32F4xx_HAL_Driver/Src/stm32f4xx_hal_i2s.c **** static void I2S_DMATxCplt(DMA_HandleTypeDef *hdma)
1803:Drivers/STM32F4xx_HAL_Driver/Src/stm32f4xx_hal_i2s.c **** {
1804:Drivers/STM32F4xx_HAL_Driver/Src/stm32f4xx_hal_i2s.c ****   I2S_HandleTypeDef *hi2s = (I2S_HandleTypeDef *)((DMA_HandleTypeDef *)hdma)->Parent; /* Derogation
1805:Drivers/STM32F4xx_HAL_Driver/Src/stm32f4xx_hal_i2s.c **** 
1806:Drivers/STM32F4xx_HAL_Driver/Src/stm32f4xx_hal_i2s.c ****   /* if DMA is configured in DMA_NORMAL Mode */
1807:Drivers/STM32F4xx_HAL_Driver/Src/stm32f4xx_hal_i2s.c ****   if (hdma->Init.Mode == DMA_NORMAL)
1808:Drivers/STM32F4xx_HAL_Driver/Src/stm32f4xx_hal_i2s.c ****   {
1809:Drivers/STM32F4xx_HAL_Driver/Src/stm32f4xx_hal_i2s.c ****     /* Disable Tx DMA Request */
1810:Drivers/STM32F4xx_HAL_Driver/Src/stm32f4xx_hal_i2s.c ****     CLEAR_BIT(hi2s->Instance->CR2, SPI_CR2_TXDMAEN);
1811:Drivers/STM32F4xx_HAL_Driver/Src/stm32f4xx_hal_i2s.c **** 
1812:Drivers/STM32F4xx_HAL_Driver/Src/stm32f4xx_hal_i2s.c ****     hi2s->TxXferCount = 0U;
1813:Drivers/STM32F4xx_HAL_Driver/Src/stm32f4xx_hal_i2s.c ****     hi2s->State = HAL_I2S_STATE_READY;
1814:Drivers/STM32F4xx_HAL_Driver/Src/stm32f4xx_hal_i2s.c ****   }
1815:Drivers/STM32F4xx_HAL_Driver/Src/stm32f4xx_hal_i2s.c ****   /* Call user Tx complete callback */
1816:Drivers/STM32F4xx_HAL_Driver/Src/stm32f4xx_hal_i2s.c **** #if (USE_HAL_I2S_REGISTER_CALLBACKS == 1U)
1817:Drivers/STM32F4xx_HAL_Driver/Src/stm32f4xx_hal_i2s.c ****   hi2s->TxCpltCallback(hi2s);
1818:Drivers/STM32F4xx_HAL_Driver/Src/stm32f4xx_hal_i2s.c **** #else
1819:Drivers/STM32F4xx_HAL_Driver/Src/stm32f4xx_hal_i2s.c ****   HAL_I2S_TxCpltCallback(hi2s);
1820:Drivers/STM32F4xx_HAL_Driver/Src/stm32f4xx_hal_i2s.c **** #endif /* USE_HAL_I2S_REGISTER_CALLBACKS */
1821:Drivers/STM32F4xx_HAL_Driver/Src/stm32f4xx_hal_i2s.c **** }
1822:Drivers/STM32F4xx_HAL_Driver/Src/stm32f4xx_hal_i2s.c **** 
1823:Drivers/STM32F4xx_HAL_Driver/Src/stm32f4xx_hal_i2s.c **** /**
1824:Drivers/STM32F4xx_HAL_Driver/Src/stm32f4xx_hal_i2s.c ****   * @brief  DMA I2S transmit process half complete callback
1825:Drivers/STM32F4xx_HAL_Driver/Src/stm32f4xx_hal_i2s.c ****   * @param  hdma pointer to a DMA_HandleTypeDef structure that contains
1826:Drivers/STM32F4xx_HAL_Driver/Src/stm32f4xx_hal_i2s.c ****   *                the configuration information for the specified DMA module.
1827:Drivers/STM32F4xx_HAL_Driver/Src/stm32f4xx_hal_i2s.c ****   * @retval None
1828:Drivers/STM32F4xx_HAL_Driver/Src/stm32f4xx_hal_i2s.c ****   */
1829:Drivers/STM32F4xx_HAL_Driver/Src/stm32f4xx_hal_i2s.c **** static void I2S_DMATxHalfCplt(DMA_HandleTypeDef *hdma)
1830:Drivers/STM32F4xx_HAL_Driver/Src/stm32f4xx_hal_i2s.c **** {
1831:Drivers/STM32F4xx_HAL_Driver/Src/stm32f4xx_hal_i2s.c ****   I2S_HandleTypeDef *hi2s = (I2S_HandleTypeDef *)((DMA_HandleTypeDef *)hdma)->Parent; /* Derogation
1832:Drivers/STM32F4xx_HAL_Driver/Src/stm32f4xx_hal_i2s.c **** 
1833:Drivers/STM32F4xx_HAL_Driver/Src/stm32f4xx_hal_i2s.c ****   /* Call user Tx half complete callback */
1834:Drivers/STM32F4xx_HAL_Driver/Src/stm32f4xx_hal_i2s.c **** #if (USE_HAL_I2S_REGISTER_CALLBACKS == 1U)
1835:Drivers/STM32F4xx_HAL_Driver/Src/stm32f4xx_hal_i2s.c ****   hi2s->TxHalfCpltCallback(hi2s);
1836:Drivers/STM32F4xx_HAL_Driver/Src/stm32f4xx_hal_i2s.c **** #else
1837:Drivers/STM32F4xx_HAL_Driver/Src/stm32f4xx_hal_i2s.c ****   HAL_I2S_TxHalfCpltCallback(hi2s);
1838:Drivers/STM32F4xx_HAL_Driver/Src/stm32f4xx_hal_i2s.c **** #endif /* USE_HAL_I2S_REGISTER_CALLBACKS */
1839:Drivers/STM32F4xx_HAL_Driver/Src/stm32f4xx_hal_i2s.c **** }
1840:Drivers/STM32F4xx_HAL_Driver/Src/stm32f4xx_hal_i2s.c **** 
1841:Drivers/STM32F4xx_HAL_Driver/Src/stm32f4xx_hal_i2s.c **** /**
1842:Drivers/STM32F4xx_HAL_Driver/Src/stm32f4xx_hal_i2s.c ****   * @brief  DMA I2S receive process complete callback
1843:Drivers/STM32F4xx_HAL_Driver/Src/stm32f4xx_hal_i2s.c ****   * @param  hdma pointer to a DMA_HandleTypeDef structure that contains
1844:Drivers/STM32F4xx_HAL_Driver/Src/stm32f4xx_hal_i2s.c ****   *                the configuration information for the specified DMA module.
1845:Drivers/STM32F4xx_HAL_Driver/Src/stm32f4xx_hal_i2s.c ****   * @retval None
1846:Drivers/STM32F4xx_HAL_Driver/Src/stm32f4xx_hal_i2s.c ****   */
1847:Drivers/STM32F4xx_HAL_Driver/Src/stm32f4xx_hal_i2s.c **** static void I2S_DMARxCplt(DMA_HandleTypeDef *hdma)
1848:Drivers/STM32F4xx_HAL_Driver/Src/stm32f4xx_hal_i2s.c **** {
1849:Drivers/STM32F4xx_HAL_Driver/Src/stm32f4xx_hal_i2s.c ****   I2S_HandleTypeDef *hi2s = (I2S_HandleTypeDef *)((DMA_HandleTypeDef *)hdma)->Parent; /* Derogation
1850:Drivers/STM32F4xx_HAL_Driver/Src/stm32f4xx_hal_i2s.c **** 
1851:Drivers/STM32F4xx_HAL_Driver/Src/stm32f4xx_hal_i2s.c ****   /* if DMA is configured in DMA_NORMAL Mode */
1852:Drivers/STM32F4xx_HAL_Driver/Src/stm32f4xx_hal_i2s.c ****   if (hdma->Init.Mode == DMA_NORMAL)
1853:Drivers/STM32F4xx_HAL_Driver/Src/stm32f4xx_hal_i2s.c ****   {
1854:Drivers/STM32F4xx_HAL_Driver/Src/stm32f4xx_hal_i2s.c ****     /* Disable Rx DMA Request */
ARM GAS  /tmp/ccXsv2Xt.s 			page 34


1855:Drivers/STM32F4xx_HAL_Driver/Src/stm32f4xx_hal_i2s.c ****     CLEAR_BIT(hi2s->Instance->CR2, SPI_CR2_RXDMAEN);
1856:Drivers/STM32F4xx_HAL_Driver/Src/stm32f4xx_hal_i2s.c ****     hi2s->RxXferCount = 0U;
1857:Drivers/STM32F4xx_HAL_Driver/Src/stm32f4xx_hal_i2s.c ****     hi2s->State = HAL_I2S_STATE_READY;
1858:Drivers/STM32F4xx_HAL_Driver/Src/stm32f4xx_hal_i2s.c ****   }
1859:Drivers/STM32F4xx_HAL_Driver/Src/stm32f4xx_hal_i2s.c ****   /* Call user Rx complete callback */
1860:Drivers/STM32F4xx_HAL_Driver/Src/stm32f4xx_hal_i2s.c **** #if (USE_HAL_I2S_REGISTER_CALLBACKS == 1U)
1861:Drivers/STM32F4xx_HAL_Driver/Src/stm32f4xx_hal_i2s.c ****   hi2s->RxCpltCallback(hi2s);
1862:Drivers/STM32F4xx_HAL_Driver/Src/stm32f4xx_hal_i2s.c **** #else
1863:Drivers/STM32F4xx_HAL_Driver/Src/stm32f4xx_hal_i2s.c ****   HAL_I2S_RxCpltCallback(hi2s);
1864:Drivers/STM32F4xx_HAL_Driver/Src/stm32f4xx_hal_i2s.c **** #endif /* USE_HAL_I2S_REGISTER_CALLBACKS */
1865:Drivers/STM32F4xx_HAL_Driver/Src/stm32f4xx_hal_i2s.c **** }
1866:Drivers/STM32F4xx_HAL_Driver/Src/stm32f4xx_hal_i2s.c **** 
1867:Drivers/STM32F4xx_HAL_Driver/Src/stm32f4xx_hal_i2s.c **** /**
1868:Drivers/STM32F4xx_HAL_Driver/Src/stm32f4xx_hal_i2s.c ****   * @brief  DMA I2S receive process half complete callback
1869:Drivers/STM32F4xx_HAL_Driver/Src/stm32f4xx_hal_i2s.c ****   * @param  hdma pointer to a DMA_HandleTypeDef structure that contains
1870:Drivers/STM32F4xx_HAL_Driver/Src/stm32f4xx_hal_i2s.c ****   *                the configuration information for the specified DMA module.
1871:Drivers/STM32F4xx_HAL_Driver/Src/stm32f4xx_hal_i2s.c ****   * @retval None
1872:Drivers/STM32F4xx_HAL_Driver/Src/stm32f4xx_hal_i2s.c ****   */
1873:Drivers/STM32F4xx_HAL_Driver/Src/stm32f4xx_hal_i2s.c **** static void I2S_DMARxHalfCplt(DMA_HandleTypeDef *hdma)
1874:Drivers/STM32F4xx_HAL_Driver/Src/stm32f4xx_hal_i2s.c **** {
1875:Drivers/STM32F4xx_HAL_Driver/Src/stm32f4xx_hal_i2s.c ****   I2S_HandleTypeDef *hi2s = (I2S_HandleTypeDef *)((DMA_HandleTypeDef *)hdma)->Parent; /* Derogation
1876:Drivers/STM32F4xx_HAL_Driver/Src/stm32f4xx_hal_i2s.c **** 
1877:Drivers/STM32F4xx_HAL_Driver/Src/stm32f4xx_hal_i2s.c ****   /* Call user Rx half complete callback */
1878:Drivers/STM32F4xx_HAL_Driver/Src/stm32f4xx_hal_i2s.c **** #if (USE_HAL_I2S_REGISTER_CALLBACKS == 1U)
1879:Drivers/STM32F4xx_HAL_Driver/Src/stm32f4xx_hal_i2s.c ****   hi2s->RxHalfCpltCallback(hi2s);
1880:Drivers/STM32F4xx_HAL_Driver/Src/stm32f4xx_hal_i2s.c **** #else
1881:Drivers/STM32F4xx_HAL_Driver/Src/stm32f4xx_hal_i2s.c ****   HAL_I2S_RxHalfCpltCallback(hi2s);
1882:Drivers/STM32F4xx_HAL_Driver/Src/stm32f4xx_hal_i2s.c **** #endif /* USE_HAL_I2S_REGISTER_CALLBACKS */
1883:Drivers/STM32F4xx_HAL_Driver/Src/stm32f4xx_hal_i2s.c **** }
1884:Drivers/STM32F4xx_HAL_Driver/Src/stm32f4xx_hal_i2s.c **** 
1885:Drivers/STM32F4xx_HAL_Driver/Src/stm32f4xx_hal_i2s.c **** /**
1886:Drivers/STM32F4xx_HAL_Driver/Src/stm32f4xx_hal_i2s.c ****   * @brief  DMA I2S communication error callback
1887:Drivers/STM32F4xx_HAL_Driver/Src/stm32f4xx_hal_i2s.c ****   * @param  hdma pointer to a DMA_HandleTypeDef structure that contains
1888:Drivers/STM32F4xx_HAL_Driver/Src/stm32f4xx_hal_i2s.c ****   *                the configuration information for the specified DMA module.
1889:Drivers/STM32F4xx_HAL_Driver/Src/stm32f4xx_hal_i2s.c ****   * @retval None
1890:Drivers/STM32F4xx_HAL_Driver/Src/stm32f4xx_hal_i2s.c ****   */
1891:Drivers/STM32F4xx_HAL_Driver/Src/stm32f4xx_hal_i2s.c **** static void I2S_DMAError(DMA_HandleTypeDef *hdma)
1892:Drivers/STM32F4xx_HAL_Driver/Src/stm32f4xx_hal_i2s.c **** {
1893:Drivers/STM32F4xx_HAL_Driver/Src/stm32f4xx_hal_i2s.c ****   I2S_HandleTypeDef *hi2s = (I2S_HandleTypeDef *)((DMA_HandleTypeDef *)hdma)->Parent; /* Derogation
1894:Drivers/STM32F4xx_HAL_Driver/Src/stm32f4xx_hal_i2s.c **** 
1895:Drivers/STM32F4xx_HAL_Driver/Src/stm32f4xx_hal_i2s.c ****   /* Disable Rx and Tx DMA Request */
1896:Drivers/STM32F4xx_HAL_Driver/Src/stm32f4xx_hal_i2s.c ****   CLEAR_BIT(hi2s->Instance->CR2, (SPI_CR2_RXDMAEN | SPI_CR2_TXDMAEN));
1897:Drivers/STM32F4xx_HAL_Driver/Src/stm32f4xx_hal_i2s.c ****   hi2s->TxXferCount = 0U;
1898:Drivers/STM32F4xx_HAL_Driver/Src/stm32f4xx_hal_i2s.c ****   hi2s->RxXferCount = 0U;
1899:Drivers/STM32F4xx_HAL_Driver/Src/stm32f4xx_hal_i2s.c **** 
1900:Drivers/STM32F4xx_HAL_Driver/Src/stm32f4xx_hal_i2s.c ****   hi2s->State = HAL_I2S_STATE_READY;
1901:Drivers/STM32F4xx_HAL_Driver/Src/stm32f4xx_hal_i2s.c **** 
1902:Drivers/STM32F4xx_HAL_Driver/Src/stm32f4xx_hal_i2s.c ****   /* Set the error code and execute error callback*/
1903:Drivers/STM32F4xx_HAL_Driver/Src/stm32f4xx_hal_i2s.c ****   SET_BIT(hi2s->ErrorCode, HAL_I2S_ERROR_DMA);
1904:Drivers/STM32F4xx_HAL_Driver/Src/stm32f4xx_hal_i2s.c ****   /* Call user error callback */
1905:Drivers/STM32F4xx_HAL_Driver/Src/stm32f4xx_hal_i2s.c **** #if (USE_HAL_I2S_REGISTER_CALLBACKS == 1U)
1906:Drivers/STM32F4xx_HAL_Driver/Src/stm32f4xx_hal_i2s.c ****   hi2s->ErrorCallback(hi2s);
1907:Drivers/STM32F4xx_HAL_Driver/Src/stm32f4xx_hal_i2s.c **** #else
1908:Drivers/STM32F4xx_HAL_Driver/Src/stm32f4xx_hal_i2s.c ****   HAL_I2S_ErrorCallback(hi2s);
1909:Drivers/STM32F4xx_HAL_Driver/Src/stm32f4xx_hal_i2s.c **** #endif /* USE_HAL_I2S_REGISTER_CALLBACKS */
1910:Drivers/STM32F4xx_HAL_Driver/Src/stm32f4xx_hal_i2s.c **** }
1911:Drivers/STM32F4xx_HAL_Driver/Src/stm32f4xx_hal_i2s.c **** 
ARM GAS  /tmp/ccXsv2Xt.s 			page 35


1912:Drivers/STM32F4xx_HAL_Driver/Src/stm32f4xx_hal_i2s.c **** /**
1913:Drivers/STM32F4xx_HAL_Driver/Src/stm32f4xx_hal_i2s.c ****   * @brief  Transmit an amount of data in non-blocking mode with Interrupt
1914:Drivers/STM32F4xx_HAL_Driver/Src/stm32f4xx_hal_i2s.c ****   * @param  hi2s pointer to a I2S_HandleTypeDef structure that contains
1915:Drivers/STM32F4xx_HAL_Driver/Src/stm32f4xx_hal_i2s.c ****   *         the configuration information for I2S module
1916:Drivers/STM32F4xx_HAL_Driver/Src/stm32f4xx_hal_i2s.c ****   * @retval None
1917:Drivers/STM32F4xx_HAL_Driver/Src/stm32f4xx_hal_i2s.c ****   */
1918:Drivers/STM32F4xx_HAL_Driver/Src/stm32f4xx_hal_i2s.c **** static void I2S_Transmit_IT(I2S_HandleTypeDef *hi2s)
1919:Drivers/STM32F4xx_HAL_Driver/Src/stm32f4xx_hal_i2s.c **** {
1920:Drivers/STM32F4xx_HAL_Driver/Src/stm32f4xx_hal_i2s.c ****   /* Transmit data */
1921:Drivers/STM32F4xx_HAL_Driver/Src/stm32f4xx_hal_i2s.c ****   hi2s->Instance->DR = (*hi2s->pTxBuffPtr);
1922:Drivers/STM32F4xx_HAL_Driver/Src/stm32f4xx_hal_i2s.c ****   hi2s->pTxBuffPtr++;
1923:Drivers/STM32F4xx_HAL_Driver/Src/stm32f4xx_hal_i2s.c ****   hi2s->TxXferCount--;
1924:Drivers/STM32F4xx_HAL_Driver/Src/stm32f4xx_hal_i2s.c **** 
1925:Drivers/STM32F4xx_HAL_Driver/Src/stm32f4xx_hal_i2s.c ****   if (hi2s->TxXferCount == 0U)
1926:Drivers/STM32F4xx_HAL_Driver/Src/stm32f4xx_hal_i2s.c ****   {
1927:Drivers/STM32F4xx_HAL_Driver/Src/stm32f4xx_hal_i2s.c ****     /* Disable TXE and ERR interrupt */
1928:Drivers/STM32F4xx_HAL_Driver/Src/stm32f4xx_hal_i2s.c ****     __HAL_I2S_DISABLE_IT(hi2s, (I2S_IT_TXE | I2S_IT_ERR));
1929:Drivers/STM32F4xx_HAL_Driver/Src/stm32f4xx_hal_i2s.c **** 
1930:Drivers/STM32F4xx_HAL_Driver/Src/stm32f4xx_hal_i2s.c ****     hi2s->State = HAL_I2S_STATE_READY;
1931:Drivers/STM32F4xx_HAL_Driver/Src/stm32f4xx_hal_i2s.c ****     /* Call user Tx complete callback */
1932:Drivers/STM32F4xx_HAL_Driver/Src/stm32f4xx_hal_i2s.c **** #if (USE_HAL_I2S_REGISTER_CALLBACKS == 1U)
1933:Drivers/STM32F4xx_HAL_Driver/Src/stm32f4xx_hal_i2s.c ****     hi2s->TxCpltCallback(hi2s);
1934:Drivers/STM32F4xx_HAL_Driver/Src/stm32f4xx_hal_i2s.c **** #else
1935:Drivers/STM32F4xx_HAL_Driver/Src/stm32f4xx_hal_i2s.c ****     HAL_I2S_TxCpltCallback(hi2s);
1936:Drivers/STM32F4xx_HAL_Driver/Src/stm32f4xx_hal_i2s.c **** #endif /* USE_HAL_I2S_REGISTER_CALLBACKS */
1937:Drivers/STM32F4xx_HAL_Driver/Src/stm32f4xx_hal_i2s.c ****   }
1938:Drivers/STM32F4xx_HAL_Driver/Src/stm32f4xx_hal_i2s.c **** }
1939:Drivers/STM32F4xx_HAL_Driver/Src/stm32f4xx_hal_i2s.c **** 
1940:Drivers/STM32F4xx_HAL_Driver/Src/stm32f4xx_hal_i2s.c **** /**
1941:Drivers/STM32F4xx_HAL_Driver/Src/stm32f4xx_hal_i2s.c ****   * @brief  Receive an amount of data in non-blocking mode with Interrupt
1942:Drivers/STM32F4xx_HAL_Driver/Src/stm32f4xx_hal_i2s.c ****   * @param  hi2s pointer to a I2S_HandleTypeDef structure that contains
1943:Drivers/STM32F4xx_HAL_Driver/Src/stm32f4xx_hal_i2s.c ****   *         the configuration information for I2S module
1944:Drivers/STM32F4xx_HAL_Driver/Src/stm32f4xx_hal_i2s.c ****   * @retval None
1945:Drivers/STM32F4xx_HAL_Driver/Src/stm32f4xx_hal_i2s.c ****   */
1946:Drivers/STM32F4xx_HAL_Driver/Src/stm32f4xx_hal_i2s.c **** static void I2S_Receive_IT(I2S_HandleTypeDef *hi2s)
1947:Drivers/STM32F4xx_HAL_Driver/Src/stm32f4xx_hal_i2s.c **** {
1948:Drivers/STM32F4xx_HAL_Driver/Src/stm32f4xx_hal_i2s.c ****   /* Receive data */
1949:Drivers/STM32F4xx_HAL_Driver/Src/stm32f4xx_hal_i2s.c ****   (*hi2s->pRxBuffPtr) = (uint16_t)hi2s->Instance->DR;
1950:Drivers/STM32F4xx_HAL_Driver/Src/stm32f4xx_hal_i2s.c ****   hi2s->pRxBuffPtr++;
1951:Drivers/STM32F4xx_HAL_Driver/Src/stm32f4xx_hal_i2s.c ****   hi2s->RxXferCount--;
1952:Drivers/STM32F4xx_HAL_Driver/Src/stm32f4xx_hal_i2s.c **** 
1953:Drivers/STM32F4xx_HAL_Driver/Src/stm32f4xx_hal_i2s.c ****   if (hi2s->RxXferCount == 0U)
1954:Drivers/STM32F4xx_HAL_Driver/Src/stm32f4xx_hal_i2s.c ****   {
1955:Drivers/STM32F4xx_HAL_Driver/Src/stm32f4xx_hal_i2s.c ****     /* Disable RXNE and ERR interrupt */
1956:Drivers/STM32F4xx_HAL_Driver/Src/stm32f4xx_hal_i2s.c ****     __HAL_I2S_DISABLE_IT(hi2s, (I2S_IT_RXNE | I2S_IT_ERR));
1957:Drivers/STM32F4xx_HAL_Driver/Src/stm32f4xx_hal_i2s.c **** 
1958:Drivers/STM32F4xx_HAL_Driver/Src/stm32f4xx_hal_i2s.c ****     hi2s->State = HAL_I2S_STATE_READY;
1959:Drivers/STM32F4xx_HAL_Driver/Src/stm32f4xx_hal_i2s.c ****     /* Call user Rx complete callback */
1960:Drivers/STM32F4xx_HAL_Driver/Src/stm32f4xx_hal_i2s.c **** #if (USE_HAL_I2S_REGISTER_CALLBACKS == 1U)
1961:Drivers/STM32F4xx_HAL_Driver/Src/stm32f4xx_hal_i2s.c ****     hi2s->RxCpltCallback(hi2s);
1962:Drivers/STM32F4xx_HAL_Driver/Src/stm32f4xx_hal_i2s.c **** #else
1963:Drivers/STM32F4xx_HAL_Driver/Src/stm32f4xx_hal_i2s.c ****     HAL_I2S_RxCpltCallback(hi2s);
1964:Drivers/STM32F4xx_HAL_Driver/Src/stm32f4xx_hal_i2s.c **** #endif /* USE_HAL_I2S_REGISTER_CALLBACKS */
1965:Drivers/STM32F4xx_HAL_Driver/Src/stm32f4xx_hal_i2s.c ****   }
1966:Drivers/STM32F4xx_HAL_Driver/Src/stm32f4xx_hal_i2s.c **** }
1967:Drivers/STM32F4xx_HAL_Driver/Src/stm32f4xx_hal_i2s.c **** 
1968:Drivers/STM32F4xx_HAL_Driver/Src/stm32f4xx_hal_i2s.c **** /**
ARM GAS  /tmp/ccXsv2Xt.s 			page 36


1969:Drivers/STM32F4xx_HAL_Driver/Src/stm32f4xx_hal_i2s.c ****   * @brief  This function handles I2S interrupt request.
1970:Drivers/STM32F4xx_HAL_Driver/Src/stm32f4xx_hal_i2s.c ****   * @param  hi2s: pointer to a I2S_HandleTypeDef structure that contains
1971:Drivers/STM32F4xx_HAL_Driver/Src/stm32f4xx_hal_i2s.c ****   *         the configuration information for I2S module
1972:Drivers/STM32F4xx_HAL_Driver/Src/stm32f4xx_hal_i2s.c ****   * @retval None
1973:Drivers/STM32F4xx_HAL_Driver/Src/stm32f4xx_hal_i2s.c ****   */
1974:Drivers/STM32F4xx_HAL_Driver/Src/stm32f4xx_hal_i2s.c **** static void I2S_IRQHandler(I2S_HandleTypeDef *hi2s)
1975:Drivers/STM32F4xx_HAL_Driver/Src/stm32f4xx_hal_i2s.c **** {
1976:Drivers/STM32F4xx_HAL_Driver/Src/stm32f4xx_hal_i2s.c ****   __IO uint32_t i2ssr = hi2s->Instance->SR;
1977:Drivers/STM32F4xx_HAL_Driver/Src/stm32f4xx_hal_i2s.c **** 
1978:Drivers/STM32F4xx_HAL_Driver/Src/stm32f4xx_hal_i2s.c ****   if (hi2s->State == HAL_I2S_STATE_BUSY_RX)
1979:Drivers/STM32F4xx_HAL_Driver/Src/stm32f4xx_hal_i2s.c ****   {
1980:Drivers/STM32F4xx_HAL_Driver/Src/stm32f4xx_hal_i2s.c ****     /* I2S in mode Receiver ------------------------------------------------*/
1981:Drivers/STM32F4xx_HAL_Driver/Src/stm32f4xx_hal_i2s.c ****     if (((i2ssr & I2S_FLAG_RXNE) == I2S_FLAG_RXNE) && (__HAL_I2S_GET_IT_SOURCE(hi2s, I2S_IT_RXNE) !
1982:Drivers/STM32F4xx_HAL_Driver/Src/stm32f4xx_hal_i2s.c ****     {
1983:Drivers/STM32F4xx_HAL_Driver/Src/stm32f4xx_hal_i2s.c ****       I2S_Receive_IT(hi2s);
1984:Drivers/STM32F4xx_HAL_Driver/Src/stm32f4xx_hal_i2s.c ****     }
1985:Drivers/STM32F4xx_HAL_Driver/Src/stm32f4xx_hal_i2s.c **** 
1986:Drivers/STM32F4xx_HAL_Driver/Src/stm32f4xx_hal_i2s.c ****     /* I2S Overrun error interrupt occurred -------------------------------------*/
1987:Drivers/STM32F4xx_HAL_Driver/Src/stm32f4xx_hal_i2s.c ****     if (((i2ssr & I2S_FLAG_OVR) == I2S_FLAG_OVR) && (__HAL_I2S_GET_IT_SOURCE(hi2s, I2S_IT_ERR) != R
1988:Drivers/STM32F4xx_HAL_Driver/Src/stm32f4xx_hal_i2s.c ****     {
1989:Drivers/STM32F4xx_HAL_Driver/Src/stm32f4xx_hal_i2s.c ****       /* Disable RXNE and ERR interrupt */
1990:Drivers/STM32F4xx_HAL_Driver/Src/stm32f4xx_hal_i2s.c ****       __HAL_I2S_DISABLE_IT(hi2s, (I2S_IT_RXNE | I2S_IT_ERR));
1991:Drivers/STM32F4xx_HAL_Driver/Src/stm32f4xx_hal_i2s.c **** 
1992:Drivers/STM32F4xx_HAL_Driver/Src/stm32f4xx_hal_i2s.c ****       /* Clear Overrun flag */
1993:Drivers/STM32F4xx_HAL_Driver/Src/stm32f4xx_hal_i2s.c ****       __HAL_I2S_CLEAR_OVRFLAG(hi2s);
1994:Drivers/STM32F4xx_HAL_Driver/Src/stm32f4xx_hal_i2s.c **** 
1995:Drivers/STM32F4xx_HAL_Driver/Src/stm32f4xx_hal_i2s.c ****       /* Set the I2S State ready */
1996:Drivers/STM32F4xx_HAL_Driver/Src/stm32f4xx_hal_i2s.c ****       hi2s->State = HAL_I2S_STATE_READY;
1997:Drivers/STM32F4xx_HAL_Driver/Src/stm32f4xx_hal_i2s.c **** 
1998:Drivers/STM32F4xx_HAL_Driver/Src/stm32f4xx_hal_i2s.c **** 
1999:Drivers/STM32F4xx_HAL_Driver/Src/stm32f4xx_hal_i2s.c ****       /* Set the error code and execute error callback*/
2000:Drivers/STM32F4xx_HAL_Driver/Src/stm32f4xx_hal_i2s.c ****       SET_BIT(hi2s->ErrorCode, HAL_I2S_ERROR_OVR);
2001:Drivers/STM32F4xx_HAL_Driver/Src/stm32f4xx_hal_i2s.c ****       /* Call user error callback */
2002:Drivers/STM32F4xx_HAL_Driver/Src/stm32f4xx_hal_i2s.c **** #if (USE_HAL_I2S_REGISTER_CALLBACKS == 1U)
2003:Drivers/STM32F4xx_HAL_Driver/Src/stm32f4xx_hal_i2s.c ****       hi2s->ErrorCallback(hi2s);
2004:Drivers/STM32F4xx_HAL_Driver/Src/stm32f4xx_hal_i2s.c **** #else
2005:Drivers/STM32F4xx_HAL_Driver/Src/stm32f4xx_hal_i2s.c ****       HAL_I2S_ErrorCallback(hi2s);
2006:Drivers/STM32F4xx_HAL_Driver/Src/stm32f4xx_hal_i2s.c **** #endif /* USE_HAL_I2S_REGISTER_CALLBACKS */
2007:Drivers/STM32F4xx_HAL_Driver/Src/stm32f4xx_hal_i2s.c ****     }
2008:Drivers/STM32F4xx_HAL_Driver/Src/stm32f4xx_hal_i2s.c ****   }
2009:Drivers/STM32F4xx_HAL_Driver/Src/stm32f4xx_hal_i2s.c **** 
2010:Drivers/STM32F4xx_HAL_Driver/Src/stm32f4xx_hal_i2s.c ****   if (hi2s->State == HAL_I2S_STATE_BUSY_TX)
2011:Drivers/STM32F4xx_HAL_Driver/Src/stm32f4xx_hal_i2s.c ****   {
2012:Drivers/STM32F4xx_HAL_Driver/Src/stm32f4xx_hal_i2s.c ****     /* I2S in mode Transmitter -----------------------------------------------*/
2013:Drivers/STM32F4xx_HAL_Driver/Src/stm32f4xx_hal_i2s.c ****     if (((i2ssr & I2S_FLAG_TXE) == I2S_FLAG_TXE) && (__HAL_I2S_GET_IT_SOURCE(hi2s, I2S_IT_TXE) != R
2014:Drivers/STM32F4xx_HAL_Driver/Src/stm32f4xx_hal_i2s.c ****     {
2015:Drivers/STM32F4xx_HAL_Driver/Src/stm32f4xx_hal_i2s.c ****       I2S_Transmit_IT(hi2s);
2016:Drivers/STM32F4xx_HAL_Driver/Src/stm32f4xx_hal_i2s.c ****     }
2017:Drivers/STM32F4xx_HAL_Driver/Src/stm32f4xx_hal_i2s.c **** 
2018:Drivers/STM32F4xx_HAL_Driver/Src/stm32f4xx_hal_i2s.c ****     /* I2S Underrun error interrupt occurred --------------------------------*/
2019:Drivers/STM32F4xx_HAL_Driver/Src/stm32f4xx_hal_i2s.c ****     if (((i2ssr & I2S_FLAG_UDR) == I2S_FLAG_UDR) && (__HAL_I2S_GET_IT_SOURCE(hi2s, I2S_IT_ERR) != R
2020:Drivers/STM32F4xx_HAL_Driver/Src/stm32f4xx_hal_i2s.c ****     {
2021:Drivers/STM32F4xx_HAL_Driver/Src/stm32f4xx_hal_i2s.c ****       /* Disable TXE and ERR interrupt */
2022:Drivers/STM32F4xx_HAL_Driver/Src/stm32f4xx_hal_i2s.c ****       __HAL_I2S_DISABLE_IT(hi2s, (I2S_IT_TXE | I2S_IT_ERR));
2023:Drivers/STM32F4xx_HAL_Driver/Src/stm32f4xx_hal_i2s.c **** 
2024:Drivers/STM32F4xx_HAL_Driver/Src/stm32f4xx_hal_i2s.c ****       /* Clear Underrun flag */
2025:Drivers/STM32F4xx_HAL_Driver/Src/stm32f4xx_hal_i2s.c ****       __HAL_I2S_CLEAR_UDRFLAG(hi2s);
ARM GAS  /tmp/ccXsv2Xt.s 			page 37


2026:Drivers/STM32F4xx_HAL_Driver/Src/stm32f4xx_hal_i2s.c **** 
2027:Drivers/STM32F4xx_HAL_Driver/Src/stm32f4xx_hal_i2s.c ****       /* Set the I2S State ready */
2028:Drivers/STM32F4xx_HAL_Driver/Src/stm32f4xx_hal_i2s.c ****       hi2s->State = HAL_I2S_STATE_READY;
2029:Drivers/STM32F4xx_HAL_Driver/Src/stm32f4xx_hal_i2s.c **** 
2030:Drivers/STM32F4xx_HAL_Driver/Src/stm32f4xx_hal_i2s.c ****       /* Set the error code and execute error callback*/
2031:Drivers/STM32F4xx_HAL_Driver/Src/stm32f4xx_hal_i2s.c ****       SET_BIT(hi2s->ErrorCode, HAL_I2S_ERROR_UDR);
2032:Drivers/STM32F4xx_HAL_Driver/Src/stm32f4xx_hal_i2s.c ****       /* Call user error callback */
2033:Drivers/STM32F4xx_HAL_Driver/Src/stm32f4xx_hal_i2s.c **** #if (USE_HAL_I2S_REGISTER_CALLBACKS == 1U)
2034:Drivers/STM32F4xx_HAL_Driver/Src/stm32f4xx_hal_i2s.c ****       hi2s->ErrorCallback(hi2s);
2035:Drivers/STM32F4xx_HAL_Driver/Src/stm32f4xx_hal_i2s.c **** #else
2036:Drivers/STM32F4xx_HAL_Driver/Src/stm32f4xx_hal_i2s.c ****       HAL_I2S_ErrorCallback(hi2s);
2037:Drivers/STM32F4xx_HAL_Driver/Src/stm32f4xx_hal_i2s.c **** #endif /* USE_HAL_I2S_REGISTER_CALLBACKS */
2038:Drivers/STM32F4xx_HAL_Driver/Src/stm32f4xx_hal_i2s.c ****     }
2039:Drivers/STM32F4xx_HAL_Driver/Src/stm32f4xx_hal_i2s.c ****   }
2040:Drivers/STM32F4xx_HAL_Driver/Src/stm32f4xx_hal_i2s.c **** }
2041:Drivers/STM32F4xx_HAL_Driver/Src/stm32f4xx_hal_i2s.c **** 
2042:Drivers/STM32F4xx_HAL_Driver/Src/stm32f4xx_hal_i2s.c **** /**
2043:Drivers/STM32F4xx_HAL_Driver/Src/stm32f4xx_hal_i2s.c ****   * @brief  This function handles I2S Communication Timeout.
2044:Drivers/STM32F4xx_HAL_Driver/Src/stm32f4xx_hal_i2s.c ****   * @param  hi2s pointer to a I2S_HandleTypeDef structure that contains
2045:Drivers/STM32F4xx_HAL_Driver/Src/stm32f4xx_hal_i2s.c ****   *         the configuration information for I2S module
2046:Drivers/STM32F4xx_HAL_Driver/Src/stm32f4xx_hal_i2s.c ****   * @param  Flag Flag checked
2047:Drivers/STM32F4xx_HAL_Driver/Src/stm32f4xx_hal_i2s.c ****   * @param  State Value of the flag expected
2048:Drivers/STM32F4xx_HAL_Driver/Src/stm32f4xx_hal_i2s.c ****   * @param  Timeout Duration of the timeout
2049:Drivers/STM32F4xx_HAL_Driver/Src/stm32f4xx_hal_i2s.c ****   * @retval HAL status
2050:Drivers/STM32F4xx_HAL_Driver/Src/stm32f4xx_hal_i2s.c ****   */
2051:Drivers/STM32F4xx_HAL_Driver/Src/stm32f4xx_hal_i2s.c **** static HAL_StatusTypeDef I2S_WaitFlagStateUntilTimeout(I2S_HandleTypeDef *hi2s, uint32_t Flag, Flag
2052:Drivers/STM32F4xx_HAL_Driver/Src/stm32f4xx_hal_i2s.c ****                                                        uint32_t Timeout)
2053:Drivers/STM32F4xx_HAL_Driver/Src/stm32f4xx_hal_i2s.c **** {
  29              		.loc 1 2053 1 view -0
  30              		.cfi_startproc
  31              		@ args = 0, pretend = 0, frame = 0
  32              		@ frame_needed = 0, uses_anonymous_args = 0
  33              		.loc 1 2053 1 is_stmt 0 view .LVU1
  34 0000 2DE9F843 		push	{r3, r4, r5, r6, r7, r8, r9, lr}
  35              	.LCFI0:
  36              		.cfi_def_cfa_offset 32
  37              		.cfi_offset 3, -32
  38              		.cfi_offset 4, -28
  39              		.cfi_offset 5, -24
  40              		.cfi_offset 6, -20
  41              		.cfi_offset 7, -16
  42              		.cfi_offset 8, -12
  43              		.cfi_offset 9, -8
  44              		.cfi_offset 14, -4
  45 0004 0646     		mov	r6, r0
  46 0006 8846     		mov	r8, r1
  47 0008 1746     		mov	r7, r2
  48 000a 1D46     		mov	r5, r3
2054:Drivers/STM32F4xx_HAL_Driver/Src/stm32f4xx_hal_i2s.c ****   uint32_t tickstart;
  49              		.loc 1 2054 3 is_stmt 1 view .LVU2
2055:Drivers/STM32F4xx_HAL_Driver/Src/stm32f4xx_hal_i2s.c **** 
2056:Drivers/STM32F4xx_HAL_Driver/Src/stm32f4xx_hal_i2s.c ****   /* Get tick */
2057:Drivers/STM32F4xx_HAL_Driver/Src/stm32f4xx_hal_i2s.c ****   tickstart = HAL_GetTick();
  50              		.loc 1 2057 3 view .LVU3
  51              		.loc 1 2057 15 is_stmt 0 view .LVU4
  52 000c FFF7FEFF 		bl	HAL_GetTick
  53              	.LVL1:
ARM GAS  /tmp/ccXsv2Xt.s 			page 38


  54              		.loc 1 2057 15 view .LVU5
  55 0010 8146     		mov	r9, r0
  56              	.LVL2:
2058:Drivers/STM32F4xx_HAL_Driver/Src/stm32f4xx_hal_i2s.c **** 
2059:Drivers/STM32F4xx_HAL_Driver/Src/stm32f4xx_hal_i2s.c ****   /* Wait until flag is set to status*/
2060:Drivers/STM32F4xx_HAL_Driver/Src/stm32f4xx_hal_i2s.c ****   while (((__HAL_I2S_GET_FLAG(hi2s, Flag)) ? SET : RESET) != State)
  57              		.loc 1 2060 3 is_stmt 1 view .LVU6
  58              	.L3:
  59              		.loc 1 2060 59 view .LVU7
  60              		.loc 1 2060 12 is_stmt 0 view .LVU8
  61 0012 3368     		ldr	r3, [r6]
  62 0014 9C68     		ldr	r4, [r3, #8]
  63              		.loc 1 2060 50 view .LVU9
  64 0016 38EA0404 		bics	r4, r8, r4
  65 001a 0CBF     		ite	eq
  66 001c 0124     		moveq	r4, #1
  67 001e 0024     		movne	r4, #0
  68              		.loc 1 2060 59 view .LVU10
  69 0020 BC42     		cmp	r4, r7
  70 0022 12D0     		beq	.L8
2061:Drivers/STM32F4xx_HAL_Driver/Src/stm32f4xx_hal_i2s.c ****   {
2062:Drivers/STM32F4xx_HAL_Driver/Src/stm32f4xx_hal_i2s.c ****     if (Timeout != HAL_MAX_DELAY)
  71              		.loc 1 2062 5 is_stmt 1 view .LVU11
  72              		.loc 1 2062 8 is_stmt 0 view .LVU12
  73 0024 B5F1FF3F 		cmp	r5, #-1
  74 0028 F3D0     		beq	.L3
2063:Drivers/STM32F4xx_HAL_Driver/Src/stm32f4xx_hal_i2s.c ****     {
2064:Drivers/STM32F4xx_HAL_Driver/Src/stm32f4xx_hal_i2s.c ****       if (((HAL_GetTick() - tickstart) >= Timeout) || (Timeout == 0U))
  75              		.loc 1 2064 7 is_stmt 1 view .LVU13
  76              		.loc 1 2064 13 is_stmt 0 view .LVU14
  77 002a FFF7FEFF 		bl	HAL_GetTick
  78              	.LVL3:
  79              		.loc 1 2064 27 discriminator 1 view .LVU15
  80 002e A0EB0900 		sub	r0, r0, r9
  81              		.loc 1 2064 10 discriminator 1 view .LVU16
  82 0032 A842     		cmp	r0, r5
  83 0034 01D2     		bcs	.L4
  84              		.loc 1 2064 52 discriminator 1 view .LVU17
  85 0036 002D     		cmp	r5, #0
  86 0038 EBD1     		bne	.L3
  87              	.L4:
2065:Drivers/STM32F4xx_HAL_Driver/Src/stm32f4xx_hal_i2s.c ****       {
2066:Drivers/STM32F4xx_HAL_Driver/Src/stm32f4xx_hal_i2s.c ****         /* Set the I2S State ready */
2067:Drivers/STM32F4xx_HAL_Driver/Src/stm32f4xx_hal_i2s.c ****         hi2s->State = HAL_I2S_STATE_READY;
  88              		.loc 1 2067 9 is_stmt 1 view .LVU18
  89              		.loc 1 2067 21 is_stmt 0 view .LVU19
  90 003a 0123     		movs	r3, #1
  91 003c 86F84130 		strb	r3, [r6, #65]
2068:Drivers/STM32F4xx_HAL_Driver/Src/stm32f4xx_hal_i2s.c **** 
2069:Drivers/STM32F4xx_HAL_Driver/Src/stm32f4xx_hal_i2s.c ****         /* Process Unlocked */
2070:Drivers/STM32F4xx_HAL_Driver/Src/stm32f4xx_hal_i2s.c ****         __HAL_UNLOCK(hi2s);
  92              		.loc 1 2070 9 is_stmt 1 view .LVU20
  93              		.loc 1 2070 9 view .LVU21
  94 0040 0023     		movs	r3, #0
  95 0042 86F84030 		strb	r3, [r6, #64]
  96              		.loc 1 2070 9 view .LVU22
2071:Drivers/STM32F4xx_HAL_Driver/Src/stm32f4xx_hal_i2s.c **** 
ARM GAS  /tmp/ccXsv2Xt.s 			page 39


2072:Drivers/STM32F4xx_HAL_Driver/Src/stm32f4xx_hal_i2s.c ****         return HAL_TIMEOUT;
  97              		.loc 1 2072 9 view .LVU23
  98              		.loc 1 2072 16 is_stmt 0 view .LVU24
  99 0046 0320     		movs	r0, #3
 100 0048 00E0     		b	.L5
 101              	.L8:
2073:Drivers/STM32F4xx_HAL_Driver/Src/stm32f4xx_hal_i2s.c ****       }
2074:Drivers/STM32F4xx_HAL_Driver/Src/stm32f4xx_hal_i2s.c ****     }
2075:Drivers/STM32F4xx_HAL_Driver/Src/stm32f4xx_hal_i2s.c ****   }
2076:Drivers/STM32F4xx_HAL_Driver/Src/stm32f4xx_hal_i2s.c ****   return HAL_OK;
 102              		.loc 1 2076 10 view .LVU25
 103 004a 0020     		movs	r0, #0
 104              	.L5:
2077:Drivers/STM32F4xx_HAL_Driver/Src/stm32f4xx_hal_i2s.c **** }
 105              		.loc 1 2077 1 view .LVU26
 106 004c BDE8F883 		pop	{r3, r4, r5, r6, r7, r8, r9, pc}
 107              		.loc 1 2077 1 view .LVU27
 108              		.cfi_endproc
 109              	.LFE268:
 111              		.section	.text.HAL_I2S_MspInit,"ax",%progbits
 112              		.align	1
 113              		.weak	HAL_I2S_MspInit
 114              		.syntax unified
 115              		.thumb
 116              		.thumb_func
 118              	HAL_I2S_MspInit:
 119              	.LVL4:
 120              	.LFB241:
 540:Drivers/STM32F4xx_HAL_Driver/Src/stm32f4xx_hal_i2s.c ****   /* Prevent unused argument(s) compilation warning */
 121              		.loc 1 540 1 is_stmt 1 view -0
 122              		.cfi_startproc
 123              		@ args = 0, pretend = 0, frame = 0
 124              		@ frame_needed = 0, uses_anonymous_args = 0
 125              		@ link register save eliminated.
 542:Drivers/STM32F4xx_HAL_Driver/Src/stm32f4xx_hal_i2s.c **** 
 126              		.loc 1 542 3 view .LVU29
 547:Drivers/STM32F4xx_HAL_Driver/Src/stm32f4xx_hal_i2s.c **** 
 127              		.loc 1 547 1 is_stmt 0 view .LVU30
 128 0000 7047     		bx	lr
 129              		.cfi_endproc
 130              	.LFE241:
 132              		.section	.text.HAL_I2S_Init,"ax",%progbits
 133              		.align	1
 134              		.global	HAL_I2S_Init
 135              		.syntax unified
 136              		.thumb
 137              		.thumb_func
 139              	HAL_I2S_Init:
 140              	.LVL5:
 141              	.LFB239:
 266:Drivers/STM32F4xx_HAL_Driver/Src/stm32f4xx_hal_i2s.c ****   uint32_t i2sdiv;
 142              		.loc 1 266 1 is_stmt 1 view -0
 143              		.cfi_startproc
 144              		@ args = 0, pretend = 0, frame = 0
 145              		@ frame_needed = 0, uses_anonymous_args = 0
 267:Drivers/STM32F4xx_HAL_Driver/Src/stm32f4xx_hal_i2s.c ****   uint32_t i2sodd;
 146              		.loc 1 267 3 view .LVU32
ARM GAS  /tmp/ccXsv2Xt.s 			page 40


 268:Drivers/STM32F4xx_HAL_Driver/Src/stm32f4xx_hal_i2s.c ****   uint32_t packetlength;
 147              		.loc 1 268 3 view .LVU33
 269:Drivers/STM32F4xx_HAL_Driver/Src/stm32f4xx_hal_i2s.c ****   uint32_t tmp;
 148              		.loc 1 269 3 view .LVU34
 270:Drivers/STM32F4xx_HAL_Driver/Src/stm32f4xx_hal_i2s.c ****   uint32_t i2sclk;
 149              		.loc 1 270 3 view .LVU35
 271:Drivers/STM32F4xx_HAL_Driver/Src/stm32f4xx_hal_i2s.c **** #if defined (SPI_I2S_FULLDUPLEX_SUPPORT)
 150              		.loc 1 271 3 view .LVU36
 273:Drivers/STM32F4xx_HAL_Driver/Src/stm32f4xx_hal_i2s.c **** #endif
 151              		.loc 1 273 3 view .LVU37
 277:Drivers/STM32F4xx_HAL_Driver/Src/stm32f4xx_hal_i2s.c ****   {
 152              		.loc 1 277 3 view .LVU38
 277:Drivers/STM32F4xx_HAL_Driver/Src/stm32f4xx_hal_i2s.c ****   {
 153              		.loc 1 277 6 is_stmt 0 view .LVU39
 154 0000 0028     		cmp	r0, #0
 155 0002 00F0BE80 		beq	.L24
 266:Drivers/STM32F4xx_HAL_Driver/Src/stm32f4xx_hal_i2s.c ****   uint32_t i2sdiv;
 156              		.loc 1 266 1 view .LVU40
 157 0006 38B5     		push	{r3, r4, r5, lr}
 158              	.LCFI1:
 159              		.cfi_def_cfa_offset 16
 160              		.cfi_offset 3, -16
 161              		.cfi_offset 4, -12
 162              		.cfi_offset 5, -8
 163              		.cfi_offset 14, -4
 164 0008 0446     		mov	r4, r0
 283:Drivers/STM32F4xx_HAL_Driver/Src/stm32f4xx_hal_i2s.c ****   assert_param(IS_I2S_MODE(hi2s->Init.Mode));
 165              		.loc 1 283 3 is_stmt 1 view .LVU41
 284:Drivers/STM32F4xx_HAL_Driver/Src/stm32f4xx_hal_i2s.c ****   assert_param(IS_I2S_STANDARD(hi2s->Init.Standard));
 166              		.loc 1 284 3 view .LVU42
 285:Drivers/STM32F4xx_HAL_Driver/Src/stm32f4xx_hal_i2s.c ****   assert_param(IS_I2S_DATA_FORMAT(hi2s->Init.DataFormat));
 167              		.loc 1 285 3 view .LVU43
 286:Drivers/STM32F4xx_HAL_Driver/Src/stm32f4xx_hal_i2s.c ****   assert_param(IS_I2S_MCLK_OUTPUT(hi2s->Init.MCLKOutput));
 168              		.loc 1 286 3 view .LVU44
 287:Drivers/STM32F4xx_HAL_Driver/Src/stm32f4xx_hal_i2s.c ****   assert_param(IS_I2S_AUDIO_FREQ(hi2s->Init.AudioFreq));
 169              		.loc 1 287 3 view .LVU45
 288:Drivers/STM32F4xx_HAL_Driver/Src/stm32f4xx_hal_i2s.c ****   assert_param(IS_I2S_CPOL(hi2s->Init.CPOL));
 170              		.loc 1 288 3 view .LVU46
 289:Drivers/STM32F4xx_HAL_Driver/Src/stm32f4xx_hal_i2s.c ****   assert_param(IS_I2S_CLOCKSOURCE(hi2s->Init.ClockSource));
 171              		.loc 1 289 3 view .LVU47
 290:Drivers/STM32F4xx_HAL_Driver/Src/stm32f4xx_hal_i2s.c **** 
 172              		.loc 1 290 3 view .LVU48
 292:Drivers/STM32F4xx_HAL_Driver/Src/stm32f4xx_hal_i2s.c ****   {
 173              		.loc 1 292 3 view .LVU49
 292:Drivers/STM32F4xx_HAL_Driver/Src/stm32f4xx_hal_i2s.c ****   {
 174              		.loc 1 292 11 is_stmt 0 view .LVU50
 175 000a 90F84130 		ldrb	r3, [r0, #65]	@ zero_extendqisi2
 292:Drivers/STM32F4xx_HAL_Driver/Src/stm32f4xx_hal_i2s.c ****   {
 176              		.loc 1 292 6 view .LVU51
 177 000e 002B     		cmp	r3, #0
 178 0010 51D0     		beq	.L36
 179              	.LVL6:
 180              	.L12:
 327:Drivers/STM32F4xx_HAL_Driver/Src/stm32f4xx_hal_i2s.c **** 
 181              		.loc 1 327 3 is_stmt 1 view .LVU52
 327:Drivers/STM32F4xx_HAL_Driver/Src/stm32f4xx_hal_i2s.c **** 
 182              		.loc 1 327 15 is_stmt 0 view .LVU53
ARM GAS  /tmp/ccXsv2Xt.s 			page 41


 183 0012 0222     		movs	r2, #2
 184 0014 84F84120 		strb	r2, [r4, #65]
 331:Drivers/STM32F4xx_HAL_Driver/Src/stm32f4xx_hal_i2s.c ****                                       SPI_I2SCFGR_I2SSTD | SPI_I2SCFGR_PCMSYNC | SPI_I2SCFGR_I2SCFG
 185              		.loc 1 331 3 is_stmt 1 view .LVU54
 186 0018 2168     		ldr	r1, [r4]
 187 001a CB69     		ldr	r3, [r1, #28]
 188 001c 23F47B63 		bic	r3, r3, #4016
 189 0020 23F00F03 		bic	r3, r3, #15
 190 0024 CB61     		str	r3, [r1, #28]
 334:Drivers/STM32F4xx_HAL_Driver/Src/stm32f4xx_hal_i2s.c **** 
 191              		.loc 1 334 3 view .LVU55
 334:Drivers/STM32F4xx_HAL_Driver/Src/stm32f4xx_hal_i2s.c **** 
 192              		.loc 1 334 7 is_stmt 0 view .LVU56
 193 0026 2368     		ldr	r3, [r4]
 334:Drivers/STM32F4xx_HAL_Driver/Src/stm32f4xx_hal_i2s.c **** 
 194              		.loc 1 334 25 view .LVU57
 195 0028 1A62     		str	r2, [r3, #32]
 338:Drivers/STM32F4xx_HAL_Driver/Src/stm32f4xx_hal_i2s.c ****   {
 196              		.loc 1 338 3 is_stmt 1 view .LVU58
 338:Drivers/STM32F4xx_HAL_Driver/Src/stm32f4xx_hal_i2s.c ****   {
 197              		.loc 1 338 17 is_stmt 0 view .LVU59
 198 002a 6369     		ldr	r3, [r4, #20]
 338:Drivers/STM32F4xx_HAL_Driver/Src/stm32f4xx_hal_i2s.c ****   {
 199              		.loc 1 338 6 view .LVU60
 200 002c 9342     		cmp	r3, r2
 201 002e 69D0     		beq	.L25
 341:Drivers/STM32F4xx_HAL_Driver/Src/stm32f4xx_hal_i2s.c ****     {
 202              		.loc 1 341 5 is_stmt 1 view .LVU61
 341:Drivers/STM32F4xx_HAL_Driver/Src/stm32f4xx_hal_i2s.c ****     {
 203              		.loc 1 341 19 is_stmt 0 view .LVU62
 204 0030 E368     		ldr	r3, [r4, #12]
 341:Drivers/STM32F4xx_HAL_Driver/Src/stm32f4xx_hal_i2s.c ****     {
 205              		.loc 1 341 8 view .LVU63
 206 0032 002B     		cmp	r3, #0
 207 0034 46D1     		bne	.L26
 344:Drivers/STM32F4xx_HAL_Driver/Src/stm32f4xx_hal_i2s.c ****     }
 208              		.loc 1 344 20 view .LVU64
 209 0036 1025     		movs	r5, #16
 210              	.L14:
 211              	.LVL7:
 353:Drivers/STM32F4xx_HAL_Driver/Src/stm32f4xx_hal_i2s.c ****     {
 212              		.loc 1 353 5 is_stmt 1 view .LVU65
 353:Drivers/STM32F4xx_HAL_Driver/Src/stm32f4xx_hal_i2s.c ****     {
 213              		.loc 1 353 19 is_stmt 0 view .LVU66
 214 0038 A368     		ldr	r3, [r4, #8]
 353:Drivers/STM32F4xx_HAL_Driver/Src/stm32f4xx_hal_i2s.c ****     {
 215              		.loc 1 353 8 view .LVU67
 216 003a 202B     		cmp	r3, #32
 217 003c 00D8     		bhi	.L15
 356:Drivers/STM32F4xx_HAL_Driver/Src/stm32f4xx_hal_i2s.c ****     }
 218              		.loc 1 356 7 is_stmt 1 view .LVU68
 356:Drivers/STM32F4xx_HAL_Driver/Src/stm32f4xx_hal_i2s.c ****     }
 219              		.loc 1 356 20 is_stmt 0 view .LVU69
 220 003e 6D00     		lsls	r5, r5, #1
 221              	.LVL8:
 222              	.L15:
 370:Drivers/STM32F4xx_HAL_Driver/Src/stm32f4xx_hal_i2s.c **** #endif /* I2S_APB1_APB2_FEATURE */
ARM GAS  /tmp/ccXsv2Xt.s 			page 42


 223              		.loc 1 370 5 is_stmt 1 view .LVU70
 370:Drivers/STM32F4xx_HAL_Driver/Src/stm32f4xx_hal_i2s.c **** #endif /* I2S_APB1_APB2_FEATURE */
 224              		.loc 1 370 14 is_stmt 0 view .LVU71
 225 0040 0120     		movs	r0, #1
 226 0042 FFF7FEFF 		bl	HAL_RCCEx_GetPeriphCLKFreq
 227              	.LVL9:
 374:Drivers/STM32F4xx_HAL_Driver/Src/stm32f4xx_hal_i2s.c ****     {
 228              		.loc 1 374 5 is_stmt 1 view .LVU72
 374:Drivers/STM32F4xx_HAL_Driver/Src/stm32f4xx_hal_i2s.c ****     {
 229              		.loc 1 374 19 is_stmt 0 view .LVU73
 230 0046 2369     		ldr	r3, [r4, #16]
 374:Drivers/STM32F4xx_HAL_Driver/Src/stm32f4xx_hal_i2s.c ****     {
 231              		.loc 1 374 8 view .LVU74
 232 0048 B3F5007F 		cmp	r3, #512
 233 004c 3CD0     		beq	.L37
 389:Drivers/STM32F4xx_HAL_Driver/Src/stm32f4xx_hal_i2s.c ****     }
 234              		.loc 1 389 7 is_stmt 1 view .LVU75
 389:Drivers/STM32F4xx_HAL_Driver/Src/stm32f4xx_hal_i2s.c ****     }
 235              		.loc 1 389 35 is_stmt 0 view .LVU76
 236 004e B0FBF5F0 		udiv	r0, r0, r5
 237              	.LVL10:
 389:Drivers/STM32F4xx_HAL_Driver/Src/stm32f4xx_hal_i2s.c ****     }
 238              		.loc 1 389 51 view .LVU77
 239 0052 00EB8000 		add	r0, r0, r0, lsl #2
 240 0056 4300     		lsls	r3, r0, #1
 389:Drivers/STM32F4xx_HAL_Driver/Src/stm32f4xx_hal_i2s.c ****     }
 241              		.loc 1 389 70 view .LVU78
 242 0058 6269     		ldr	r2, [r4, #20]
 389:Drivers/STM32F4xx_HAL_Driver/Src/stm32f4xx_hal_i2s.c ****     }
 243              		.loc 1 389 58 view .LVU79
 244 005a B3FBF2F3 		udiv	r3, r3, r2
 389:Drivers/STM32F4xx_HAL_Driver/Src/stm32f4xx_hal_i2s.c ****     }
 245              		.loc 1 389 11 view .LVU80
 246 005e 0533     		adds	r3, r3, #5
 247              	.LVL11:
 248              	.L18:
 393:Drivers/STM32F4xx_HAL_Driver/Src/stm32f4xx_hal_i2s.c **** 
 249              		.loc 1 393 5 is_stmt 1 view .LVU81
 393:Drivers/STM32F4xx_HAL_Driver/Src/stm32f4xx_hal_i2s.c **** 
 250              		.loc 1 393 9 is_stmt 0 view .LVU82
 251 0060 494A     		ldr	r2, .L43
 252 0062 A2FB0323 		umull	r2, r3, r2, r3
 253              	.LVL12:
 396:Drivers/STM32F4xx_HAL_Driver/Src/stm32f4xx_hal_i2s.c **** 
 254              		.loc 1 396 5 is_stmt 1 view .LVU83
 396:Drivers/STM32F4xx_HAL_Driver/Src/stm32f4xx_hal_i2s.c **** 
 255              		.loc 1 396 12 is_stmt 0 view .LVU84
 256 0066 C3F3C002 		ubfx	r2, r3, #3, #1
 257              	.LVL13:
 399:Drivers/STM32F4xx_HAL_Driver/Src/stm32f4xx_hal_i2s.c **** 
 258              		.loc 1 399 5 is_stmt 1 view .LVU85
 399:Drivers/STM32F4xx_HAL_Driver/Src/stm32f4xx_hal_i2s.c **** 
 259              		.loc 1 399 30 is_stmt 0 view .LVU86
 260 006a C2EBD303 		rsb	r3, r2, r3, lsr #3
 261              	.LVL14:
 399:Drivers/STM32F4xx_HAL_Driver/Src/stm32f4xx_hal_i2s.c **** 
 262              		.loc 1 399 12 view .LVU87
ARM GAS  /tmp/ccXsv2Xt.s 			page 43


 263 006e 5B08     		lsrs	r3, r3, #1
 264              	.LVL15:
 402:Drivers/STM32F4xx_HAL_Driver/Src/stm32f4xx_hal_i2s.c ****   }
 265              		.loc 1 402 5 is_stmt 1 view .LVU88
 402:Drivers/STM32F4xx_HAL_Driver/Src/stm32f4xx_hal_i2s.c ****   }
 266              		.loc 1 402 12 is_stmt 0 view .LVU89
 267 0070 1102     		lsls	r1, r2, #8
 268              	.LVL16:
 412:Drivers/STM32F4xx_HAL_Driver/Src/stm32f4xx_hal_i2s.c ****   {
 269              		.loc 1 412 3 is_stmt 1 view .LVU90
 412:Drivers/STM32F4xx_HAL_Driver/Src/stm32f4xx_hal_i2s.c ****   {
 270              		.loc 1 412 21 is_stmt 0 view .LVU91
 271 0072 9A1E     		subs	r2, r3, #2
 412:Drivers/STM32F4xx_HAL_Driver/Src/stm32f4xx_hal_i2s.c ****   {
 272              		.loc 1 412 6 view .LVU92
 273 0074 FD2A     		cmp	r2, #253
 274 0076 3FD8     		bhi	.L38
 275              	.LVL17:
 276              	.L13:
 422:Drivers/STM32F4xx_HAL_Driver/Src/stm32f4xx_hal_i2s.c **** 
 277              		.loc 1 422 3 is_stmt 1 view .LVU93
 422:Drivers/STM32F4xx_HAL_Driver/Src/stm32f4xx_hal_i2s.c **** 
 278              		.loc 1 422 97 is_stmt 0 view .LVU94
 279 0078 2269     		ldr	r2, [r4, #16]
 422:Drivers/STM32F4xx_HAL_Driver/Src/stm32f4xx_hal_i2s.c **** 
 280              		.loc 1 422 57 view .LVU95
 281 007a 0A43     		orrs	r2, r2, r1
 422:Drivers/STM32F4xx_HAL_Driver/Src/stm32f4xx_hal_i2s.c **** 
 282              		.loc 1 422 7 view .LVU96
 283 007c 2168     		ldr	r1, [r4]
 422:Drivers/STM32F4xx_HAL_Driver/Src/stm32f4xx_hal_i2s.c **** 
 284              		.loc 1 422 27 view .LVU97
 285 007e 1A43     		orrs	r2, r2, r3
 422:Drivers/STM32F4xx_HAL_Driver/Src/stm32f4xx_hal_i2s.c **** 
 286              		.loc 1 422 25 view .LVU98
 287 0080 0A62     		str	r2, [r1, #32]
 426:Drivers/STM32F4xx_HAL_Driver/Src/stm32f4xx_hal_i2s.c ****                                        SPI_I2SCFGR_CKPOL | SPI_I2SCFGR_I2SSTD | \
 288              		.loc 1 426 3 is_stmt 1 view .LVU99
 289 0082 2168     		ldr	r1, [r4]
 290 0084 CB69     		ldr	r3, [r1, #28]
 291 0086 23F47B63 		bic	r3, r3, #4016
 292 008a 23F00F03 		bic	r3, r3, #15
 293 008e 6268     		ldr	r2, [r4, #4]
 294 0090 A068     		ldr	r0, [r4, #8]
 295 0092 0243     		orrs	r2, r2, r0
 296 0094 E068     		ldr	r0, [r4, #12]
 297 0096 0243     		orrs	r2, r2, r0
 298 0098 A069     		ldr	r0, [r4, #24]
 299 009a 0243     		orrs	r2, r2, r0
 300 009c 1343     		orrs	r3, r3, r2
 301 009e 43F40063 		orr	r3, r3, #2048
 302 00a2 CB61     		str	r3, [r1, #28]
 445:Drivers/STM32F4xx_HAL_Driver/Src/stm32f4xx_hal_i2s.c **** 
 303              		.loc 1 445 3 view .LVU100
 447:Drivers/STM32F4xx_HAL_Driver/Src/stm32f4xx_hal_i2s.c ****   {
 304              		.loc 1 447 3 view .LVU101
 447:Drivers/STM32F4xx_HAL_Driver/Src/stm32f4xx_hal_i2s.c ****   {
ARM GAS  /tmp/ccXsv2Xt.s 			page 44


 305              		.loc 1 447 17 is_stmt 0 view .LVU102
 306 00a4 236A     		ldr	r3, [r4, #32]
 447:Drivers/STM32F4xx_HAL_Driver/Src/stm32f4xx_hal_i2s.c ****   {
 307              		.loc 1 447 6 view .LVU103
 308 00a6 012B     		cmp	r3, #1
 309 00a8 2ED0     		beq	.L39
 310              	.L19:
 483:Drivers/STM32F4xx_HAL_Driver/Src/stm32f4xx_hal_i2s.c ****   hi2s->State     = HAL_I2S_STATE_READY;
 311              		.loc 1 483 3 is_stmt 1 view .LVU104
 483:Drivers/STM32F4xx_HAL_Driver/Src/stm32f4xx_hal_i2s.c ****   hi2s->State     = HAL_I2S_STATE_READY;
 312              		.loc 1 483 19 is_stmt 0 view .LVU105
 313 00aa 0020     		movs	r0, #0
 314 00ac 6064     		str	r0, [r4, #68]
 484:Drivers/STM32F4xx_HAL_Driver/Src/stm32f4xx_hal_i2s.c **** 
 315              		.loc 1 484 3 is_stmt 1 view .LVU106
 484:Drivers/STM32F4xx_HAL_Driver/Src/stm32f4xx_hal_i2s.c **** 
 316              		.loc 1 484 19 is_stmt 0 view .LVU107
 317 00ae 0123     		movs	r3, #1
 318 00b0 84F84130 		strb	r3, [r4, #65]
 486:Drivers/STM32F4xx_HAL_Driver/Src/stm32f4xx_hal_i2s.c **** }
 319              		.loc 1 486 3 is_stmt 1 view .LVU108
 320              	.L11:
 487:Drivers/STM32F4xx_HAL_Driver/Src/stm32f4xx_hal_i2s.c **** 
 321              		.loc 1 487 1 is_stmt 0 view .LVU109
 322 00b4 38BD     		pop	{r3, r4, r5, pc}
 323              	.LVL18:
 324              	.L36:
 295:Drivers/STM32F4xx_HAL_Driver/Src/stm32f4xx_hal_i2s.c **** 
 325              		.loc 1 295 5 is_stmt 1 view .LVU110
 295:Drivers/STM32F4xx_HAL_Driver/Src/stm32f4xx_hal_i2s.c **** 
 326              		.loc 1 295 16 is_stmt 0 view .LVU111
 327 00b6 80F84030 		strb	r3, [r0, #64]
 298:Drivers/STM32F4xx_HAL_Driver/Src/stm32f4xx_hal_i2s.c **** 
 328              		.loc 1 298 5 is_stmt 1 view .LVU112
 298:Drivers/STM32F4xx_HAL_Driver/Src/stm32f4xx_hal_i2s.c **** 
 329              		.loc 1 298 25 is_stmt 0 view .LVU113
 330 00ba 344B     		ldr	r3, .L43+4
 331 00bc 4363     		str	r3, [r0, #52]
 323:Drivers/STM32F4xx_HAL_Driver/Src/stm32f4xx_hal_i2s.c **** #endif /* USE_HAL_I2S_REGISTER_CALLBACKS */
 332              		.loc 1 323 5 is_stmt 1 view .LVU114
 333 00be FFF7FEFF 		bl	HAL_I2S_MspInit
 334              	.LVL19:
 323:Drivers/STM32F4xx_HAL_Driver/Src/stm32f4xx_hal_i2s.c **** #endif /* USE_HAL_I2S_REGISTER_CALLBACKS */
 335              		.loc 1 323 5 is_stmt 0 view .LVU115
 336 00c2 A6E7     		b	.L12
 337              	.L26:
 349:Drivers/STM32F4xx_HAL_Driver/Src/stm32f4xx_hal_i2s.c ****     }
 338              		.loc 1 349 20 view .LVU116
 339 00c4 2025     		movs	r5, #32
 340 00c6 B7E7     		b	.L14
 341              	.LVL20:
 342              	.L37:
 377:Drivers/STM32F4xx_HAL_Driver/Src/stm32f4xx_hal_i2s.c ****       {
 343              		.loc 1 377 7 is_stmt 1 view .LVU117
 377:Drivers/STM32F4xx_HAL_Driver/Src/stm32f4xx_hal_i2s.c ****       {
 344              		.loc 1 377 21 is_stmt 0 view .LVU118
 345 00c8 E368     		ldr	r3, [r4, #12]
ARM GAS  /tmp/ccXsv2Xt.s 			page 45


 377:Drivers/STM32F4xx_HAL_Driver/Src/stm32f4xx_hal_i2s.c ****       {
 346              		.loc 1 377 10 view .LVU119
 347 00ca 53B1     		cbz	r3, .L17
 379:Drivers/STM32F4xx_HAL_Driver/Src/stm32f4xx_hal_i2s.c ****       }
 348              		.loc 1 379 9 is_stmt 1 view .LVU120
 379:Drivers/STM32F4xx_HAL_Driver/Src/stm32f4xx_hal_i2s.c ****       }
 349              		.loc 1 379 53 is_stmt 0 view .LVU121
 350 00cc AD00     		lsls	r5, r5, #2
 351              	.LVL21:
 379:Drivers/STM32F4xx_HAL_Driver/Src/stm32f4xx_hal_i2s.c ****       }
 352              		.loc 1 379 37 view .LVU122
 353 00ce B0FBF5F0 		udiv	r0, r0, r5
 354              	.LVL22:
 379:Drivers/STM32F4xx_HAL_Driver/Src/stm32f4xx_hal_i2s.c ****       }
 355              		.loc 1 379 60 view .LVU123
 356 00d2 00EB8000 		add	r0, r0, r0, lsl #2
 357 00d6 4300     		lsls	r3, r0, #1
 379:Drivers/STM32F4xx_HAL_Driver/Src/stm32f4xx_hal_i2s.c ****       }
 358              		.loc 1 379 79 view .LVU124
 359 00d8 6269     		ldr	r2, [r4, #20]
 379:Drivers/STM32F4xx_HAL_Driver/Src/stm32f4xx_hal_i2s.c ****       }
 360              		.loc 1 379 67 view .LVU125
 361 00da B3FBF2F3 		udiv	r3, r3, r2
 379:Drivers/STM32F4xx_HAL_Driver/Src/stm32f4xx_hal_i2s.c ****       }
 362              		.loc 1 379 13 view .LVU126
 363 00de 0533     		adds	r3, r3, #5
 364              	.LVL23:
 379:Drivers/STM32F4xx_HAL_Driver/Src/stm32f4xx_hal_i2s.c ****       }
 365              		.loc 1 379 13 view .LVU127
 366 00e0 BEE7     		b	.L18
 367              	.LVL24:
 368              	.L17:
 383:Drivers/STM32F4xx_HAL_Driver/Src/stm32f4xx_hal_i2s.c ****       }
 369              		.loc 1 383 9 is_stmt 1 view .LVU128
 383:Drivers/STM32F4xx_HAL_Driver/Src/stm32f4xx_hal_i2s.c ****       }
 370              		.loc 1 383 53 is_stmt 0 view .LVU129
 371 00e2 ED00     		lsls	r5, r5, #3
 372              	.LVL25:
 383:Drivers/STM32F4xx_HAL_Driver/Src/stm32f4xx_hal_i2s.c ****       }
 373              		.loc 1 383 37 view .LVU130
 374 00e4 B0FBF5F0 		udiv	r0, r0, r5
 375              	.LVL26:
 383:Drivers/STM32F4xx_HAL_Driver/Src/stm32f4xx_hal_i2s.c ****       }
 376              		.loc 1 383 60 view .LVU131
 377 00e8 00EB8000 		add	r0, r0, r0, lsl #2
 378 00ec 4300     		lsls	r3, r0, #1
 383:Drivers/STM32F4xx_HAL_Driver/Src/stm32f4xx_hal_i2s.c ****       }
 379              		.loc 1 383 79 view .LVU132
 380 00ee 6269     		ldr	r2, [r4, #20]
 383:Drivers/STM32F4xx_HAL_Driver/Src/stm32f4xx_hal_i2s.c ****       }
 381              		.loc 1 383 67 view .LVU133
 382 00f0 B3FBF2F3 		udiv	r3, r3, r2
 383:Drivers/STM32F4xx_HAL_Driver/Src/stm32f4xx_hal_i2s.c ****       }
 383              		.loc 1 383 13 view .LVU134
 384 00f4 0533     		adds	r3, r3, #5
 385              	.LVL27:
 383:Drivers/STM32F4xx_HAL_Driver/Src/stm32f4xx_hal_i2s.c ****       }
ARM GAS  /tmp/ccXsv2Xt.s 			page 46


 386              		.loc 1 383 13 view .LVU135
 387 00f6 B3E7     		b	.L18
 388              	.LVL28:
 389              	.L38:
 415:Drivers/STM32F4xx_HAL_Driver/Src/stm32f4xx_hal_i2s.c ****     return  HAL_ERROR;
 390              		.loc 1 415 5 is_stmt 1 view .LVU136
 391 00f8 636C     		ldr	r3, [r4, #68]
 392              	.LVL29:
 415:Drivers/STM32F4xx_HAL_Driver/Src/stm32f4xx_hal_i2s.c ****     return  HAL_ERROR;
 393              		.loc 1 415 5 is_stmt 0 view .LVU137
 394 00fa 43F01003 		orr	r3, r3, #16
 395 00fe 6364     		str	r3, [r4, #68]
 416:Drivers/STM32F4xx_HAL_Driver/Src/stm32f4xx_hal_i2s.c ****   }
 396              		.loc 1 416 5 is_stmt 1 view .LVU138
 416:Drivers/STM32F4xx_HAL_Driver/Src/stm32f4xx_hal_i2s.c ****   }
 397              		.loc 1 416 13 is_stmt 0 view .LVU139
 398 0100 0120     		movs	r0, #1
 399 0102 D7E7     		b	.L11
 400              	.LVL30:
 401              	.L25:
 408:Drivers/STM32F4xx_HAL_Driver/Src/stm32f4xx_hal_i2s.c ****   }
 402              		.loc 1 408 12 view .LVU140
 403 0104 0021     		movs	r1, #0
 404 0106 B7E7     		b	.L13
 405              	.L39:
 450:Drivers/STM32F4xx_HAL_Driver/Src/stm32f4xx_hal_i2s.c **** 
 406              		.loc 1 450 5 is_stmt 1 view .LVU141
 450:Drivers/STM32F4xx_HAL_Driver/Src/stm32f4xx_hal_i2s.c **** 
 407              		.loc 1 450 25 is_stmt 0 view .LVU142
 408 0108 214B     		ldr	r3, .L43+8
 409 010a 6363     		str	r3, [r4, #52]
 453:Drivers/STM32F4xx_HAL_Driver/Src/stm32f4xx_hal_i2s.c ****                                                  SPI_I2SCFGR_I2SSTD | SPI_I2SCFGR_PCMSYNC | SPI_I2S
 410              		.loc 1 453 5 is_stmt 1 view .LVU143
 411 010c 2268     		ldr	r2, [r4]
 412 010e 214B     		ldr	r3, .L43+12
 413 0110 9A42     		cmp	r2, r3
 414 0112 1FD0     		beq	.L40
 453:Drivers/STM32F4xx_HAL_Driver/Src/stm32f4xx_hal_i2s.c ****                                                  SPI_I2SCFGR_I2SSTD | SPI_I2SCFGR_PCMSYNC | SPI_I2S
 415              		.loc 1 453 5 is_stmt 0 discriminator 2 view .LVU144
 416 0114 4FF04022 		mov	r2, #1073758208
 417              	.L20:
 453:Drivers/STM32F4xx_HAL_Driver/Src/stm32f4xx_hal_i2s.c ****                                                  SPI_I2SCFGR_I2SSTD | SPI_I2SCFGR_PCMSYNC | SPI_I2S
 418              		.loc 1 453 5 discriminator 4 view .LVU145
 419 0118 D369     		ldr	r3, [r2, #28]
 453:Drivers/STM32F4xx_HAL_Driver/Src/stm32f4xx_hal_i2s.c ****                                                  SPI_I2SCFGR_I2SSTD | SPI_I2SCFGR_PCMSYNC | SPI_I2S
 420              		.loc 1 453 5 discriminator 8 view .LVU146
 421 011a 23F47B63 		bic	r3, r3, #4016
 422 011e 23F00F03 		bic	r3, r3, #15
 423 0122 D361     		str	r3, [r2, #28]
 456:Drivers/STM32F4xx_HAL_Driver/Src/stm32f4xx_hal_i2s.c **** 
 424              		.loc 1 456 5 is_stmt 1 view .LVU147
 425 0124 2268     		ldr	r2, [r4]
 426 0126 1B4B     		ldr	r3, .L43+12
 427 0128 9A42     		cmp	r2, r3
 428 012a 15D0     		beq	.L41
 456:Drivers/STM32F4xx_HAL_Driver/Src/stm32f4xx_hal_i2s.c **** 
 429              		.loc 1 456 5 is_stmt 0 discriminator 2 view .LVU148
ARM GAS  /tmp/ccXsv2Xt.s 			page 47


 430 012c 4FF04022 		mov	r2, #1073758208
 431              	.L21:
 456:Drivers/STM32F4xx_HAL_Driver/Src/stm32f4xx_hal_i2s.c **** 
 432              		.loc 1 456 36 discriminator 4 view .LVU149
 433 0130 0223     		movs	r3, #2
 434 0132 1362     		str	r3, [r2, #32]
 459:Drivers/STM32F4xx_HAL_Driver/Src/stm32f4xx_hal_i2s.c **** 
 435              		.loc 1 459 5 is_stmt 1 view .LVU150
 459:Drivers/STM32F4xx_HAL_Driver/Src/stm32f4xx_hal_i2s.c **** 
 436              		.loc 1 459 14 is_stmt 0 view .LVU151
 437 0134 2268     		ldr	r2, [r4]
 438 0136 174B     		ldr	r3, .L43+12
 439 0138 9A42     		cmp	r2, r3
 440 013a 0FD0     		beq	.L42
 459:Drivers/STM32F4xx_HAL_Driver/Src/stm32f4xx_hal_i2s.c **** 
 441              		.loc 1 459 14 discriminator 2 view .LVU152
 442 013c 4FF04025 		mov	r5, #1073758208
 443              	.L22:
 459:Drivers/STM32F4xx_HAL_Driver/Src/stm32f4xx_hal_i2s.c **** 
 444              		.loc 1 459 37 discriminator 4 view .LVU153
 445 0140 EB69     		ldr	r3, [r5, #28]
 459:Drivers/STM32F4xx_HAL_Driver/Src/stm32f4xx_hal_i2s.c **** 
 446              		.loc 1 459 12 discriminator 4 view .LVU154
 447 0142 9BB2     		uxth	r3, r3
 448              	.LVL31:
 462:Drivers/STM32F4xx_HAL_Driver/Src/stm32f4xx_hal_i2s.c ****     {
 449              		.loc 1 462 5 is_stmt 1 view .LVU155
 462:Drivers/STM32F4xx_HAL_Driver/Src/stm32f4xx_hal_i2s.c ****     {
 450              		.loc 1 462 20 is_stmt 0 view .LVU156
 451 0144 6268     		ldr	r2, [r4, #4]
 462:Drivers/STM32F4xx_HAL_Driver/Src/stm32f4xx_hal_i2s.c ****     {
 452              		.loc 1 462 8 view .LVU157
 453 0146 B2F5007F 		cmp	r2, #512
 454 014a 09D0     		beq	.L30
 462:Drivers/STM32F4xx_HAL_Driver/Src/stm32f4xx_hal_i2s.c ****     {
 455              		.loc 1 462 49 discriminator 1 view .LVU158
 456 014c BAB9     		cbnz	r2, .L31
 464:Drivers/STM32F4xx_HAL_Driver/Src/stm32f4xx_hal_i2s.c ****     }
 457              		.loc 1 464 11 view .LVU159
 458 014e 4FF48070 		mov	r0, #256
 459 0152 07E0     		b	.L23
 460              	.LVL32:
 461              	.L40:
 453:Drivers/STM32F4xx_HAL_Driver/Src/stm32f4xx_hal_i2s.c ****                                                  SPI_I2SCFGR_I2SSTD | SPI_I2SCFGR_PCMSYNC | SPI_I2S
 462              		.loc 1 453 5 discriminator 1 view .LVU160
 463 0154 104A     		ldr	r2, .L43+16
 464 0156 DFE7     		b	.L20
 465              	.L41:
 456:Drivers/STM32F4xx_HAL_Driver/Src/stm32f4xx_hal_i2s.c **** 
 466              		.loc 1 456 5 discriminator 1 view .LVU161
 467 0158 0F4A     		ldr	r2, .L43+16
 468 015a E9E7     		b	.L21
 469              	.L42:
 459:Drivers/STM32F4xx_HAL_Driver/Src/stm32f4xx_hal_i2s.c **** 
 470              		.loc 1 459 14 discriminator 1 view .LVU162
 471 015c 0E4D     		ldr	r5, .L43+16
 472 015e EFE7     		b	.L22
ARM GAS  /tmp/ccXsv2Xt.s 			page 48


 473              	.LVL33:
 474              	.L30:
 464:Drivers/STM32F4xx_HAL_Driver/Src/stm32f4xx_hal_i2s.c ****     }
 475              		.loc 1 464 11 view .LVU163
 476 0160 4FF48070 		mov	r0, #256
 477              	.L23:
 478              	.LVL34:
 472:Drivers/STM32F4xx_HAL_Driver/Src/stm32f4xx_hal_i2s.c ****                          (uint16_t)tmp                   | \
 479              		.loc 1 472 5 is_stmt 1 view .LVU164
 474:Drivers/STM32F4xx_HAL_Driver/Src/stm32f4xx_hal_i2s.c ****                          (uint16_t)hi2s->Init.DataFormat | \
 480              		.loc 1 474 26 is_stmt 0 view .LVU165
 481 0164 B4F808C0 		ldrh	ip, [r4, #8]
 475:Drivers/STM32F4xx_HAL_Driver/Src/stm32f4xx_hal_i2s.c ****                          (uint16_t)hi2s->Init.CPOL);
 482              		.loc 1 475 26 view .LVU166
 483 0168 A189     		ldrh	r1, [r4, #12]
 476:Drivers/STM32F4xx_HAL_Driver/Src/stm32f4xx_hal_i2s.c **** 
 484              		.loc 1 476 26 view .LVU167
 485 016a 228B     		ldrh	r2, [r4, #24]
 472:Drivers/STM32F4xx_HAL_Driver/Src/stm32f4xx_hal_i2s.c ****                          (uint16_t)tmp                   | \
 486              		.loc 1 472 12 view .LVU168
 487 016c 40EA0C00 		orr	r0, r0, ip
 488              	.LVL35:
 472:Drivers/STM32F4xx_HAL_Driver/Src/stm32f4xx_hal_i2s.c ****                          (uint16_t)tmp                   | \
 489              		.loc 1 472 12 view .LVU169
 490 0170 0143     		orrs	r1, r1, r0
 491 0172 0A43     		orrs	r2, r2, r1
 492 0174 1343     		orrs	r3, r3, r2
 493              	.LVL36:
 472:Drivers/STM32F4xx_HAL_Driver/Src/stm32f4xx_hal_i2s.c ****                          (uint16_t)tmp                   | \
 494              		.loc 1 472 12 view .LVU170
 495 0176 43F40063 		orr	r3, r3, #2048
 496              	.LVL37:
 479:Drivers/STM32F4xx_HAL_Driver/Src/stm32f4xx_hal_i2s.c ****   }
 497              		.loc 1 479 5 is_stmt 1 view .LVU171
 479:Drivers/STM32F4xx_HAL_Driver/Src/stm32f4xx_hal_i2s.c ****   }
 498              		.loc 1 479 5 is_stmt 0 discriminator 4 view .LVU172
 499 017a EB61     		str	r3, [r5, #28]
 500 017c 95E7     		b	.L19
 501              	.LVL38:
 502              	.L31:
 468:Drivers/STM32F4xx_HAL_Driver/Src/stm32f4xx_hal_i2s.c ****     }
 503              		.loc 1 468 11 view .LVU173
 504 017e 0020     		movs	r0, #0
 505 0180 F0E7     		b	.L23
 506              	.LVL39:
 507              	.L24:
 508              	.LCFI2:
 509              		.cfi_def_cfa_offset 0
 510              		.cfi_restore 3
 511              		.cfi_restore 4
 512              		.cfi_restore 5
 513              		.cfi_restore 14
 279:Drivers/STM32F4xx_HAL_Driver/Src/stm32f4xx_hal_i2s.c ****   }
 514              		.loc 1 279 12 view .LVU174
 515 0182 0120     		movs	r0, #1
 516              	.LVL40:
 487:Drivers/STM32F4xx_HAL_Driver/Src/stm32f4xx_hal_i2s.c **** 
ARM GAS  /tmp/ccXsv2Xt.s 			page 49


 517              		.loc 1 487 1 view .LVU175
 518 0184 7047     		bx	lr
 519              	.L44:
 520 0186 00BF     		.align	2
 521              	.L43:
 522 0188 CDCCCCCC 		.word	-858993459
 523 018c 00000000 		.word	I2S_IRQHandler
 524 0190 00000000 		.word	HAL_I2SEx_FullDuplex_IRQHandler
 525 0194 00380040 		.word	1073756160
 526 0198 00340040 		.word	1073755136
 527              		.cfi_endproc
 528              	.LFE239:
 530              		.section	.text.HAL_I2S_MspDeInit,"ax",%progbits
 531              		.align	1
 532              		.weak	HAL_I2S_MspDeInit
 533              		.syntax unified
 534              		.thumb
 535              		.thumb_func
 537              	HAL_I2S_MspDeInit:
 538              	.LVL41:
 539              	.LFB242:
 556:Drivers/STM32F4xx_HAL_Driver/Src/stm32f4xx_hal_i2s.c ****   /* Prevent unused argument(s) compilation warning */
 540              		.loc 1 556 1 is_stmt 1 view -0
 541              		.cfi_startproc
 542              		@ args = 0, pretend = 0, frame = 0
 543              		@ frame_needed = 0, uses_anonymous_args = 0
 544              		@ link register save eliminated.
 558:Drivers/STM32F4xx_HAL_Driver/Src/stm32f4xx_hal_i2s.c **** 
 545              		.loc 1 558 3 view .LVU177
 563:Drivers/STM32F4xx_HAL_Driver/Src/stm32f4xx_hal_i2s.c **** 
 546              		.loc 1 563 1 is_stmt 0 view .LVU178
 547 0000 7047     		bx	lr
 548              		.cfi_endproc
 549              	.LFE242:
 551              		.section	.text.HAL_I2S_DeInit,"ax",%progbits
 552              		.align	1
 553              		.global	HAL_I2S_DeInit
 554              		.syntax unified
 555              		.thumb
 556              		.thumb_func
 558              	HAL_I2S_DeInit:
 559              	.LVL42:
 560              	.LFB240:
 496:Drivers/STM32F4xx_HAL_Driver/Src/stm32f4xx_hal_i2s.c ****   /* Check the I2S handle allocation */
 561              		.loc 1 496 1 is_stmt 1 view -0
 562              		.cfi_startproc
 563              		@ args = 0, pretend = 0, frame = 0
 564              		@ frame_needed = 0, uses_anonymous_args = 0
 498:Drivers/STM32F4xx_HAL_Driver/Src/stm32f4xx_hal_i2s.c ****   {
 565              		.loc 1 498 3 view .LVU180
 498:Drivers/STM32F4xx_HAL_Driver/Src/stm32f4xx_hal_i2s.c ****   {
 566              		.loc 1 498 6 is_stmt 0 view .LVU181
 567 0000 90B1     		cbz	r0, .L48
 496:Drivers/STM32F4xx_HAL_Driver/Src/stm32f4xx_hal_i2s.c ****   /* Check the I2S handle allocation */
 568              		.loc 1 496 1 view .LVU182
 569 0002 10B5     		push	{r4, lr}
 570              	.LCFI3:
ARM GAS  /tmp/ccXsv2Xt.s 			page 50


 571              		.cfi_def_cfa_offset 8
 572              		.cfi_offset 4, -8
 573              		.cfi_offset 14, -4
 574 0004 0446     		mov	r4, r0
 504:Drivers/STM32F4xx_HAL_Driver/Src/stm32f4xx_hal_i2s.c **** 
 575              		.loc 1 504 3 is_stmt 1 view .LVU183
 506:Drivers/STM32F4xx_HAL_Driver/Src/stm32f4xx_hal_i2s.c **** 
 576              		.loc 1 506 3 view .LVU184
 506:Drivers/STM32F4xx_HAL_Driver/Src/stm32f4xx_hal_i2s.c **** 
 577              		.loc 1 506 15 is_stmt 0 view .LVU185
 578 0006 0223     		movs	r3, #2
 579 0008 80F84130 		strb	r3, [r0, #65]
 509:Drivers/STM32F4xx_HAL_Driver/Src/stm32f4xx_hal_i2s.c **** 
 580              		.loc 1 509 3 is_stmt 1 view .LVU186
 581 000c 0268     		ldr	r2, [r0]
 582 000e D369     		ldr	r3, [r2, #28]
 583 0010 23F48063 		bic	r3, r3, #1024
 584 0014 D361     		str	r3, [r2, #28]
 521:Drivers/STM32F4xx_HAL_Driver/Src/stm32f4xx_hal_i2s.c **** #endif /* USE_HAL_I2S_REGISTER_CALLBACKS */
 585              		.loc 1 521 3 view .LVU187
 586 0016 FFF7FEFF 		bl	HAL_I2S_MspDeInit
 587              	.LVL43:
 524:Drivers/STM32F4xx_HAL_Driver/Src/stm32f4xx_hal_i2s.c ****   hi2s->State     = HAL_I2S_STATE_RESET;
 588              		.loc 1 524 3 view .LVU188
 524:Drivers/STM32F4xx_HAL_Driver/Src/stm32f4xx_hal_i2s.c ****   hi2s->State     = HAL_I2S_STATE_RESET;
 589              		.loc 1 524 19 is_stmt 0 view .LVU189
 590 001a 0020     		movs	r0, #0
 591 001c 6064     		str	r0, [r4, #68]
 525:Drivers/STM32F4xx_HAL_Driver/Src/stm32f4xx_hal_i2s.c **** 
 592              		.loc 1 525 3 is_stmt 1 view .LVU190
 525:Drivers/STM32F4xx_HAL_Driver/Src/stm32f4xx_hal_i2s.c **** 
 593              		.loc 1 525 19 is_stmt 0 view .LVU191
 594 001e 84F84100 		strb	r0, [r4, #65]
 528:Drivers/STM32F4xx_HAL_Driver/Src/stm32f4xx_hal_i2s.c **** 
 595              		.loc 1 528 3 is_stmt 1 view .LVU192
 528:Drivers/STM32F4xx_HAL_Driver/Src/stm32f4xx_hal_i2s.c **** 
 596              		.loc 1 528 3 view .LVU193
 597 0022 84F84000 		strb	r0, [r4, #64]
 528:Drivers/STM32F4xx_HAL_Driver/Src/stm32f4xx_hal_i2s.c **** 
 598              		.loc 1 528 3 view .LVU194
 530:Drivers/STM32F4xx_HAL_Driver/Src/stm32f4xx_hal_i2s.c **** }
 599              		.loc 1 530 3 view .LVU195
 531:Drivers/STM32F4xx_HAL_Driver/Src/stm32f4xx_hal_i2s.c **** 
 600              		.loc 1 531 1 is_stmt 0 view .LVU196
 601 0026 10BD     		pop	{r4, pc}
 602              	.LVL44:
 603              	.L48:
 604              	.LCFI4:
 605              		.cfi_def_cfa_offset 0
 606              		.cfi_restore 4
 607              		.cfi_restore 14
 500:Drivers/STM32F4xx_HAL_Driver/Src/stm32f4xx_hal_i2s.c ****   }
 608              		.loc 1 500 12 view .LVU197
 609 0028 0120     		movs	r0, #1
 610              	.LVL45:
 531:Drivers/STM32F4xx_HAL_Driver/Src/stm32f4xx_hal_i2s.c **** 
 611              		.loc 1 531 1 view .LVU198
ARM GAS  /tmp/ccXsv2Xt.s 			page 51


 612 002a 7047     		bx	lr
 613              		.cfi_endproc
 614              	.LFE240:
 616              		.section	.text.HAL_I2S_Transmit,"ax",%progbits
 617              		.align	1
 618              		.global	HAL_I2S_Transmit
 619              		.syntax unified
 620              		.thumb
 621              		.thumb_func
 623              	HAL_I2S_Transmit:
 624              	.LVL46:
 625              	.LFB243:
 843:Drivers/STM32F4xx_HAL_Driver/Src/stm32f4xx_hal_i2s.c ****   uint32_t tmpreg_cfgr;
 626              		.loc 1 843 1 is_stmt 1 view -0
 627              		.cfi_startproc
 628              		@ args = 0, pretend = 0, frame = 8
 629              		@ frame_needed = 0, uses_anonymous_args = 0
 843:Drivers/STM32F4xx_HAL_Driver/Src/stm32f4xx_hal_i2s.c ****   uint32_t tmpreg_cfgr;
 630              		.loc 1 843 1 is_stmt 0 view .LVU200
 631 0000 2DE9F041 		push	{r4, r5, r6, r7, r8, lr}
 632              	.LCFI5:
 633              		.cfi_def_cfa_offset 24
 634              		.cfi_offset 4, -24
 635              		.cfi_offset 5, -20
 636              		.cfi_offset 6, -16
 637              		.cfi_offset 7, -12
 638              		.cfi_offset 8, -8
 639              		.cfi_offset 14, -4
 640 0004 82B0     		sub	sp, sp, #8
 641              	.LCFI6:
 642              		.cfi_def_cfa_offset 32
 844:Drivers/STM32F4xx_HAL_Driver/Src/stm32f4xx_hal_i2s.c **** 
 643              		.loc 1 844 3 is_stmt 1 view .LVU201
 846:Drivers/STM32F4xx_HAL_Driver/Src/stm32f4xx_hal_i2s.c ****   {
 644              		.loc 1 846 3 view .LVU202
 846:Drivers/STM32F4xx_HAL_Driver/Src/stm32f4xx_hal_i2s.c ****   {
 645              		.loc 1 846 6 is_stmt 0 view .LVU203
 646 0006 0029     		cmp	r1, #0
 647 0008 00F09680 		beq	.L65
 648 000c 0446     		mov	r4, r0
 649 000e 1D46     		mov	r5, r3
 846:Drivers/STM32F4xx_HAL_Driver/Src/stm32f4xx_hal_i2s.c ****   {
 650              		.loc 1 846 23 discriminator 1 view .LVU204
 651 0010 002A     		cmp	r2, #0
 652 0012 00F09380 		beq	.L66
 851:Drivers/STM32F4xx_HAL_Driver/Src/stm32f4xx_hal_i2s.c ****   {
 653              		.loc 1 851 3 is_stmt 1 view .LVU205
 851:Drivers/STM32F4xx_HAL_Driver/Src/stm32f4xx_hal_i2s.c ****   {
 654              		.loc 1 851 11 is_stmt 0 view .LVU206
 655 0016 94F84130 		ldrb	r3, [r4, #65]	@ zero_extendqisi2
 656              	.LVL47:
 851:Drivers/STM32F4xx_HAL_Driver/Src/stm32f4xx_hal_i2s.c ****   {
 657              		.loc 1 851 11 view .LVU207
 658 001a DEB2     		uxtb	r6, r3
 851:Drivers/STM32F4xx_HAL_Driver/Src/stm32f4xx_hal_i2s.c ****   {
 659              		.loc 1 851 6 view .LVU208
 660 001c 012B     		cmp	r3, #1
ARM GAS  /tmp/ccXsv2Xt.s 			page 52


 661 001e 40F09280 		bne	.L67
 857:Drivers/STM32F4xx_HAL_Driver/Src/stm32f4xx_hal_i2s.c **** 
 662              		.loc 1 857 3 is_stmt 1 view .LVU209
 857:Drivers/STM32F4xx_HAL_Driver/Src/stm32f4xx_hal_i2s.c **** 
 663              		.loc 1 857 3 view .LVU210
 664 0022 94F84030 		ldrb	r3, [r4, #64]	@ zero_extendqisi2
 665 0026 012B     		cmp	r3, #1
 666 0028 00F08F80 		beq	.L68
 857:Drivers/STM32F4xx_HAL_Driver/Src/stm32f4xx_hal_i2s.c **** 
 667              		.loc 1 857 3 discriminator 2 view .LVU211
 668 002c 0123     		movs	r3, #1
 669 002e 84F84030 		strb	r3, [r4, #64]
 857:Drivers/STM32F4xx_HAL_Driver/Src/stm32f4xx_hal_i2s.c **** 
 670              		.loc 1 857 3 view .LVU212
 860:Drivers/STM32F4xx_HAL_Driver/Src/stm32f4xx_hal_i2s.c ****   hi2s->ErrorCode = HAL_I2S_ERROR_NONE;
 671              		.loc 1 860 3 view .LVU213
 860:Drivers/STM32F4xx_HAL_Driver/Src/stm32f4xx_hal_i2s.c ****   hi2s->ErrorCode = HAL_I2S_ERROR_NONE;
 672              		.loc 1 860 15 is_stmt 0 view .LVU214
 673 0032 0323     		movs	r3, #3
 674 0034 84F84130 		strb	r3, [r4, #65]
 861:Drivers/STM32F4xx_HAL_Driver/Src/stm32f4xx_hal_i2s.c ****   hi2s->pTxBuffPtr = pData;
 675              		.loc 1 861 3 is_stmt 1 view .LVU215
 861:Drivers/STM32F4xx_HAL_Driver/Src/stm32f4xx_hal_i2s.c ****   hi2s->pTxBuffPtr = pData;
 676              		.loc 1 861 19 is_stmt 0 view .LVU216
 677 0038 0023     		movs	r3, #0
 678 003a 6364     		str	r3, [r4, #68]
 862:Drivers/STM32F4xx_HAL_Driver/Src/stm32f4xx_hal_i2s.c **** 
 679              		.loc 1 862 3 is_stmt 1 view .LVU217
 862:Drivers/STM32F4xx_HAL_Driver/Src/stm32f4xx_hal_i2s.c **** 
 680              		.loc 1 862 20 is_stmt 0 view .LVU218
 681 003c 6162     		str	r1, [r4, #36]
 864:Drivers/STM32F4xx_HAL_Driver/Src/stm32f4xx_hal_i2s.c **** 
 682              		.loc 1 864 3 is_stmt 1 view .LVU219
 864:Drivers/STM32F4xx_HAL_Driver/Src/stm32f4xx_hal_i2s.c **** 
 683              		.loc 1 864 21 is_stmt 0 view .LVU220
 684 003e 2368     		ldr	r3, [r4]
 864:Drivers/STM32F4xx_HAL_Driver/Src/stm32f4xx_hal_i2s.c **** 
 685              		.loc 1 864 31 view .LVU221
 686 0040 D969     		ldr	r1, [r3, #28]
 687              	.LVL48:
 864:Drivers/STM32F4xx_HAL_Driver/Src/stm32f4xx_hal_i2s.c **** 
 688              		.loc 1 864 15 view .LVU222
 689 0042 01F00701 		and	r1, r1, #7
 690              	.LVL49:
 866:Drivers/STM32F4xx_HAL_Driver/Src/stm32f4xx_hal_i2s.c ****   {
 691              		.loc 1 866 3 is_stmt 1 view .LVU223
 866:Drivers/STM32F4xx_HAL_Driver/Src/stm32f4xx_hal_i2s.c ****   {
 692              		.loc 1 866 6 is_stmt 0 view .LVU224
 693 0046 0329     		cmp	r1, #3
 694 0048 04D0     		beq	.L55
 866:Drivers/STM32F4xx_HAL_Driver/Src/stm32f4xx_hal_i2s.c ****   {
 695              		.loc 1 866 43 discriminator 1 view .LVU225
 696 004a 0529     		cmp	r1, #5
 697 004c 02D0     		beq	.L55
 873:Drivers/STM32F4xx_HAL_Driver/Src/stm32f4xx_hal_i2s.c ****     hi2s->TxXferCount = Size;
 698              		.loc 1 873 5 is_stmt 1 view .LVU226
 873:Drivers/STM32F4xx_HAL_Driver/Src/stm32f4xx_hal_i2s.c ****     hi2s->TxXferCount = Size;
ARM GAS  /tmp/ccXsv2Xt.s 			page 53


 699              		.loc 1 873 22 is_stmt 0 view .LVU227
 700 004e 2285     		strh	r2, [r4, #40]	@ movhi
 874:Drivers/STM32F4xx_HAL_Driver/Src/stm32f4xx_hal_i2s.c ****   }
 701              		.loc 1 874 5 is_stmt 1 view .LVU228
 874:Drivers/STM32F4xx_HAL_Driver/Src/stm32f4xx_hal_i2s.c ****   }
 702              		.loc 1 874 23 is_stmt 0 view .LVU229
 703 0050 6285     		strh	r2, [r4, #42]	@ movhi
 704 0052 03E0     		b	.L57
 705              	.L55:
 868:Drivers/STM32F4xx_HAL_Driver/Src/stm32f4xx_hal_i2s.c ****     hi2s->TxXferCount = (Size << 1U);
 706              		.loc 1 868 5 is_stmt 1 view .LVU230
 868:Drivers/STM32F4xx_HAL_Driver/Src/stm32f4xx_hal_i2s.c ****     hi2s->TxXferCount = (Size << 1U);
 707              		.loc 1 868 30 is_stmt 0 view .LVU231
 708 0054 5200     		lsls	r2, r2, #1
 709              	.LVL50:
 868:Drivers/STM32F4xx_HAL_Driver/Src/stm32f4xx_hal_i2s.c ****     hi2s->TxXferCount = (Size << 1U);
 710              		.loc 1 868 30 view .LVU232
 711 0056 92B2     		uxth	r2, r2
 868:Drivers/STM32F4xx_HAL_Driver/Src/stm32f4xx_hal_i2s.c ****     hi2s->TxXferCount = (Size << 1U);
 712              		.loc 1 868 22 view .LVU233
 713 0058 2285     		strh	r2, [r4, #40]	@ movhi
 869:Drivers/STM32F4xx_HAL_Driver/Src/stm32f4xx_hal_i2s.c ****   }
 714              		.loc 1 869 5 is_stmt 1 view .LVU234
 869:Drivers/STM32F4xx_HAL_Driver/Src/stm32f4xx_hal_i2s.c ****   }
 715              		.loc 1 869 23 is_stmt 0 view .LVU235
 716 005a 6285     		strh	r2, [r4, #42]	@ movhi
 717              	.L57:
 877:Drivers/STM32F4xx_HAL_Driver/Src/stm32f4xx_hal_i2s.c **** 
 718              		.loc 1 877 3 is_stmt 1 view .LVU236
 877:Drivers/STM32F4xx_HAL_Driver/Src/stm32f4xx_hal_i2s.c **** 
 719              		.loc 1 877 15 is_stmt 0 view .LVU237
 720 005c DF69     		ldr	r7, [r3, #28]
 721              	.LVL51:
 880:Drivers/STM32F4xx_HAL_Driver/Src/stm32f4xx_hal_i2s.c ****   {
 722              		.loc 1 880 3 is_stmt 1 view .LVU238
 880:Drivers/STM32F4xx_HAL_Driver/Src/stm32f4xx_hal_i2s.c ****   {
 723              		.loc 1 880 22 is_stmt 0 view .LVU239
 724 005e DA69     		ldr	r2, [r3, #28]
 880:Drivers/STM32F4xx_HAL_Driver/Src/stm32f4xx_hal_i2s.c ****   {
 725              		.loc 1 880 6 view .LVU240
 726 0060 12F4806F 		tst	r2, #1024
 727 0064 03D1     		bne	.L58
 883:Drivers/STM32F4xx_HAL_Driver/Src/stm32f4xx_hal_i2s.c ****   }
 728              		.loc 1 883 5 is_stmt 1 view .LVU241
 729 0066 DA69     		ldr	r2, [r3, #28]
 730 0068 42F48062 		orr	r2, r2, #1024
 731 006c DA61     		str	r2, [r3, #28]
 732              	.LVL52:
 733              	.L58:
 887:Drivers/STM32F4xx_HAL_Driver/Src/stm32f4xx_hal_i2s.c ****   {
 734              		.loc 1 887 3 view .LVU242
 887:Drivers/STM32F4xx_HAL_Driver/Src/stm32f4xx_hal_i2s.c ****   {
 735              		.loc 1 887 7 is_stmt 0 view .LVU243
 736 006e 2B46     		mov	r3, r5
 737 0070 0122     		movs	r2, #1
 738 0072 0221     		movs	r1, #2
 739 0074 2046     		mov	r0, r4
ARM GAS  /tmp/ccXsv2Xt.s 			page 54


 740              	.LVL53:
 887:Drivers/STM32F4xx_HAL_Driver/Src/stm32f4xx_hal_i2s.c ****   {
 741              		.loc 1 887 7 view .LVU244
 742 0076 FFF7FEFF 		bl	I2S_WaitFlagStateUntilTimeout
 743              	.LVL54:
 887:Drivers/STM32F4xx_HAL_Driver/Src/stm32f4xx_hal_i2s.c ****   {
 744              		.loc 1 887 6 discriminator 1 view .LVU245
 745 007a 8046     		mov	r8, r0
 746 007c 28BB     		cbnz	r0, .L70
 747              	.L61:
 896:Drivers/STM32F4xx_HAL_Driver/Src/stm32f4xx_hal_i2s.c ****   {
 748              		.loc 1 896 28 is_stmt 1 view .LVU246
 896:Drivers/STM32F4xx_HAL_Driver/Src/stm32f4xx_hal_i2s.c ****   {
 749              		.loc 1 896 14 is_stmt 0 view .LVU247
 750 007e 638D     		ldrh	r3, [r4, #42]
 751 0080 9BB2     		uxth	r3, r3
 896:Drivers/STM32F4xx_HAL_Driver/Src/stm32f4xx_hal_i2s.c ****   {
 752              		.loc 1 896 28 view .LVU248
 753 0082 002B     		cmp	r3, #0
 754 0084 37D0     		beq	.L71
 898:Drivers/STM32F4xx_HAL_Driver/Src/stm32f4xx_hal_i2s.c ****     hi2s->pTxBuffPtr++;
 755              		.loc 1 898 5 is_stmt 1 view .LVU249
 898:Drivers/STM32F4xx_HAL_Driver/Src/stm32f4xx_hal_i2s.c ****     hi2s->pTxBuffPtr++;
 756              		.loc 1 898 32 is_stmt 0 view .LVU250
 757 0086 626A     		ldr	r2, [r4, #36]
 898:Drivers/STM32F4xx_HAL_Driver/Src/stm32f4xx_hal_i2s.c ****     hi2s->pTxBuffPtr++;
 758              		.loc 1 898 9 view .LVU251
 759 0088 2368     		ldr	r3, [r4]
 898:Drivers/STM32F4xx_HAL_Driver/Src/stm32f4xx_hal_i2s.c ****     hi2s->pTxBuffPtr++;
 760              		.loc 1 898 27 view .LVU252
 761 008a 1288     		ldrh	r2, [r2]
 898:Drivers/STM32F4xx_HAL_Driver/Src/stm32f4xx_hal_i2s.c ****     hi2s->pTxBuffPtr++;
 762              		.loc 1 898 24 view .LVU253
 763 008c DA60     		str	r2, [r3, #12]
 899:Drivers/STM32F4xx_HAL_Driver/Src/stm32f4xx_hal_i2s.c ****     hi2s->TxXferCount--;
 764              		.loc 1 899 5 is_stmt 1 view .LVU254
 899:Drivers/STM32F4xx_HAL_Driver/Src/stm32f4xx_hal_i2s.c ****     hi2s->TxXferCount--;
 765              		.loc 1 899 9 is_stmt 0 view .LVU255
 766 008e 636A     		ldr	r3, [r4, #36]
 899:Drivers/STM32F4xx_HAL_Driver/Src/stm32f4xx_hal_i2s.c ****     hi2s->TxXferCount--;
 767              		.loc 1 899 21 view .LVU256
 768 0090 0233     		adds	r3, r3, #2
 769 0092 6362     		str	r3, [r4, #36]
 900:Drivers/STM32F4xx_HAL_Driver/Src/stm32f4xx_hal_i2s.c **** 
 770              		.loc 1 900 5 is_stmt 1 view .LVU257
 900:Drivers/STM32F4xx_HAL_Driver/Src/stm32f4xx_hal_i2s.c **** 
 771              		.loc 1 900 9 is_stmt 0 view .LVU258
 772 0094 628D     		ldrh	r2, [r4, #42]
 773 0096 92B2     		uxth	r2, r2
 900:Drivers/STM32F4xx_HAL_Driver/Src/stm32f4xx_hal_i2s.c **** 
 774              		.loc 1 900 22 view .LVU259
 775 0098 013A     		subs	r2, r2, #1
 776 009a 92B2     		uxth	r2, r2
 777 009c 6285     		strh	r2, [r4, #42]	@ movhi
 903:Drivers/STM32F4xx_HAL_Driver/Src/stm32f4xx_hal_i2s.c ****     {
 778              		.loc 1 903 5 is_stmt 1 view .LVU260
 903:Drivers/STM32F4xx_HAL_Driver/Src/stm32f4xx_hal_i2s.c ****     {
ARM GAS  /tmp/ccXsv2Xt.s 			page 55


 779              		.loc 1 903 9 is_stmt 0 view .LVU261
 780 009e 2B46     		mov	r3, r5
 781 00a0 0122     		movs	r2, #1
 782 00a2 0221     		movs	r1, #2
 783 00a4 2046     		mov	r0, r4
 784 00a6 FFF7FEFF 		bl	I2S_WaitFlagStateUntilTimeout
 785              	.LVL55:
 903:Drivers/STM32F4xx_HAL_Driver/Src/stm32f4xx_hal_i2s.c ****     {
 786              		.loc 1 903 8 discriminator 1 view .LVU262
 787 00aa C8B9     		cbnz	r0, .L72
 913:Drivers/STM32F4xx_HAL_Driver/Src/stm32f4xx_hal_i2s.c ****     {
 788              		.loc 1 913 5 is_stmt 1 view .LVU263
 913:Drivers/STM32F4xx_HAL_Driver/Src/stm32f4xx_hal_i2s.c ****     {
 789              		.loc 1 913 9 is_stmt 0 view .LVU264
 790 00ac 2368     		ldr	r3, [r4]
 791 00ae 9A68     		ldr	r2, [r3, #8]
 913:Drivers/STM32F4xx_HAL_Driver/Src/stm32f4xx_hal_i2s.c ****     {
 792              		.loc 1 913 8 view .LVU265
 793 00b0 12F0080F 		tst	r2, #8
 794 00b4 E3D0     		beq	.L61
 916:Drivers/STM32F4xx_HAL_Driver/Src/stm32f4xx_hal_i2s.c **** 
 795              		.loc 1 916 7 is_stmt 1 view .LVU266
 796              	.LBB2:
 916:Drivers/STM32F4xx_HAL_Driver/Src/stm32f4xx_hal_i2s.c **** 
 797              		.loc 1 916 7 view .LVU267
 798 00b6 0022     		movs	r2, #0
 799 00b8 0192     		str	r2, [sp, #4]
 916:Drivers/STM32F4xx_HAL_Driver/Src/stm32f4xx_hal_i2s.c **** 
 800              		.loc 1 916 7 view .LVU268
 801 00ba 9B68     		ldr	r3, [r3, #8]
 802 00bc 0193     		str	r3, [sp, #4]
 916:Drivers/STM32F4xx_HAL_Driver/Src/stm32f4xx_hal_i2s.c **** 
 803              		.loc 1 916 7 view .LVU269
 804 00be 019B     		ldr	r3, [sp, #4]
 805              	.LBE2:
 916:Drivers/STM32F4xx_HAL_Driver/Src/stm32f4xx_hal_i2s.c **** 
 806              		.loc 1 916 7 view .LVU270
 919:Drivers/STM32F4xx_HAL_Driver/Src/stm32f4xx_hal_i2s.c ****     }
 807              		.loc 1 919 7 view .LVU271
 808 00c0 636C     		ldr	r3, [r4, #68]
 809 00c2 43F00403 		orr	r3, r3, #4
 810 00c6 6364     		str	r3, [r4, #68]
 811 00c8 D9E7     		b	.L61
 812              	.L70:
 890:Drivers/STM32F4xx_HAL_Driver/Src/stm32f4xx_hal_i2s.c ****     hi2s->State = HAL_I2S_STATE_READY;
 813              		.loc 1 890 5 view .LVU272
 814 00ca 636C     		ldr	r3, [r4, #68]
 815 00cc 43F00103 		orr	r3, r3, #1
 816 00d0 6364     		str	r3, [r4, #68]
 891:Drivers/STM32F4xx_HAL_Driver/Src/stm32f4xx_hal_i2s.c ****     __HAL_UNLOCK(hi2s);
 817              		.loc 1 891 5 view .LVU273
 891:Drivers/STM32F4xx_HAL_Driver/Src/stm32f4xx_hal_i2s.c ****     __HAL_UNLOCK(hi2s);
 818              		.loc 1 891 17 is_stmt 0 view .LVU274
 819 00d2 0123     		movs	r3, #1
 820 00d4 84F84130 		strb	r3, [r4, #65]
 892:Drivers/STM32F4xx_HAL_Driver/Src/stm32f4xx_hal_i2s.c ****     return HAL_ERROR;
 821              		.loc 1 892 5 is_stmt 1 view .LVU275
ARM GAS  /tmp/ccXsv2Xt.s 			page 56


 892:Drivers/STM32F4xx_HAL_Driver/Src/stm32f4xx_hal_i2s.c ****     return HAL_ERROR;
 822              		.loc 1 892 5 view .LVU276
 823 00d8 0023     		movs	r3, #0
 824 00da 84F84030 		strb	r3, [r4, #64]
 892:Drivers/STM32F4xx_HAL_Driver/Src/stm32f4xx_hal_i2s.c ****     return HAL_ERROR;
 825              		.loc 1 892 5 view .LVU277
 893:Drivers/STM32F4xx_HAL_Driver/Src/stm32f4xx_hal_i2s.c ****   }
 826              		.loc 1 893 5 view .LVU278
 893:Drivers/STM32F4xx_HAL_Driver/Src/stm32f4xx_hal_i2s.c ****   }
 827              		.loc 1 893 12 is_stmt 0 view .LVU279
 828 00de 2EE0     		b	.L54
 829              	.L72:
 906:Drivers/STM32F4xx_HAL_Driver/Src/stm32f4xx_hal_i2s.c ****       hi2s->State = HAL_I2S_STATE_READY;
 830              		.loc 1 906 7 is_stmt 1 view .LVU280
 831 00e0 636C     		ldr	r3, [r4, #68]
 832 00e2 43F00103 		orr	r3, r3, #1
 833 00e6 6364     		str	r3, [r4, #68]
 907:Drivers/STM32F4xx_HAL_Driver/Src/stm32f4xx_hal_i2s.c ****       __HAL_UNLOCK(hi2s);
 834              		.loc 1 907 7 view .LVU281
 907:Drivers/STM32F4xx_HAL_Driver/Src/stm32f4xx_hal_i2s.c ****       __HAL_UNLOCK(hi2s);
 835              		.loc 1 907 19 is_stmt 0 view .LVU282
 836 00e8 0123     		movs	r3, #1
 837 00ea 84F84130 		strb	r3, [r4, #65]
 908:Drivers/STM32F4xx_HAL_Driver/Src/stm32f4xx_hal_i2s.c ****       return HAL_ERROR;
 838              		.loc 1 908 7 is_stmt 1 view .LVU283
 908:Drivers/STM32F4xx_HAL_Driver/Src/stm32f4xx_hal_i2s.c ****       return HAL_ERROR;
 839              		.loc 1 908 7 view .LVU284
 840 00ee 0023     		movs	r3, #0
 841 00f0 84F84030 		strb	r3, [r4, #64]
 908:Drivers/STM32F4xx_HAL_Driver/Src/stm32f4xx_hal_i2s.c ****       return HAL_ERROR;
 842              		.loc 1 908 7 view .LVU285
 909:Drivers/STM32F4xx_HAL_Driver/Src/stm32f4xx_hal_i2s.c ****     }
 843              		.loc 1 909 7 view .LVU286
 909:Drivers/STM32F4xx_HAL_Driver/Src/stm32f4xx_hal_i2s.c ****     }
 844              		.loc 1 909 14 is_stmt 0 view .LVU287
 845 00f4 23E0     		b	.L54
 846              	.L71:
 924:Drivers/STM32F4xx_HAL_Driver/Src/stm32f4xx_hal_i2s.c ****       || ((tmpreg_cfgr & SPI_I2SCFGR_I2SCFG) == I2S_MODE_SLAVE_RX))
 847              		.loc 1 924 3 is_stmt 1 view .LVU288
 924:Drivers/STM32F4xx_HAL_Driver/Src/stm32f4xx_hal_i2s.c ****       || ((tmpreg_cfgr & SPI_I2SCFGR_I2SCFG) == I2S_MODE_SLAVE_RX))
 848              		.loc 1 924 6 is_stmt 0 view .LVU289
 849 00f6 17F44077 		ands	r7, r7, #768
 850              	.LVL56:
 924:Drivers/STM32F4xx_HAL_Driver/Src/stm32f4xx_hal_i2s.c ****       || ((tmpreg_cfgr & SPI_I2SCFGR_I2SCFG) == I2S_MODE_SLAVE_RX))
 851              		.loc 1 924 6 view .LVU290
 852 00fa 0AD0     		beq	.L63
 925:Drivers/STM32F4xx_HAL_Driver/Src/stm32f4xx_hal_i2s.c ****   {
 853              		.loc 1 925 7 view .LVU291
 854 00fc B7F5807F 		cmp	r7, #256
 855 0100 07D0     		beq	.L63
 856              	.L64:
 938:Drivers/STM32F4xx_HAL_Driver/Src/stm32f4xx_hal_i2s.c ****   __HAL_UNLOCK(hi2s);
 857              		.loc 1 938 3 is_stmt 1 view .LVU292
 938:Drivers/STM32F4xx_HAL_Driver/Src/stm32f4xx_hal_i2s.c ****   __HAL_UNLOCK(hi2s);
 858              		.loc 1 938 15 is_stmt 0 view .LVU293
 859 0102 0123     		movs	r3, #1
 860 0104 84F84130 		strb	r3, [r4, #65]
ARM GAS  /tmp/ccXsv2Xt.s 			page 57


 939:Drivers/STM32F4xx_HAL_Driver/Src/stm32f4xx_hal_i2s.c ****   return HAL_OK;
 861              		.loc 1 939 3 is_stmt 1 view .LVU294
 939:Drivers/STM32F4xx_HAL_Driver/Src/stm32f4xx_hal_i2s.c ****   return HAL_OK;
 862              		.loc 1 939 3 view .LVU295
 863 0108 0023     		movs	r3, #0
 864 010a 84F84030 		strb	r3, [r4, #64]
 939:Drivers/STM32F4xx_HAL_Driver/Src/stm32f4xx_hal_i2s.c ****   return HAL_OK;
 865              		.loc 1 939 3 view .LVU296
 940:Drivers/STM32F4xx_HAL_Driver/Src/stm32f4xx_hal_i2s.c **** }
 866              		.loc 1 940 3 view .LVU297
 940:Drivers/STM32F4xx_HAL_Driver/Src/stm32f4xx_hal_i2s.c **** }
 867              		.loc 1 940 10 is_stmt 0 view .LVU298
 868 010e 4646     		mov	r6, r8
 869 0110 15E0     		b	.L54
 870              	.L63:
 928:Drivers/STM32F4xx_HAL_Driver/Src/stm32f4xx_hal_i2s.c ****     {
 871              		.loc 1 928 5 is_stmt 1 view .LVU299
 928:Drivers/STM32F4xx_HAL_Driver/Src/stm32f4xx_hal_i2s.c ****     {
 872              		.loc 1 928 9 is_stmt 0 view .LVU300
 873 0112 2B46     		mov	r3, r5
 874 0114 0022     		movs	r2, #0
 875 0116 8021     		movs	r1, #128
 876 0118 2046     		mov	r0, r4
 877 011a FFF7FEFF 		bl	I2S_WaitFlagStateUntilTimeout
 878              	.LVL57:
 928:Drivers/STM32F4xx_HAL_Driver/Src/stm32f4xx_hal_i2s.c ****     {
 879              		.loc 1 928 8 discriminator 1 view .LVU301
 880 011e 0028     		cmp	r0, #0
 881 0120 EFD0     		beq	.L64
 931:Drivers/STM32F4xx_HAL_Driver/Src/stm32f4xx_hal_i2s.c ****       hi2s->State = HAL_I2S_STATE_READY;
 882              		.loc 1 931 7 is_stmt 1 view .LVU302
 883 0122 636C     		ldr	r3, [r4, #68]
 884 0124 43F00103 		orr	r3, r3, #1
 885 0128 6364     		str	r3, [r4, #68]
 932:Drivers/STM32F4xx_HAL_Driver/Src/stm32f4xx_hal_i2s.c ****       __HAL_UNLOCK(hi2s);
 886              		.loc 1 932 7 view .LVU303
 932:Drivers/STM32F4xx_HAL_Driver/Src/stm32f4xx_hal_i2s.c ****       __HAL_UNLOCK(hi2s);
 887              		.loc 1 932 19 is_stmt 0 view .LVU304
 888 012a 0123     		movs	r3, #1
 889 012c 84F84130 		strb	r3, [r4, #65]
 933:Drivers/STM32F4xx_HAL_Driver/Src/stm32f4xx_hal_i2s.c ****       return HAL_ERROR;
 890              		.loc 1 933 7 is_stmt 1 view .LVU305
 933:Drivers/STM32F4xx_HAL_Driver/Src/stm32f4xx_hal_i2s.c ****       return HAL_ERROR;
 891              		.loc 1 933 7 view .LVU306
 892 0130 0023     		movs	r3, #0
 893 0132 84F84030 		strb	r3, [r4, #64]
 933:Drivers/STM32F4xx_HAL_Driver/Src/stm32f4xx_hal_i2s.c ****       return HAL_ERROR;
 894              		.loc 1 933 7 view .LVU307
 934:Drivers/STM32F4xx_HAL_Driver/Src/stm32f4xx_hal_i2s.c ****     }
 895              		.loc 1 934 7 view .LVU308
 934:Drivers/STM32F4xx_HAL_Driver/Src/stm32f4xx_hal_i2s.c ****     }
 896              		.loc 1 934 14 is_stmt 0 view .LVU309
 897 0136 02E0     		b	.L54
 898              	.LVL58:
 899              	.L65:
 848:Drivers/STM32F4xx_HAL_Driver/Src/stm32f4xx_hal_i2s.c ****   }
 900              		.loc 1 848 13 view .LVU310
ARM GAS  /tmp/ccXsv2Xt.s 			page 58


 901 0138 0126     		movs	r6, #1
 902 013a 00E0     		b	.L54
 903              	.L66:
 848:Drivers/STM32F4xx_HAL_Driver/Src/stm32f4xx_hal_i2s.c ****   }
 904              		.loc 1 848 13 view .LVU311
 905 013c 0126     		movs	r6, #1
 906              	.LVL59:
 907              	.L54:
 941:Drivers/STM32F4xx_HAL_Driver/Src/stm32f4xx_hal_i2s.c **** 
 908              		.loc 1 941 1 view .LVU312
 909 013e 3046     		mov	r0, r6
 910 0140 02B0     		add	sp, sp, #8
 911              	.LCFI7:
 912              		.cfi_remember_state
 913              		.cfi_def_cfa_offset 24
 914              		@ sp needed
 915 0142 BDE8F081 		pop	{r4, r5, r6, r7, r8, pc}
 916              	.LVL60:
 917              	.L67:
 918              	.LCFI8:
 919              		.cfi_restore_state
 853:Drivers/STM32F4xx_HAL_Driver/Src/stm32f4xx_hal_i2s.c ****   }
 920              		.loc 1 853 12 view .LVU313
 921 0146 0226     		movs	r6, #2
 922 0148 F9E7     		b	.L54
 923              	.L68:
 857:Drivers/STM32F4xx_HAL_Driver/Src/stm32f4xx_hal_i2s.c **** 
 924              		.loc 1 857 3 discriminator 1 view .LVU314
 925 014a 0226     		movs	r6, #2
 926 014c F7E7     		b	.L54
 927              		.cfi_endproc
 928              	.LFE243:
 930              		.section	.text.HAL_I2S_Receive,"ax",%progbits
 931              		.align	1
 932              		.global	HAL_I2S_Receive
 933              		.syntax unified
 934              		.thumb
 935              		.thumb_func
 937              	HAL_I2S_Receive:
 938              	.LVL61:
 939              	.LFB244:
 961:Drivers/STM32F4xx_HAL_Driver/Src/stm32f4xx_hal_i2s.c ****   uint32_t tmpreg_cfgr;
 940              		.loc 1 961 1 is_stmt 1 view -0
 941              		.cfi_startproc
 942              		@ args = 0, pretend = 0, frame = 8
 943              		@ frame_needed = 0, uses_anonymous_args = 0
 961:Drivers/STM32F4xx_HAL_Driver/Src/stm32f4xx_hal_i2s.c ****   uint32_t tmpreg_cfgr;
 944              		.loc 1 961 1 is_stmt 0 view .LVU316
 945 0000 70B5     		push	{r4, r5, r6, lr}
 946              	.LCFI9:
 947              		.cfi_def_cfa_offset 16
 948              		.cfi_offset 4, -16
 949              		.cfi_offset 5, -12
 950              		.cfi_offset 6, -8
 951              		.cfi_offset 14, -4
 952 0002 82B0     		sub	sp, sp, #8
 953              	.LCFI10:
ARM GAS  /tmp/ccXsv2Xt.s 			page 59


 954              		.cfi_def_cfa_offset 24
 962:Drivers/STM32F4xx_HAL_Driver/Src/stm32f4xx_hal_i2s.c **** 
 955              		.loc 1 962 3 is_stmt 1 view .LVU317
 964:Drivers/STM32F4xx_HAL_Driver/Src/stm32f4xx_hal_i2s.c ****   {
 956              		.loc 1 964 3 view .LVU318
 964:Drivers/STM32F4xx_HAL_Driver/Src/stm32f4xx_hal_i2s.c ****   {
 957              		.loc 1 964 6 is_stmt 0 view .LVU319
 958 0004 0029     		cmp	r1, #0
 959 0006 75D0     		beq	.L84
 960 0008 0446     		mov	r4, r0
 961 000a 1D46     		mov	r5, r3
 964:Drivers/STM32F4xx_HAL_Driver/Src/stm32f4xx_hal_i2s.c ****   {
 962              		.loc 1 964 23 discriminator 1 view .LVU320
 963 000c 002A     		cmp	r2, #0
 964 000e 73D0     		beq	.L85
 969:Drivers/STM32F4xx_HAL_Driver/Src/stm32f4xx_hal_i2s.c ****   {
 965              		.loc 1 969 3 is_stmt 1 view .LVU321
 969:Drivers/STM32F4xx_HAL_Driver/Src/stm32f4xx_hal_i2s.c ****   {
 966              		.loc 1 969 11 is_stmt 0 view .LVU322
 967 0010 94F84130 		ldrb	r3, [r4, #65]	@ zero_extendqisi2
 968              	.LVL62:
 969:Drivers/STM32F4xx_HAL_Driver/Src/stm32f4xx_hal_i2s.c ****   {
 969              		.loc 1 969 11 view .LVU323
 970 0014 DEB2     		uxtb	r6, r3
 969:Drivers/STM32F4xx_HAL_Driver/Src/stm32f4xx_hal_i2s.c ****   {
 971              		.loc 1 969 6 view .LVU324
 972 0016 012B     		cmp	r3, #1
 973 0018 72D1     		bne	.L86
 975:Drivers/STM32F4xx_HAL_Driver/Src/stm32f4xx_hal_i2s.c ****   
 974              		.loc 1 975 3 is_stmt 1 view .LVU325
 975:Drivers/STM32F4xx_HAL_Driver/Src/stm32f4xx_hal_i2s.c ****   
 975              		.loc 1 975 3 view .LVU326
 976 001a 94F84030 		ldrb	r3, [r4, #64]	@ zero_extendqisi2
 977 001e 012B     		cmp	r3, #1
 978 0020 70D0     		beq	.L87
 975:Drivers/STM32F4xx_HAL_Driver/Src/stm32f4xx_hal_i2s.c ****   
 979              		.loc 1 975 3 discriminator 2 view .LVU327
 980 0022 0123     		movs	r3, #1
 981 0024 84F84030 		strb	r3, [r4, #64]
 975:Drivers/STM32F4xx_HAL_Driver/Src/stm32f4xx_hal_i2s.c ****   
 982              		.loc 1 975 3 view .LVU328
 978:Drivers/STM32F4xx_HAL_Driver/Src/stm32f4xx_hal_i2s.c ****   hi2s->ErrorCode = HAL_I2S_ERROR_NONE;
 983              		.loc 1 978 3 view .LVU329
 978:Drivers/STM32F4xx_HAL_Driver/Src/stm32f4xx_hal_i2s.c ****   hi2s->ErrorCode = HAL_I2S_ERROR_NONE;
 984              		.loc 1 978 15 is_stmt 0 view .LVU330
 985 0028 0423     		movs	r3, #4
 986 002a 84F84130 		strb	r3, [r4, #65]
 979:Drivers/STM32F4xx_HAL_Driver/Src/stm32f4xx_hal_i2s.c ****   hi2s->pRxBuffPtr = pData;
 987              		.loc 1 979 3 is_stmt 1 view .LVU331
 979:Drivers/STM32F4xx_HAL_Driver/Src/stm32f4xx_hal_i2s.c ****   hi2s->pRxBuffPtr = pData;
 988              		.loc 1 979 19 is_stmt 0 view .LVU332
 989 002e 0023     		movs	r3, #0
 990 0030 6364     		str	r3, [r4, #68]
 980:Drivers/STM32F4xx_HAL_Driver/Src/stm32f4xx_hal_i2s.c **** 
 991              		.loc 1 980 3 is_stmt 1 view .LVU333
 980:Drivers/STM32F4xx_HAL_Driver/Src/stm32f4xx_hal_i2s.c **** 
 992              		.loc 1 980 20 is_stmt 0 view .LVU334
ARM GAS  /tmp/ccXsv2Xt.s 			page 60


 993 0032 E162     		str	r1, [r4, #44]
 982:Drivers/STM32F4xx_HAL_Driver/Src/stm32f4xx_hal_i2s.c **** 
 994              		.loc 1 982 3 is_stmt 1 view .LVU335
 982:Drivers/STM32F4xx_HAL_Driver/Src/stm32f4xx_hal_i2s.c **** 
 995              		.loc 1 982 21 is_stmt 0 view .LVU336
 996 0034 2168     		ldr	r1, [r4]
 997              	.LVL63:
 982:Drivers/STM32F4xx_HAL_Driver/Src/stm32f4xx_hal_i2s.c **** 
 998              		.loc 1 982 31 view .LVU337
 999 0036 CB69     		ldr	r3, [r1, #28]
 982:Drivers/STM32F4xx_HAL_Driver/Src/stm32f4xx_hal_i2s.c **** 
 1000              		.loc 1 982 15 view .LVU338
 1001 0038 03F00703 		and	r3, r3, #7
 1002              	.LVL64:
 984:Drivers/STM32F4xx_HAL_Driver/Src/stm32f4xx_hal_i2s.c ****   {
 1003              		.loc 1 984 3 is_stmt 1 view .LVU339
 984:Drivers/STM32F4xx_HAL_Driver/Src/stm32f4xx_hal_i2s.c ****   {
 1004              		.loc 1 984 6 is_stmt 0 view .LVU340
 1005 003c 032B     		cmp	r3, #3
 1006 003e 04D0     		beq	.L75
 984:Drivers/STM32F4xx_HAL_Driver/Src/stm32f4xx_hal_i2s.c ****   {
 1007              		.loc 1 984 43 discriminator 1 view .LVU341
 1008 0040 052B     		cmp	r3, #5
 1009 0042 02D0     		beq	.L75
 991:Drivers/STM32F4xx_HAL_Driver/Src/stm32f4xx_hal_i2s.c ****     hi2s->RxXferCount = Size;
 1010              		.loc 1 991 5 is_stmt 1 view .LVU342
 991:Drivers/STM32F4xx_HAL_Driver/Src/stm32f4xx_hal_i2s.c ****     hi2s->RxXferCount = Size;
 1011              		.loc 1 991 22 is_stmt 0 view .LVU343
 1012 0044 2286     		strh	r2, [r4, #48]	@ movhi
 992:Drivers/STM32F4xx_HAL_Driver/Src/stm32f4xx_hal_i2s.c ****   }
 1013              		.loc 1 992 5 is_stmt 1 view .LVU344
 992:Drivers/STM32F4xx_HAL_Driver/Src/stm32f4xx_hal_i2s.c ****   }
 1014              		.loc 1 992 23 is_stmt 0 view .LVU345
 1015 0046 6286     		strh	r2, [r4, #50]	@ movhi
 1016 0048 03E0     		b	.L77
 1017              	.L75:
 986:Drivers/STM32F4xx_HAL_Driver/Src/stm32f4xx_hal_i2s.c ****     hi2s->RxXferCount = (Size << 1U);
 1018              		.loc 1 986 5 is_stmt 1 view .LVU346
 986:Drivers/STM32F4xx_HAL_Driver/Src/stm32f4xx_hal_i2s.c ****     hi2s->RxXferCount = (Size << 1U);
 1019              		.loc 1 986 30 is_stmt 0 view .LVU347
 1020 004a 5200     		lsls	r2, r2, #1
 1021              	.LVL65:
 986:Drivers/STM32F4xx_HAL_Driver/Src/stm32f4xx_hal_i2s.c ****     hi2s->RxXferCount = (Size << 1U);
 1022              		.loc 1 986 30 view .LVU348
 1023 004c 92B2     		uxth	r2, r2
 986:Drivers/STM32F4xx_HAL_Driver/Src/stm32f4xx_hal_i2s.c ****     hi2s->RxXferCount = (Size << 1U);
 1024              		.loc 1 986 22 view .LVU349
 1025 004e 2286     		strh	r2, [r4, #48]	@ movhi
 987:Drivers/STM32F4xx_HAL_Driver/Src/stm32f4xx_hal_i2s.c ****   }
 1026              		.loc 1 987 5 is_stmt 1 view .LVU350
 987:Drivers/STM32F4xx_HAL_Driver/Src/stm32f4xx_hal_i2s.c ****   }
 1027              		.loc 1 987 23 is_stmt 0 view .LVU351
 1028 0050 6286     		strh	r2, [r4, #50]	@ movhi
 1029              	.L77:
 996:Drivers/STM32F4xx_HAL_Driver/Src/stm32f4xx_hal_i2s.c ****   {
 1030              		.loc 1 996 3 is_stmt 1 view .LVU352
 996:Drivers/STM32F4xx_HAL_Driver/Src/stm32f4xx_hal_i2s.c ****   {
ARM GAS  /tmp/ccXsv2Xt.s 			page 61


 1031              		.loc 1 996 22 is_stmt 0 view .LVU353
 1032 0052 CB69     		ldr	r3, [r1, #28]
 1033              	.LVL66:
 996:Drivers/STM32F4xx_HAL_Driver/Src/stm32f4xx_hal_i2s.c ****   {
 1034              		.loc 1 996 6 view .LVU354
 1035 0054 13F4806F 		tst	r3, #1024
 1036 0058 03D1     		bne	.L78
 999:Drivers/STM32F4xx_HAL_Driver/Src/stm32f4xx_hal_i2s.c ****   }
 1037              		.loc 1 999 5 is_stmt 1 view .LVU355
 1038 005a CB69     		ldr	r3, [r1, #28]
 1039 005c 43F48063 		orr	r3, r3, #1024
 1040 0060 CB61     		str	r3, [r1, #28]
 1041              	.LVL67:
 1042              	.L78:
1003:Drivers/STM32F4xx_HAL_Driver/Src/stm32f4xx_hal_i2s.c ****   {
 1043              		.loc 1 1003 3 view .LVU356
1003:Drivers/STM32F4xx_HAL_Driver/Src/stm32f4xx_hal_i2s.c ****   {
 1044              		.loc 1 1003 12 is_stmt 0 view .LVU357
 1045 0062 2268     		ldr	r2, [r4]
1003:Drivers/STM32F4xx_HAL_Driver/Src/stm32f4xx_hal_i2s.c ****   {
 1046              		.loc 1 1003 22 view .LVU358
 1047 0064 D369     		ldr	r3, [r2, #28]
1003:Drivers/STM32F4xx_HAL_Driver/Src/stm32f4xx_hal_i2s.c ****   {
 1048              		.loc 1 1003 32 view .LVU359
 1049 0066 03F44073 		and	r3, r3, #768
1003:Drivers/STM32F4xx_HAL_Driver/Src/stm32f4xx_hal_i2s.c ****   {
 1050              		.loc 1 1003 6 view .LVU360
 1051 006a B3F5407F 		cmp	r3, #768
 1052 006e 27D0     		beq	.L89
 1053              	.LVL68:
 1054              	.L81:
1011:Drivers/STM32F4xx_HAL_Driver/Src/stm32f4xx_hal_i2s.c ****   {
 1055              		.loc 1 1011 28 is_stmt 1 view .LVU361
1011:Drivers/STM32F4xx_HAL_Driver/Src/stm32f4xx_hal_i2s.c ****   {
 1056              		.loc 1 1011 14 is_stmt 0 view .LVU362
 1057 0070 628E     		ldrh	r2, [r4, #50]
 1058 0072 92B2     		uxth	r2, r2
1011:Drivers/STM32F4xx_HAL_Driver/Src/stm32f4xx_hal_i2s.c ****   {
 1059              		.loc 1 1011 28 view .LVU363
 1060 0074 002A     		cmp	r2, #0
 1061 0076 36D0     		beq	.L90
1014:Drivers/STM32F4xx_HAL_Driver/Src/stm32f4xx_hal_i2s.c ****     {
 1062              		.loc 1 1014 5 is_stmt 1 view .LVU364
1014:Drivers/STM32F4xx_HAL_Driver/Src/stm32f4xx_hal_i2s.c ****     {
 1063              		.loc 1 1014 9 is_stmt 0 view .LVU365
 1064 0078 2B46     		mov	r3, r5
 1065 007a 0122     		movs	r2, #1
 1066 007c 1146     		mov	r1, r2
 1067 007e 2046     		mov	r0, r4
 1068 0080 FFF7FEFF 		bl	I2S_WaitFlagStateUntilTimeout
 1069              	.LVL69:
1014:Drivers/STM32F4xx_HAL_Driver/Src/stm32f4xx_hal_i2s.c ****     {
 1070              		.loc 1 1014 8 discriminator 1 view .LVU366
 1071 0084 20BB     		cbnz	r0, .L91
1023:Drivers/STM32F4xx_HAL_Driver/Src/stm32f4xx_hal_i2s.c ****     hi2s->pRxBuffPtr++;
 1072              		.loc 1 1023 5 is_stmt 1 view .LVU367
1023:Drivers/STM32F4xx_HAL_Driver/Src/stm32f4xx_hal_i2s.c ****     hi2s->pRxBuffPtr++;
ARM GAS  /tmp/ccXsv2Xt.s 			page 62


 1073              		.loc 1 1023 41 is_stmt 0 view .LVU368
 1074 0086 2368     		ldr	r3, [r4]
1023:Drivers/STM32F4xx_HAL_Driver/Src/stm32f4xx_hal_i2s.c ****     hi2s->pRxBuffPtr++;
 1075              		.loc 1 1023 51 view .LVU369
 1076 0088 DA68     		ldr	r2, [r3, #12]
1023:Drivers/STM32F4xx_HAL_Driver/Src/stm32f4xx_hal_i2s.c ****     hi2s->pRxBuffPtr++;
 1077              		.loc 1 1023 11 view .LVU370
 1078 008a E36A     		ldr	r3, [r4, #44]
1023:Drivers/STM32F4xx_HAL_Driver/Src/stm32f4xx_hal_i2s.c ****     hi2s->pRxBuffPtr++;
 1079              		.loc 1 1023 25 view .LVU371
 1080 008c 1A80     		strh	r2, [r3]	@ movhi
1024:Drivers/STM32F4xx_HAL_Driver/Src/stm32f4xx_hal_i2s.c ****     hi2s->RxXferCount--;
 1081              		.loc 1 1024 5 is_stmt 1 view .LVU372
1024:Drivers/STM32F4xx_HAL_Driver/Src/stm32f4xx_hal_i2s.c ****     hi2s->RxXferCount--;
 1082              		.loc 1 1024 9 is_stmt 0 view .LVU373
 1083 008e E36A     		ldr	r3, [r4, #44]
1024:Drivers/STM32F4xx_HAL_Driver/Src/stm32f4xx_hal_i2s.c ****     hi2s->RxXferCount--;
 1084              		.loc 1 1024 21 view .LVU374
 1085 0090 0233     		adds	r3, r3, #2
 1086 0092 E362     		str	r3, [r4, #44]
1025:Drivers/STM32F4xx_HAL_Driver/Src/stm32f4xx_hal_i2s.c **** 
 1087              		.loc 1 1025 5 is_stmt 1 view .LVU375
1025:Drivers/STM32F4xx_HAL_Driver/Src/stm32f4xx_hal_i2s.c **** 
 1088              		.loc 1 1025 9 is_stmt 0 view .LVU376
 1089 0094 628E     		ldrh	r2, [r4, #50]
 1090 0096 92B2     		uxth	r2, r2
1025:Drivers/STM32F4xx_HAL_Driver/Src/stm32f4xx_hal_i2s.c **** 
 1091              		.loc 1 1025 22 view .LVU377
 1092 0098 013A     		subs	r2, r2, #1
 1093 009a 92B2     		uxth	r2, r2
 1094 009c 6286     		strh	r2, [r4, #50]	@ movhi
1028:Drivers/STM32F4xx_HAL_Driver/Src/stm32f4xx_hal_i2s.c ****     {
 1095              		.loc 1 1028 5 is_stmt 1 view .LVU378
1028:Drivers/STM32F4xx_HAL_Driver/Src/stm32f4xx_hal_i2s.c ****     {
 1096              		.loc 1 1028 9 is_stmt 0 view .LVU379
 1097 009e 2368     		ldr	r3, [r4]
 1098 00a0 9A68     		ldr	r2, [r3, #8]
1028:Drivers/STM32F4xx_HAL_Driver/Src/stm32f4xx_hal_i2s.c ****     {
 1099              		.loc 1 1028 8 view .LVU380
 1100 00a2 12F0400F 		tst	r2, #64
 1101 00a6 E3D0     		beq	.L81
1031:Drivers/STM32F4xx_HAL_Driver/Src/stm32f4xx_hal_i2s.c **** 
 1102              		.loc 1 1031 7 is_stmt 1 view .LVU381
 1103              	.LBB3:
1031:Drivers/STM32F4xx_HAL_Driver/Src/stm32f4xx_hal_i2s.c **** 
 1104              		.loc 1 1031 7 view .LVU382
 1105 00a8 0022     		movs	r2, #0
 1106 00aa 0192     		str	r2, [sp, #4]
1031:Drivers/STM32F4xx_HAL_Driver/Src/stm32f4xx_hal_i2s.c **** 
 1107              		.loc 1 1031 7 view .LVU383
 1108 00ac DA68     		ldr	r2, [r3, #12]
 1109 00ae 0192     		str	r2, [sp, #4]
1031:Drivers/STM32F4xx_HAL_Driver/Src/stm32f4xx_hal_i2s.c **** 
 1110              		.loc 1 1031 7 view .LVU384
 1111 00b0 9B68     		ldr	r3, [r3, #8]
 1112 00b2 0193     		str	r3, [sp, #4]
1031:Drivers/STM32F4xx_HAL_Driver/Src/stm32f4xx_hal_i2s.c **** 
ARM GAS  /tmp/ccXsv2Xt.s 			page 63


 1113              		.loc 1 1031 7 view .LVU385
 1114 00b4 019B     		ldr	r3, [sp, #4]
 1115              	.LBE3:
1031:Drivers/STM32F4xx_HAL_Driver/Src/stm32f4xx_hal_i2s.c **** 
 1116              		.loc 1 1031 7 view .LVU386
1034:Drivers/STM32F4xx_HAL_Driver/Src/stm32f4xx_hal_i2s.c ****     }
 1117              		.loc 1 1034 7 view .LVU387
 1118 00b6 636C     		ldr	r3, [r4, #68]
 1119 00b8 43F00203 		orr	r3, r3, #2
 1120 00bc 6364     		str	r3, [r4, #68]
 1121 00be D7E7     		b	.L81
 1122              	.LVL70:
 1123              	.L89:
1007:Drivers/STM32F4xx_HAL_Driver/Src/stm32f4xx_hal_i2s.c ****   }
 1124              		.loc 1 1007 5 view .LVU388
 1125              	.LBB4:
1007:Drivers/STM32F4xx_HAL_Driver/Src/stm32f4xx_hal_i2s.c ****   }
 1126              		.loc 1 1007 5 view .LVU389
 1127 00c0 0023     		movs	r3, #0
 1128 00c2 0093     		str	r3, [sp]
1007:Drivers/STM32F4xx_HAL_Driver/Src/stm32f4xx_hal_i2s.c ****   }
 1129              		.loc 1 1007 5 view .LVU390
 1130 00c4 D368     		ldr	r3, [r2, #12]
 1131 00c6 0093     		str	r3, [sp]
1007:Drivers/STM32F4xx_HAL_Driver/Src/stm32f4xx_hal_i2s.c ****   }
 1132              		.loc 1 1007 5 view .LVU391
 1133 00c8 9368     		ldr	r3, [r2, #8]
 1134 00ca 0093     		str	r3, [sp]
1007:Drivers/STM32F4xx_HAL_Driver/Src/stm32f4xx_hal_i2s.c ****   }
 1135              		.loc 1 1007 5 view .LVU392
 1136 00cc 009B     		ldr	r3, [sp]
 1137 00ce CFE7     		b	.L81
 1138              	.LVL71:
 1139              	.L91:
1007:Drivers/STM32F4xx_HAL_Driver/Src/stm32f4xx_hal_i2s.c ****   }
 1140              		.loc 1 1007 5 is_stmt 0 view .LVU393
 1141              	.LBE4:
1017:Drivers/STM32F4xx_HAL_Driver/Src/stm32f4xx_hal_i2s.c ****       hi2s->State = HAL_I2S_STATE_READY;
 1142              		.loc 1 1017 7 is_stmt 1 view .LVU394
 1143 00d0 636C     		ldr	r3, [r4, #68]
 1144 00d2 43F00103 		orr	r3, r3, #1
 1145 00d6 6364     		str	r3, [r4, #68]
1018:Drivers/STM32F4xx_HAL_Driver/Src/stm32f4xx_hal_i2s.c ****       __HAL_UNLOCK(hi2s);
 1146              		.loc 1 1018 7 view .LVU395
1018:Drivers/STM32F4xx_HAL_Driver/Src/stm32f4xx_hal_i2s.c ****       __HAL_UNLOCK(hi2s);
 1147              		.loc 1 1018 19 is_stmt 0 view .LVU396
 1148 00d8 0123     		movs	r3, #1
 1149 00da 84F84130 		strb	r3, [r4, #65]
1019:Drivers/STM32F4xx_HAL_Driver/Src/stm32f4xx_hal_i2s.c ****       return HAL_ERROR;
 1150              		.loc 1 1019 7 is_stmt 1 view .LVU397
1019:Drivers/STM32F4xx_HAL_Driver/Src/stm32f4xx_hal_i2s.c ****       return HAL_ERROR;
 1151              		.loc 1 1019 7 view .LVU398
 1152 00de 0023     		movs	r3, #0
 1153 00e0 84F84030 		strb	r3, [r4, #64]
1019:Drivers/STM32F4xx_HAL_Driver/Src/stm32f4xx_hal_i2s.c ****       return HAL_ERROR;
 1154              		.loc 1 1019 7 view .LVU399
1020:Drivers/STM32F4xx_HAL_Driver/Src/stm32f4xx_hal_i2s.c ****     }
ARM GAS  /tmp/ccXsv2Xt.s 			page 64


 1155              		.loc 1 1020 7 view .LVU400
1020:Drivers/STM32F4xx_HAL_Driver/Src/stm32f4xx_hal_i2s.c ****     }
 1156              		.loc 1 1020 14 is_stmt 0 view .LVU401
 1157 00e4 09E0     		b	.L74
 1158              	.L90:
1038:Drivers/STM32F4xx_HAL_Driver/Src/stm32f4xx_hal_i2s.c ****   __HAL_UNLOCK(hi2s);
 1159              		.loc 1 1038 3 is_stmt 1 view .LVU402
1038:Drivers/STM32F4xx_HAL_Driver/Src/stm32f4xx_hal_i2s.c ****   __HAL_UNLOCK(hi2s);
 1160              		.loc 1 1038 15 is_stmt 0 view .LVU403
 1161 00e6 0123     		movs	r3, #1
 1162 00e8 84F84130 		strb	r3, [r4, #65]
1039:Drivers/STM32F4xx_HAL_Driver/Src/stm32f4xx_hal_i2s.c ****   return HAL_OK;
 1163              		.loc 1 1039 3 is_stmt 1 view .LVU404
1039:Drivers/STM32F4xx_HAL_Driver/Src/stm32f4xx_hal_i2s.c ****   return HAL_OK;
 1164              		.loc 1 1039 3 view .LVU405
 1165 00ec 0026     		movs	r6, #0
 1166 00ee 84F84060 		strb	r6, [r4, #64]
1039:Drivers/STM32F4xx_HAL_Driver/Src/stm32f4xx_hal_i2s.c ****   return HAL_OK;
 1167              		.loc 1 1039 3 view .LVU406
1040:Drivers/STM32F4xx_HAL_Driver/Src/stm32f4xx_hal_i2s.c **** }
 1168              		.loc 1 1040 3 view .LVU407
1040:Drivers/STM32F4xx_HAL_Driver/Src/stm32f4xx_hal_i2s.c **** }
 1169              		.loc 1 1040 10 is_stmt 0 view .LVU408
 1170 00f2 02E0     		b	.L74
 1171              	.LVL72:
 1172              	.L84:
 966:Drivers/STM32F4xx_HAL_Driver/Src/stm32f4xx_hal_i2s.c ****   }
 1173              		.loc 1 966 13 view .LVU409
 1174 00f4 0126     		movs	r6, #1
 1175 00f6 00E0     		b	.L74
 1176              	.L85:
 966:Drivers/STM32F4xx_HAL_Driver/Src/stm32f4xx_hal_i2s.c ****   }
 1177              		.loc 1 966 13 view .LVU410
 1178 00f8 0126     		movs	r6, #1
 1179              	.LVL73:
 1180              	.L74:
1041:Drivers/STM32F4xx_HAL_Driver/Src/stm32f4xx_hal_i2s.c **** 
 1181              		.loc 1 1041 1 view .LVU411
 1182 00fa 3046     		mov	r0, r6
 1183 00fc 02B0     		add	sp, sp, #8
 1184              	.LCFI11:
 1185              		.cfi_remember_state
 1186              		.cfi_def_cfa_offset 16
 1187              		@ sp needed
 1188 00fe 70BD     		pop	{r4, r5, r6, pc}
 1189              	.LVL74:
 1190              	.L86:
 1191              	.LCFI12:
 1192              		.cfi_restore_state
 971:Drivers/STM32F4xx_HAL_Driver/Src/stm32f4xx_hal_i2s.c ****   }
 1193              		.loc 1 971 12 view .LVU412
 1194 0100 0226     		movs	r6, #2
 1195 0102 FAE7     		b	.L74
 1196              	.L87:
 975:Drivers/STM32F4xx_HAL_Driver/Src/stm32f4xx_hal_i2s.c ****   
 1197              		.loc 1 975 3 discriminator 1 view .LVU413
 1198 0104 0226     		movs	r6, #2
ARM GAS  /tmp/ccXsv2Xt.s 			page 65


 1199 0106 F8E7     		b	.L74
 1200              		.cfi_endproc
 1201              	.LFE244:
 1203              		.section	.text.HAL_I2S_Transmit_IT,"ax",%progbits
 1204              		.align	1
 1205              		.global	HAL_I2S_Transmit_IT
 1206              		.syntax unified
 1207              		.thumb
 1208              		.thumb_func
 1210              	HAL_I2S_Transmit_IT:
 1211              	.LVL75:
 1212              	.LFB245:
1058:Drivers/STM32F4xx_HAL_Driver/Src/stm32f4xx_hal_i2s.c ****   uint32_t tmpreg_cfgr;
 1213              		.loc 1 1058 1 is_stmt 1 view -0
 1214              		.cfi_startproc
 1215              		@ args = 0, pretend = 0, frame = 0
 1216              		@ frame_needed = 0, uses_anonymous_args = 0
 1217              		@ link register save eliminated.
1059:Drivers/STM32F4xx_HAL_Driver/Src/stm32f4xx_hal_i2s.c **** 
 1218              		.loc 1 1059 3 view .LVU415
1061:Drivers/STM32F4xx_HAL_Driver/Src/stm32f4xx_hal_i2s.c ****   {
 1219              		.loc 1 1061 3 view .LVU416
1061:Drivers/STM32F4xx_HAL_Driver/Src/stm32f4xx_hal_i2s.c ****   {
 1220              		.loc 1 1061 6 is_stmt 0 view .LVU417
 1221 0000 0B46     		mov	r3, r1
 1222 0002 0029     		cmp	r1, #0
 1223 0004 33D0     		beq	.L97
1061:Drivers/STM32F4xx_HAL_Driver/Src/stm32f4xx_hal_i2s.c ****   {
 1224              		.loc 1 1061 23 discriminator 1 view .LVU418
 1225 0006 002A     		cmp	r2, #0
 1226 0008 33D0     		beq	.L98
1066:Drivers/STM32F4xx_HAL_Driver/Src/stm32f4xx_hal_i2s.c ****   {
 1227              		.loc 1 1066 3 is_stmt 1 view .LVU419
1066:Drivers/STM32F4xx_HAL_Driver/Src/stm32f4xx_hal_i2s.c ****   {
 1228              		.loc 1 1066 11 is_stmt 0 view .LVU420
 1229 000a 90F84110 		ldrb	r1, [r0, #65]	@ zero_extendqisi2
 1230              	.LVL76:
1066:Drivers/STM32F4xx_HAL_Driver/Src/stm32f4xx_hal_i2s.c ****   {
 1231              		.loc 1 1066 6 view .LVU421
 1232 000e 0129     		cmp	r1, #1
 1233 0010 31D1     		bne	.L99
1072:Drivers/STM32F4xx_HAL_Driver/Src/stm32f4xx_hal_i2s.c **** 
 1234              		.loc 1 1072 3 is_stmt 1 view .LVU422
1072:Drivers/STM32F4xx_HAL_Driver/Src/stm32f4xx_hal_i2s.c **** 
 1235              		.loc 1 1072 3 view .LVU423
 1236 0012 90F84010 		ldrb	r1, [r0, #64]	@ zero_extendqisi2
 1237 0016 0129     		cmp	r1, #1
 1238 0018 2FD0     		beq	.L100
1072:Drivers/STM32F4xx_HAL_Driver/Src/stm32f4xx_hal_i2s.c **** 
 1239              		.loc 1 1072 3 discriminator 2 view .LVU424
 1240 001a 0121     		movs	r1, #1
 1241 001c 80F84010 		strb	r1, [r0, #64]
1072:Drivers/STM32F4xx_HAL_Driver/Src/stm32f4xx_hal_i2s.c **** 
 1242              		.loc 1 1072 3 view .LVU425
1075:Drivers/STM32F4xx_HAL_Driver/Src/stm32f4xx_hal_i2s.c ****   hi2s->ErrorCode = HAL_I2S_ERROR_NONE;
 1243              		.loc 1 1075 3 view .LVU426
1075:Drivers/STM32F4xx_HAL_Driver/Src/stm32f4xx_hal_i2s.c ****   hi2s->ErrorCode = HAL_I2S_ERROR_NONE;
ARM GAS  /tmp/ccXsv2Xt.s 			page 66


 1244              		.loc 1 1075 15 is_stmt 0 view .LVU427
 1245 0020 0321     		movs	r1, #3
 1246 0022 80F84110 		strb	r1, [r0, #65]
1076:Drivers/STM32F4xx_HAL_Driver/Src/stm32f4xx_hal_i2s.c ****   hi2s->pTxBuffPtr = pData;
 1247              		.loc 1 1076 3 is_stmt 1 view .LVU428
1076:Drivers/STM32F4xx_HAL_Driver/Src/stm32f4xx_hal_i2s.c ****   hi2s->pTxBuffPtr = pData;
 1248              		.loc 1 1076 19 is_stmt 0 view .LVU429
 1249 0026 0021     		movs	r1, #0
 1250 0028 4164     		str	r1, [r0, #68]
1077:Drivers/STM32F4xx_HAL_Driver/Src/stm32f4xx_hal_i2s.c **** 
 1251              		.loc 1 1077 3 is_stmt 1 view .LVU430
1077:Drivers/STM32F4xx_HAL_Driver/Src/stm32f4xx_hal_i2s.c **** 
 1252              		.loc 1 1077 20 is_stmt 0 view .LVU431
 1253 002a 4362     		str	r3, [r0, #36]
1079:Drivers/STM32F4xx_HAL_Driver/Src/stm32f4xx_hal_i2s.c **** 
 1254              		.loc 1 1079 3 is_stmt 1 view .LVU432
1079:Drivers/STM32F4xx_HAL_Driver/Src/stm32f4xx_hal_i2s.c **** 
 1255              		.loc 1 1079 21 is_stmt 0 view .LVU433
 1256 002c 0168     		ldr	r1, [r0]
1079:Drivers/STM32F4xx_HAL_Driver/Src/stm32f4xx_hal_i2s.c **** 
 1257              		.loc 1 1079 31 view .LVU434
 1258 002e CB69     		ldr	r3, [r1, #28]
 1259              	.LVL77:
1079:Drivers/STM32F4xx_HAL_Driver/Src/stm32f4xx_hal_i2s.c **** 
 1260              		.loc 1 1079 15 view .LVU435
 1261 0030 03F00703 		and	r3, r3, #7
 1262              	.LVL78:
1081:Drivers/STM32F4xx_HAL_Driver/Src/stm32f4xx_hal_i2s.c ****   {
 1263              		.loc 1 1081 3 is_stmt 1 view .LVU436
1081:Drivers/STM32F4xx_HAL_Driver/Src/stm32f4xx_hal_i2s.c ****   {
 1264              		.loc 1 1081 6 is_stmt 0 view .LVU437
 1265 0034 032B     		cmp	r3, #3
 1266 0036 04D0     		beq	.L94
1081:Drivers/STM32F4xx_HAL_Driver/Src/stm32f4xx_hal_i2s.c ****   {
 1267              		.loc 1 1081 43 discriminator 1 view .LVU438
 1268 0038 052B     		cmp	r3, #5
 1269 003a 02D0     		beq	.L94
1088:Drivers/STM32F4xx_HAL_Driver/Src/stm32f4xx_hal_i2s.c ****     hi2s->TxXferCount = Size;
 1270              		.loc 1 1088 5 is_stmt 1 view .LVU439
1088:Drivers/STM32F4xx_HAL_Driver/Src/stm32f4xx_hal_i2s.c ****     hi2s->TxXferCount = Size;
 1271              		.loc 1 1088 22 is_stmt 0 view .LVU440
 1272 003c 0285     		strh	r2, [r0, #40]	@ movhi
1089:Drivers/STM32F4xx_HAL_Driver/Src/stm32f4xx_hal_i2s.c ****   }
 1273              		.loc 1 1089 5 is_stmt 1 view .LVU441
1089:Drivers/STM32F4xx_HAL_Driver/Src/stm32f4xx_hal_i2s.c ****   }
 1274              		.loc 1 1089 23 is_stmt 0 view .LVU442
 1275 003e 4285     		strh	r2, [r0, #42]	@ movhi
 1276 0040 03E0     		b	.L96
 1277              	.L94:
1083:Drivers/STM32F4xx_HAL_Driver/Src/stm32f4xx_hal_i2s.c ****     hi2s->TxXferCount = (Size << 1U);
 1278              		.loc 1 1083 5 is_stmt 1 view .LVU443
1083:Drivers/STM32F4xx_HAL_Driver/Src/stm32f4xx_hal_i2s.c ****     hi2s->TxXferCount = (Size << 1U);
 1279              		.loc 1 1083 30 is_stmt 0 view .LVU444
 1280 0042 5200     		lsls	r2, r2, #1
 1281              	.LVL79:
1083:Drivers/STM32F4xx_HAL_Driver/Src/stm32f4xx_hal_i2s.c ****     hi2s->TxXferCount = (Size << 1U);
 1282              		.loc 1 1083 30 view .LVU445
ARM GAS  /tmp/ccXsv2Xt.s 			page 67


 1283 0044 92B2     		uxth	r2, r2
1083:Drivers/STM32F4xx_HAL_Driver/Src/stm32f4xx_hal_i2s.c ****     hi2s->TxXferCount = (Size << 1U);
 1284              		.loc 1 1083 22 view .LVU446
 1285 0046 0285     		strh	r2, [r0, #40]	@ movhi
1084:Drivers/STM32F4xx_HAL_Driver/Src/stm32f4xx_hal_i2s.c ****   }
 1286              		.loc 1 1084 5 is_stmt 1 view .LVU447
1084:Drivers/STM32F4xx_HAL_Driver/Src/stm32f4xx_hal_i2s.c ****   }
 1287              		.loc 1 1084 23 is_stmt 0 view .LVU448
 1288 0048 4285     		strh	r2, [r0, #42]	@ movhi
 1289              	.L96:
1092:Drivers/STM32F4xx_HAL_Driver/Src/stm32f4xx_hal_i2s.c **** 
 1290              		.loc 1 1092 3 is_stmt 1 view .LVU449
1092:Drivers/STM32F4xx_HAL_Driver/Src/stm32f4xx_hal_i2s.c **** 
 1291              		.loc 1 1092 3 view .LVU450
 1292 004a 0023     		movs	r3, #0
 1293              	.LVL80:
1092:Drivers/STM32F4xx_HAL_Driver/Src/stm32f4xx_hal_i2s.c **** 
 1294              		.loc 1 1092 3 is_stmt 0 view .LVU451
 1295 004c 80F84030 		strb	r3, [r0, #64]
1092:Drivers/STM32F4xx_HAL_Driver/Src/stm32f4xx_hal_i2s.c **** 
 1296              		.loc 1 1092 3 is_stmt 1 view .LVU452
1095:Drivers/STM32F4xx_HAL_Driver/Src/stm32f4xx_hal_i2s.c **** 
 1297              		.loc 1 1095 3 view .LVU453
 1298 0050 4B68     		ldr	r3, [r1, #4]
 1299 0052 43F0A003 		orr	r3, r3, #160
 1300 0056 4B60     		str	r3, [r1, #4]
 1301              	.LVL81:
1098:Drivers/STM32F4xx_HAL_Driver/Src/stm32f4xx_hal_i2s.c ****   {
 1302              		.loc 1 1098 3 view .LVU454
1098:Drivers/STM32F4xx_HAL_Driver/Src/stm32f4xx_hal_i2s.c ****   {
 1303              		.loc 1 1098 12 is_stmt 0 view .LVU455
 1304 0058 0368     		ldr	r3, [r0]
1098:Drivers/STM32F4xx_HAL_Driver/Src/stm32f4xx_hal_i2s.c ****   {
 1305              		.loc 1 1098 22 view .LVU456
 1306 005a DA69     		ldr	r2, [r3, #28]
1098:Drivers/STM32F4xx_HAL_Driver/Src/stm32f4xx_hal_i2s.c ****   {
 1307              		.loc 1 1098 6 view .LVU457
 1308 005c 12F4806F 		tst	r2, #1024
 1309 0060 0DD1     		bne	.L101
1101:Drivers/STM32F4xx_HAL_Driver/Src/stm32f4xx_hal_i2s.c ****   }
 1310              		.loc 1 1101 5 is_stmt 1 view .LVU458
 1311 0062 DA69     		ldr	r2, [r3, #28]
 1312 0064 42F48062 		orr	r2, r2, #1024
 1313 0068 DA61     		str	r2, [r3, #28]
1104:Drivers/STM32F4xx_HAL_Driver/Src/stm32f4xx_hal_i2s.c **** }
 1314              		.loc 1 1104 10 is_stmt 0 view .LVU459
 1315 006a 0020     		movs	r0, #0
 1316              	.LVL82:
1104:Drivers/STM32F4xx_HAL_Driver/Src/stm32f4xx_hal_i2s.c **** }
 1317              		.loc 1 1104 10 view .LVU460
 1318 006c 7047     		bx	lr
 1319              	.LVL83:
 1320              	.L97:
1063:Drivers/STM32F4xx_HAL_Driver/Src/stm32f4xx_hal_i2s.c ****   }
 1321              		.loc 1 1063 13 view .LVU461
 1322 006e 0120     		movs	r0, #1
 1323              	.LVL84:
ARM GAS  /tmp/ccXsv2Xt.s 			page 68


1063:Drivers/STM32F4xx_HAL_Driver/Src/stm32f4xx_hal_i2s.c ****   }
 1324              		.loc 1 1063 13 view .LVU462
 1325 0070 7047     		bx	lr
 1326              	.LVL85:
 1327              	.L98:
1063:Drivers/STM32F4xx_HAL_Driver/Src/stm32f4xx_hal_i2s.c ****   }
 1328              		.loc 1 1063 13 view .LVU463
 1329 0072 0120     		movs	r0, #1
 1330              	.LVL86:
1063:Drivers/STM32F4xx_HAL_Driver/Src/stm32f4xx_hal_i2s.c ****   }
 1331              		.loc 1 1063 13 view .LVU464
 1332 0074 7047     		bx	lr
 1333              	.LVL87:
 1334              	.L99:
1068:Drivers/STM32F4xx_HAL_Driver/Src/stm32f4xx_hal_i2s.c ****   }
 1335              		.loc 1 1068 12 view .LVU465
 1336 0076 0220     		movs	r0, #2
 1337              	.LVL88:
1068:Drivers/STM32F4xx_HAL_Driver/Src/stm32f4xx_hal_i2s.c ****   }
 1338              		.loc 1 1068 12 view .LVU466
 1339 0078 7047     		bx	lr
 1340              	.LVL89:
 1341              	.L100:
1072:Drivers/STM32F4xx_HAL_Driver/Src/stm32f4xx_hal_i2s.c **** 
 1342              		.loc 1 1072 3 discriminator 1 view .LVU467
 1343 007a 0220     		movs	r0, #2
 1344              	.LVL90:
1072:Drivers/STM32F4xx_HAL_Driver/Src/stm32f4xx_hal_i2s.c **** 
 1345              		.loc 1 1072 3 discriminator 1 view .LVU468
 1346 007c 7047     		bx	lr
 1347              	.LVL91:
 1348              	.L101:
1104:Drivers/STM32F4xx_HAL_Driver/Src/stm32f4xx_hal_i2s.c **** }
 1349              		.loc 1 1104 10 view .LVU469
 1350 007e 0020     		movs	r0, #0
 1351              	.LVL92:
1105:Drivers/STM32F4xx_HAL_Driver/Src/stm32f4xx_hal_i2s.c **** 
 1352              		.loc 1 1105 1 view .LVU470
 1353 0080 7047     		bx	lr
 1354              		.cfi_endproc
 1355              	.LFE245:
 1357              		.section	.text.HAL_I2S_Receive_IT,"ax",%progbits
 1358              		.align	1
 1359              		.global	HAL_I2S_Receive_IT
 1360              		.syntax unified
 1361              		.thumb
 1362              		.thumb_func
 1364              	HAL_I2S_Receive_IT:
 1365              	.LVL93:
 1366              	.LFB246:
1124:Drivers/STM32F4xx_HAL_Driver/Src/stm32f4xx_hal_i2s.c ****   uint32_t tmpreg_cfgr;
 1367              		.loc 1 1124 1 is_stmt 1 view -0
 1368              		.cfi_startproc
 1369              		@ args = 0, pretend = 0, frame = 0
 1370              		@ frame_needed = 0, uses_anonymous_args = 0
 1371              		@ link register save eliminated.
1125:Drivers/STM32F4xx_HAL_Driver/Src/stm32f4xx_hal_i2s.c **** 
ARM GAS  /tmp/ccXsv2Xt.s 			page 69


 1372              		.loc 1 1125 3 view .LVU472
1127:Drivers/STM32F4xx_HAL_Driver/Src/stm32f4xx_hal_i2s.c ****   {
 1373              		.loc 1 1127 3 view .LVU473
1127:Drivers/STM32F4xx_HAL_Driver/Src/stm32f4xx_hal_i2s.c ****   {
 1374              		.loc 1 1127 6 is_stmt 0 view .LVU474
 1375 0000 0B46     		mov	r3, r1
 1376 0002 0029     		cmp	r1, #0
 1377 0004 33D0     		beq	.L107
1127:Drivers/STM32F4xx_HAL_Driver/Src/stm32f4xx_hal_i2s.c ****   {
 1378              		.loc 1 1127 23 discriminator 1 view .LVU475
 1379 0006 002A     		cmp	r2, #0
 1380 0008 33D0     		beq	.L108
1132:Drivers/STM32F4xx_HAL_Driver/Src/stm32f4xx_hal_i2s.c ****   {
 1381              		.loc 1 1132 3 is_stmt 1 view .LVU476
1132:Drivers/STM32F4xx_HAL_Driver/Src/stm32f4xx_hal_i2s.c ****   {
 1382              		.loc 1 1132 11 is_stmt 0 view .LVU477
 1383 000a 90F84110 		ldrb	r1, [r0, #65]	@ zero_extendqisi2
 1384              	.LVL94:
1132:Drivers/STM32F4xx_HAL_Driver/Src/stm32f4xx_hal_i2s.c ****   {
 1385              		.loc 1 1132 6 view .LVU478
 1386 000e 0129     		cmp	r1, #1
 1387 0010 31D1     		bne	.L109
1138:Drivers/STM32F4xx_HAL_Driver/Src/stm32f4xx_hal_i2s.c **** 
 1388              		.loc 1 1138 3 is_stmt 1 view .LVU479
1138:Drivers/STM32F4xx_HAL_Driver/Src/stm32f4xx_hal_i2s.c **** 
 1389              		.loc 1 1138 3 view .LVU480
 1390 0012 90F84010 		ldrb	r1, [r0, #64]	@ zero_extendqisi2
 1391 0016 0129     		cmp	r1, #1
 1392 0018 2FD0     		beq	.L110
1138:Drivers/STM32F4xx_HAL_Driver/Src/stm32f4xx_hal_i2s.c **** 
 1393              		.loc 1 1138 3 discriminator 2 view .LVU481
 1394 001a 0121     		movs	r1, #1
 1395 001c 80F84010 		strb	r1, [r0, #64]
1138:Drivers/STM32F4xx_HAL_Driver/Src/stm32f4xx_hal_i2s.c **** 
 1396              		.loc 1 1138 3 view .LVU482
1141:Drivers/STM32F4xx_HAL_Driver/Src/stm32f4xx_hal_i2s.c ****   hi2s->ErrorCode = HAL_I2S_ERROR_NONE;
 1397              		.loc 1 1141 3 view .LVU483
1141:Drivers/STM32F4xx_HAL_Driver/Src/stm32f4xx_hal_i2s.c ****   hi2s->ErrorCode = HAL_I2S_ERROR_NONE;
 1398              		.loc 1 1141 15 is_stmt 0 view .LVU484
 1399 0020 0421     		movs	r1, #4
 1400 0022 80F84110 		strb	r1, [r0, #65]
1142:Drivers/STM32F4xx_HAL_Driver/Src/stm32f4xx_hal_i2s.c ****   hi2s->pRxBuffPtr = pData;
 1401              		.loc 1 1142 3 is_stmt 1 view .LVU485
1142:Drivers/STM32F4xx_HAL_Driver/Src/stm32f4xx_hal_i2s.c ****   hi2s->pRxBuffPtr = pData;
 1402              		.loc 1 1142 19 is_stmt 0 view .LVU486
 1403 0026 0021     		movs	r1, #0
 1404 0028 4164     		str	r1, [r0, #68]
1143:Drivers/STM32F4xx_HAL_Driver/Src/stm32f4xx_hal_i2s.c **** 
 1405              		.loc 1 1143 3 is_stmt 1 view .LVU487
1143:Drivers/STM32F4xx_HAL_Driver/Src/stm32f4xx_hal_i2s.c **** 
 1406              		.loc 1 1143 20 is_stmt 0 view .LVU488
 1407 002a C362     		str	r3, [r0, #44]
1145:Drivers/STM32F4xx_HAL_Driver/Src/stm32f4xx_hal_i2s.c **** 
 1408              		.loc 1 1145 3 is_stmt 1 view .LVU489
1145:Drivers/STM32F4xx_HAL_Driver/Src/stm32f4xx_hal_i2s.c **** 
 1409              		.loc 1 1145 21 is_stmt 0 view .LVU490
 1410 002c 0168     		ldr	r1, [r0]
ARM GAS  /tmp/ccXsv2Xt.s 			page 70


1145:Drivers/STM32F4xx_HAL_Driver/Src/stm32f4xx_hal_i2s.c **** 
 1411              		.loc 1 1145 31 view .LVU491
 1412 002e CB69     		ldr	r3, [r1, #28]
 1413              	.LVL95:
1145:Drivers/STM32F4xx_HAL_Driver/Src/stm32f4xx_hal_i2s.c **** 
 1414              		.loc 1 1145 15 view .LVU492
 1415 0030 03F00703 		and	r3, r3, #7
 1416              	.LVL96:
1147:Drivers/STM32F4xx_HAL_Driver/Src/stm32f4xx_hal_i2s.c ****   {
 1417              		.loc 1 1147 3 is_stmt 1 view .LVU493
1147:Drivers/STM32F4xx_HAL_Driver/Src/stm32f4xx_hal_i2s.c ****   {
 1418              		.loc 1 1147 6 is_stmt 0 view .LVU494
 1419 0034 032B     		cmp	r3, #3
 1420 0036 04D0     		beq	.L104
1147:Drivers/STM32F4xx_HAL_Driver/Src/stm32f4xx_hal_i2s.c ****   {
 1421              		.loc 1 1147 43 discriminator 1 view .LVU495
 1422 0038 052B     		cmp	r3, #5
 1423 003a 02D0     		beq	.L104
1154:Drivers/STM32F4xx_HAL_Driver/Src/stm32f4xx_hal_i2s.c ****     hi2s->RxXferCount = Size;
 1424              		.loc 1 1154 5 is_stmt 1 view .LVU496
1154:Drivers/STM32F4xx_HAL_Driver/Src/stm32f4xx_hal_i2s.c ****     hi2s->RxXferCount = Size;
 1425              		.loc 1 1154 22 is_stmt 0 view .LVU497
 1426 003c 0286     		strh	r2, [r0, #48]	@ movhi
1155:Drivers/STM32F4xx_HAL_Driver/Src/stm32f4xx_hal_i2s.c ****   }
 1427              		.loc 1 1155 5 is_stmt 1 view .LVU498
1155:Drivers/STM32F4xx_HAL_Driver/Src/stm32f4xx_hal_i2s.c ****   }
 1428              		.loc 1 1155 23 is_stmt 0 view .LVU499
 1429 003e 4286     		strh	r2, [r0, #50]	@ movhi
 1430 0040 03E0     		b	.L106
 1431              	.L104:
1149:Drivers/STM32F4xx_HAL_Driver/Src/stm32f4xx_hal_i2s.c ****     hi2s->RxXferCount = (Size << 1U);
 1432              		.loc 1 1149 5 is_stmt 1 view .LVU500
1149:Drivers/STM32F4xx_HAL_Driver/Src/stm32f4xx_hal_i2s.c ****     hi2s->RxXferCount = (Size << 1U);
 1433              		.loc 1 1149 30 is_stmt 0 view .LVU501
 1434 0042 5200     		lsls	r2, r2, #1
 1435              	.LVL97:
1149:Drivers/STM32F4xx_HAL_Driver/Src/stm32f4xx_hal_i2s.c ****     hi2s->RxXferCount = (Size << 1U);
 1436              		.loc 1 1149 30 view .LVU502
 1437 0044 92B2     		uxth	r2, r2
1149:Drivers/STM32F4xx_HAL_Driver/Src/stm32f4xx_hal_i2s.c ****     hi2s->RxXferCount = (Size << 1U);
 1438              		.loc 1 1149 22 view .LVU503
 1439 0046 0286     		strh	r2, [r0, #48]	@ movhi
1150:Drivers/STM32F4xx_HAL_Driver/Src/stm32f4xx_hal_i2s.c ****   }
 1440              		.loc 1 1150 5 is_stmt 1 view .LVU504
1150:Drivers/STM32F4xx_HAL_Driver/Src/stm32f4xx_hal_i2s.c ****   }
 1441              		.loc 1 1150 23 is_stmt 0 view .LVU505
 1442 0048 4286     		strh	r2, [r0, #50]	@ movhi
 1443              	.L106:
1158:Drivers/STM32F4xx_HAL_Driver/Src/stm32f4xx_hal_i2s.c **** 
 1444              		.loc 1 1158 3 is_stmt 1 view .LVU506
1158:Drivers/STM32F4xx_HAL_Driver/Src/stm32f4xx_hal_i2s.c **** 
 1445              		.loc 1 1158 3 view .LVU507
 1446 004a 0023     		movs	r3, #0
 1447              	.LVL98:
1158:Drivers/STM32F4xx_HAL_Driver/Src/stm32f4xx_hal_i2s.c **** 
 1448              		.loc 1 1158 3 is_stmt 0 view .LVU508
 1449 004c 80F84030 		strb	r3, [r0, #64]
ARM GAS  /tmp/ccXsv2Xt.s 			page 71


1158:Drivers/STM32F4xx_HAL_Driver/Src/stm32f4xx_hal_i2s.c **** 
 1450              		.loc 1 1158 3 is_stmt 1 view .LVU509
1161:Drivers/STM32F4xx_HAL_Driver/Src/stm32f4xx_hal_i2s.c **** 
 1451              		.loc 1 1161 3 view .LVU510
 1452 0050 4B68     		ldr	r3, [r1, #4]
 1453 0052 43F06003 		orr	r3, r3, #96
 1454 0056 4B60     		str	r3, [r1, #4]
 1455              	.LVL99:
1164:Drivers/STM32F4xx_HAL_Driver/Src/stm32f4xx_hal_i2s.c ****   {
 1456              		.loc 1 1164 3 view .LVU511
1164:Drivers/STM32F4xx_HAL_Driver/Src/stm32f4xx_hal_i2s.c ****   {
 1457              		.loc 1 1164 12 is_stmt 0 view .LVU512
 1458 0058 0368     		ldr	r3, [r0]
1164:Drivers/STM32F4xx_HAL_Driver/Src/stm32f4xx_hal_i2s.c ****   {
 1459              		.loc 1 1164 22 view .LVU513
 1460 005a DA69     		ldr	r2, [r3, #28]
1164:Drivers/STM32F4xx_HAL_Driver/Src/stm32f4xx_hal_i2s.c ****   {
 1461              		.loc 1 1164 6 view .LVU514
 1462 005c 12F4806F 		tst	r2, #1024
 1463 0060 0DD1     		bne	.L111
1167:Drivers/STM32F4xx_HAL_Driver/Src/stm32f4xx_hal_i2s.c ****   }
 1464              		.loc 1 1167 5 is_stmt 1 view .LVU515
 1465 0062 DA69     		ldr	r2, [r3, #28]
 1466 0064 42F48062 		orr	r2, r2, #1024
 1467 0068 DA61     		str	r2, [r3, #28]
1170:Drivers/STM32F4xx_HAL_Driver/Src/stm32f4xx_hal_i2s.c **** }
 1468              		.loc 1 1170 10 is_stmt 0 view .LVU516
 1469 006a 0020     		movs	r0, #0
 1470              	.LVL100:
1170:Drivers/STM32F4xx_HAL_Driver/Src/stm32f4xx_hal_i2s.c **** }
 1471              		.loc 1 1170 10 view .LVU517
 1472 006c 7047     		bx	lr
 1473              	.LVL101:
 1474              	.L107:
1129:Drivers/STM32F4xx_HAL_Driver/Src/stm32f4xx_hal_i2s.c ****   }
 1475              		.loc 1 1129 13 view .LVU518
 1476 006e 0120     		movs	r0, #1
 1477              	.LVL102:
1129:Drivers/STM32F4xx_HAL_Driver/Src/stm32f4xx_hal_i2s.c ****   }
 1478              		.loc 1 1129 13 view .LVU519
 1479 0070 7047     		bx	lr
 1480              	.LVL103:
 1481              	.L108:
1129:Drivers/STM32F4xx_HAL_Driver/Src/stm32f4xx_hal_i2s.c ****   }
 1482              		.loc 1 1129 13 view .LVU520
 1483 0072 0120     		movs	r0, #1
 1484              	.LVL104:
1129:Drivers/STM32F4xx_HAL_Driver/Src/stm32f4xx_hal_i2s.c ****   }
 1485              		.loc 1 1129 13 view .LVU521
 1486 0074 7047     		bx	lr
 1487              	.LVL105:
 1488              	.L109:
1134:Drivers/STM32F4xx_HAL_Driver/Src/stm32f4xx_hal_i2s.c ****   }
 1489              		.loc 1 1134 12 view .LVU522
 1490 0076 0220     		movs	r0, #2
 1491              	.LVL106:
1134:Drivers/STM32F4xx_HAL_Driver/Src/stm32f4xx_hal_i2s.c ****   }
ARM GAS  /tmp/ccXsv2Xt.s 			page 72


 1492              		.loc 1 1134 12 view .LVU523
 1493 0078 7047     		bx	lr
 1494              	.LVL107:
 1495              	.L110:
1138:Drivers/STM32F4xx_HAL_Driver/Src/stm32f4xx_hal_i2s.c **** 
 1496              		.loc 1 1138 3 discriminator 1 view .LVU524
 1497 007a 0220     		movs	r0, #2
 1498              	.LVL108:
1138:Drivers/STM32F4xx_HAL_Driver/Src/stm32f4xx_hal_i2s.c **** 
 1499              		.loc 1 1138 3 discriminator 1 view .LVU525
 1500 007c 7047     		bx	lr
 1501              	.LVL109:
 1502              	.L111:
1170:Drivers/STM32F4xx_HAL_Driver/Src/stm32f4xx_hal_i2s.c **** }
 1503              		.loc 1 1170 10 view .LVU526
 1504 007e 0020     		movs	r0, #0
 1505              	.LVL110:
1171:Drivers/STM32F4xx_HAL_Driver/Src/stm32f4xx_hal_i2s.c **** 
 1506              		.loc 1 1171 1 view .LVU527
 1507 0080 7047     		bx	lr
 1508              		.cfi_endproc
 1509              	.LFE246:
 1511              		.section	.text.HAL_I2S_Transmit_DMA,"ax",%progbits
 1512              		.align	1
 1513              		.global	HAL_I2S_Transmit_DMA
 1514              		.syntax unified
 1515              		.thumb
 1516              		.thumb_func
 1518              	HAL_I2S_Transmit_DMA:
 1519              	.LVL111:
 1520              	.LFB247:
1188:Drivers/STM32F4xx_HAL_Driver/Src/stm32f4xx_hal_i2s.c ****   uint32_t tmpreg_cfgr;
 1521              		.loc 1 1188 1 is_stmt 1 view -0
 1522              		.cfi_startproc
 1523              		@ args = 0, pretend = 0, frame = 0
 1524              		@ frame_needed = 0, uses_anonymous_args = 0
1189:Drivers/STM32F4xx_HAL_Driver/Src/stm32f4xx_hal_i2s.c **** 
 1525              		.loc 1 1189 3 view .LVU529
1191:Drivers/STM32F4xx_HAL_Driver/Src/stm32f4xx_hal_i2s.c ****   {
 1526              		.loc 1 1191 3 view .LVU530
1191:Drivers/STM32F4xx_HAL_Driver/Src/stm32f4xx_hal_i2s.c ****   {
 1527              		.loc 1 1191 6 is_stmt 0 view .LVU531
 1528 0000 0029     		cmp	r1, #0
 1529 0002 58D0     		beq	.L119
1188:Drivers/STM32F4xx_HAL_Driver/Src/stm32f4xx_hal_i2s.c ****   uint32_t tmpreg_cfgr;
 1530              		.loc 1 1188 1 view .LVU532
 1531 0004 38B5     		push	{r3, r4, r5, lr}
 1532              	.LCFI13:
 1533              		.cfi_def_cfa_offset 16
 1534              		.cfi_offset 3, -16
 1535              		.cfi_offset 4, -12
 1536              		.cfi_offset 5, -8
 1537              		.cfi_offset 14, -4
 1538 0006 0446     		mov	r4, r0
1191:Drivers/STM32F4xx_HAL_Driver/Src/stm32f4xx_hal_i2s.c ****   {
 1539              		.loc 1 1191 23 discriminator 1 view .LVU533
 1540 0008 002A     		cmp	r2, #0
ARM GAS  /tmp/ccXsv2Xt.s 			page 73


 1541 000a 56D0     		beq	.L120
1196:Drivers/STM32F4xx_HAL_Driver/Src/stm32f4xx_hal_i2s.c ****   {
 1542              		.loc 1 1196 3 is_stmt 1 view .LVU534
1196:Drivers/STM32F4xx_HAL_Driver/Src/stm32f4xx_hal_i2s.c ****   {
 1543              		.loc 1 1196 11 is_stmt 0 view .LVU535
 1544 000c 94F84130 		ldrb	r3, [r4, #65]	@ zero_extendqisi2
 1545 0010 DDB2     		uxtb	r5, r3
1196:Drivers/STM32F4xx_HAL_Driver/Src/stm32f4xx_hal_i2s.c ****   {
 1546              		.loc 1 1196 6 view .LVU536
 1547 0012 012B     		cmp	r3, #1
 1548 0014 53D1     		bne	.L121
1202:Drivers/STM32F4xx_HAL_Driver/Src/stm32f4xx_hal_i2s.c **** 
 1549              		.loc 1 1202 3 is_stmt 1 view .LVU537
1202:Drivers/STM32F4xx_HAL_Driver/Src/stm32f4xx_hal_i2s.c **** 
 1550              		.loc 1 1202 3 view .LVU538
 1551 0016 94F84030 		ldrb	r3, [r4, #64]	@ zero_extendqisi2
 1552 001a 012B     		cmp	r3, #1
 1553 001c 51D0     		beq	.L122
1202:Drivers/STM32F4xx_HAL_Driver/Src/stm32f4xx_hal_i2s.c **** 
 1554              		.loc 1 1202 3 discriminator 2 view .LVU539
 1555 001e 0123     		movs	r3, #1
 1556 0020 84F84030 		strb	r3, [r4, #64]
1202:Drivers/STM32F4xx_HAL_Driver/Src/stm32f4xx_hal_i2s.c **** 
 1557              		.loc 1 1202 3 view .LVU540
1205:Drivers/STM32F4xx_HAL_Driver/Src/stm32f4xx_hal_i2s.c ****   hi2s->ErrorCode = HAL_I2S_ERROR_NONE;
 1558              		.loc 1 1205 3 view .LVU541
1205:Drivers/STM32F4xx_HAL_Driver/Src/stm32f4xx_hal_i2s.c ****   hi2s->ErrorCode = HAL_I2S_ERROR_NONE;
 1559              		.loc 1 1205 15 is_stmt 0 view .LVU542
 1560 0024 0323     		movs	r3, #3
 1561 0026 84F84130 		strb	r3, [r4, #65]
1206:Drivers/STM32F4xx_HAL_Driver/Src/stm32f4xx_hal_i2s.c ****   hi2s->pTxBuffPtr = pData;
 1562              		.loc 1 1206 3 is_stmt 1 view .LVU543
1206:Drivers/STM32F4xx_HAL_Driver/Src/stm32f4xx_hal_i2s.c ****   hi2s->pTxBuffPtr = pData;
 1563              		.loc 1 1206 19 is_stmt 0 view .LVU544
 1564 002a 0023     		movs	r3, #0
 1565 002c 6364     		str	r3, [r4, #68]
1207:Drivers/STM32F4xx_HAL_Driver/Src/stm32f4xx_hal_i2s.c **** 
 1566              		.loc 1 1207 3 is_stmt 1 view .LVU545
1207:Drivers/STM32F4xx_HAL_Driver/Src/stm32f4xx_hal_i2s.c **** 
 1567              		.loc 1 1207 20 is_stmt 0 view .LVU546
 1568 002e 6162     		str	r1, [r4, #36]
1209:Drivers/STM32F4xx_HAL_Driver/Src/stm32f4xx_hal_i2s.c **** 
 1569              		.loc 1 1209 3 is_stmt 1 view .LVU547
1209:Drivers/STM32F4xx_HAL_Driver/Src/stm32f4xx_hal_i2s.c **** 
 1570              		.loc 1 1209 21 is_stmt 0 view .LVU548
 1571 0030 2368     		ldr	r3, [r4]
1209:Drivers/STM32F4xx_HAL_Driver/Src/stm32f4xx_hal_i2s.c **** 
 1572              		.loc 1 1209 31 view .LVU549
 1573 0032 DB69     		ldr	r3, [r3, #28]
1209:Drivers/STM32F4xx_HAL_Driver/Src/stm32f4xx_hal_i2s.c **** 
 1574              		.loc 1 1209 15 view .LVU550
 1575 0034 03F00703 		and	r3, r3, #7
 1576              	.LVL112:
1211:Drivers/STM32F4xx_HAL_Driver/Src/stm32f4xx_hal_i2s.c ****   {
 1577              		.loc 1 1211 3 is_stmt 1 view .LVU551
1211:Drivers/STM32F4xx_HAL_Driver/Src/stm32f4xx_hal_i2s.c ****   {
 1578              		.loc 1 1211 6 is_stmt 0 view .LVU552
ARM GAS  /tmp/ccXsv2Xt.s 			page 74


 1579 0038 032B     		cmp	r3, #3
 1580 003a 04D0     		beq	.L114
1211:Drivers/STM32F4xx_HAL_Driver/Src/stm32f4xx_hal_i2s.c ****   {
 1581              		.loc 1 1211 43 discriminator 1 view .LVU553
 1582 003c 052B     		cmp	r3, #5
 1583 003e 02D0     		beq	.L114
1218:Drivers/STM32F4xx_HAL_Driver/Src/stm32f4xx_hal_i2s.c ****     hi2s->TxXferCount = Size;
 1584              		.loc 1 1218 5 is_stmt 1 view .LVU554
1218:Drivers/STM32F4xx_HAL_Driver/Src/stm32f4xx_hal_i2s.c ****     hi2s->TxXferCount = Size;
 1585              		.loc 1 1218 22 is_stmt 0 view .LVU555
 1586 0040 2285     		strh	r2, [r4, #40]	@ movhi
1219:Drivers/STM32F4xx_HAL_Driver/Src/stm32f4xx_hal_i2s.c ****   }
 1587              		.loc 1 1219 5 is_stmt 1 view .LVU556
1219:Drivers/STM32F4xx_HAL_Driver/Src/stm32f4xx_hal_i2s.c ****   }
 1588              		.loc 1 1219 23 is_stmt 0 view .LVU557
 1589 0042 6285     		strh	r2, [r4, #42]	@ movhi
 1590 0044 03E0     		b	.L116
 1591              	.L114:
1213:Drivers/STM32F4xx_HAL_Driver/Src/stm32f4xx_hal_i2s.c ****     hi2s->TxXferCount = (Size << 1U);
 1592              		.loc 1 1213 5 is_stmt 1 view .LVU558
1213:Drivers/STM32F4xx_HAL_Driver/Src/stm32f4xx_hal_i2s.c ****     hi2s->TxXferCount = (Size << 1U);
 1593              		.loc 1 1213 30 is_stmt 0 view .LVU559
 1594 0046 5200     		lsls	r2, r2, #1
 1595              	.LVL113:
1213:Drivers/STM32F4xx_HAL_Driver/Src/stm32f4xx_hal_i2s.c ****     hi2s->TxXferCount = (Size << 1U);
 1596              		.loc 1 1213 30 view .LVU560
 1597 0048 92B2     		uxth	r2, r2
1213:Drivers/STM32F4xx_HAL_Driver/Src/stm32f4xx_hal_i2s.c ****     hi2s->TxXferCount = (Size << 1U);
 1598              		.loc 1 1213 22 view .LVU561
 1599 004a 2285     		strh	r2, [r4, #40]	@ movhi
1214:Drivers/STM32F4xx_HAL_Driver/Src/stm32f4xx_hal_i2s.c ****   }
 1600              		.loc 1 1214 5 is_stmt 1 view .LVU562
1214:Drivers/STM32F4xx_HAL_Driver/Src/stm32f4xx_hal_i2s.c ****   }
 1601              		.loc 1 1214 23 is_stmt 0 view .LVU563
 1602 004c 6285     		strh	r2, [r4, #42]	@ movhi
 1603              	.L116:
1223:Drivers/STM32F4xx_HAL_Driver/Src/stm32f4xx_hal_i2s.c **** 
 1604              		.loc 1 1223 3 is_stmt 1 view .LVU564
1223:Drivers/STM32F4xx_HAL_Driver/Src/stm32f4xx_hal_i2s.c **** 
 1605              		.loc 1 1223 7 is_stmt 0 view .LVU565
 1606 004e A36B     		ldr	r3, [r4, #56]
 1607              	.LVL114:
1223:Drivers/STM32F4xx_HAL_Driver/Src/stm32f4xx_hal_i2s.c **** 
 1608              		.loc 1 1223 38 view .LVU566
 1609 0050 1D4A     		ldr	r2, .L128
 1610 0052 1A64     		str	r2, [r3, #64]
1226:Drivers/STM32F4xx_HAL_Driver/Src/stm32f4xx_hal_i2s.c **** 
 1611              		.loc 1 1226 3 is_stmt 1 view .LVU567
1226:Drivers/STM32F4xx_HAL_Driver/Src/stm32f4xx_hal_i2s.c **** 
 1612              		.loc 1 1226 7 is_stmt 0 view .LVU568
 1613 0054 A36B     		ldr	r3, [r4, #56]
1226:Drivers/STM32F4xx_HAL_Driver/Src/stm32f4xx_hal_i2s.c **** 
 1614              		.loc 1 1226 34 view .LVU569
 1615 0056 1D4A     		ldr	r2, .L128+4
 1616 0058 DA63     		str	r2, [r3, #60]
1229:Drivers/STM32F4xx_HAL_Driver/Src/stm32f4xx_hal_i2s.c **** 
 1617              		.loc 1 1229 3 is_stmt 1 view .LVU570
ARM GAS  /tmp/ccXsv2Xt.s 			page 75


1229:Drivers/STM32F4xx_HAL_Driver/Src/stm32f4xx_hal_i2s.c **** 
 1618              		.loc 1 1229 7 is_stmt 0 view .LVU571
 1619 005a A36B     		ldr	r3, [r4, #56]
1229:Drivers/STM32F4xx_HAL_Driver/Src/stm32f4xx_hal_i2s.c **** 
 1620              		.loc 1 1229 35 view .LVU572
 1621 005c 1C4A     		ldr	r2, .L128+8
 1622 005e DA64     		str	r2, [r3, #76]
1232:Drivers/STM32F4xx_HAL_Driver/Src/stm32f4xx_hal_i2s.c ****                                  (uint32_t)hi2s->pTxBuffPtr,
 1623              		.loc 1 1232 3 is_stmt 1 view .LVU573
1234:Drivers/STM32F4xx_HAL_Driver/Src/stm32f4xx_hal_i2s.c ****                                  hi2s->TxXferSize))
 1624              		.loc 1 1234 49 is_stmt 0 view .LVU574
 1625 0060 2268     		ldr	r2, [r4]
1235:Drivers/STM32F4xx_HAL_Driver/Src/stm32f4xx_hal_i2s.c ****   {
 1626              		.loc 1 1235 38 view .LVU575
 1627 0062 238D     		ldrh	r3, [r4, #40]
1232:Drivers/STM32F4xx_HAL_Driver/Src/stm32f4xx_hal_i2s.c ****                                  (uint32_t)hi2s->pTxBuffPtr,
 1628              		.loc 1 1232 17 view .LVU576
 1629 0064 9BB2     		uxth	r3, r3
 1630 0066 0C32     		adds	r2, r2, #12
 1631 0068 616A     		ldr	r1, [r4, #36]
 1632              	.LVL115:
1232:Drivers/STM32F4xx_HAL_Driver/Src/stm32f4xx_hal_i2s.c ****                                  (uint32_t)hi2s->pTxBuffPtr,
 1633              		.loc 1 1232 17 view .LVU577
 1634 006a A06B     		ldr	r0, [r4, #56]
 1635              	.LVL116:
1232:Drivers/STM32F4xx_HAL_Driver/Src/stm32f4xx_hal_i2s.c ****                                  (uint32_t)hi2s->pTxBuffPtr,
 1636              		.loc 1 1232 17 view .LVU578
 1637 006c FFF7FEFF 		bl	HAL_DMA_Start_IT
 1638              	.LVL117:
1232:Drivers/STM32F4xx_HAL_Driver/Src/stm32f4xx_hal_i2s.c ****                                  (uint32_t)hi2s->pTxBuffPtr,
 1639              		.loc 1 1232 6 discriminator 1 view .LVU579
 1640 0070 A8B9     		cbnz	r0, .L127
1245:Drivers/STM32F4xx_HAL_Driver/Src/stm32f4xx_hal_i2s.c **** 
 1641              		.loc 1 1245 3 is_stmt 1 view .LVU580
1245:Drivers/STM32F4xx_HAL_Driver/Src/stm32f4xx_hal_i2s.c **** 
 1642              		.loc 1 1245 3 view .LVU581
 1643 0072 0023     		movs	r3, #0
 1644 0074 84F84030 		strb	r3, [r4, #64]
1245:Drivers/STM32F4xx_HAL_Driver/Src/stm32f4xx_hal_i2s.c **** 
 1645              		.loc 1 1245 3 view .LVU582
1248:Drivers/STM32F4xx_HAL_Driver/Src/stm32f4xx_hal_i2s.c ****   {
 1646              		.loc 1 1248 3 view .LVU583
1248:Drivers/STM32F4xx_HAL_Driver/Src/stm32f4xx_hal_i2s.c ****   {
 1647              		.loc 1 1248 7 is_stmt 0 view .LVU584
 1648 0078 2368     		ldr	r3, [r4]
 1649 007a 5A68     		ldr	r2, [r3, #4]
1248:Drivers/STM32F4xx_HAL_Driver/Src/stm32f4xx_hal_i2s.c ****   {
 1650              		.loc 1 1248 6 view .LVU585
 1651 007c 12F0020F 		tst	r2, #2
 1652 0080 03D1     		bne	.L118
1251:Drivers/STM32F4xx_HAL_Driver/Src/stm32f4xx_hal_i2s.c ****   }
 1653              		.loc 1 1251 5 is_stmt 1 view .LVU586
 1654 0082 5A68     		ldr	r2, [r3, #4]
 1655 0084 42F00202 		orr	r2, r2, #2
 1656 0088 5A60     		str	r2, [r3, #4]
 1657              	.L118:
1255:Drivers/STM32F4xx_HAL_Driver/Src/stm32f4xx_hal_i2s.c ****   {
ARM GAS  /tmp/ccXsv2Xt.s 			page 76


 1658              		.loc 1 1255 3 view .LVU587
1255:Drivers/STM32F4xx_HAL_Driver/Src/stm32f4xx_hal_i2s.c ****   {
 1659              		.loc 1 1255 7 is_stmt 0 view .LVU588
 1660 008a 2368     		ldr	r3, [r4]
 1661 008c DA69     		ldr	r2, [r3, #28]
1255:Drivers/STM32F4xx_HAL_Driver/Src/stm32f4xx_hal_i2s.c ****   {
 1662              		.loc 1 1255 6 view .LVU589
 1663 008e 12F4806F 		tst	r2, #1024
 1664 0092 13D1     		bne	.L113
1258:Drivers/STM32F4xx_HAL_Driver/Src/stm32f4xx_hal_i2s.c ****   }
 1665              		.loc 1 1258 5 is_stmt 1 view .LVU590
 1666 0094 DA69     		ldr	r2, [r3, #28]
 1667 0096 42F48062 		orr	r2, r2, #1024
 1668 009a DA61     		str	r2, [r3, #28]
 1669 009c 0EE0     		b	.L113
 1670              	.L127:
1238:Drivers/STM32F4xx_HAL_Driver/Src/stm32f4xx_hal_i2s.c ****     hi2s->State = HAL_I2S_STATE_READY;
 1671              		.loc 1 1238 5 view .LVU591
 1672 009e 636C     		ldr	r3, [r4, #68]
 1673 00a0 43F00803 		orr	r3, r3, #8
 1674 00a4 6364     		str	r3, [r4, #68]
1239:Drivers/STM32F4xx_HAL_Driver/Src/stm32f4xx_hal_i2s.c **** 
 1675              		.loc 1 1239 5 view .LVU592
1239:Drivers/STM32F4xx_HAL_Driver/Src/stm32f4xx_hal_i2s.c **** 
 1676              		.loc 1 1239 17 is_stmt 0 view .LVU593
 1677 00a6 0123     		movs	r3, #1
 1678 00a8 84F84130 		strb	r3, [r4, #65]
1241:Drivers/STM32F4xx_HAL_Driver/Src/stm32f4xx_hal_i2s.c ****     return HAL_ERROR;
 1679              		.loc 1 1241 5 is_stmt 1 view .LVU594
1241:Drivers/STM32F4xx_HAL_Driver/Src/stm32f4xx_hal_i2s.c ****     return HAL_ERROR;
 1680              		.loc 1 1241 5 view .LVU595
 1681 00ac 0023     		movs	r3, #0
 1682 00ae 84F84030 		strb	r3, [r4, #64]
1241:Drivers/STM32F4xx_HAL_Driver/Src/stm32f4xx_hal_i2s.c ****     return HAL_ERROR;
 1683              		.loc 1 1241 5 view .LVU596
1242:Drivers/STM32F4xx_HAL_Driver/Src/stm32f4xx_hal_i2s.c ****   }
 1684              		.loc 1 1242 5 view .LVU597
1242:Drivers/STM32F4xx_HAL_Driver/Src/stm32f4xx_hal_i2s.c ****   }
 1685              		.loc 1 1242 12 is_stmt 0 view .LVU598
 1686 00b2 2846     		mov	r0, r5
 1687 00b4 02E0     		b	.L113
 1688              	.LVL118:
 1689              	.L119:
 1690              	.LCFI14:
 1691              		.cfi_def_cfa_offset 0
 1692              		.cfi_restore 3
 1693              		.cfi_restore 4
 1694              		.cfi_restore 5
 1695              		.cfi_restore 14
1193:Drivers/STM32F4xx_HAL_Driver/Src/stm32f4xx_hal_i2s.c ****   }
 1696              		.loc 1 1193 13 view .LVU599
 1697 00b6 0120     		movs	r0, #1
 1698              	.LVL119:
1262:Drivers/STM32F4xx_HAL_Driver/Src/stm32f4xx_hal_i2s.c **** 
 1699              		.loc 1 1262 1 view .LVU600
 1700 00b8 7047     		bx	lr
 1701              	.LVL120:
ARM GAS  /tmp/ccXsv2Xt.s 			page 77


 1702              	.L120:
 1703              	.LCFI15:
 1704              		.cfi_def_cfa_offset 16
 1705              		.cfi_offset 3, -16
 1706              		.cfi_offset 4, -12
 1707              		.cfi_offset 5, -8
 1708              		.cfi_offset 14, -4
1193:Drivers/STM32F4xx_HAL_Driver/Src/stm32f4xx_hal_i2s.c ****   }
 1709              		.loc 1 1193 13 view .LVU601
 1710 00ba 0120     		movs	r0, #1
 1711              	.LVL121:
 1712              	.L113:
1262:Drivers/STM32F4xx_HAL_Driver/Src/stm32f4xx_hal_i2s.c **** 
 1713              		.loc 1 1262 1 view .LVU602
 1714 00bc 38BD     		pop	{r3, r4, r5, pc}
 1715              	.LVL122:
 1716              	.L121:
1198:Drivers/STM32F4xx_HAL_Driver/Src/stm32f4xx_hal_i2s.c ****   }
 1717              		.loc 1 1198 12 view .LVU603
 1718 00be 0220     		movs	r0, #2
 1719              	.LVL123:
1198:Drivers/STM32F4xx_HAL_Driver/Src/stm32f4xx_hal_i2s.c ****   }
 1720              		.loc 1 1198 12 view .LVU604
 1721 00c0 FCE7     		b	.L113
 1722              	.LVL124:
 1723              	.L122:
1202:Drivers/STM32F4xx_HAL_Driver/Src/stm32f4xx_hal_i2s.c **** 
 1724              		.loc 1 1202 3 discriminator 1 view .LVU605
 1725 00c2 0220     		movs	r0, #2
 1726              	.LVL125:
1202:Drivers/STM32F4xx_HAL_Driver/Src/stm32f4xx_hal_i2s.c **** 
 1727              		.loc 1 1202 3 discriminator 1 view .LVU606
 1728 00c4 FAE7     		b	.L113
 1729              	.L129:
 1730 00c6 00BF     		.align	2
 1731              	.L128:
 1732 00c8 00000000 		.word	I2S_DMATxHalfCplt
 1733 00cc 00000000 		.word	I2S_DMATxCplt
 1734 00d0 00000000 		.word	I2S_DMAError
 1735              		.cfi_endproc
 1736              	.LFE247:
 1738              		.section	.text.HAL_I2S_Receive_DMA,"ax",%progbits
 1739              		.align	1
 1740              		.global	HAL_I2S_Receive_DMA
 1741              		.syntax unified
 1742              		.thumb
 1743              		.thumb_func
 1745              	HAL_I2S_Receive_DMA:
 1746              	.LVL126:
 1747              	.LFB248:
1279:Drivers/STM32F4xx_HAL_Driver/Src/stm32f4xx_hal_i2s.c ****   uint32_t tmpreg_cfgr;
 1748              		.loc 1 1279 1 is_stmt 1 view -0
 1749              		.cfi_startproc
 1750              		@ args = 0, pretend = 0, frame = 8
 1751              		@ frame_needed = 0, uses_anonymous_args = 0
1280:Drivers/STM32F4xx_HAL_Driver/Src/stm32f4xx_hal_i2s.c **** 
 1752              		.loc 1 1280 3 view .LVU608
ARM GAS  /tmp/ccXsv2Xt.s 			page 78


1282:Drivers/STM32F4xx_HAL_Driver/Src/stm32f4xx_hal_i2s.c ****   {
 1753              		.loc 1 1282 3 view .LVU609
1282:Drivers/STM32F4xx_HAL_Driver/Src/stm32f4xx_hal_i2s.c ****   {
 1754              		.loc 1 1282 6 is_stmt 0 view .LVU610
 1755 0000 0029     		cmp	r1, #0
 1756 0002 67D0     		beq	.L138
1279:Drivers/STM32F4xx_HAL_Driver/Src/stm32f4xx_hal_i2s.c ****   uint32_t tmpreg_cfgr;
 1757              		.loc 1 1279 1 view .LVU611
 1758 0004 30B5     		push	{r4, r5, lr}
 1759              	.LCFI16:
 1760              		.cfi_def_cfa_offset 12
 1761              		.cfi_offset 4, -12
 1762              		.cfi_offset 5, -8
 1763              		.cfi_offset 14, -4
 1764 0006 83B0     		sub	sp, sp, #12
 1765              	.LCFI17:
 1766              		.cfi_def_cfa_offset 24
 1767 0008 0446     		mov	r4, r0
1282:Drivers/STM32F4xx_HAL_Driver/Src/stm32f4xx_hal_i2s.c ****   {
 1768              		.loc 1 1282 23 discriminator 1 view .LVU612
 1769 000a 002A     		cmp	r2, #0
 1770 000c 64D0     		beq	.L139
1287:Drivers/STM32F4xx_HAL_Driver/Src/stm32f4xx_hal_i2s.c ****   {
 1771              		.loc 1 1287 3 is_stmt 1 view .LVU613
1287:Drivers/STM32F4xx_HAL_Driver/Src/stm32f4xx_hal_i2s.c ****   {
 1772              		.loc 1 1287 11 is_stmt 0 view .LVU614
 1773 000e 94F84130 		ldrb	r3, [r4, #65]	@ zero_extendqisi2
 1774 0012 DDB2     		uxtb	r5, r3
1287:Drivers/STM32F4xx_HAL_Driver/Src/stm32f4xx_hal_i2s.c ****   {
 1775              		.loc 1 1287 6 view .LVU615
 1776 0014 012B     		cmp	r3, #1
 1777 0016 62D1     		bne	.L140
1293:Drivers/STM32F4xx_HAL_Driver/Src/stm32f4xx_hal_i2s.c **** 
 1778              		.loc 1 1293 3 is_stmt 1 view .LVU616
1293:Drivers/STM32F4xx_HAL_Driver/Src/stm32f4xx_hal_i2s.c **** 
 1779              		.loc 1 1293 3 view .LVU617
 1780 0018 94F84030 		ldrb	r3, [r4, #64]	@ zero_extendqisi2
 1781 001c 012B     		cmp	r3, #1
 1782 001e 60D0     		beq	.L141
1293:Drivers/STM32F4xx_HAL_Driver/Src/stm32f4xx_hal_i2s.c **** 
 1783              		.loc 1 1293 3 discriminator 2 view .LVU618
 1784 0020 0123     		movs	r3, #1
 1785 0022 84F84030 		strb	r3, [r4, #64]
1293:Drivers/STM32F4xx_HAL_Driver/Src/stm32f4xx_hal_i2s.c **** 
 1786              		.loc 1 1293 3 view .LVU619
1296:Drivers/STM32F4xx_HAL_Driver/Src/stm32f4xx_hal_i2s.c ****   hi2s->ErrorCode = HAL_I2S_ERROR_NONE;
 1787              		.loc 1 1296 3 view .LVU620
1296:Drivers/STM32F4xx_HAL_Driver/Src/stm32f4xx_hal_i2s.c ****   hi2s->ErrorCode = HAL_I2S_ERROR_NONE;
 1788              		.loc 1 1296 15 is_stmt 0 view .LVU621
 1789 0026 0423     		movs	r3, #4
 1790 0028 84F84130 		strb	r3, [r4, #65]
1297:Drivers/STM32F4xx_HAL_Driver/Src/stm32f4xx_hal_i2s.c ****   hi2s->pRxBuffPtr = pData;
 1791              		.loc 1 1297 3 is_stmt 1 view .LVU622
1297:Drivers/STM32F4xx_HAL_Driver/Src/stm32f4xx_hal_i2s.c ****   hi2s->pRxBuffPtr = pData;
 1792              		.loc 1 1297 19 is_stmt 0 view .LVU623
 1793 002c 0023     		movs	r3, #0
 1794 002e 6364     		str	r3, [r4, #68]
ARM GAS  /tmp/ccXsv2Xt.s 			page 79


1298:Drivers/STM32F4xx_HAL_Driver/Src/stm32f4xx_hal_i2s.c **** 
 1795              		.loc 1 1298 3 is_stmt 1 view .LVU624
1298:Drivers/STM32F4xx_HAL_Driver/Src/stm32f4xx_hal_i2s.c **** 
 1796              		.loc 1 1298 20 is_stmt 0 view .LVU625
 1797 0030 E162     		str	r1, [r4, #44]
1300:Drivers/STM32F4xx_HAL_Driver/Src/stm32f4xx_hal_i2s.c **** 
 1798              		.loc 1 1300 3 is_stmt 1 view .LVU626
1300:Drivers/STM32F4xx_HAL_Driver/Src/stm32f4xx_hal_i2s.c **** 
 1799              		.loc 1 1300 21 is_stmt 0 view .LVU627
 1800 0032 2368     		ldr	r3, [r4]
1300:Drivers/STM32F4xx_HAL_Driver/Src/stm32f4xx_hal_i2s.c **** 
 1801              		.loc 1 1300 31 view .LVU628
 1802 0034 DB69     		ldr	r3, [r3, #28]
1300:Drivers/STM32F4xx_HAL_Driver/Src/stm32f4xx_hal_i2s.c **** 
 1803              		.loc 1 1300 15 view .LVU629
 1804 0036 03F00703 		and	r3, r3, #7
 1805              	.LVL127:
1302:Drivers/STM32F4xx_HAL_Driver/Src/stm32f4xx_hal_i2s.c ****   {
 1806              		.loc 1 1302 3 is_stmt 1 view .LVU630
1302:Drivers/STM32F4xx_HAL_Driver/Src/stm32f4xx_hal_i2s.c ****   {
 1807              		.loc 1 1302 6 is_stmt 0 view .LVU631
 1808 003a 032B     		cmp	r3, #3
 1809 003c 04D0     		beq	.L132
1302:Drivers/STM32F4xx_HAL_Driver/Src/stm32f4xx_hal_i2s.c ****   {
 1810              		.loc 1 1302 43 discriminator 1 view .LVU632
 1811 003e 052B     		cmp	r3, #5
 1812 0040 02D0     		beq	.L132
1309:Drivers/STM32F4xx_HAL_Driver/Src/stm32f4xx_hal_i2s.c ****     hi2s->RxXferCount = Size;
 1813              		.loc 1 1309 5 is_stmt 1 view .LVU633
1309:Drivers/STM32F4xx_HAL_Driver/Src/stm32f4xx_hal_i2s.c ****     hi2s->RxXferCount = Size;
 1814              		.loc 1 1309 22 is_stmt 0 view .LVU634
 1815 0042 2286     		strh	r2, [r4, #48]	@ movhi
1310:Drivers/STM32F4xx_HAL_Driver/Src/stm32f4xx_hal_i2s.c ****   }
 1816              		.loc 1 1310 5 is_stmt 1 view .LVU635
1310:Drivers/STM32F4xx_HAL_Driver/Src/stm32f4xx_hal_i2s.c ****   }
 1817              		.loc 1 1310 23 is_stmt 0 view .LVU636
 1818 0044 6286     		strh	r2, [r4, #50]	@ movhi
 1819 0046 03E0     		b	.L134
 1820              	.L132:
1304:Drivers/STM32F4xx_HAL_Driver/Src/stm32f4xx_hal_i2s.c ****     hi2s->RxXferCount = (Size << 1U);
 1821              		.loc 1 1304 5 is_stmt 1 view .LVU637
1304:Drivers/STM32F4xx_HAL_Driver/Src/stm32f4xx_hal_i2s.c ****     hi2s->RxXferCount = (Size << 1U);
 1822              		.loc 1 1304 30 is_stmt 0 view .LVU638
 1823 0048 5200     		lsls	r2, r2, #1
 1824              	.LVL128:
1304:Drivers/STM32F4xx_HAL_Driver/Src/stm32f4xx_hal_i2s.c ****     hi2s->RxXferCount = (Size << 1U);
 1825              		.loc 1 1304 30 view .LVU639
 1826 004a 92B2     		uxth	r2, r2
1304:Drivers/STM32F4xx_HAL_Driver/Src/stm32f4xx_hal_i2s.c ****     hi2s->RxXferCount = (Size << 1U);
 1827              		.loc 1 1304 22 view .LVU640
 1828 004c 2286     		strh	r2, [r4, #48]	@ movhi
1305:Drivers/STM32F4xx_HAL_Driver/Src/stm32f4xx_hal_i2s.c ****   }
 1829              		.loc 1 1305 5 is_stmt 1 view .LVU641
1305:Drivers/STM32F4xx_HAL_Driver/Src/stm32f4xx_hal_i2s.c ****   }
 1830              		.loc 1 1305 23 is_stmt 0 view .LVU642
 1831 004e 6286     		strh	r2, [r4, #50]	@ movhi
 1832              	.L134:
ARM GAS  /tmp/ccXsv2Xt.s 			page 80


1314:Drivers/STM32F4xx_HAL_Driver/Src/stm32f4xx_hal_i2s.c **** 
 1833              		.loc 1 1314 3 is_stmt 1 view .LVU643
1314:Drivers/STM32F4xx_HAL_Driver/Src/stm32f4xx_hal_i2s.c **** 
 1834              		.loc 1 1314 7 is_stmt 0 view .LVU644
 1835 0050 E36B     		ldr	r3, [r4, #60]
 1836              	.LVL129:
1314:Drivers/STM32F4xx_HAL_Driver/Src/stm32f4xx_hal_i2s.c **** 
 1837              		.loc 1 1314 38 view .LVU645
 1838 0052 254A     		ldr	r2, .L148
 1839 0054 1A64     		str	r2, [r3, #64]
1317:Drivers/STM32F4xx_HAL_Driver/Src/stm32f4xx_hal_i2s.c **** 
 1840              		.loc 1 1317 3 is_stmt 1 view .LVU646
1317:Drivers/STM32F4xx_HAL_Driver/Src/stm32f4xx_hal_i2s.c **** 
 1841              		.loc 1 1317 7 is_stmt 0 view .LVU647
 1842 0056 E36B     		ldr	r3, [r4, #60]
1317:Drivers/STM32F4xx_HAL_Driver/Src/stm32f4xx_hal_i2s.c **** 
 1843              		.loc 1 1317 34 view .LVU648
 1844 0058 244A     		ldr	r2, .L148+4
 1845 005a DA63     		str	r2, [r3, #60]
1320:Drivers/STM32F4xx_HAL_Driver/Src/stm32f4xx_hal_i2s.c **** 
 1846              		.loc 1 1320 3 is_stmt 1 view .LVU649
1320:Drivers/STM32F4xx_HAL_Driver/Src/stm32f4xx_hal_i2s.c **** 
 1847              		.loc 1 1320 7 is_stmt 0 view .LVU650
 1848 005c E36B     		ldr	r3, [r4, #60]
1320:Drivers/STM32F4xx_HAL_Driver/Src/stm32f4xx_hal_i2s.c **** 
 1849              		.loc 1 1320 35 view .LVU651
 1850 005e 244A     		ldr	r2, .L148+8
 1851 0060 DA64     		str	r2, [r3, #76]
1323:Drivers/STM32F4xx_HAL_Driver/Src/stm32f4xx_hal_i2s.c ****   {
 1852              		.loc 1 1323 3 is_stmt 1 view .LVU652
1323:Drivers/STM32F4xx_HAL_Driver/Src/stm32f4xx_hal_i2s.c ****   {
 1853              		.loc 1 1323 12 is_stmt 0 view .LVU653
 1854 0062 2168     		ldr	r1, [r4]
 1855              	.LVL130:
1323:Drivers/STM32F4xx_HAL_Driver/Src/stm32f4xx_hal_i2s.c ****   {
 1856              		.loc 1 1323 22 view .LVU654
 1857 0064 CB69     		ldr	r3, [r1, #28]
1323:Drivers/STM32F4xx_HAL_Driver/Src/stm32f4xx_hal_i2s.c ****   {
 1858              		.loc 1 1323 32 view .LVU655
 1859 0066 03F44073 		and	r3, r3, #768
1323:Drivers/STM32F4xx_HAL_Driver/Src/stm32f4xx_hal_i2s.c ****   {
 1860              		.loc 1 1323 6 view .LVU656
 1861 006a B3F5407F 		cmp	r3, #768
 1862 006e 1DD0     		beq	.L146
 1863              	.L135:
1327:Drivers/STM32F4xx_HAL_Driver/Src/stm32f4xx_hal_i2s.c ****   }
 1864              		.loc 1 1327 5 is_stmt 1 view .LVU657
1331:Drivers/STM32F4xx_HAL_Driver/Src/stm32f4xx_hal_i2s.c ****                                  hi2s->RxXferSize))
 1865              		.loc 1 1331 3 view .LVU658
1332:Drivers/STM32F4xx_HAL_Driver/Src/stm32f4xx_hal_i2s.c ****   {
 1866              		.loc 1 1332 38 is_stmt 0 view .LVU659
 1867 0070 238E     		ldrh	r3, [r4, #48]
1331:Drivers/STM32F4xx_HAL_Driver/Src/stm32f4xx_hal_i2s.c ****                                  hi2s->RxXferSize))
 1868              		.loc 1 1331 17 view .LVU660
 1869 0072 9BB2     		uxth	r3, r3
 1870 0074 E26A     		ldr	r2, [r4, #44]
 1871 0076 0C31     		adds	r1, r1, #12
ARM GAS  /tmp/ccXsv2Xt.s 			page 81


 1872 0078 E06B     		ldr	r0, [r4, #60]
 1873              	.LVL131:
1331:Drivers/STM32F4xx_HAL_Driver/Src/stm32f4xx_hal_i2s.c ****                                  hi2s->RxXferSize))
 1874              		.loc 1 1331 17 view .LVU661
 1875 007a FFF7FEFF 		bl	HAL_DMA_Start_IT
 1876              	.LVL132:
1331:Drivers/STM32F4xx_HAL_Driver/Src/stm32f4xx_hal_i2s.c ****                                  hi2s->RxXferSize))
 1877              		.loc 1 1331 6 discriminator 1 view .LVU662
 1878 007e E8B9     		cbnz	r0, .L147
1342:Drivers/STM32F4xx_HAL_Driver/Src/stm32f4xx_hal_i2s.c **** 
 1879              		.loc 1 1342 3 is_stmt 1 view .LVU663
1342:Drivers/STM32F4xx_HAL_Driver/Src/stm32f4xx_hal_i2s.c **** 
 1880              		.loc 1 1342 3 view .LVU664
 1881 0080 0023     		movs	r3, #0
 1882 0082 84F84030 		strb	r3, [r4, #64]
1342:Drivers/STM32F4xx_HAL_Driver/Src/stm32f4xx_hal_i2s.c **** 
 1883              		.loc 1 1342 3 view .LVU665
1345:Drivers/STM32F4xx_HAL_Driver/Src/stm32f4xx_hal_i2s.c ****   {
 1884              		.loc 1 1345 3 view .LVU666
1345:Drivers/STM32F4xx_HAL_Driver/Src/stm32f4xx_hal_i2s.c ****   {
 1885              		.loc 1 1345 7 is_stmt 0 view .LVU667
 1886 0086 2368     		ldr	r3, [r4]
 1887 0088 5A68     		ldr	r2, [r3, #4]
1345:Drivers/STM32F4xx_HAL_Driver/Src/stm32f4xx_hal_i2s.c ****   {
 1888              		.loc 1 1345 6 view .LVU668
 1889 008a 12F0010F 		tst	r2, #1
 1890 008e 03D1     		bne	.L137
1348:Drivers/STM32F4xx_HAL_Driver/Src/stm32f4xx_hal_i2s.c ****   }
 1891              		.loc 1 1348 5 is_stmt 1 view .LVU669
 1892 0090 5A68     		ldr	r2, [r3, #4]
 1893 0092 42F00102 		orr	r2, r2, #1
 1894 0096 5A60     		str	r2, [r3, #4]
 1895              	.L137:
1352:Drivers/STM32F4xx_HAL_Driver/Src/stm32f4xx_hal_i2s.c ****   {
 1896              		.loc 1 1352 3 view .LVU670
1352:Drivers/STM32F4xx_HAL_Driver/Src/stm32f4xx_hal_i2s.c ****   {
 1897              		.loc 1 1352 7 is_stmt 0 view .LVU671
 1898 0098 2368     		ldr	r3, [r4]
 1899 009a DA69     		ldr	r2, [r3, #28]
1352:Drivers/STM32F4xx_HAL_Driver/Src/stm32f4xx_hal_i2s.c ****   {
 1900              		.loc 1 1352 6 view .LVU672
 1901 009c 12F4806F 		tst	r2, #1024
 1902 00a0 1BD1     		bne	.L131
1355:Drivers/STM32F4xx_HAL_Driver/Src/stm32f4xx_hal_i2s.c ****   }
 1903              		.loc 1 1355 5 is_stmt 1 view .LVU673
 1904 00a2 DA69     		ldr	r2, [r3, #28]
 1905 00a4 42F48062 		orr	r2, r2, #1024
 1906 00a8 DA61     		str	r2, [r3, #28]
 1907 00aa 16E0     		b	.L131
 1908              	.LVL133:
 1909              	.L146:
1327:Drivers/STM32F4xx_HAL_Driver/Src/stm32f4xx_hal_i2s.c ****   }
 1910              		.loc 1 1327 5 view .LVU674
 1911              	.LBB5:
1327:Drivers/STM32F4xx_HAL_Driver/Src/stm32f4xx_hal_i2s.c ****   }
 1912              		.loc 1 1327 5 view .LVU675
 1913 00ac 0023     		movs	r3, #0
ARM GAS  /tmp/ccXsv2Xt.s 			page 82


 1914 00ae 0193     		str	r3, [sp, #4]
1327:Drivers/STM32F4xx_HAL_Driver/Src/stm32f4xx_hal_i2s.c ****   }
 1915              		.loc 1 1327 5 view .LVU676
 1916 00b0 CB68     		ldr	r3, [r1, #12]
 1917 00b2 0193     		str	r3, [sp, #4]
1327:Drivers/STM32F4xx_HAL_Driver/Src/stm32f4xx_hal_i2s.c ****   }
 1918              		.loc 1 1327 5 view .LVU677
 1919 00b4 8B68     		ldr	r3, [r1, #8]
 1920 00b6 0193     		str	r3, [sp, #4]
1327:Drivers/STM32F4xx_HAL_Driver/Src/stm32f4xx_hal_i2s.c ****   }
 1921              		.loc 1 1327 5 view .LVU678
 1922 00b8 019B     		ldr	r3, [sp, #4]
 1923 00ba D9E7     		b	.L135
 1924              	.LVL134:
 1925              	.L147:
1327:Drivers/STM32F4xx_HAL_Driver/Src/stm32f4xx_hal_i2s.c ****   }
 1926              		.loc 1 1327 5 is_stmt 0 view .LVU679
 1927              	.LBE5:
1335:Drivers/STM32F4xx_HAL_Driver/Src/stm32f4xx_hal_i2s.c ****     hi2s->State = HAL_I2S_STATE_READY;
 1928              		.loc 1 1335 5 is_stmt 1 view .LVU680
 1929 00bc 636C     		ldr	r3, [r4, #68]
 1930 00be 43F00803 		orr	r3, r3, #8
 1931 00c2 6364     		str	r3, [r4, #68]
1336:Drivers/STM32F4xx_HAL_Driver/Src/stm32f4xx_hal_i2s.c **** 
 1932              		.loc 1 1336 5 view .LVU681
1336:Drivers/STM32F4xx_HAL_Driver/Src/stm32f4xx_hal_i2s.c **** 
 1933              		.loc 1 1336 17 is_stmt 0 view .LVU682
 1934 00c4 0123     		movs	r3, #1
 1935 00c6 84F84130 		strb	r3, [r4, #65]
1338:Drivers/STM32F4xx_HAL_Driver/Src/stm32f4xx_hal_i2s.c ****     return HAL_ERROR;
 1936              		.loc 1 1338 5 is_stmt 1 view .LVU683
1338:Drivers/STM32F4xx_HAL_Driver/Src/stm32f4xx_hal_i2s.c ****     return HAL_ERROR;
 1937              		.loc 1 1338 5 view .LVU684
 1938 00ca 0023     		movs	r3, #0
 1939 00cc 84F84030 		strb	r3, [r4, #64]
1338:Drivers/STM32F4xx_HAL_Driver/Src/stm32f4xx_hal_i2s.c ****     return HAL_ERROR;
 1940              		.loc 1 1338 5 view .LVU685
1339:Drivers/STM32F4xx_HAL_Driver/Src/stm32f4xx_hal_i2s.c ****   }
 1941              		.loc 1 1339 5 view .LVU686
1339:Drivers/STM32F4xx_HAL_Driver/Src/stm32f4xx_hal_i2s.c ****   }
 1942              		.loc 1 1339 12 is_stmt 0 view .LVU687
 1943 00d0 2846     		mov	r0, r5
 1944 00d2 02E0     		b	.L131
 1945              	.LVL135:
 1946              	.L138:
 1947              	.LCFI18:
 1948              		.cfi_def_cfa_offset 0
 1949              		.cfi_restore 4
 1950              		.cfi_restore 5
 1951              		.cfi_restore 14
1284:Drivers/STM32F4xx_HAL_Driver/Src/stm32f4xx_hal_i2s.c ****   }
 1952              		.loc 1 1284 13 view .LVU688
 1953 00d4 0120     		movs	r0, #1
 1954              	.LVL136:
1359:Drivers/STM32F4xx_HAL_Driver/Src/stm32f4xx_hal_i2s.c **** 
 1955              		.loc 1 1359 1 view .LVU689
 1956 00d6 7047     		bx	lr
ARM GAS  /tmp/ccXsv2Xt.s 			page 83


 1957              	.LVL137:
 1958              	.L139:
 1959              	.LCFI19:
 1960              		.cfi_def_cfa_offset 24
 1961              		.cfi_offset 4, -12
 1962              		.cfi_offset 5, -8
 1963              		.cfi_offset 14, -4
1284:Drivers/STM32F4xx_HAL_Driver/Src/stm32f4xx_hal_i2s.c ****   }
 1964              		.loc 1 1284 13 view .LVU690
 1965 00d8 0120     		movs	r0, #1
 1966              	.LVL138:
 1967              	.L131:
1359:Drivers/STM32F4xx_HAL_Driver/Src/stm32f4xx_hal_i2s.c **** 
 1968              		.loc 1 1359 1 view .LVU691
 1969 00da 03B0     		add	sp, sp, #12
 1970              	.LCFI20:
 1971              		.cfi_remember_state
 1972              		.cfi_def_cfa_offset 12
 1973              		@ sp needed
 1974 00dc 30BD     		pop	{r4, r5, pc}
 1975              	.LVL139:
 1976              	.L140:
 1977              	.LCFI21:
 1978              		.cfi_restore_state
1289:Drivers/STM32F4xx_HAL_Driver/Src/stm32f4xx_hal_i2s.c ****   }
 1979              		.loc 1 1289 12 view .LVU692
 1980 00de 0220     		movs	r0, #2
 1981              	.LVL140:
1289:Drivers/STM32F4xx_HAL_Driver/Src/stm32f4xx_hal_i2s.c ****   }
 1982              		.loc 1 1289 12 view .LVU693
 1983 00e0 FBE7     		b	.L131
 1984              	.LVL141:
 1985              	.L141:
1293:Drivers/STM32F4xx_HAL_Driver/Src/stm32f4xx_hal_i2s.c **** 
 1986              		.loc 1 1293 3 discriminator 1 view .LVU694
 1987 00e2 0220     		movs	r0, #2
 1988              	.LVL142:
1293:Drivers/STM32F4xx_HAL_Driver/Src/stm32f4xx_hal_i2s.c **** 
 1989              		.loc 1 1293 3 discriminator 1 view .LVU695
 1990 00e4 F9E7     		b	.L131
 1991              	.L149:
 1992 00e6 00BF     		.align	2
 1993              	.L148:
 1994 00e8 00000000 		.word	I2S_DMARxHalfCplt
 1995 00ec 00000000 		.word	I2S_DMARxCplt
 1996 00f0 00000000 		.word	I2S_DMAError
 1997              		.cfi_endproc
 1998              	.LFE248:
 2000              		.section	.text.HAL_I2S_DMAPause,"ax",%progbits
 2001              		.align	1
 2002              		.global	HAL_I2S_DMAPause
 2003              		.syntax unified
 2004              		.thumb
 2005              		.thumb_func
 2007              	HAL_I2S_DMAPause:
 2008              	.LVL143:
 2009              	.LFB249:
ARM GAS  /tmp/ccXsv2Xt.s 			page 84


1368:Drivers/STM32F4xx_HAL_Driver/Src/stm32f4xx_hal_i2s.c ****   /* Process Locked */
 2010              		.loc 1 1368 1 is_stmt 1 view -0
 2011              		.cfi_startproc
 2012              		@ args = 0, pretend = 0, frame = 0
 2013              		@ frame_needed = 0, uses_anonymous_args = 0
 2014              		@ link register save eliminated.
1368:Drivers/STM32F4xx_HAL_Driver/Src/stm32f4xx_hal_i2s.c ****   /* Process Locked */
 2015              		.loc 1 1368 1 is_stmt 0 view .LVU697
 2016 0000 0346     		mov	r3, r0
1370:Drivers/STM32F4xx_HAL_Driver/Src/stm32f4xx_hal_i2s.c **** 
 2017              		.loc 1 1370 3 is_stmt 1 view .LVU698
1370:Drivers/STM32F4xx_HAL_Driver/Src/stm32f4xx_hal_i2s.c **** 
 2018              		.loc 1 1370 3 view .LVU699
 2019 0002 90F84020 		ldrb	r2, [r0, #64]	@ zero_extendqisi2
 2020 0006 012A     		cmp	r2, #1
 2021 0008 2FD0     		beq	.L156
1370:Drivers/STM32F4xx_HAL_Driver/Src/stm32f4xx_hal_i2s.c **** 
 2022              		.loc 1 1370 3 discriminator 2 view .LVU700
 2023 000a 0122     		movs	r2, #1
 2024 000c 80F84020 		strb	r2, [r0, #64]
1370:Drivers/STM32F4xx_HAL_Driver/Src/stm32f4xx_hal_i2s.c **** 
 2025              		.loc 1 1370 3 view .LVU701
1372:Drivers/STM32F4xx_HAL_Driver/Src/stm32f4xx_hal_i2s.c ****   {
 2026              		.loc 1 1372 3 view .LVU702
1372:Drivers/STM32F4xx_HAL_Driver/Src/stm32f4xx_hal_i2s.c ****   {
 2027              		.loc 1 1372 11 is_stmt 0 view .LVU703
 2028 0010 90F84120 		ldrb	r2, [r0, #65]	@ zero_extendqisi2
1372:Drivers/STM32F4xx_HAL_Driver/Src/stm32f4xx_hal_i2s.c ****   {
 2029              		.loc 1 1372 6 view .LVU704
 2030 0014 032A     		cmp	r2, #3
 2031 0016 17D0     		beq	.L158
1377:Drivers/STM32F4xx_HAL_Driver/Src/stm32f4xx_hal_i2s.c ****   {
 2032              		.loc 1 1377 8 is_stmt 1 view .LVU705
1377:Drivers/STM32F4xx_HAL_Driver/Src/stm32f4xx_hal_i2s.c ****   {
 2033              		.loc 1 1377 16 is_stmt 0 view .LVU706
 2034 0018 90F84120 		ldrb	r2, [r0, #65]	@ zero_extendqisi2
1377:Drivers/STM32F4xx_HAL_Driver/Src/stm32f4xx_hal_i2s.c ****   {
 2035              		.loc 1 1377 11 view .LVU707
 2036 001c 042A     		cmp	r2, #4
 2037 001e 1CD0     		beq	.L159
1383:Drivers/STM32F4xx_HAL_Driver/Src/stm32f4xx_hal_i2s.c ****   {
 2038              		.loc 1 1383 8 is_stmt 1 view .LVU708
1383:Drivers/STM32F4xx_HAL_Driver/Src/stm32f4xx_hal_i2s.c ****   {
 2039              		.loc 1 1383 16 is_stmt 0 view .LVU709
 2040 0020 90F84120 		ldrb	r2, [r0, #65]	@ zero_extendqisi2
1383:Drivers/STM32F4xx_HAL_Driver/Src/stm32f4xx_hal_i2s.c ****   {
 2041              		.loc 1 1383 11 view .LVU710
 2042 0024 052A     		cmp	r2, #5
 2043 0026 14D1     		bne	.L153
1386:Drivers/STM32F4xx_HAL_Driver/Src/stm32f4xx_hal_i2s.c ****     CLEAR_BIT(I2SxEXT(hi2s->Instance)->CR2, (SPI_CR2_TXDMAEN | SPI_CR2_RXDMAEN));
 2044              		.loc 1 1386 5 is_stmt 1 view .LVU711
 2045 0028 0168     		ldr	r1, [r0]
 2046 002a 4A68     		ldr	r2, [r1, #4]
 2047 002c 22F00302 		bic	r2, r2, #3
 2048 0030 4A60     		str	r2, [r1, #4]
1387:Drivers/STM32F4xx_HAL_Driver/Src/stm32f4xx_hal_i2s.c ****   }
 2049              		.loc 1 1387 5 view .LVU712
ARM GAS  /tmp/ccXsv2Xt.s 			page 85


 2050 0032 0168     		ldr	r1, [r0]
 2051 0034 0E4A     		ldr	r2, .L161
 2052 0036 9142     		cmp	r1, r2
 2053 0038 15D0     		beq	.L160
1387:Drivers/STM32F4xx_HAL_Driver/Src/stm32f4xx_hal_i2s.c ****   }
 2054              		.loc 1 1387 5 is_stmt 0 discriminator 2 view .LVU713
 2055 003a 4FF04021 		mov	r1, #1073758208
 2056              	.L155:
1387:Drivers/STM32F4xx_HAL_Driver/Src/stm32f4xx_hal_i2s.c ****   }
 2057              		.loc 1 1387 5 discriminator 4 view .LVU714
 2058 003e 4A68     		ldr	r2, [r1, #4]
1387:Drivers/STM32F4xx_HAL_Driver/Src/stm32f4xx_hal_i2s.c ****   }
 2059              		.loc 1 1387 5 discriminator 8 view .LVU715
 2060 0040 22F00302 		bic	r2, r2, #3
 2061 0044 4A60     		str	r2, [r1, #4]
 2062 0046 04E0     		b	.L153
 2063              	.L158:
1375:Drivers/STM32F4xx_HAL_Driver/Src/stm32f4xx_hal_i2s.c ****   }
 2064              		.loc 1 1375 5 is_stmt 1 view .LVU716
 2065 0048 0168     		ldr	r1, [r0]
 2066 004a 4A68     		ldr	r2, [r1, #4]
 2067 004c 22F00202 		bic	r2, r2, #2
 2068 0050 4A60     		str	r2, [r1, #4]
 2069              	.L153:
1393:Drivers/STM32F4xx_HAL_Driver/Src/stm32f4xx_hal_i2s.c **** 
 2070              		.loc 1 1393 3 view .LVU717
1396:Drivers/STM32F4xx_HAL_Driver/Src/stm32f4xx_hal_i2s.c **** 
 2071              		.loc 1 1396 3 view .LVU718
1396:Drivers/STM32F4xx_HAL_Driver/Src/stm32f4xx_hal_i2s.c **** 
 2072              		.loc 1 1396 3 view .LVU719
 2073 0052 0020     		movs	r0, #0
 2074              	.LVL144:
1396:Drivers/STM32F4xx_HAL_Driver/Src/stm32f4xx_hal_i2s.c **** 
 2075              		.loc 1 1396 3 is_stmt 0 view .LVU720
 2076 0054 83F84000 		strb	r0, [r3, #64]
1396:Drivers/STM32F4xx_HAL_Driver/Src/stm32f4xx_hal_i2s.c **** 
 2077              		.loc 1 1396 3 is_stmt 1 view .LVU721
1398:Drivers/STM32F4xx_HAL_Driver/Src/stm32f4xx_hal_i2s.c **** }
 2078              		.loc 1 1398 3 view .LVU722
1398:Drivers/STM32F4xx_HAL_Driver/Src/stm32f4xx_hal_i2s.c **** }
 2079              		.loc 1 1398 10 is_stmt 0 view .LVU723
 2080 0058 7047     		bx	lr
 2081              	.LVL145:
 2082              	.L159:
1380:Drivers/STM32F4xx_HAL_Driver/Src/stm32f4xx_hal_i2s.c ****   }
 2083              		.loc 1 1380 5 is_stmt 1 view .LVU724
 2084 005a 0168     		ldr	r1, [r0]
 2085 005c 4A68     		ldr	r2, [r1, #4]
 2086 005e 22F00102 		bic	r2, r2, #1
 2087 0062 4A60     		str	r2, [r1, #4]
 2088 0064 F5E7     		b	.L153
 2089              	.L160:
1387:Drivers/STM32F4xx_HAL_Driver/Src/stm32f4xx_hal_i2s.c ****   }
 2090              		.loc 1 1387 5 is_stmt 0 discriminator 1 view .LVU725
 2091 0066 0349     		ldr	r1, .L161+4
 2092 0068 E9E7     		b	.L155
 2093              	.L156:
ARM GAS  /tmp/ccXsv2Xt.s 			page 86


1370:Drivers/STM32F4xx_HAL_Driver/Src/stm32f4xx_hal_i2s.c **** 
 2094              		.loc 1 1370 3 discriminator 1 view .LVU726
 2095 006a 0220     		movs	r0, #2
 2096              	.LVL146:
1399:Drivers/STM32F4xx_HAL_Driver/Src/stm32f4xx_hal_i2s.c **** 
 2097              		.loc 1 1399 1 view .LVU727
 2098 006c 7047     		bx	lr
 2099              	.L162:
 2100 006e 00BF     		.align	2
 2101              	.L161:
 2102 0070 00380040 		.word	1073756160
 2103 0074 00340040 		.word	1073755136
 2104              		.cfi_endproc
 2105              	.LFE249:
 2107              		.section	.text.HAL_I2S_DMAResume,"ax",%progbits
 2108              		.align	1
 2109              		.global	HAL_I2S_DMAResume
 2110              		.syntax unified
 2111              		.thumb
 2112              		.thumb_func
 2114              	HAL_I2S_DMAResume:
 2115              	.LVL147:
 2116              	.LFB250:
1408:Drivers/STM32F4xx_HAL_Driver/Src/stm32f4xx_hal_i2s.c ****   /* Process Locked */
 2117              		.loc 1 1408 1 is_stmt 1 view -0
 2118              		.cfi_startproc
 2119              		@ args = 0, pretend = 0, frame = 0
 2120              		@ frame_needed = 0, uses_anonymous_args = 0
 2121              		@ link register save eliminated.
1408:Drivers/STM32F4xx_HAL_Driver/Src/stm32f4xx_hal_i2s.c ****   /* Process Locked */
 2122              		.loc 1 1408 1 is_stmt 0 view .LVU729
 2123 0000 0346     		mov	r3, r0
1410:Drivers/STM32F4xx_HAL_Driver/Src/stm32f4xx_hal_i2s.c **** 
 2124              		.loc 1 1410 3 is_stmt 1 view .LVU730
1410:Drivers/STM32F4xx_HAL_Driver/Src/stm32f4xx_hal_i2s.c **** 
 2125              		.loc 1 1410 3 view .LVU731
 2126 0002 90F84020 		ldrb	r2, [r0, #64]	@ zero_extendqisi2
 2127 0006 012A     		cmp	r2, #1
 2128 0008 49D0     		beq	.L171
1410:Drivers/STM32F4xx_HAL_Driver/Src/stm32f4xx_hal_i2s.c **** 
 2129              		.loc 1 1410 3 discriminator 2 view .LVU732
 2130 000a 0122     		movs	r2, #1
 2131 000c 80F84020 		strb	r2, [r0, #64]
1410:Drivers/STM32F4xx_HAL_Driver/Src/stm32f4xx_hal_i2s.c **** 
 2132              		.loc 1 1410 3 view .LVU733
1412:Drivers/STM32F4xx_HAL_Driver/Src/stm32f4xx_hal_i2s.c ****   {
 2133              		.loc 1 1412 3 view .LVU734
1412:Drivers/STM32F4xx_HAL_Driver/Src/stm32f4xx_hal_i2s.c ****   {
 2134              		.loc 1 1412 11 is_stmt 0 view .LVU735
 2135 0010 90F84120 		ldrb	r2, [r0, #65]	@ zero_extendqisi2
1412:Drivers/STM32F4xx_HAL_Driver/Src/stm32f4xx_hal_i2s.c ****   {
 2136              		.loc 1 1412 6 view .LVU736
 2137 0014 032A     		cmp	r2, #3
 2138 0016 25D0     		beq	.L174
1417:Drivers/STM32F4xx_HAL_Driver/Src/stm32f4xx_hal_i2s.c ****   {
 2139              		.loc 1 1417 8 is_stmt 1 view .LVU737
1417:Drivers/STM32F4xx_HAL_Driver/Src/stm32f4xx_hal_i2s.c ****   {
ARM GAS  /tmp/ccXsv2Xt.s 			page 87


 2140              		.loc 1 1417 16 is_stmt 0 view .LVU738
 2141 0018 90F84120 		ldrb	r2, [r0, #65]	@ zero_extendqisi2
1417:Drivers/STM32F4xx_HAL_Driver/Src/stm32f4xx_hal_i2s.c ****   {
 2142              		.loc 1 1417 11 view .LVU739
 2143 001c 042A     		cmp	r2, #4
 2144 001e 33D0     		beq	.L175
1423:Drivers/STM32F4xx_HAL_Driver/Src/stm32f4xx_hal_i2s.c ****   {
 2145              		.loc 1 1423 8 is_stmt 1 view .LVU740
1423:Drivers/STM32F4xx_HAL_Driver/Src/stm32f4xx_hal_i2s.c ****   {
 2146              		.loc 1 1423 16 is_stmt 0 view .LVU741
 2147 0020 90F84120 		ldrb	r2, [r0, #65]	@ zero_extendqisi2
1423:Drivers/STM32F4xx_HAL_Driver/Src/stm32f4xx_hal_i2s.c ****   {
 2148              		.loc 1 1423 11 view .LVU742
 2149 0024 052A     		cmp	r2, #5
 2150 0026 22D1     		bne	.L166
1426:Drivers/STM32F4xx_HAL_Driver/Src/stm32f4xx_hal_i2s.c ****     SET_BIT(I2SxEXT(hi2s->Instance)->CR2, (SPI_CR2_RXDMAEN | SPI_CR2_TXDMAEN));
 2151              		.loc 1 1426 5 is_stmt 1 view .LVU743
 2152 0028 0168     		ldr	r1, [r0]
 2153 002a 4A68     		ldr	r2, [r1, #4]
 2154 002c 42F00302 		orr	r2, r2, #3
 2155 0030 4A60     		str	r2, [r1, #4]
1427:Drivers/STM32F4xx_HAL_Driver/Src/stm32f4xx_hal_i2s.c **** 
 2156              		.loc 1 1427 5 view .LVU744
 2157 0032 0168     		ldr	r1, [r0]
 2158 0034 1B4A     		ldr	r2, .L178
 2159 0036 9142     		cmp	r1, r2
 2160 0038 2CD0     		beq	.L176
1427:Drivers/STM32F4xx_HAL_Driver/Src/stm32f4xx_hal_i2s.c **** 
 2161              		.loc 1 1427 5 is_stmt 0 discriminator 2 view .LVU745
 2162 003a 4FF04021 		mov	r1, #1073758208
 2163              	.L168:
1427:Drivers/STM32F4xx_HAL_Driver/Src/stm32f4xx_hal_i2s.c **** 
 2164              		.loc 1 1427 5 discriminator 4 view .LVU746
 2165 003e 4A68     		ldr	r2, [r1, #4]
1427:Drivers/STM32F4xx_HAL_Driver/Src/stm32f4xx_hal_i2s.c **** 
 2166              		.loc 1 1427 5 discriminator 8 view .LVU747
 2167 0040 42F00302 		orr	r2, r2, #3
 2168 0044 4A60     		str	r2, [r1, #4]
1430:Drivers/STM32F4xx_HAL_Driver/Src/stm32f4xx_hal_i2s.c ****     {
 2169              		.loc 1 1430 5 is_stmt 1 view .LVU748
1430:Drivers/STM32F4xx_HAL_Driver/Src/stm32f4xx_hal_i2s.c ****     {
 2170              		.loc 1 1430 10 is_stmt 0 view .LVU749
 2171 0046 1968     		ldr	r1, [r3]
 2172 0048 164A     		ldr	r2, .L178
 2173 004a 9142     		cmp	r1, r2
 2174 004c 24D0     		beq	.L177
1430:Drivers/STM32F4xx_HAL_Driver/Src/stm32f4xx_hal_i2s.c ****     {
 2175              		.loc 1 1430 10 discriminator 2 view .LVU750
 2176 004e 4FF04022 		mov	r2, #1073758208
 2177              	.L169:
1430:Drivers/STM32F4xx_HAL_Driver/Src/stm32f4xx_hal_i2s.c ****     {
 2178              		.loc 1 1430 33 discriminator 4 view .LVU751
 2179 0052 D169     		ldr	r1, [r2, #28]
1430:Drivers/STM32F4xx_HAL_Driver/Src/stm32f4xx_hal_i2s.c ****     {
 2180              		.loc 1 1430 8 discriminator 4 view .LVU752
 2181 0054 11F4806F 		tst	r1, #1024
 2182 0058 09D1     		bne	.L166
ARM GAS  /tmp/ccXsv2Xt.s 			page 88


1433:Drivers/STM32F4xx_HAL_Driver/Src/stm32f4xx_hal_i2s.c ****     }
 2183              		.loc 1 1433 7 is_stmt 1 view .LVU753
1433:Drivers/STM32F4xx_HAL_Driver/Src/stm32f4xx_hal_i2s.c ****     }
 2184              		.loc 1 1433 7 is_stmt 0 discriminator 4 view .LVU754
 2185 005a D169     		ldr	r1, [r2, #28]
1433:Drivers/STM32F4xx_HAL_Driver/Src/stm32f4xx_hal_i2s.c ****     }
 2186              		.loc 1 1433 7 discriminator 8 view .LVU755
 2187 005c 41F48061 		orr	r1, r1, #1024
 2188 0060 D161     		str	r1, [r2, #28]
 2189 0062 04E0     		b	.L166
 2190              	.L174:
1415:Drivers/STM32F4xx_HAL_Driver/Src/stm32f4xx_hal_i2s.c ****   }
 2191              		.loc 1 1415 5 is_stmt 1 view .LVU756
 2192 0064 0168     		ldr	r1, [r0]
 2193 0066 4A68     		ldr	r2, [r1, #4]
 2194 0068 42F00202 		orr	r2, r2, #2
 2195 006c 4A60     		str	r2, [r1, #4]
 2196              	.L166:
1440:Drivers/STM32F4xx_HAL_Driver/Src/stm32f4xx_hal_i2s.c **** 
 2197              		.loc 1 1440 3 view .LVU757
1443:Drivers/STM32F4xx_HAL_Driver/Src/stm32f4xx_hal_i2s.c ****   {
 2198              		.loc 1 1443 3 view .LVU758
1443:Drivers/STM32F4xx_HAL_Driver/Src/stm32f4xx_hal_i2s.c ****   {
 2199              		.loc 1 1443 7 is_stmt 0 view .LVU759
 2200 006e 1A68     		ldr	r2, [r3]
 2201 0070 D169     		ldr	r1, [r2, #28]
1443:Drivers/STM32F4xx_HAL_Driver/Src/stm32f4xx_hal_i2s.c ****   {
 2202              		.loc 1 1443 6 view .LVU760
 2203 0072 11F4806F 		tst	r1, #1024
 2204 0076 03D1     		bne	.L170
1446:Drivers/STM32F4xx_HAL_Driver/Src/stm32f4xx_hal_i2s.c ****   }
 2205              		.loc 1 1446 5 is_stmt 1 view .LVU761
 2206 0078 D169     		ldr	r1, [r2, #28]
 2207 007a 41F48061 		orr	r1, r1, #1024
 2208 007e D161     		str	r1, [r2, #28]
 2209              	.L170:
1450:Drivers/STM32F4xx_HAL_Driver/Src/stm32f4xx_hal_i2s.c **** 
 2210              		.loc 1 1450 3 view .LVU762
1450:Drivers/STM32F4xx_HAL_Driver/Src/stm32f4xx_hal_i2s.c **** 
 2211              		.loc 1 1450 3 view .LVU763
 2212 0080 0020     		movs	r0, #0
 2213              	.LVL148:
1450:Drivers/STM32F4xx_HAL_Driver/Src/stm32f4xx_hal_i2s.c **** 
 2214              		.loc 1 1450 3 is_stmt 0 view .LVU764
 2215 0082 83F84000 		strb	r0, [r3, #64]
1450:Drivers/STM32F4xx_HAL_Driver/Src/stm32f4xx_hal_i2s.c **** 
 2216              		.loc 1 1450 3 is_stmt 1 view .LVU765
1452:Drivers/STM32F4xx_HAL_Driver/Src/stm32f4xx_hal_i2s.c **** }
 2217              		.loc 1 1452 3 view .LVU766
1452:Drivers/STM32F4xx_HAL_Driver/Src/stm32f4xx_hal_i2s.c **** }
 2218              		.loc 1 1452 10 is_stmt 0 view .LVU767
 2219 0086 7047     		bx	lr
 2220              	.LVL149:
 2221              	.L175:
1420:Drivers/STM32F4xx_HAL_Driver/Src/stm32f4xx_hal_i2s.c ****   }
 2222              		.loc 1 1420 5 is_stmt 1 view .LVU768
 2223 0088 0168     		ldr	r1, [r0]
ARM GAS  /tmp/ccXsv2Xt.s 			page 89


 2224 008a 4A68     		ldr	r2, [r1, #4]
 2225 008c 42F00102 		orr	r2, r2, #1
 2226 0090 4A60     		str	r2, [r1, #4]
 2227 0092 ECE7     		b	.L166
 2228              	.L176:
1427:Drivers/STM32F4xx_HAL_Driver/Src/stm32f4xx_hal_i2s.c **** 
 2229              		.loc 1 1427 5 is_stmt 0 discriminator 1 view .LVU769
 2230 0094 0449     		ldr	r1, .L178+4
 2231 0096 D2E7     		b	.L168
 2232              	.L177:
1430:Drivers/STM32F4xx_HAL_Driver/Src/stm32f4xx_hal_i2s.c ****     {
 2233              		.loc 1 1430 10 discriminator 1 view .LVU770
 2234 0098 A2F58062 		sub	r2, r2, #1024
 2235 009c D9E7     		b	.L169
 2236              	.L171:
1410:Drivers/STM32F4xx_HAL_Driver/Src/stm32f4xx_hal_i2s.c **** 
 2237              		.loc 1 1410 3 discriminator 1 view .LVU771
 2238 009e 0220     		movs	r0, #2
 2239              	.LVL150:
1453:Drivers/STM32F4xx_HAL_Driver/Src/stm32f4xx_hal_i2s.c **** 
 2240              		.loc 1 1453 1 view .LVU772
 2241 00a0 7047     		bx	lr
 2242              	.L179:
 2243 00a2 00BF     		.align	2
 2244              	.L178:
 2245 00a4 00380040 		.word	1073756160
 2246 00a8 00340040 		.word	1073755136
 2247              		.cfi_endproc
 2248              	.LFE250:
 2250              		.section	.text.HAL_I2S_DMAStop,"ax",%progbits
 2251              		.align	1
 2252              		.global	HAL_I2S_DMAStop
 2253              		.syntax unified
 2254              		.thumb
 2255              		.thumb_func
 2257              	HAL_I2S_DMAStop:
 2258              	.LVL151:
 2259              	.LFB251:
1462:Drivers/STM32F4xx_HAL_Driver/Src/stm32f4xx_hal_i2s.c **** #if defined (SPI_I2S_FULLDUPLEX_SUPPORT)
 2260              		.loc 1 1462 1 is_stmt 1 view -0
 2261              		.cfi_startproc
 2262              		@ args = 0, pretend = 0, frame = 16
 2263              		@ frame_needed = 0, uses_anonymous_args = 0
1462:Drivers/STM32F4xx_HAL_Driver/Src/stm32f4xx_hal_i2s.c **** #if defined (SPI_I2S_FULLDUPLEX_SUPPORT)
 2264              		.loc 1 1462 1 is_stmt 0 view .LVU774
 2265 0000 70B5     		push	{r4, r5, r6, lr}
 2266              	.LCFI22:
 2267              		.cfi_def_cfa_offset 16
 2268              		.cfi_offset 4, -16
 2269              		.cfi_offset 5, -12
 2270              		.cfi_offset 6, -8
 2271              		.cfi_offset 14, -4
 2272 0002 84B0     		sub	sp, sp, #16
 2273              	.LCFI23:
 2274              		.cfi_def_cfa_offset 32
 2275 0004 0446     		mov	r4, r0
1464:Drivers/STM32F4xx_HAL_Driver/Src/stm32f4xx_hal_i2s.c **** #endif /* SPI_I2S_FULLDUPLEX_SUPPORT */
ARM GAS  /tmp/ccXsv2Xt.s 			page 90


 2276              		.loc 1 1464 3 is_stmt 1 view .LVU775
1466:Drivers/STM32F4xx_HAL_Driver/Src/stm32f4xx_hal_i2s.c ****   /* The Lock is not implemented on this API to allow the user application
 2277              		.loc 1 1466 3 view .LVU776
 2278              	.LVL152:
1473:Drivers/STM32F4xx_HAL_Driver/Src/stm32f4xx_hal_i2s.c ****   {
 2279              		.loc 1 1473 3 view .LVU777
1473:Drivers/STM32F4xx_HAL_Driver/Src/stm32f4xx_hal_i2s.c ****   {
 2280              		.loc 1 1473 18 is_stmt 0 view .LVU778
 2281 0006 4368     		ldr	r3, [r0, #4]
1473:Drivers/STM32F4xx_HAL_Driver/Src/stm32f4xx_hal_i2s.c ****   {
 2282              		.loc 1 1473 6 view .LVU779
 2283 0008 B3F5007F 		cmp	r3, #512
 2284 000c 02D0     		beq	.L181
1473:Drivers/STM32F4xx_HAL_Driver/Src/stm32f4xx_hal_i2s.c ****   {
 2285              		.loc 1 1473 47 discriminator 1 view .LVU780
 2286 000e 002B     		cmp	r3, #0
 2287 0010 40F08180 		bne	.L182
 2288              	.L181:
1476:Drivers/STM32F4xx_HAL_Driver/Src/stm32f4xx_hal_i2s.c ****     {
 2289              		.loc 1 1476 5 is_stmt 1 view .LVU781
1476:Drivers/STM32F4xx_HAL_Driver/Src/stm32f4xx_hal_i2s.c ****     {
 2290              		.loc 1 1476 13 is_stmt 0 view .LVU782
 2291 0014 A06B     		ldr	r0, [r4, #56]
 2292              	.LVL153:
1476:Drivers/STM32F4xx_HAL_Driver/Src/stm32f4xx_hal_i2s.c ****     {
 2293              		.loc 1 1476 8 view .LVU783
 2294 0016 48B1     		cbz	r0, .L206
1479:Drivers/STM32F4xx_HAL_Driver/Src/stm32f4xx_hal_i2s.c ****       {
 2295              		.loc 1 1479 7 is_stmt 1 view .LVU784
1479:Drivers/STM32F4xx_HAL_Driver/Src/stm32f4xx_hal_i2s.c ****       {
 2296              		.loc 1 1479 21 is_stmt 0 view .LVU785
 2297 0018 FFF7FEFF 		bl	HAL_DMA_Abort
 2298              	.LVL154:
1479:Drivers/STM32F4xx_HAL_Driver/Src/stm32f4xx_hal_i2s.c ****       {
 2299              		.loc 1 1479 10 discriminator 1 view .LVU786
 2300 001c 0546     		mov	r5, r0
 2301 001e 30B1     		cbz	r0, .L183
1481:Drivers/STM32F4xx_HAL_Driver/Src/stm32f4xx_hal_i2s.c ****         errorcode = HAL_ERROR;
 2302              		.loc 1 1481 9 is_stmt 1 view .LVU787
 2303 0020 636C     		ldr	r3, [r4, #68]
 2304 0022 43F00803 		orr	r3, r3, #8
 2305 0026 6364     		str	r3, [r4, #68]
1482:Drivers/STM32F4xx_HAL_Driver/Src/stm32f4xx_hal_i2s.c ****       }
 2306              		.loc 1 1482 9 view .LVU788
 2307              	.LVL155:
1482:Drivers/STM32F4xx_HAL_Driver/Src/stm32f4xx_hal_i2s.c ****       }
 2308              		.loc 1 1482 19 is_stmt 0 view .LVU789
 2309 0028 0125     		movs	r5, #1
 2310 002a 00E0     		b	.L183
 2311              	.LVL156:
 2312              	.L206:
1466:Drivers/STM32F4xx_HAL_Driver/Src/stm32f4xx_hal_i2s.c ****   /* The Lock is not implemented on this API to allow the user application
 2313              		.loc 1 1466 21 view .LVU790
 2314 002c 0025     		movs	r5, #0
 2315              	.LVL157:
 2316              	.L183:
1487:Drivers/STM32F4xx_HAL_Driver/Src/stm32f4xx_hal_i2s.c ****     {
ARM GAS  /tmp/ccXsv2Xt.s 			page 91


 2317              		.loc 1 1487 5 is_stmt 1 view .LVU791
1487:Drivers/STM32F4xx_HAL_Driver/Src/stm32f4xx_hal_i2s.c ****     {
 2318              		.loc 1 1487 9 is_stmt 0 view .LVU792
 2319 002e 6423     		movs	r3, #100
 2320 0030 0122     		movs	r2, #1
 2321 0032 0221     		movs	r1, #2
 2322 0034 2046     		mov	r0, r4
 2323 0036 FFF7FEFF 		bl	I2S_WaitFlagStateUntilTimeout
 2324              	.LVL158:
1487:Drivers/STM32F4xx_HAL_Driver/Src/stm32f4xx_hal_i2s.c ****     {
 2325              		.loc 1 1487 8 discriminator 1 view .LVU793
 2326 003a 30B1     		cbz	r0, .L184
1490:Drivers/STM32F4xx_HAL_Driver/Src/stm32f4xx_hal_i2s.c ****       hi2s->State = HAL_I2S_STATE_READY;
 2327              		.loc 1 1490 7 is_stmt 1 view .LVU794
 2328 003c 636C     		ldr	r3, [r4, #68]
 2329 003e 43F00103 		orr	r3, r3, #1
 2330 0042 6364     		str	r3, [r4, #68]
1491:Drivers/STM32F4xx_HAL_Driver/Src/stm32f4xx_hal_i2s.c ****       errorcode   = HAL_ERROR;
 2331              		.loc 1 1491 7 view .LVU795
1491:Drivers/STM32F4xx_HAL_Driver/Src/stm32f4xx_hal_i2s.c ****       errorcode   = HAL_ERROR;
 2332              		.loc 1 1491 19 is_stmt 0 view .LVU796
 2333 0044 0125     		movs	r5, #1
 2334              	.LVL159:
1491:Drivers/STM32F4xx_HAL_Driver/Src/stm32f4xx_hal_i2s.c ****       errorcode   = HAL_ERROR;
 2335              		.loc 1 1491 19 view .LVU797
 2336 0046 84F84150 		strb	r5, [r4, #65]
1492:Drivers/STM32F4xx_HAL_Driver/Src/stm32f4xx_hal_i2s.c ****     }
 2337              		.loc 1 1492 7 is_stmt 1 view .LVU798
 2338              	.LVL160:
 2339              	.L184:
1496:Drivers/STM32F4xx_HAL_Driver/Src/stm32f4xx_hal_i2s.c ****     {
 2340              		.loc 1 1496 5 view .LVU799
1496:Drivers/STM32F4xx_HAL_Driver/Src/stm32f4xx_hal_i2s.c ****     {
 2341              		.loc 1 1496 9 is_stmt 0 view .LVU800
 2342 004a 6423     		movs	r3, #100
 2343 004c 0022     		movs	r2, #0
 2344 004e 8021     		movs	r1, #128
 2345 0050 2046     		mov	r0, r4
 2346 0052 FFF7FEFF 		bl	I2S_WaitFlagStateUntilTimeout
 2347              	.LVL161:
1496:Drivers/STM32F4xx_HAL_Driver/Src/stm32f4xx_hal_i2s.c ****     {
 2348              		.loc 1 1496 8 discriminator 1 view .LVU801
 2349 0056 30B1     		cbz	r0, .L185
1499:Drivers/STM32F4xx_HAL_Driver/Src/stm32f4xx_hal_i2s.c ****       hi2s->State = HAL_I2S_STATE_READY;
 2350              		.loc 1 1499 7 is_stmt 1 view .LVU802
 2351 0058 636C     		ldr	r3, [r4, #68]
 2352 005a 43F00103 		orr	r3, r3, #1
 2353 005e 6364     		str	r3, [r4, #68]
1500:Drivers/STM32F4xx_HAL_Driver/Src/stm32f4xx_hal_i2s.c ****       errorcode   = HAL_ERROR;
 2354              		.loc 1 1500 7 view .LVU803
1500:Drivers/STM32F4xx_HAL_Driver/Src/stm32f4xx_hal_i2s.c ****       errorcode   = HAL_ERROR;
 2355              		.loc 1 1500 19 is_stmt 0 view .LVU804
 2356 0060 0125     		movs	r5, #1
 2357              	.LVL162:
1500:Drivers/STM32F4xx_HAL_Driver/Src/stm32f4xx_hal_i2s.c ****       errorcode   = HAL_ERROR;
 2358              		.loc 1 1500 19 view .LVU805
 2359 0062 84F84150 		strb	r5, [r4, #65]
ARM GAS  /tmp/ccXsv2Xt.s 			page 92


1501:Drivers/STM32F4xx_HAL_Driver/Src/stm32f4xx_hal_i2s.c ****     }
 2360              		.loc 1 1501 7 is_stmt 1 view .LVU806
 2361              	.LVL163:
 2362              	.L185:
1505:Drivers/STM32F4xx_HAL_Driver/Src/stm32f4xx_hal_i2s.c **** 
 2363              		.loc 1 1505 5 view .LVU807
 2364 0066 2268     		ldr	r2, [r4]
 2365 0068 D369     		ldr	r3, [r2, #28]
 2366 006a 23F48063 		bic	r3, r3, #1024
 2367 006e D361     		str	r3, [r2, #28]
1508:Drivers/STM32F4xx_HAL_Driver/Src/stm32f4xx_hal_i2s.c **** 
 2368              		.loc 1 1508 5 view .LVU808
 2369              	.LBB6:
1508:Drivers/STM32F4xx_HAL_Driver/Src/stm32f4xx_hal_i2s.c **** 
 2370              		.loc 1 1508 5 view .LVU809
 2371 0070 0023     		movs	r3, #0
 2372 0072 0093     		str	r3, [sp]
1508:Drivers/STM32F4xx_HAL_Driver/Src/stm32f4xx_hal_i2s.c **** 
 2373              		.loc 1 1508 5 view .LVU810
 2374 0074 2368     		ldr	r3, [r4]
 2375 0076 9A68     		ldr	r2, [r3, #8]
 2376 0078 0092     		str	r2, [sp]
1508:Drivers/STM32F4xx_HAL_Driver/Src/stm32f4xx_hal_i2s.c **** 
 2377              		.loc 1 1508 5 view .LVU811
 2378 007a 009A     		ldr	r2, [sp]
 2379              	.LBE6:
1508:Drivers/STM32F4xx_HAL_Driver/Src/stm32f4xx_hal_i2s.c **** 
 2380              		.loc 1 1508 5 view .LVU812
1511:Drivers/STM32F4xx_HAL_Driver/Src/stm32f4xx_hal_i2s.c **** 
 2381              		.loc 1 1511 5 view .LVU813
 2382 007c 5A68     		ldr	r2, [r3, #4]
 2383 007e 22F00202 		bic	r2, r2, #2
 2384 0082 5A60     		str	r2, [r3, #4]
1515:Drivers/STM32F4xx_HAL_Driver/Src/stm32f4xx_hal_i2s.c ****     {
 2385              		.loc 1 1515 5 view .LVU814
1515:Drivers/STM32F4xx_HAL_Driver/Src/stm32f4xx_hal_i2s.c ****     {
 2386              		.loc 1 1515 13 is_stmt 0 view .LVU815
 2387 0084 94F84130 		ldrb	r3, [r4, #65]	@ zero_extendqisi2
1515:Drivers/STM32F4xx_HAL_Driver/Src/stm32f4xx_hal_i2s.c ****     {
 2388              		.loc 1 1515 8 view .LVU816
 2389 0088 052B     		cmp	r3, #5
 2390 008a 05D0     		beq	.L216
 2391              	.LVL164:
 2392              	.L186:
1648:Drivers/STM32F4xx_HAL_Driver/Src/stm32f4xx_hal_i2s.c **** 
 2393              		.loc 1 1648 3 is_stmt 1 view .LVU817
1648:Drivers/STM32F4xx_HAL_Driver/Src/stm32f4xx_hal_i2s.c **** 
 2394              		.loc 1 1648 15 is_stmt 0 view .LVU818
 2395 008c 0123     		movs	r3, #1
 2396 008e 84F84130 		strb	r3, [r4, #65]
1650:Drivers/STM32F4xx_HAL_Driver/Src/stm32f4xx_hal_i2s.c **** }
 2397              		.loc 1 1650 3 is_stmt 1 view .LVU819
1651:Drivers/STM32F4xx_HAL_Driver/Src/stm32f4xx_hal_i2s.c **** 
 2398              		.loc 1 1651 1 is_stmt 0 view .LVU820
 2399 0092 2846     		mov	r0, r5
 2400 0094 04B0     		add	sp, sp, #16
 2401              	.LCFI24:
ARM GAS  /tmp/ccXsv2Xt.s 			page 93


 2402              		.cfi_remember_state
 2403              		.cfi_def_cfa_offset 16
 2404              		@ sp needed
 2405 0096 70BD     		pop	{r4, r5, r6, pc}
 2406              	.LVL165:
 2407              	.L216:
 2408              	.LCFI25:
 2409              		.cfi_restore_state
1518:Drivers/STM32F4xx_HAL_Driver/Src/stm32f4xx_hal_i2s.c ****       {
 2410              		.loc 1 1518 7 is_stmt 1 view .LVU821
1518:Drivers/STM32F4xx_HAL_Driver/Src/stm32f4xx_hal_i2s.c ****       {
 2411              		.loc 1 1518 15 is_stmt 0 view .LVU822
 2412 0098 E06B     		ldr	r0, [r4, #60]
1518:Drivers/STM32F4xx_HAL_Driver/Src/stm32f4xx_hal_i2s.c ****       {
 2413              		.loc 1 1518 10 view .LVU823
 2414 009a 38B1     		cbz	r0, .L187
1521:Drivers/STM32F4xx_HAL_Driver/Src/stm32f4xx_hal_i2s.c ****         {
 2415              		.loc 1 1521 9 is_stmt 1 view .LVU824
1521:Drivers/STM32F4xx_HAL_Driver/Src/stm32f4xx_hal_i2s.c ****         {
 2416              		.loc 1 1521 23 is_stmt 0 view .LVU825
 2417 009c FFF7FEFF 		bl	HAL_DMA_Abort
 2418              	.LVL166:
1521:Drivers/STM32F4xx_HAL_Driver/Src/stm32f4xx_hal_i2s.c ****         {
 2419              		.loc 1 1521 12 discriminator 1 view .LVU826
 2420 00a0 20B1     		cbz	r0, .L187
1523:Drivers/STM32F4xx_HAL_Driver/Src/stm32f4xx_hal_i2s.c ****           errorcode = HAL_ERROR;
 2421              		.loc 1 1523 11 is_stmt 1 view .LVU827
 2422 00a2 636C     		ldr	r3, [r4, #68]
 2423 00a4 43F00803 		orr	r3, r3, #8
 2424 00a8 6364     		str	r3, [r4, #68]
1524:Drivers/STM32F4xx_HAL_Driver/Src/stm32f4xx_hal_i2s.c ****         }
 2425              		.loc 1 1524 11 view .LVU828
 2426              	.LVL167:
1524:Drivers/STM32F4xx_HAL_Driver/Src/stm32f4xx_hal_i2s.c ****         }
 2427              		.loc 1 1524 21 is_stmt 0 view .LVU829
 2428 00aa 0125     		movs	r5, #1
 2429              	.LVL168:
 2430              	.L187:
1529:Drivers/STM32F4xx_HAL_Driver/Src/stm32f4xx_hal_i2s.c **** 
 2431              		.loc 1 1529 7 is_stmt 1 view .LVU830
 2432 00ac 2268     		ldr	r2, [r4]
 2433 00ae 624B     		ldr	r3, .L228
 2434 00b0 9A42     		cmp	r2, r3
 2435 00b2 20D0     		beq	.L217
1529:Drivers/STM32F4xx_HAL_Driver/Src/stm32f4xx_hal_i2s.c **** 
 2436              		.loc 1 1529 7 is_stmt 0 discriminator 2 view .LVU831
 2437 00b4 4FF04022 		mov	r2, #1073758208
 2438              	.L188:
1529:Drivers/STM32F4xx_HAL_Driver/Src/stm32f4xx_hal_i2s.c **** 
 2439              		.loc 1 1529 7 discriminator 4 view .LVU832
 2440 00b8 D369     		ldr	r3, [r2, #28]
1529:Drivers/STM32F4xx_HAL_Driver/Src/stm32f4xx_hal_i2s.c **** 
 2441              		.loc 1 1529 7 discriminator 8 view .LVU833
 2442 00ba 23F48063 		bic	r3, r3, #1024
 2443 00be D361     		str	r3, [r2, #28]
1532:Drivers/STM32F4xx_HAL_Driver/Src/stm32f4xx_hal_i2s.c **** 
 2444              		.loc 1 1532 7 is_stmt 1 view .LVU834
ARM GAS  /tmp/ccXsv2Xt.s 			page 94


 2445              	.LBB7:
1532:Drivers/STM32F4xx_HAL_Driver/Src/stm32f4xx_hal_i2s.c **** 
 2446              		.loc 1 1532 7 view .LVU835
 2447 00c0 0023     		movs	r3, #0
 2448 00c2 0193     		str	r3, [sp, #4]
1532:Drivers/STM32F4xx_HAL_Driver/Src/stm32f4xx_hal_i2s.c **** 
 2449              		.loc 1 1532 7 view .LVU836
 2450 00c4 2268     		ldr	r2, [r4]
 2451 00c6 5C4B     		ldr	r3, .L228
 2452 00c8 9A42     		cmp	r2, r3
 2453 00ca 16D0     		beq	.L218
1532:Drivers/STM32F4xx_HAL_Driver/Src/stm32f4xx_hal_i2s.c **** 
 2454              		.loc 1 1532 7 is_stmt 0 discriminator 2 view .LVU837
 2455 00cc 4FF04023 		mov	r3, #1073758208
 2456              	.L189:
1532:Drivers/STM32F4xx_HAL_Driver/Src/stm32f4xx_hal_i2s.c **** 
 2457              		.loc 1 1532 7 discriminator 4 view .LVU838
 2458 00d0 DA68     		ldr	r2, [r3, #12]
 2459 00d2 0192     		str	r2, [sp, #4]
1532:Drivers/STM32F4xx_HAL_Driver/Src/stm32f4xx_hal_i2s.c **** 
 2460              		.loc 1 1532 7 is_stmt 1 view .LVU839
1532:Drivers/STM32F4xx_HAL_Driver/Src/stm32f4xx_hal_i2s.c **** 
 2461              		.loc 1 1532 7 is_stmt 0 discriminator 8 view .LVU840
 2462 00d4 9A68     		ldr	r2, [r3, #8]
 2463 00d6 0192     		str	r2, [sp, #4]
1532:Drivers/STM32F4xx_HAL_Driver/Src/stm32f4xx_hal_i2s.c **** 
 2464              		.loc 1 1532 7 is_stmt 1 view .LVU841
1532:Drivers/STM32F4xx_HAL_Driver/Src/stm32f4xx_hal_i2s.c **** 
 2465              		.loc 1 1532 7 is_stmt 0 discriminator 8 view .LVU842
 2466 00d8 019A     		ldr	r2, [sp, #4]
 2467              	.LBE7:
1532:Drivers/STM32F4xx_HAL_Driver/Src/stm32f4xx_hal_i2s.c **** 
 2468              		.loc 1 1532 7 is_stmt 1 view .LVU843
1535:Drivers/STM32F4xx_HAL_Driver/Src/stm32f4xx_hal_i2s.c **** 
 2469              		.loc 1 1535 7 view .LVU844
1535:Drivers/STM32F4xx_HAL_Driver/Src/stm32f4xx_hal_i2s.c **** 
 2470              		.loc 1 1535 7 is_stmt 0 discriminator 4 view .LVU845
 2471 00da 5A68     		ldr	r2, [r3, #4]
1535:Drivers/STM32F4xx_HAL_Driver/Src/stm32f4xx_hal_i2s.c **** 
 2472              		.loc 1 1535 7 discriminator 8 view .LVU846
 2473 00dc 22F00102 		bic	r2, r2, #1
 2474 00e0 5A60     		str	r2, [r3, #4]
1537:Drivers/STM32F4xx_HAL_Driver/Src/stm32f4xx_hal_i2s.c ****       {
 2475              		.loc 1 1537 7 is_stmt 1 view .LVU847
1537:Drivers/STM32F4xx_HAL_Driver/Src/stm32f4xx_hal_i2s.c ****       {
 2476              		.loc 1 1537 21 is_stmt 0 view .LVU848
 2477 00e2 6368     		ldr	r3, [r4, #4]
1537:Drivers/STM32F4xx_HAL_Driver/Src/stm32f4xx_hal_i2s.c ****       {
 2478              		.loc 1 1537 10 view .LVU849
 2479 00e4 63B9     		cbnz	r3, .L190
1540:Drivers/STM32F4xx_HAL_Driver/Src/stm32f4xx_hal_i2s.c **** 
 2480              		.loc 1 1540 9 is_stmt 1 view .LVU850
 2481 00e6 636C     		ldr	r3, [r4, #68]
 2482 00e8 43F04003 		orr	r3, r3, #64
 2483 00ec 6364     		str	r3, [r4, #68]
1543:Drivers/STM32F4xx_HAL_Driver/Src/stm32f4xx_hal_i2s.c ****         errorcode = HAL_ERROR;
 2484              		.loc 1 1543 9 view .LVU851
ARM GAS  /tmp/ccXsv2Xt.s 			page 95


1543:Drivers/STM32F4xx_HAL_Driver/Src/stm32f4xx_hal_i2s.c ****         errorcode = HAL_ERROR;
 2485              		.loc 1 1543 21 is_stmt 0 view .LVU852
 2486 00ee 0125     		movs	r5, #1
 2487              	.LVL169:
1543:Drivers/STM32F4xx_HAL_Driver/Src/stm32f4xx_hal_i2s.c ****         errorcode = HAL_ERROR;
 2488              		.loc 1 1543 21 view .LVU853
 2489 00f0 84F84150 		strb	r5, [r4, #65]
1544:Drivers/STM32F4xx_HAL_Driver/Src/stm32f4xx_hal_i2s.c ****       }
 2490              		.loc 1 1544 9 is_stmt 1 view .LVU854
 2491              	.LVL170:
1544:Drivers/STM32F4xx_HAL_Driver/Src/stm32f4xx_hal_i2s.c ****       }
 2492              		.loc 1 1544 9 is_stmt 0 view .LVU855
 2493 00f4 CAE7     		b	.L186
 2494              	.LVL171:
 2495              	.L217:
1529:Drivers/STM32F4xx_HAL_Driver/Src/stm32f4xx_hal_i2s.c **** 
 2496              		.loc 1 1529 7 discriminator 1 view .LVU856
 2497 00f6 514A     		ldr	r2, .L228+4
 2498 00f8 DEE7     		b	.L188
 2499              	.L218:
 2500              	.LBB8:
1532:Drivers/STM32F4xx_HAL_Driver/Src/stm32f4xx_hal_i2s.c **** 
 2501              		.loc 1 1532 7 discriminator 1 view .LVU857
 2502 00fa A3F58063 		sub	r3, r3, #1024
 2503 00fe E7E7     		b	.L189
 2504              	.L190:
1532:Drivers/STM32F4xx_HAL_Driver/Src/stm32f4xx_hal_i2s.c **** 
 2505              		.loc 1 1532 7 discriminator 1 view .LVU858
 2506              	.LBE8:
1549:Drivers/STM32F4xx_HAL_Driver/Src/stm32f4xx_hal_i2s.c ****       }
 2507              		.loc 1 1549 9 is_stmt 1 view .LVU859
 2508 0100 2268     		ldr	r2, [r4]
 2509 0102 4D4B     		ldr	r3, .L228
 2510 0104 9A42     		cmp	r2, r3
 2511 0106 03D0     		beq	.L219
1549:Drivers/STM32F4xx_HAL_Driver/Src/stm32f4xx_hal_i2s.c ****       }
 2512              		.loc 1 1549 9 is_stmt 0 discriminator 2 view .LVU860
 2513 0108 4FF04023 		mov	r3, #1073758208
 2514              	.L191:
1549:Drivers/STM32F4xx_HAL_Driver/Src/stm32f4xx_hal_i2s.c ****       }
 2515              		.loc 1 1549 9 discriminator 4 view .LVU861
 2516 010c DB68     		ldr	r3, [r3, #12]
 2517 010e BDE7     		b	.L186
 2518              	.L219:
1549:Drivers/STM32F4xx_HAL_Driver/Src/stm32f4xx_hal_i2s.c ****       }
 2519              		.loc 1 1549 9 discriminator 1 view .LVU862
 2520 0110 A3F58063 		sub	r3, r3, #1024
 2521 0114 FAE7     		b	.L191
 2522              	.LVL172:
 2523              	.L182:
1555:Drivers/STM32F4xx_HAL_Driver/Src/stm32f4xx_hal_i2s.c ****   {
 2524              		.loc 1 1555 8 is_stmt 1 view .LVU863
1555:Drivers/STM32F4xx_HAL_Driver/Src/stm32f4xx_hal_i2s.c ****   {
 2525              		.loc 1 1555 11 is_stmt 0 view .LVU864
 2526 0116 B3F5407F 		cmp	r3, #768
 2527 011a 04D0     		beq	.L192
1555:Drivers/STM32F4xx_HAL_Driver/Src/stm32f4xx_hal_i2s.c ****   {
ARM GAS  /tmp/ccXsv2Xt.s 			page 96


 2528              		.loc 1 1555 52 discriminator 1 view .LVU865
 2529 011c B3F5807F 		cmp	r3, #256
 2530 0120 01D0     		beq	.L192
1466:Drivers/STM32F4xx_HAL_Driver/Src/stm32f4xx_hal_i2s.c ****   /* The Lock is not implemented on this API to allow the user application
 2531              		.loc 1 1466 21 view .LVU866
 2532 0122 0025     		movs	r5, #0
 2533 0124 B2E7     		b	.L186
 2534              	.L192:
1558:Drivers/STM32F4xx_HAL_Driver/Src/stm32f4xx_hal_i2s.c ****     {
 2535              		.loc 1 1558 5 is_stmt 1 view .LVU867
1558:Drivers/STM32F4xx_HAL_Driver/Src/stm32f4xx_hal_i2s.c ****     {
 2536              		.loc 1 1558 13 is_stmt 0 view .LVU868
 2537 0126 E06B     		ldr	r0, [r4, #60]
 2538              	.LVL173:
1558:Drivers/STM32F4xx_HAL_Driver/Src/stm32f4xx_hal_i2s.c ****     {
 2539              		.loc 1 1558 8 view .LVU869
 2540 0128 48B1     		cbz	r0, .L211
1561:Drivers/STM32F4xx_HAL_Driver/Src/stm32f4xx_hal_i2s.c ****       {
 2541              		.loc 1 1561 7 is_stmt 1 view .LVU870
1561:Drivers/STM32F4xx_HAL_Driver/Src/stm32f4xx_hal_i2s.c ****       {
 2542              		.loc 1 1561 21 is_stmt 0 view .LVU871
 2543 012a FFF7FEFF 		bl	HAL_DMA_Abort
 2544              	.LVL174:
1561:Drivers/STM32F4xx_HAL_Driver/Src/stm32f4xx_hal_i2s.c ****       {
 2545              		.loc 1 1561 10 discriminator 1 view .LVU872
 2546 012e 0546     		mov	r5, r0
 2547 0130 30B1     		cbz	r0, .L193
1563:Drivers/STM32F4xx_HAL_Driver/Src/stm32f4xx_hal_i2s.c ****         errorcode = HAL_ERROR;
 2548              		.loc 1 1563 9 is_stmt 1 view .LVU873
 2549 0132 636C     		ldr	r3, [r4, #68]
 2550 0134 43F00803 		orr	r3, r3, #8
 2551 0138 6364     		str	r3, [r4, #68]
1564:Drivers/STM32F4xx_HAL_Driver/Src/stm32f4xx_hal_i2s.c ****       }
 2552              		.loc 1 1564 9 view .LVU874
 2553              	.LVL175:
1564:Drivers/STM32F4xx_HAL_Driver/Src/stm32f4xx_hal_i2s.c ****       }
 2554              		.loc 1 1564 19 is_stmt 0 view .LVU875
 2555 013a 0125     		movs	r5, #1
 2556 013c 00E0     		b	.L193
 2557              	.LVL176:
 2558              	.L211:
1466:Drivers/STM32F4xx_HAL_Driver/Src/stm32f4xx_hal_i2s.c ****   /* The Lock is not implemented on this API to allow the user application
 2559              		.loc 1 1466 21 view .LVU876
 2560 013e 0025     		movs	r5, #0
 2561              	.LVL177:
 2562              	.L193:
1569:Drivers/STM32F4xx_HAL_Driver/Src/stm32f4xx_hal_i2s.c ****     {
 2563              		.loc 1 1569 5 is_stmt 1 view .LVU877
1569:Drivers/STM32F4xx_HAL_Driver/Src/stm32f4xx_hal_i2s.c ****     {
 2564              		.loc 1 1569 13 is_stmt 0 view .LVU878
 2565 0140 94F84130 		ldrb	r3, [r4, #65]	@ zero_extendqisi2
1569:Drivers/STM32F4xx_HAL_Driver/Src/stm32f4xx_hal_i2s.c ****     {
 2566              		.loc 1 1569 8 view .LVU879
 2567 0144 052B     		cmp	r3, #5
 2568 0146 17D0     		beq	.L220
 2569              	.L194:
1624:Drivers/STM32F4xx_HAL_Driver/Src/stm32f4xx_hal_i2s.c **** 
ARM GAS  /tmp/ccXsv2Xt.s 			page 97


 2570              		.loc 1 1624 5 is_stmt 1 view .LVU880
 2571 0148 2268     		ldr	r2, [r4]
 2572 014a D369     		ldr	r3, [r2, #28]
 2573 014c 23F48063 		bic	r3, r3, #1024
 2574 0150 D361     		str	r3, [r2, #28]
1627:Drivers/STM32F4xx_HAL_Driver/Src/stm32f4xx_hal_i2s.c **** 
 2575              		.loc 1 1627 5 view .LVU881
 2576              	.LBB9:
1627:Drivers/STM32F4xx_HAL_Driver/Src/stm32f4xx_hal_i2s.c **** 
 2577              		.loc 1 1627 5 view .LVU882
 2578 0152 0023     		movs	r3, #0
 2579 0154 0393     		str	r3, [sp, #12]
1627:Drivers/STM32F4xx_HAL_Driver/Src/stm32f4xx_hal_i2s.c **** 
 2580              		.loc 1 1627 5 view .LVU883
 2581 0156 2368     		ldr	r3, [r4]
 2582 0158 DA68     		ldr	r2, [r3, #12]
 2583 015a 0392     		str	r2, [sp, #12]
1627:Drivers/STM32F4xx_HAL_Driver/Src/stm32f4xx_hal_i2s.c **** 
 2584              		.loc 1 1627 5 view .LVU884
 2585 015c 9A68     		ldr	r2, [r3, #8]
 2586 015e 0392     		str	r2, [sp, #12]
1627:Drivers/STM32F4xx_HAL_Driver/Src/stm32f4xx_hal_i2s.c **** 
 2587              		.loc 1 1627 5 view .LVU885
 2588 0160 039A     		ldr	r2, [sp, #12]
 2589              	.LBE9:
1627:Drivers/STM32F4xx_HAL_Driver/Src/stm32f4xx_hal_i2s.c **** 
 2590              		.loc 1 1627 5 view .LVU886
1630:Drivers/STM32F4xx_HAL_Driver/Src/stm32f4xx_hal_i2s.c **** 
 2591              		.loc 1 1630 5 view .LVU887
 2592 0162 5A68     		ldr	r2, [r3, #4]
 2593 0164 22F00102 		bic	r2, r2, #1
 2594 0168 5A60     		str	r2, [r3, #4]
1632:Drivers/STM32F4xx_HAL_Driver/Src/stm32f4xx_hal_i2s.c ****     {
 2595              		.loc 1 1632 5 view .LVU888
1632:Drivers/STM32F4xx_HAL_Driver/Src/stm32f4xx_hal_i2s.c ****     {
 2596              		.loc 1 1632 19 is_stmt 0 view .LVU889
 2597 016a 6368     		ldr	r3, [r4, #4]
1632:Drivers/STM32F4xx_HAL_Driver/Src/stm32f4xx_hal_i2s.c ****     {
 2598              		.loc 1 1632 8 view .LVU890
 2599 016c B3F5807F 		cmp	r3, #256
 2600 0170 5AD0     		beq	.L221
1644:Drivers/STM32F4xx_HAL_Driver/Src/stm32f4xx_hal_i2s.c ****     }
 2601              		.loc 1 1644 7 is_stmt 1 view .LVU891
 2602 0172 2368     		ldr	r3, [r4]
 2603 0174 DB68     		ldr	r3, [r3, #12]
 2604 0176 89E7     		b	.L186
 2605              	.L220:
1572:Drivers/STM32F4xx_HAL_Driver/Src/stm32f4xx_hal_i2s.c ****       {
 2606              		.loc 1 1572 7 view .LVU892
1572:Drivers/STM32F4xx_HAL_Driver/Src/stm32f4xx_hal_i2s.c ****       {
 2607              		.loc 1 1572 15 is_stmt 0 view .LVU893
 2608 0178 A06B     		ldr	r0, [r4, #56]
1572:Drivers/STM32F4xx_HAL_Driver/Src/stm32f4xx_hal_i2s.c ****       {
 2609              		.loc 1 1572 10 view .LVU894
 2610 017a 38B1     		cbz	r0, .L195
1575:Drivers/STM32F4xx_HAL_Driver/Src/stm32f4xx_hal_i2s.c ****         {
 2611              		.loc 1 1575 9 is_stmt 1 view .LVU895
ARM GAS  /tmp/ccXsv2Xt.s 			page 98


1575:Drivers/STM32F4xx_HAL_Driver/Src/stm32f4xx_hal_i2s.c ****         {
 2612              		.loc 1 1575 23 is_stmt 0 view .LVU896
 2613 017c FFF7FEFF 		bl	HAL_DMA_Abort
 2614              	.LVL178:
1575:Drivers/STM32F4xx_HAL_Driver/Src/stm32f4xx_hal_i2s.c ****         {
 2615              		.loc 1 1575 12 discriminator 1 view .LVU897
 2616 0180 20B1     		cbz	r0, .L195
1577:Drivers/STM32F4xx_HAL_Driver/Src/stm32f4xx_hal_i2s.c ****           errorcode = HAL_ERROR;
 2617              		.loc 1 1577 11 is_stmt 1 view .LVU898
 2618 0182 636C     		ldr	r3, [r4, #68]
 2619 0184 43F00803 		orr	r3, r3, #8
 2620 0188 6364     		str	r3, [r4, #68]
1578:Drivers/STM32F4xx_HAL_Driver/Src/stm32f4xx_hal_i2s.c ****         }
 2621              		.loc 1 1578 11 view .LVU899
 2622              	.LVL179:
1578:Drivers/STM32F4xx_HAL_Driver/Src/stm32f4xx_hal_i2s.c ****         }
 2623              		.loc 1 1578 21 is_stmt 0 view .LVU900
 2624 018a 0125     		movs	r5, #1
 2625              	.LVL180:
 2626              	.L195:
1582:Drivers/STM32F4xx_HAL_Driver/Src/stm32f4xx_hal_i2s.c **** 
 2627              		.loc 1 1582 7 is_stmt 1 view .LVU901
1582:Drivers/STM32F4xx_HAL_Driver/Src/stm32f4xx_hal_i2s.c **** 
 2628              		.loc 1 1582 19 is_stmt 0 view .LVU902
 2629 018c FFF7FEFF 		bl	HAL_GetTick
 2630              	.LVL181:
 2631 0190 0646     		mov	r6, r0
 2632              	.LVL182:
1585:Drivers/STM32F4xx_HAL_Driver/Src/stm32f4xx_hal_i2s.c ****       {
 2633              		.loc 1 1585 7 is_stmt 1 view .LVU903
1585:Drivers/STM32F4xx_HAL_Driver/Src/stm32f4xx_hal_i2s.c ****       {
 2634              		.loc 1 1585 13 is_stmt 0 view .LVU904
 2635 0192 12E0     		b	.L197
 2636              	.LVL183:
 2637              	.L222:
1590:Drivers/STM32F4xx_HAL_Driver/Src/stm32f4xx_hal_i2s.c **** 
 2638              		.loc 1 1590 11 is_stmt 1 view .LVU905
 2639 0194 636C     		ldr	r3, [r4, #68]
 2640 0196 43F00103 		orr	r3, r3, #1
 2641 019a 6364     		str	r3, [r4, #68]
1593:Drivers/STM32F4xx_HAL_Driver/Src/stm32f4xx_hal_i2s.c ****           errorcode   = HAL_ERROR;
 2642              		.loc 1 1593 11 view .LVU906
1593:Drivers/STM32F4xx_HAL_Driver/Src/stm32f4xx_hal_i2s.c ****           errorcode   = HAL_ERROR;
 2643              		.loc 1 1593 23 is_stmt 0 view .LVU907
 2644 019c 0125     		movs	r5, #1
 2645              	.LVL184:
1593:Drivers/STM32F4xx_HAL_Driver/Src/stm32f4xx_hal_i2s.c ****           errorcode   = HAL_ERROR;
 2646              		.loc 1 1593 23 view .LVU908
 2647 019e 84F84150 		strb	r5, [r4, #65]
1594:Drivers/STM32F4xx_HAL_Driver/Src/stm32f4xx_hal_i2s.c ****         }
 2648              		.loc 1 1594 11 is_stmt 1 view .LVU909
 2649              	.LVL185:
1594:Drivers/STM32F4xx_HAL_Driver/Src/stm32f4xx_hal_i2s.c ****         }
 2650              		.loc 1 1594 11 is_stmt 0 view .LVU910
 2651 01a2 0AE0     		b	.L197
 2652              	.LVL186:
 2653              	.L223:
ARM GAS  /tmp/ccXsv2Xt.s 			page 99


1585:Drivers/STM32F4xx_HAL_Driver/Src/stm32f4xx_hal_i2s.c ****       {
 2654              		.loc 1 1585 14 discriminator 1 view .LVU911
 2655 01a4 A3F58063 		sub	r3, r3, #1024
 2656              	.L198:
1585:Drivers/STM32F4xx_HAL_Driver/Src/stm32f4xx_hal_i2s.c ****       {
 2657              		.loc 1 1585 14 discriminator 4 view .LVU912
 2658 01a8 9B68     		ldr	r3, [r3, #8]
1585:Drivers/STM32F4xx_HAL_Driver/Src/stm32f4xx_hal_i2s.c ****       {
 2659              		.loc 1 1585 56 discriminator 4 view .LVU913
 2660 01aa 13F0020F 		tst	r3, #2
 2661 01ae 1ED1     		bne	.L201
1587:Drivers/STM32F4xx_HAL_Driver/Src/stm32f4xx_hal_i2s.c ****         {
 2662              		.loc 1 1587 9 is_stmt 1 view .LVU914
1587:Drivers/STM32F4xx_HAL_Driver/Src/stm32f4xx_hal_i2s.c ****         {
 2663              		.loc 1 1587 15 is_stmt 0 view .LVU915
 2664 01b0 FFF7FEFF 		bl	HAL_GetTick
 2665              	.LVL187:
1587:Drivers/STM32F4xx_HAL_Driver/Src/stm32f4xx_hal_i2s.c ****         {
 2666              		.loc 1 1587 29 discriminator 1 view .LVU916
 2667 01b4 801B     		subs	r0, r0, r6
1587:Drivers/STM32F4xx_HAL_Driver/Src/stm32f4xx_hal_i2s.c ****         {
 2668              		.loc 1 1587 12 discriminator 1 view .LVU917
 2669 01b6 6428     		cmp	r0, #100
 2670 01b8 ECD8     		bhi	.L222
 2671              	.LVL188:
 2672              	.L197:
1585:Drivers/STM32F4xx_HAL_Driver/Src/stm32f4xx_hal_i2s.c ****       {
 2673              		.loc 1 1585 56 is_stmt 1 view .LVU918
1585:Drivers/STM32F4xx_HAL_Driver/Src/stm32f4xx_hal_i2s.c ****       {
 2674              		.loc 1 1585 14 is_stmt 0 view .LVU919
 2675 01ba 2268     		ldr	r2, [r4]
 2676 01bc 1E4B     		ldr	r3, .L228
 2677 01be 9A42     		cmp	r2, r3
 2678 01c0 F0D0     		beq	.L223
1585:Drivers/STM32F4xx_HAL_Driver/Src/stm32f4xx_hal_i2s.c ****       {
 2679              		.loc 1 1585 14 discriminator 2 view .LVU920
 2680 01c2 4FF04023 		mov	r3, #1073758208
 2681 01c6 EFE7     		b	.L198
 2682              	.L225:
1604:Drivers/STM32F4xx_HAL_Driver/Src/stm32f4xx_hal_i2s.c **** 
 2683              		.loc 1 1604 11 is_stmt 1 view .LVU921
 2684 01c8 636C     		ldr	r3, [r4, #68]
 2685 01ca 43F00103 		orr	r3, r3, #1
 2686 01ce 6364     		str	r3, [r4, #68]
1607:Drivers/STM32F4xx_HAL_Driver/Src/stm32f4xx_hal_i2s.c ****           errorcode   = HAL_ERROR;
 2687              		.loc 1 1607 11 view .LVU922
1607:Drivers/STM32F4xx_HAL_Driver/Src/stm32f4xx_hal_i2s.c ****           errorcode   = HAL_ERROR;
 2688              		.loc 1 1607 23 is_stmt 0 view .LVU923
 2689 01d0 0125     		movs	r5, #1
 2690              	.LVL189:
1607:Drivers/STM32F4xx_HAL_Driver/Src/stm32f4xx_hal_i2s.c ****           errorcode   = HAL_ERROR;
 2691              		.loc 1 1607 23 view .LVU924
 2692 01d2 84F84150 		strb	r5, [r4, #65]
1608:Drivers/STM32F4xx_HAL_Driver/Src/stm32f4xx_hal_i2s.c ****         }
 2693              		.loc 1 1608 11 is_stmt 1 view .LVU925
 2694              	.LVL190:
1608:Drivers/STM32F4xx_HAL_Driver/Src/stm32f4xx_hal_i2s.c ****         }
ARM GAS  /tmp/ccXsv2Xt.s 			page 100


 2695              		.loc 1 1608 11 is_stmt 0 view .LVU926
 2696 01d6 0AE0     		b	.L201
 2697              	.LVL191:
 2698              	.L226:
1599:Drivers/STM32F4xx_HAL_Driver/Src/stm32f4xx_hal_i2s.c ****       {
 2699              		.loc 1 1599 14 discriminator 1 view .LVU927
 2700 01d8 A3F58063 		sub	r3, r3, #1024
 2701              	.L202:
1599:Drivers/STM32F4xx_HAL_Driver/Src/stm32f4xx_hal_i2s.c ****       {
 2702              		.loc 1 1599 14 discriminator 4 view .LVU928
 2703 01dc 9A68     		ldr	r2, [r3, #8]
1599:Drivers/STM32F4xx_HAL_Driver/Src/stm32f4xx_hal_i2s.c ****       {
 2704              		.loc 1 1599 56 discriminator 4 view .LVU929
 2705 01de 12F0800F 		tst	r2, #128
 2706 01e2 0BD0     		beq	.L224
1601:Drivers/STM32F4xx_HAL_Driver/Src/stm32f4xx_hal_i2s.c ****         {
 2707              		.loc 1 1601 9 is_stmt 1 view .LVU930
1601:Drivers/STM32F4xx_HAL_Driver/Src/stm32f4xx_hal_i2s.c ****         {
 2708              		.loc 1 1601 15 is_stmt 0 view .LVU931
 2709 01e4 FFF7FEFF 		bl	HAL_GetTick
 2710              	.LVL192:
1601:Drivers/STM32F4xx_HAL_Driver/Src/stm32f4xx_hal_i2s.c ****         {
 2711              		.loc 1 1601 29 discriminator 1 view .LVU932
 2712 01e8 801B     		subs	r0, r0, r6
1601:Drivers/STM32F4xx_HAL_Driver/Src/stm32f4xx_hal_i2s.c ****         {
 2713              		.loc 1 1601 12 discriminator 1 view .LVU933
 2714 01ea 6428     		cmp	r0, #100
 2715 01ec ECD8     		bhi	.L225
 2716              	.LVL193:
 2717              	.L201:
1599:Drivers/STM32F4xx_HAL_Driver/Src/stm32f4xx_hal_i2s.c ****       {
 2718              		.loc 1 1599 56 is_stmt 1 view .LVU934
1599:Drivers/STM32F4xx_HAL_Driver/Src/stm32f4xx_hal_i2s.c ****       {
 2719              		.loc 1 1599 14 is_stmt 0 view .LVU935
 2720 01ee 2268     		ldr	r2, [r4]
 2721 01f0 114B     		ldr	r3, .L228
 2722 01f2 9A42     		cmp	r2, r3
 2723 01f4 F0D0     		beq	.L226
1599:Drivers/STM32F4xx_HAL_Driver/Src/stm32f4xx_hal_i2s.c ****       {
 2724              		.loc 1 1599 14 discriminator 2 view .LVU936
 2725 01f6 4FF04023 		mov	r3, #1073758208
 2726 01fa EFE7     		b	.L202
 2727              	.L224:
1613:Drivers/STM32F4xx_HAL_Driver/Src/stm32f4xx_hal_i2s.c **** 
 2728              		.loc 1 1613 7 is_stmt 1 view .LVU937
1613:Drivers/STM32F4xx_HAL_Driver/Src/stm32f4xx_hal_i2s.c **** 
 2729              		.loc 1 1613 7 is_stmt 0 discriminator 4 view .LVU938
 2730 01fc DA69     		ldr	r2, [r3, #28]
1613:Drivers/STM32F4xx_HAL_Driver/Src/stm32f4xx_hal_i2s.c **** 
 2731              		.loc 1 1613 7 discriminator 8 view .LVU939
 2732 01fe 22F48062 		bic	r2, r2, #1024
 2733 0202 DA61     		str	r2, [r3, #28]
1616:Drivers/STM32F4xx_HAL_Driver/Src/stm32f4xx_hal_i2s.c **** 
 2734              		.loc 1 1616 7 is_stmt 1 view .LVU940
 2735              	.LBB10:
1616:Drivers/STM32F4xx_HAL_Driver/Src/stm32f4xx_hal_i2s.c **** 
 2736              		.loc 1 1616 7 view .LVU941
ARM GAS  /tmp/ccXsv2Xt.s 			page 101


 2737 0204 0023     		movs	r3, #0
 2738 0206 0293     		str	r3, [sp, #8]
1616:Drivers/STM32F4xx_HAL_Driver/Src/stm32f4xx_hal_i2s.c **** 
 2739              		.loc 1 1616 7 view .LVU942
 2740 0208 2268     		ldr	r2, [r4]
 2741 020a 0B4B     		ldr	r3, .L228
 2742 020c 9A42     		cmp	r2, r3
 2743 020e 09D0     		beq	.L227
1616:Drivers/STM32F4xx_HAL_Driver/Src/stm32f4xx_hal_i2s.c **** 
 2744              		.loc 1 1616 7 is_stmt 0 discriminator 2 view .LVU943
 2745 0210 4FF04022 		mov	r2, #1073758208
 2746              	.L204:
1616:Drivers/STM32F4xx_HAL_Driver/Src/stm32f4xx_hal_i2s.c **** 
 2747              		.loc 1 1616 7 discriminator 4 view .LVU944
 2748 0214 9368     		ldr	r3, [r2, #8]
 2749 0216 0293     		str	r3, [sp, #8]
1616:Drivers/STM32F4xx_HAL_Driver/Src/stm32f4xx_hal_i2s.c **** 
 2750              		.loc 1 1616 7 is_stmt 1 view .LVU945
1616:Drivers/STM32F4xx_HAL_Driver/Src/stm32f4xx_hal_i2s.c **** 
 2751              		.loc 1 1616 7 is_stmt 0 discriminator 4 view .LVU946
 2752 0218 029B     		ldr	r3, [sp, #8]
 2753              	.LBE10:
1616:Drivers/STM32F4xx_HAL_Driver/Src/stm32f4xx_hal_i2s.c **** 
 2754              		.loc 1 1616 7 is_stmt 1 view .LVU947
1619:Drivers/STM32F4xx_HAL_Driver/Src/stm32f4xx_hal_i2s.c ****     }
 2755              		.loc 1 1619 7 view .LVU948
1619:Drivers/STM32F4xx_HAL_Driver/Src/stm32f4xx_hal_i2s.c ****     }
 2756              		.loc 1 1619 7 is_stmt 0 discriminator 4 view .LVU949
 2757 021a 5368     		ldr	r3, [r2, #4]
1619:Drivers/STM32F4xx_HAL_Driver/Src/stm32f4xx_hal_i2s.c ****     }
 2758              		.loc 1 1619 7 discriminator 8 view .LVU950
 2759 021c 23F00203 		bic	r3, r3, #2
 2760 0220 5360     		str	r3, [r2, #4]
 2761 0222 91E7     		b	.L194
 2762              	.L227:
 2763              	.LBB11:
1616:Drivers/STM32F4xx_HAL_Driver/Src/stm32f4xx_hal_i2s.c **** 
 2764              		.loc 1 1616 7 discriminator 1 view .LVU951
 2765 0224 054A     		ldr	r2, .L228+4
 2766 0226 F5E7     		b	.L204
 2767              	.LVL194:
 2768              	.L221:
1616:Drivers/STM32F4xx_HAL_Driver/Src/stm32f4xx_hal_i2s.c **** 
 2769              		.loc 1 1616 7 discriminator 1 view .LVU952
 2770              	.LBE11:
1635:Drivers/STM32F4xx_HAL_Driver/Src/stm32f4xx_hal_i2s.c **** 
 2771              		.loc 1 1635 7 is_stmt 1 view .LVU953
 2772 0228 636C     		ldr	r3, [r4, #68]
 2773 022a 43F04003 		orr	r3, r3, #64
 2774 022e 6364     		str	r3, [r4, #68]
1638:Drivers/STM32F4xx_HAL_Driver/Src/stm32f4xx_hal_i2s.c ****       errorcode = HAL_ERROR;
 2775              		.loc 1 1638 7 view .LVU954
1638:Drivers/STM32F4xx_HAL_Driver/Src/stm32f4xx_hal_i2s.c ****       errorcode = HAL_ERROR;
 2776              		.loc 1 1638 19 is_stmt 0 view .LVU955
 2777 0230 0125     		movs	r5, #1
 2778              	.LVL195:
1638:Drivers/STM32F4xx_HAL_Driver/Src/stm32f4xx_hal_i2s.c ****       errorcode = HAL_ERROR;
ARM GAS  /tmp/ccXsv2Xt.s 			page 102


 2779              		.loc 1 1638 19 view .LVU956
 2780 0232 84F84150 		strb	r5, [r4, #65]
1639:Drivers/STM32F4xx_HAL_Driver/Src/stm32f4xx_hal_i2s.c ****     }
 2781              		.loc 1 1639 7 is_stmt 1 view .LVU957
 2782              	.LVL196:
1639:Drivers/STM32F4xx_HAL_Driver/Src/stm32f4xx_hal_i2s.c ****     }
 2783              		.loc 1 1639 7 is_stmt 0 view .LVU958
 2784 0236 29E7     		b	.L186
 2785              	.L229:
 2786              		.align	2
 2787              	.L228:
 2788 0238 00380040 		.word	1073756160
 2789 023c 00340040 		.word	1073755136
 2790              		.cfi_endproc
 2791              	.LFE251:
 2793              		.section	.text.HAL_I2S_IRQHandler,"ax",%progbits
 2794              		.align	1
 2795              		.global	HAL_I2S_IRQHandler
 2796              		.syntax unified
 2797              		.thumb
 2798              		.thumb_func
 2800              	HAL_I2S_IRQHandler:
 2801              	.LVL197:
 2802              	.LFB252:
1660:Drivers/STM32F4xx_HAL_Driver/Src/stm32f4xx_hal_i2s.c ****   /* Call the IrqHandler ISR set during HAL_I2S_INIT */
 2803              		.loc 1 1660 1 is_stmt 1 view -0
 2804              		.cfi_startproc
 2805              		@ args = 0, pretend = 0, frame = 0
 2806              		@ frame_needed = 0, uses_anonymous_args = 0
1660:Drivers/STM32F4xx_HAL_Driver/Src/stm32f4xx_hal_i2s.c ****   /* Call the IrqHandler ISR set during HAL_I2S_INIT */
 2807              		.loc 1 1660 1 is_stmt 0 view .LVU960
 2808 0000 08B5     		push	{r3, lr}
 2809              	.LCFI26:
 2810              		.cfi_def_cfa_offset 8
 2811              		.cfi_offset 3, -8
 2812              		.cfi_offset 14, -4
1662:Drivers/STM32F4xx_HAL_Driver/Src/stm32f4xx_hal_i2s.c **** }
 2813              		.loc 1 1662 3 is_stmt 1 view .LVU961
1662:Drivers/STM32F4xx_HAL_Driver/Src/stm32f4xx_hal_i2s.c **** }
 2814              		.loc 1 1662 7 is_stmt 0 view .LVU962
 2815 0002 436B     		ldr	r3, [r0, #52]
1662:Drivers/STM32F4xx_HAL_Driver/Src/stm32f4xx_hal_i2s.c **** }
 2816              		.loc 1 1662 3 view .LVU963
 2817 0004 9847     		blx	r3
 2818              	.LVL198:
1663:Drivers/STM32F4xx_HAL_Driver/Src/stm32f4xx_hal_i2s.c **** 
 2819              		.loc 1 1663 1 view .LVU964
 2820 0006 08BD     		pop	{r3, pc}
 2821              		.cfi_endproc
 2822              	.LFE252:
 2824              		.section	.text.HAL_I2S_TxHalfCpltCallback,"ax",%progbits
 2825              		.align	1
 2826              		.weak	HAL_I2S_TxHalfCpltCallback
 2827              		.syntax unified
 2828              		.thumb
 2829              		.thumb_func
 2831              	HAL_I2S_TxHalfCpltCallback:
ARM GAS  /tmp/ccXsv2Xt.s 			page 103


 2832              	.LVL199:
 2833              	.LFB253:
1672:Drivers/STM32F4xx_HAL_Driver/Src/stm32f4xx_hal_i2s.c ****   /* Prevent unused argument(s) compilation warning */
 2834              		.loc 1 1672 1 is_stmt 1 view -0
 2835              		.cfi_startproc
 2836              		@ args = 0, pretend = 0, frame = 0
 2837              		@ frame_needed = 0, uses_anonymous_args = 0
 2838              		@ link register save eliminated.
1674:Drivers/STM32F4xx_HAL_Driver/Src/stm32f4xx_hal_i2s.c **** 
 2839              		.loc 1 1674 3 view .LVU966
1679:Drivers/STM32F4xx_HAL_Driver/Src/stm32f4xx_hal_i2s.c **** 
 2840              		.loc 1 1679 1 is_stmt 0 view .LVU967
 2841 0000 7047     		bx	lr
 2842              		.cfi_endproc
 2843              	.LFE253:
 2845              		.section	.text.I2S_DMATxHalfCplt,"ax",%progbits
 2846              		.align	1
 2847              		.syntax unified
 2848              		.thumb
 2849              		.thumb_func
 2851              	I2S_DMATxHalfCplt:
 2852              	.LVL200:
 2853              	.LFB261:
1830:Drivers/STM32F4xx_HAL_Driver/Src/stm32f4xx_hal_i2s.c ****   I2S_HandleTypeDef *hi2s = (I2S_HandleTypeDef *)((DMA_HandleTypeDef *)hdma)->Parent; /* Derogation
 2854              		.loc 1 1830 1 is_stmt 1 view -0
 2855              		.cfi_startproc
 2856              		@ args = 0, pretend = 0, frame = 0
 2857              		@ frame_needed = 0, uses_anonymous_args = 0
1830:Drivers/STM32F4xx_HAL_Driver/Src/stm32f4xx_hal_i2s.c ****   I2S_HandleTypeDef *hi2s = (I2S_HandleTypeDef *)((DMA_HandleTypeDef *)hdma)->Parent; /* Derogation
 2858              		.loc 1 1830 1 is_stmt 0 view .LVU969
 2859 0000 08B5     		push	{r3, lr}
 2860              	.LCFI27:
 2861              		.cfi_def_cfa_offset 8
 2862              		.cfi_offset 3, -8
 2863              		.cfi_offset 14, -4
1831:Drivers/STM32F4xx_HAL_Driver/Src/stm32f4xx_hal_i2s.c **** 
 2864              		.loc 1 1831 3 is_stmt 1 view .LVU970
 2865              	.LVL201:
1837:Drivers/STM32F4xx_HAL_Driver/Src/stm32f4xx_hal_i2s.c **** #endif /* USE_HAL_I2S_REGISTER_CALLBACKS */
 2866              		.loc 1 1837 3 view .LVU971
 2867 0002 806B     		ldr	r0, [r0, #56]
 2868              	.LVL202:
1837:Drivers/STM32F4xx_HAL_Driver/Src/stm32f4xx_hal_i2s.c **** #endif /* USE_HAL_I2S_REGISTER_CALLBACKS */
 2869              		.loc 1 1837 3 is_stmt 0 view .LVU972
 2870 0004 FFF7FEFF 		bl	HAL_I2S_TxHalfCpltCallback
 2871              	.LVL203:
1839:Drivers/STM32F4xx_HAL_Driver/Src/stm32f4xx_hal_i2s.c **** 
 2872              		.loc 1 1839 1 view .LVU973
 2873 0008 08BD     		pop	{r3, pc}
 2874              		.cfi_endproc
 2875              	.LFE261:
 2877              		.section	.text.HAL_I2S_TxCpltCallback,"ax",%progbits
 2878              		.align	1
 2879              		.weak	HAL_I2S_TxCpltCallback
 2880              		.syntax unified
 2881              		.thumb
 2882              		.thumb_func
ARM GAS  /tmp/ccXsv2Xt.s 			page 104


 2884              	HAL_I2S_TxCpltCallback:
 2885              	.LVL204:
 2886              	.LFB254:
1688:Drivers/STM32F4xx_HAL_Driver/Src/stm32f4xx_hal_i2s.c ****   /* Prevent unused argument(s) compilation warning */
 2887              		.loc 1 1688 1 is_stmt 1 view -0
 2888              		.cfi_startproc
 2889              		@ args = 0, pretend = 0, frame = 0
 2890              		@ frame_needed = 0, uses_anonymous_args = 0
 2891              		@ link register save eliminated.
1690:Drivers/STM32F4xx_HAL_Driver/Src/stm32f4xx_hal_i2s.c **** 
 2892              		.loc 1 1690 3 view .LVU975
1695:Drivers/STM32F4xx_HAL_Driver/Src/stm32f4xx_hal_i2s.c **** 
 2893              		.loc 1 1695 1 is_stmt 0 view .LVU976
 2894 0000 7047     		bx	lr
 2895              		.cfi_endproc
 2896              	.LFE254:
 2898              		.section	.text.I2S_Transmit_IT,"ax",%progbits
 2899              		.align	1
 2900              		.syntax unified
 2901              		.thumb
 2902              		.thumb_func
 2904              	I2S_Transmit_IT:
 2905              	.LVL205:
 2906              	.LFB265:
1919:Drivers/STM32F4xx_HAL_Driver/Src/stm32f4xx_hal_i2s.c ****   /* Transmit data */
 2907              		.loc 1 1919 1 is_stmt 1 view -0
 2908              		.cfi_startproc
 2909              		@ args = 0, pretend = 0, frame = 0
 2910              		@ frame_needed = 0, uses_anonymous_args = 0
1919:Drivers/STM32F4xx_HAL_Driver/Src/stm32f4xx_hal_i2s.c ****   /* Transmit data */
 2911              		.loc 1 1919 1 is_stmt 0 view .LVU978
 2912 0000 08B5     		push	{r3, lr}
 2913              	.LCFI28:
 2914              		.cfi_def_cfa_offset 8
 2915              		.cfi_offset 3, -8
 2916              		.cfi_offset 14, -4
1921:Drivers/STM32F4xx_HAL_Driver/Src/stm32f4xx_hal_i2s.c ****   hi2s->pTxBuffPtr++;
 2917              		.loc 1 1921 3 is_stmt 1 view .LVU979
1921:Drivers/STM32F4xx_HAL_Driver/Src/stm32f4xx_hal_i2s.c ****   hi2s->pTxBuffPtr++;
 2918              		.loc 1 1921 30 is_stmt 0 view .LVU980
 2919 0002 426A     		ldr	r2, [r0, #36]
1921:Drivers/STM32F4xx_HAL_Driver/Src/stm32f4xx_hal_i2s.c ****   hi2s->pTxBuffPtr++;
 2920              		.loc 1 1921 7 view .LVU981
 2921 0004 0368     		ldr	r3, [r0]
1921:Drivers/STM32F4xx_HAL_Driver/Src/stm32f4xx_hal_i2s.c ****   hi2s->pTxBuffPtr++;
 2922              		.loc 1 1921 25 view .LVU982
 2923 0006 1288     		ldrh	r2, [r2]
1921:Drivers/STM32F4xx_HAL_Driver/Src/stm32f4xx_hal_i2s.c ****   hi2s->pTxBuffPtr++;
 2924              		.loc 1 1921 22 view .LVU983
 2925 0008 DA60     		str	r2, [r3, #12]
1922:Drivers/STM32F4xx_HAL_Driver/Src/stm32f4xx_hal_i2s.c ****   hi2s->TxXferCount--;
 2926              		.loc 1 1922 3 is_stmt 1 view .LVU984
1922:Drivers/STM32F4xx_HAL_Driver/Src/stm32f4xx_hal_i2s.c ****   hi2s->TxXferCount--;
 2927              		.loc 1 1922 7 is_stmt 0 view .LVU985
 2928 000a 436A     		ldr	r3, [r0, #36]
1922:Drivers/STM32F4xx_HAL_Driver/Src/stm32f4xx_hal_i2s.c ****   hi2s->TxXferCount--;
 2929              		.loc 1 1922 19 view .LVU986
ARM GAS  /tmp/ccXsv2Xt.s 			page 105


 2930 000c 0233     		adds	r3, r3, #2
 2931 000e 4362     		str	r3, [r0, #36]
1923:Drivers/STM32F4xx_HAL_Driver/Src/stm32f4xx_hal_i2s.c **** 
 2932              		.loc 1 1923 3 is_stmt 1 view .LVU987
1923:Drivers/STM32F4xx_HAL_Driver/Src/stm32f4xx_hal_i2s.c **** 
 2933              		.loc 1 1923 7 is_stmt 0 view .LVU988
 2934 0010 438D     		ldrh	r3, [r0, #42]
 2935 0012 9BB2     		uxth	r3, r3
1923:Drivers/STM32F4xx_HAL_Driver/Src/stm32f4xx_hal_i2s.c **** 
 2936              		.loc 1 1923 20 view .LVU989
 2937 0014 013B     		subs	r3, r3, #1
 2938 0016 9BB2     		uxth	r3, r3
 2939 0018 4385     		strh	r3, [r0, #42]	@ movhi
1925:Drivers/STM32F4xx_HAL_Driver/Src/stm32f4xx_hal_i2s.c ****   {
 2940              		.loc 1 1925 3 is_stmt 1 view .LVU990
1925:Drivers/STM32F4xx_HAL_Driver/Src/stm32f4xx_hal_i2s.c ****   {
 2941              		.loc 1 1925 11 is_stmt 0 view .LVU991
 2942 001a 438D     		ldrh	r3, [r0, #42]
 2943 001c 9BB2     		uxth	r3, r3
1925:Drivers/STM32F4xx_HAL_Driver/Src/stm32f4xx_hal_i2s.c ****   {
 2944              		.loc 1 1925 6 view .LVU992
 2945 001e 03B1     		cbz	r3, .L239
 2946              	.LVL206:
 2947              	.L236:
1938:Drivers/STM32F4xx_HAL_Driver/Src/stm32f4xx_hal_i2s.c **** 
 2948              		.loc 1 1938 1 view .LVU993
 2949 0020 08BD     		pop	{r3, pc}
 2950              	.LVL207:
 2951              	.L239:
1928:Drivers/STM32F4xx_HAL_Driver/Src/stm32f4xx_hal_i2s.c **** 
 2952              		.loc 1 1928 5 is_stmt 1 view .LVU994
 2953 0022 0268     		ldr	r2, [r0]
 2954 0024 5368     		ldr	r3, [r2, #4]
 2955 0026 23F0A003 		bic	r3, r3, #160
 2956 002a 5360     		str	r3, [r2, #4]
1930:Drivers/STM32F4xx_HAL_Driver/Src/stm32f4xx_hal_i2s.c ****     /* Call user Tx complete callback */
 2957              		.loc 1 1930 5 view .LVU995
1930:Drivers/STM32F4xx_HAL_Driver/Src/stm32f4xx_hal_i2s.c ****     /* Call user Tx complete callback */
 2958              		.loc 1 1930 17 is_stmt 0 view .LVU996
 2959 002c 0123     		movs	r3, #1
 2960 002e 80F84130 		strb	r3, [r0, #65]
1935:Drivers/STM32F4xx_HAL_Driver/Src/stm32f4xx_hal_i2s.c **** #endif /* USE_HAL_I2S_REGISTER_CALLBACKS */
 2961              		.loc 1 1935 5 is_stmt 1 view .LVU997
 2962 0032 FFF7FEFF 		bl	HAL_I2S_TxCpltCallback
 2963              	.LVL208:
1938:Drivers/STM32F4xx_HAL_Driver/Src/stm32f4xx_hal_i2s.c **** 
 2964              		.loc 1 1938 1 is_stmt 0 view .LVU998
 2965 0036 F3E7     		b	.L236
 2966              		.cfi_endproc
 2967              	.LFE265:
 2969              		.section	.text.I2S_DMATxCplt,"ax",%progbits
 2970              		.align	1
 2971              		.syntax unified
 2972              		.thumb
 2973              		.thumb_func
 2975              	I2S_DMATxCplt:
 2976              	.LVL209:
ARM GAS  /tmp/ccXsv2Xt.s 			page 106


 2977              	.LFB260:
1803:Drivers/STM32F4xx_HAL_Driver/Src/stm32f4xx_hal_i2s.c ****   I2S_HandleTypeDef *hi2s = (I2S_HandleTypeDef *)((DMA_HandleTypeDef *)hdma)->Parent; /* Derogation
 2978              		.loc 1 1803 1 is_stmt 1 view -0
 2979              		.cfi_startproc
 2980              		@ args = 0, pretend = 0, frame = 0
 2981              		@ frame_needed = 0, uses_anonymous_args = 0
1803:Drivers/STM32F4xx_HAL_Driver/Src/stm32f4xx_hal_i2s.c ****   I2S_HandleTypeDef *hi2s = (I2S_HandleTypeDef *)((DMA_HandleTypeDef *)hdma)->Parent; /* Derogation
 2982              		.loc 1 1803 1 is_stmt 0 view .LVU1000
 2983 0000 08B5     		push	{r3, lr}
 2984              	.LCFI29:
 2985              		.cfi_def_cfa_offset 8
 2986              		.cfi_offset 3, -8
 2987              		.cfi_offset 14, -4
 2988 0002 0346     		mov	r3, r0
1804:Drivers/STM32F4xx_HAL_Driver/Src/stm32f4xx_hal_i2s.c **** 
 2989              		.loc 1 1804 3 is_stmt 1 view .LVU1001
1804:Drivers/STM32F4xx_HAL_Driver/Src/stm32f4xx_hal_i2s.c **** 
 2990              		.loc 1 1804 22 is_stmt 0 view .LVU1002
 2991 0004 806B     		ldr	r0, [r0, #56]
 2992              	.LVL210:
1807:Drivers/STM32F4xx_HAL_Driver/Src/stm32f4xx_hal_i2s.c ****   {
 2993              		.loc 1 1807 3 is_stmt 1 view .LVU1003
1807:Drivers/STM32F4xx_HAL_Driver/Src/stm32f4xx_hal_i2s.c ****   {
 2994              		.loc 1 1807 17 is_stmt 0 view .LVU1004
 2995 0006 DB69     		ldr	r3, [r3, #28]
 2996              	.LVL211:
1807:Drivers/STM32F4xx_HAL_Driver/Src/stm32f4xx_hal_i2s.c ****   {
 2997              		.loc 1 1807 6 view .LVU1005
 2998 0008 4BB9     		cbnz	r3, .L241
1810:Drivers/STM32F4xx_HAL_Driver/Src/stm32f4xx_hal_i2s.c **** 
 2999              		.loc 1 1810 5 is_stmt 1 view .LVU1006
 3000 000a 0268     		ldr	r2, [r0]
 3001 000c 5368     		ldr	r3, [r2, #4]
 3002 000e 23F00203 		bic	r3, r3, #2
 3003 0012 5360     		str	r3, [r2, #4]
1812:Drivers/STM32F4xx_HAL_Driver/Src/stm32f4xx_hal_i2s.c ****     hi2s->State = HAL_I2S_STATE_READY;
 3004              		.loc 1 1812 5 view .LVU1007
1812:Drivers/STM32F4xx_HAL_Driver/Src/stm32f4xx_hal_i2s.c ****     hi2s->State = HAL_I2S_STATE_READY;
 3005              		.loc 1 1812 23 is_stmt 0 view .LVU1008
 3006 0014 0023     		movs	r3, #0
 3007 0016 4385     		strh	r3, [r0, #42]	@ movhi
1813:Drivers/STM32F4xx_HAL_Driver/Src/stm32f4xx_hal_i2s.c ****   }
 3008              		.loc 1 1813 5 is_stmt 1 view .LVU1009
1813:Drivers/STM32F4xx_HAL_Driver/Src/stm32f4xx_hal_i2s.c ****   }
 3009              		.loc 1 1813 17 is_stmt 0 view .LVU1010
 3010 0018 0123     		movs	r3, #1
 3011 001a 80F84130 		strb	r3, [r0, #65]
 3012              	.L241:
1819:Drivers/STM32F4xx_HAL_Driver/Src/stm32f4xx_hal_i2s.c **** #endif /* USE_HAL_I2S_REGISTER_CALLBACKS */
 3013              		.loc 1 1819 3 is_stmt 1 view .LVU1011
 3014 001e FFF7FEFF 		bl	HAL_I2S_TxCpltCallback
 3015              	.LVL212:
1821:Drivers/STM32F4xx_HAL_Driver/Src/stm32f4xx_hal_i2s.c **** 
 3016              		.loc 1 1821 1 is_stmt 0 view .LVU1012
 3017 0022 08BD     		pop	{r3, pc}
 3018              		.cfi_endproc
 3019              	.LFE260:
ARM GAS  /tmp/ccXsv2Xt.s 			page 107


 3021              		.section	.text.HAL_I2S_RxHalfCpltCallback,"ax",%progbits
 3022              		.align	1
 3023              		.weak	HAL_I2S_RxHalfCpltCallback
 3024              		.syntax unified
 3025              		.thumb
 3026              		.thumb_func
 3028              	HAL_I2S_RxHalfCpltCallback:
 3029              	.LVL213:
 3030              	.LFB255:
1704:Drivers/STM32F4xx_HAL_Driver/Src/stm32f4xx_hal_i2s.c ****   /* Prevent unused argument(s) compilation warning */
 3031              		.loc 1 1704 1 is_stmt 1 view -0
 3032              		.cfi_startproc
 3033              		@ args = 0, pretend = 0, frame = 0
 3034              		@ frame_needed = 0, uses_anonymous_args = 0
 3035              		@ link register save eliminated.
1706:Drivers/STM32F4xx_HAL_Driver/Src/stm32f4xx_hal_i2s.c **** 
 3036              		.loc 1 1706 3 view .LVU1014
1711:Drivers/STM32F4xx_HAL_Driver/Src/stm32f4xx_hal_i2s.c **** 
 3037              		.loc 1 1711 1 is_stmt 0 view .LVU1015
 3038 0000 7047     		bx	lr
 3039              		.cfi_endproc
 3040              	.LFE255:
 3042              		.section	.text.I2S_DMARxHalfCplt,"ax",%progbits
 3043              		.align	1
 3044              		.syntax unified
 3045              		.thumb
 3046              		.thumb_func
 3048              	I2S_DMARxHalfCplt:
 3049              	.LVL214:
 3050              	.LFB263:
1874:Drivers/STM32F4xx_HAL_Driver/Src/stm32f4xx_hal_i2s.c ****   I2S_HandleTypeDef *hi2s = (I2S_HandleTypeDef *)((DMA_HandleTypeDef *)hdma)->Parent; /* Derogation
 3051              		.loc 1 1874 1 is_stmt 1 view -0
 3052              		.cfi_startproc
 3053              		@ args = 0, pretend = 0, frame = 0
 3054              		@ frame_needed = 0, uses_anonymous_args = 0
1874:Drivers/STM32F4xx_HAL_Driver/Src/stm32f4xx_hal_i2s.c ****   I2S_HandleTypeDef *hi2s = (I2S_HandleTypeDef *)((DMA_HandleTypeDef *)hdma)->Parent; /* Derogation
 3055              		.loc 1 1874 1 is_stmt 0 view .LVU1017
 3056 0000 08B5     		push	{r3, lr}
 3057              	.LCFI30:
 3058              		.cfi_def_cfa_offset 8
 3059              		.cfi_offset 3, -8
 3060              		.cfi_offset 14, -4
1875:Drivers/STM32F4xx_HAL_Driver/Src/stm32f4xx_hal_i2s.c **** 
 3061              		.loc 1 1875 3 is_stmt 1 view .LVU1018
 3062              	.LVL215:
1881:Drivers/STM32F4xx_HAL_Driver/Src/stm32f4xx_hal_i2s.c **** #endif /* USE_HAL_I2S_REGISTER_CALLBACKS */
 3063              		.loc 1 1881 3 view .LVU1019
 3064 0002 806B     		ldr	r0, [r0, #56]
 3065              	.LVL216:
1881:Drivers/STM32F4xx_HAL_Driver/Src/stm32f4xx_hal_i2s.c **** #endif /* USE_HAL_I2S_REGISTER_CALLBACKS */
 3066              		.loc 1 1881 3 is_stmt 0 view .LVU1020
 3067 0004 FFF7FEFF 		bl	HAL_I2S_RxHalfCpltCallback
 3068              	.LVL217:
1883:Drivers/STM32F4xx_HAL_Driver/Src/stm32f4xx_hal_i2s.c **** 
 3069              		.loc 1 1883 1 view .LVU1021
 3070 0008 08BD     		pop	{r3, pc}
 3071              		.cfi_endproc
ARM GAS  /tmp/ccXsv2Xt.s 			page 108


 3072              	.LFE263:
 3074              		.section	.text.HAL_I2S_RxCpltCallback,"ax",%progbits
 3075              		.align	1
 3076              		.weak	HAL_I2S_RxCpltCallback
 3077              		.syntax unified
 3078              		.thumb
 3079              		.thumb_func
 3081              	HAL_I2S_RxCpltCallback:
 3082              	.LVL218:
 3083              	.LFB256:
1720:Drivers/STM32F4xx_HAL_Driver/Src/stm32f4xx_hal_i2s.c ****   /* Prevent unused argument(s) compilation warning */
 3084              		.loc 1 1720 1 is_stmt 1 view -0
 3085              		.cfi_startproc
 3086              		@ args = 0, pretend = 0, frame = 0
 3087              		@ frame_needed = 0, uses_anonymous_args = 0
 3088              		@ link register save eliminated.
1722:Drivers/STM32F4xx_HAL_Driver/Src/stm32f4xx_hal_i2s.c **** 
 3089              		.loc 1 1722 3 view .LVU1023
1727:Drivers/STM32F4xx_HAL_Driver/Src/stm32f4xx_hal_i2s.c **** 
 3090              		.loc 1 1727 1 is_stmt 0 view .LVU1024
 3091 0000 7047     		bx	lr
 3092              		.cfi_endproc
 3093              	.LFE256:
 3095              		.section	.text.I2S_Receive_IT,"ax",%progbits
 3096              		.align	1
 3097              		.syntax unified
 3098              		.thumb
 3099              		.thumb_func
 3101              	I2S_Receive_IT:
 3102              	.LVL219:
 3103              	.LFB266:
1947:Drivers/STM32F4xx_HAL_Driver/Src/stm32f4xx_hal_i2s.c ****   /* Receive data */
 3104              		.loc 1 1947 1 is_stmt 1 view -0
 3105              		.cfi_startproc
 3106              		@ args = 0, pretend = 0, frame = 0
 3107              		@ frame_needed = 0, uses_anonymous_args = 0
1947:Drivers/STM32F4xx_HAL_Driver/Src/stm32f4xx_hal_i2s.c ****   /* Receive data */
 3108              		.loc 1 1947 1 is_stmt 0 view .LVU1026
 3109 0000 08B5     		push	{r3, lr}
 3110              	.LCFI31:
 3111              		.cfi_def_cfa_offset 8
 3112              		.cfi_offset 3, -8
 3113              		.cfi_offset 14, -4
1949:Drivers/STM32F4xx_HAL_Driver/Src/stm32f4xx_hal_i2s.c ****   hi2s->pRxBuffPtr++;
 3114              		.loc 1 1949 3 is_stmt 1 view .LVU1027
1949:Drivers/STM32F4xx_HAL_Driver/Src/stm32f4xx_hal_i2s.c ****   hi2s->pRxBuffPtr++;
 3115              		.loc 1 1949 39 is_stmt 0 view .LVU1028
 3116 0002 0368     		ldr	r3, [r0]
1949:Drivers/STM32F4xx_HAL_Driver/Src/stm32f4xx_hal_i2s.c ****   hi2s->pRxBuffPtr++;
 3117              		.loc 1 1949 49 view .LVU1029
 3118 0004 DA68     		ldr	r2, [r3, #12]
1949:Drivers/STM32F4xx_HAL_Driver/Src/stm32f4xx_hal_i2s.c ****   hi2s->pRxBuffPtr++;
 3119              		.loc 1 1949 9 view .LVU1030
 3120 0006 C36A     		ldr	r3, [r0, #44]
1949:Drivers/STM32F4xx_HAL_Driver/Src/stm32f4xx_hal_i2s.c ****   hi2s->pRxBuffPtr++;
 3121              		.loc 1 1949 23 view .LVU1031
 3122 0008 1A80     		strh	r2, [r3]	@ movhi
ARM GAS  /tmp/ccXsv2Xt.s 			page 109


1950:Drivers/STM32F4xx_HAL_Driver/Src/stm32f4xx_hal_i2s.c ****   hi2s->RxXferCount--;
 3123              		.loc 1 1950 3 is_stmt 1 view .LVU1032
1950:Drivers/STM32F4xx_HAL_Driver/Src/stm32f4xx_hal_i2s.c ****   hi2s->RxXferCount--;
 3124              		.loc 1 1950 7 is_stmt 0 view .LVU1033
 3125 000a C36A     		ldr	r3, [r0, #44]
1950:Drivers/STM32F4xx_HAL_Driver/Src/stm32f4xx_hal_i2s.c ****   hi2s->RxXferCount--;
 3126              		.loc 1 1950 19 view .LVU1034
 3127 000c 0233     		adds	r3, r3, #2
 3128 000e C362     		str	r3, [r0, #44]
1951:Drivers/STM32F4xx_HAL_Driver/Src/stm32f4xx_hal_i2s.c **** 
 3129              		.loc 1 1951 3 is_stmt 1 view .LVU1035
1951:Drivers/STM32F4xx_HAL_Driver/Src/stm32f4xx_hal_i2s.c **** 
 3130              		.loc 1 1951 7 is_stmt 0 view .LVU1036
 3131 0010 438E     		ldrh	r3, [r0, #50]
 3132 0012 9BB2     		uxth	r3, r3
1951:Drivers/STM32F4xx_HAL_Driver/Src/stm32f4xx_hal_i2s.c **** 
 3133              		.loc 1 1951 20 view .LVU1037
 3134 0014 013B     		subs	r3, r3, #1
 3135 0016 9BB2     		uxth	r3, r3
 3136 0018 4386     		strh	r3, [r0, #50]	@ movhi
1953:Drivers/STM32F4xx_HAL_Driver/Src/stm32f4xx_hal_i2s.c ****   {
 3137              		.loc 1 1953 3 is_stmt 1 view .LVU1038
1953:Drivers/STM32F4xx_HAL_Driver/Src/stm32f4xx_hal_i2s.c ****   {
 3138              		.loc 1 1953 11 is_stmt 0 view .LVU1039
 3139 001a 438E     		ldrh	r3, [r0, #50]
 3140 001c 9BB2     		uxth	r3, r3
1953:Drivers/STM32F4xx_HAL_Driver/Src/stm32f4xx_hal_i2s.c ****   {
 3141              		.loc 1 1953 6 view .LVU1040
 3142 001e 03B1     		cbz	r3, .L250
 3143              	.LVL220:
 3144              	.L247:
1966:Drivers/STM32F4xx_HAL_Driver/Src/stm32f4xx_hal_i2s.c **** 
 3145              		.loc 1 1966 1 view .LVU1041
 3146 0020 08BD     		pop	{r3, pc}
 3147              	.LVL221:
 3148              	.L250:
1956:Drivers/STM32F4xx_HAL_Driver/Src/stm32f4xx_hal_i2s.c **** 
 3149              		.loc 1 1956 5 is_stmt 1 view .LVU1042
 3150 0022 0268     		ldr	r2, [r0]
 3151 0024 5368     		ldr	r3, [r2, #4]
 3152 0026 23F06003 		bic	r3, r3, #96
 3153 002a 5360     		str	r3, [r2, #4]
1958:Drivers/STM32F4xx_HAL_Driver/Src/stm32f4xx_hal_i2s.c ****     /* Call user Rx complete callback */
 3154              		.loc 1 1958 5 view .LVU1043
1958:Drivers/STM32F4xx_HAL_Driver/Src/stm32f4xx_hal_i2s.c ****     /* Call user Rx complete callback */
 3155              		.loc 1 1958 17 is_stmt 0 view .LVU1044
 3156 002c 0123     		movs	r3, #1
 3157 002e 80F84130 		strb	r3, [r0, #65]
1963:Drivers/STM32F4xx_HAL_Driver/Src/stm32f4xx_hal_i2s.c **** #endif /* USE_HAL_I2S_REGISTER_CALLBACKS */
 3158              		.loc 1 1963 5 is_stmt 1 view .LVU1045
 3159 0032 FFF7FEFF 		bl	HAL_I2S_RxCpltCallback
 3160              	.LVL222:
1966:Drivers/STM32F4xx_HAL_Driver/Src/stm32f4xx_hal_i2s.c **** 
 3161              		.loc 1 1966 1 is_stmt 0 view .LVU1046
 3162 0036 F3E7     		b	.L247
 3163              		.cfi_endproc
 3164              	.LFE266:
ARM GAS  /tmp/ccXsv2Xt.s 			page 110


 3166              		.section	.text.I2S_DMARxCplt,"ax",%progbits
 3167              		.align	1
 3168              		.syntax unified
 3169              		.thumb
 3170              		.thumb_func
 3172              	I2S_DMARxCplt:
 3173              	.LVL223:
 3174              	.LFB262:
1848:Drivers/STM32F4xx_HAL_Driver/Src/stm32f4xx_hal_i2s.c ****   I2S_HandleTypeDef *hi2s = (I2S_HandleTypeDef *)((DMA_HandleTypeDef *)hdma)->Parent; /* Derogation
 3175              		.loc 1 1848 1 is_stmt 1 view -0
 3176              		.cfi_startproc
 3177              		@ args = 0, pretend = 0, frame = 0
 3178              		@ frame_needed = 0, uses_anonymous_args = 0
1848:Drivers/STM32F4xx_HAL_Driver/Src/stm32f4xx_hal_i2s.c ****   I2S_HandleTypeDef *hi2s = (I2S_HandleTypeDef *)((DMA_HandleTypeDef *)hdma)->Parent; /* Derogation
 3179              		.loc 1 1848 1 is_stmt 0 view .LVU1048
 3180 0000 08B5     		push	{r3, lr}
 3181              	.LCFI32:
 3182              		.cfi_def_cfa_offset 8
 3183              		.cfi_offset 3, -8
 3184              		.cfi_offset 14, -4
 3185 0002 0346     		mov	r3, r0
1849:Drivers/STM32F4xx_HAL_Driver/Src/stm32f4xx_hal_i2s.c **** 
 3186              		.loc 1 1849 3 is_stmt 1 view .LVU1049
1849:Drivers/STM32F4xx_HAL_Driver/Src/stm32f4xx_hal_i2s.c **** 
 3187              		.loc 1 1849 22 is_stmt 0 view .LVU1050
 3188 0004 806B     		ldr	r0, [r0, #56]
 3189              	.LVL224:
1852:Drivers/STM32F4xx_HAL_Driver/Src/stm32f4xx_hal_i2s.c ****   {
 3190              		.loc 1 1852 3 is_stmt 1 view .LVU1051
1852:Drivers/STM32F4xx_HAL_Driver/Src/stm32f4xx_hal_i2s.c ****   {
 3191              		.loc 1 1852 17 is_stmt 0 view .LVU1052
 3192 0006 DB69     		ldr	r3, [r3, #28]
 3193              	.LVL225:
1852:Drivers/STM32F4xx_HAL_Driver/Src/stm32f4xx_hal_i2s.c ****   {
 3194              		.loc 1 1852 6 view .LVU1053
 3195 0008 4BB9     		cbnz	r3, .L252
1855:Drivers/STM32F4xx_HAL_Driver/Src/stm32f4xx_hal_i2s.c ****     hi2s->RxXferCount = 0U;
 3196              		.loc 1 1855 5 is_stmt 1 view .LVU1054
 3197 000a 0268     		ldr	r2, [r0]
 3198 000c 5368     		ldr	r3, [r2, #4]
 3199 000e 23F00103 		bic	r3, r3, #1
 3200 0012 5360     		str	r3, [r2, #4]
1856:Drivers/STM32F4xx_HAL_Driver/Src/stm32f4xx_hal_i2s.c ****     hi2s->State = HAL_I2S_STATE_READY;
 3201              		.loc 1 1856 5 view .LVU1055
1856:Drivers/STM32F4xx_HAL_Driver/Src/stm32f4xx_hal_i2s.c ****     hi2s->State = HAL_I2S_STATE_READY;
 3202              		.loc 1 1856 23 is_stmt 0 view .LVU1056
 3203 0014 0023     		movs	r3, #0
 3204 0016 4386     		strh	r3, [r0, #50]	@ movhi
1857:Drivers/STM32F4xx_HAL_Driver/Src/stm32f4xx_hal_i2s.c ****   }
 3205              		.loc 1 1857 5 is_stmt 1 view .LVU1057
1857:Drivers/STM32F4xx_HAL_Driver/Src/stm32f4xx_hal_i2s.c ****   }
 3206              		.loc 1 1857 17 is_stmt 0 view .LVU1058
 3207 0018 0123     		movs	r3, #1
 3208 001a 80F84130 		strb	r3, [r0, #65]
 3209              	.L252:
1863:Drivers/STM32F4xx_HAL_Driver/Src/stm32f4xx_hal_i2s.c **** #endif /* USE_HAL_I2S_REGISTER_CALLBACKS */
 3210              		.loc 1 1863 3 is_stmt 1 view .LVU1059
ARM GAS  /tmp/ccXsv2Xt.s 			page 111


 3211 001e FFF7FEFF 		bl	HAL_I2S_RxCpltCallback
 3212              	.LVL226:
1865:Drivers/STM32F4xx_HAL_Driver/Src/stm32f4xx_hal_i2s.c **** 
 3213              		.loc 1 1865 1 is_stmt 0 view .LVU1060
 3214 0022 08BD     		pop	{r3, pc}
 3215              		.cfi_endproc
 3216              	.LFE262:
 3218              		.section	.text.HAL_I2S_ErrorCallback,"ax",%progbits
 3219              		.align	1
 3220              		.weak	HAL_I2S_ErrorCallback
 3221              		.syntax unified
 3222              		.thumb
 3223              		.thumb_func
 3225              	HAL_I2S_ErrorCallback:
 3226              	.LVL227:
 3227              	.LFB257:
1736:Drivers/STM32F4xx_HAL_Driver/Src/stm32f4xx_hal_i2s.c ****   /* Prevent unused argument(s) compilation warning */
 3228              		.loc 1 1736 1 is_stmt 1 view -0
 3229              		.cfi_startproc
 3230              		@ args = 0, pretend = 0, frame = 0
 3231              		@ frame_needed = 0, uses_anonymous_args = 0
 3232              		@ link register save eliminated.
1738:Drivers/STM32F4xx_HAL_Driver/Src/stm32f4xx_hal_i2s.c **** 
 3233              		.loc 1 1738 3 view .LVU1062
1743:Drivers/STM32F4xx_HAL_Driver/Src/stm32f4xx_hal_i2s.c **** 
 3234              		.loc 1 1743 1 is_stmt 0 view .LVU1063
 3235 0000 7047     		bx	lr
 3236              		.cfi_endproc
 3237              	.LFE257:
 3239              		.section	.text.I2S_IRQHandler,"ax",%progbits
 3240              		.align	1
 3241              		.syntax unified
 3242              		.thumb
 3243              		.thumb_func
 3245              	I2S_IRQHandler:
 3246              	.LVL228:
 3247              	.LFB267:
1975:Drivers/STM32F4xx_HAL_Driver/Src/stm32f4xx_hal_i2s.c ****   __IO uint32_t i2ssr = hi2s->Instance->SR;
 3248              		.loc 1 1975 1 is_stmt 1 view -0
 3249              		.cfi_startproc
 3250              		@ args = 0, pretend = 0, frame = 16
 3251              		@ frame_needed = 0, uses_anonymous_args = 0
1975:Drivers/STM32F4xx_HAL_Driver/Src/stm32f4xx_hal_i2s.c ****   __IO uint32_t i2ssr = hi2s->Instance->SR;
 3252              		.loc 1 1975 1 is_stmt 0 view .LVU1065
 3253 0000 10B5     		push	{r4, lr}
 3254              	.LCFI33:
 3255              		.cfi_def_cfa_offset 8
 3256              		.cfi_offset 4, -8
 3257              		.cfi_offset 14, -4
 3258 0002 84B0     		sub	sp, sp, #16
 3259              	.LCFI34:
 3260              		.cfi_def_cfa_offset 24
 3261 0004 0446     		mov	r4, r0
1976:Drivers/STM32F4xx_HAL_Driver/Src/stm32f4xx_hal_i2s.c **** 
 3262              		.loc 1 1976 3 is_stmt 1 view .LVU1066
1976:Drivers/STM32F4xx_HAL_Driver/Src/stm32f4xx_hal_i2s.c **** 
 3263              		.loc 1 1976 29 is_stmt 0 view .LVU1067
ARM GAS  /tmp/ccXsv2Xt.s 			page 112


 3264 0006 0368     		ldr	r3, [r0]
1976:Drivers/STM32F4xx_HAL_Driver/Src/stm32f4xx_hal_i2s.c **** 
 3265              		.loc 1 1976 39 view .LVU1068
 3266 0008 9A68     		ldr	r2, [r3, #8]
1976:Drivers/STM32F4xx_HAL_Driver/Src/stm32f4xx_hal_i2s.c **** 
 3267              		.loc 1 1976 17 view .LVU1069
 3268 000a 0392     		str	r2, [sp, #12]
1978:Drivers/STM32F4xx_HAL_Driver/Src/stm32f4xx_hal_i2s.c ****   {
 3269              		.loc 1 1978 3 is_stmt 1 view .LVU1070
1978:Drivers/STM32F4xx_HAL_Driver/Src/stm32f4xx_hal_i2s.c ****   {
 3270              		.loc 1 1978 11 is_stmt 0 view .LVU1071
 3271 000c 90F84120 		ldrb	r2, [r0, #65]	@ zero_extendqisi2
1978:Drivers/STM32F4xx_HAL_Driver/Src/stm32f4xx_hal_i2s.c ****   {
 3272              		.loc 1 1978 6 view .LVU1072
 3273 0010 042A     		cmp	r2, #4
 3274 0012 05D0     		beq	.L261
 3275              	.LVL229:
 3276              	.L256:
2010:Drivers/STM32F4xx_HAL_Driver/Src/stm32f4xx_hal_i2s.c ****   {
 3277              		.loc 1 2010 3 is_stmt 1 view .LVU1073
2010:Drivers/STM32F4xx_HAL_Driver/Src/stm32f4xx_hal_i2s.c ****   {
 3278              		.loc 1 2010 11 is_stmt 0 view .LVU1074
 3279 0014 94F84130 		ldrb	r3, [r4, #65]	@ zero_extendqisi2
2010:Drivers/STM32F4xx_HAL_Driver/Src/stm32f4xx_hal_i2s.c ****   {
 3280              		.loc 1 2010 6 view .LVU1075
 3281 0018 032B     		cmp	r3, #3
 3282 001a 2CD0     		beq	.L262
 3283              	.L255:
2040:Drivers/STM32F4xx_HAL_Driver/Src/stm32f4xx_hal_i2s.c **** 
 3284              		.loc 1 2040 1 view .LVU1076
 3285 001c 04B0     		add	sp, sp, #16
 3286              	.LCFI35:
 3287              		.cfi_remember_state
 3288              		.cfi_def_cfa_offset 8
 3289              		@ sp needed
 3290 001e 10BD     		pop	{r4, pc}
 3291              	.LVL230:
 3292              	.L261:
 3293              	.LCFI36:
 3294              		.cfi_restore_state
1981:Drivers/STM32F4xx_HAL_Driver/Src/stm32f4xx_hal_i2s.c ****     {
 3295              		.loc 1 1981 5 is_stmt 1 view .LVU1077
1981:Drivers/STM32F4xx_HAL_Driver/Src/stm32f4xx_hal_i2s.c ****     {
 3296              		.loc 1 1981 17 is_stmt 0 view .LVU1078
 3297 0020 039A     		ldr	r2, [sp, #12]
1981:Drivers/STM32F4xx_HAL_Driver/Src/stm32f4xx_hal_i2s.c ****     {
 3298              		.loc 1 1981 8 view .LVU1079
 3299 0022 12F0010F 		tst	r2, #1
 3300 0026 03D0     		beq	.L257
1981:Drivers/STM32F4xx_HAL_Driver/Src/stm32f4xx_hal_i2s.c ****     {
 3301              		.loc 1 1981 56 discriminator 1 view .LVU1080
 3302 0028 5B68     		ldr	r3, [r3, #4]
1981:Drivers/STM32F4xx_HAL_Driver/Src/stm32f4xx_hal_i2s.c ****     {
 3303              		.loc 1 1981 52 discriminator 1 view .LVU1081
 3304 002a 13F0400F 		tst	r3, #64
 3305 002e 1FD1     		bne	.L263
 3306              	.LVL231:
ARM GAS  /tmp/ccXsv2Xt.s 			page 113


 3307              	.L257:
1987:Drivers/STM32F4xx_HAL_Driver/Src/stm32f4xx_hal_i2s.c ****     {
 3308              		.loc 1 1987 5 is_stmt 1 view .LVU1082
1987:Drivers/STM32F4xx_HAL_Driver/Src/stm32f4xx_hal_i2s.c ****     {
 3309              		.loc 1 1987 17 is_stmt 0 view .LVU1083
 3310 0030 039B     		ldr	r3, [sp, #12]
1987:Drivers/STM32F4xx_HAL_Driver/Src/stm32f4xx_hal_i2s.c ****     {
 3311              		.loc 1 1987 8 view .LVU1084
 3312 0032 13F0400F 		tst	r3, #64
 3313 0036 EDD0     		beq	.L256
1987:Drivers/STM32F4xx_HAL_Driver/Src/stm32f4xx_hal_i2s.c ****     {
 3314              		.loc 1 1987 54 discriminator 1 view .LVU1085
 3315 0038 2368     		ldr	r3, [r4]
 3316 003a 5A68     		ldr	r2, [r3, #4]
1987:Drivers/STM32F4xx_HAL_Driver/Src/stm32f4xx_hal_i2s.c ****     {
 3317              		.loc 1 1987 50 discriminator 1 view .LVU1086
 3318 003c 12F0200F 		tst	r2, #32
 3319 0040 E8D0     		beq	.L256
1990:Drivers/STM32F4xx_HAL_Driver/Src/stm32f4xx_hal_i2s.c **** 
 3320              		.loc 1 1990 7 is_stmt 1 view .LVU1087
 3321 0042 5A68     		ldr	r2, [r3, #4]
 3322 0044 22F06002 		bic	r2, r2, #96
 3323 0048 5A60     		str	r2, [r3, #4]
1993:Drivers/STM32F4xx_HAL_Driver/Src/stm32f4xx_hal_i2s.c **** 
 3324              		.loc 1 1993 7 view .LVU1088
 3325              	.LBB12:
1993:Drivers/STM32F4xx_HAL_Driver/Src/stm32f4xx_hal_i2s.c **** 
 3326              		.loc 1 1993 7 view .LVU1089
 3327 004a 0023     		movs	r3, #0
 3328 004c 0193     		str	r3, [sp, #4]
1993:Drivers/STM32F4xx_HAL_Driver/Src/stm32f4xx_hal_i2s.c **** 
 3329              		.loc 1 1993 7 view .LVU1090
 3330 004e 2368     		ldr	r3, [r4]
 3331 0050 DA68     		ldr	r2, [r3, #12]
 3332 0052 0192     		str	r2, [sp, #4]
1993:Drivers/STM32F4xx_HAL_Driver/Src/stm32f4xx_hal_i2s.c **** 
 3333              		.loc 1 1993 7 view .LVU1091
 3334 0054 9B68     		ldr	r3, [r3, #8]
 3335 0056 0193     		str	r3, [sp, #4]
1993:Drivers/STM32F4xx_HAL_Driver/Src/stm32f4xx_hal_i2s.c **** 
 3336              		.loc 1 1993 7 view .LVU1092
 3337 0058 019B     		ldr	r3, [sp, #4]
 3338              	.LBE12:
1993:Drivers/STM32F4xx_HAL_Driver/Src/stm32f4xx_hal_i2s.c **** 
 3339              		.loc 1 1993 7 view .LVU1093
1996:Drivers/STM32F4xx_HAL_Driver/Src/stm32f4xx_hal_i2s.c **** 
 3340              		.loc 1 1996 7 view .LVU1094
1996:Drivers/STM32F4xx_HAL_Driver/Src/stm32f4xx_hal_i2s.c **** 
 3341              		.loc 1 1996 19 is_stmt 0 view .LVU1095
 3342 005a 0123     		movs	r3, #1
 3343 005c 84F84130 		strb	r3, [r4, #65]
2000:Drivers/STM32F4xx_HAL_Driver/Src/stm32f4xx_hal_i2s.c ****       /* Call user error callback */
 3344              		.loc 1 2000 7 is_stmt 1 view .LVU1096
 3345 0060 636C     		ldr	r3, [r4, #68]
 3346 0062 43F00203 		orr	r3, r3, #2
 3347 0066 6364     		str	r3, [r4, #68]
2005:Drivers/STM32F4xx_HAL_Driver/Src/stm32f4xx_hal_i2s.c **** #endif /* USE_HAL_I2S_REGISTER_CALLBACKS */
ARM GAS  /tmp/ccXsv2Xt.s 			page 114


 3348              		.loc 1 2005 7 view .LVU1097
 3349 0068 2046     		mov	r0, r4
 3350 006a FFF7FEFF 		bl	HAL_I2S_ErrorCallback
 3351              	.LVL232:
 3352 006e D1E7     		b	.L256
 3353              	.LVL233:
 3354              	.L263:
1983:Drivers/STM32F4xx_HAL_Driver/Src/stm32f4xx_hal_i2s.c ****     }
 3355              		.loc 1 1983 7 view .LVU1098
 3356 0070 FFF7FEFF 		bl	I2S_Receive_IT
 3357              	.LVL234:
1983:Drivers/STM32F4xx_HAL_Driver/Src/stm32f4xx_hal_i2s.c ****     }
 3358              		.loc 1 1983 7 is_stmt 0 view .LVU1099
 3359 0074 DCE7     		b	.L257
 3360              	.L262:
2013:Drivers/STM32F4xx_HAL_Driver/Src/stm32f4xx_hal_i2s.c ****     {
 3361              		.loc 1 2013 5 is_stmt 1 view .LVU1100
2013:Drivers/STM32F4xx_HAL_Driver/Src/stm32f4xx_hal_i2s.c ****     {
 3362              		.loc 1 2013 17 is_stmt 0 view .LVU1101
 3363 0076 039B     		ldr	r3, [sp, #12]
2013:Drivers/STM32F4xx_HAL_Driver/Src/stm32f4xx_hal_i2s.c ****     {
 3364              		.loc 1 2013 8 view .LVU1102
 3365 0078 13F0020F 		tst	r3, #2
 3366 007c 04D0     		beq	.L259
2013:Drivers/STM32F4xx_HAL_Driver/Src/stm32f4xx_hal_i2s.c ****     {
 3367              		.loc 1 2013 54 discriminator 1 view .LVU1103
 3368 007e 2368     		ldr	r3, [r4]
 3369 0080 5B68     		ldr	r3, [r3, #4]
2013:Drivers/STM32F4xx_HAL_Driver/Src/stm32f4xx_hal_i2s.c ****     {
 3370              		.loc 1 2013 50 discriminator 1 view .LVU1104
 3371 0082 13F0800F 		tst	r3, #128
 3372 0086 1DD1     		bne	.L264
 3373              	.L259:
2019:Drivers/STM32F4xx_HAL_Driver/Src/stm32f4xx_hal_i2s.c ****     {
 3374              		.loc 1 2019 5 is_stmt 1 view .LVU1105
2019:Drivers/STM32F4xx_HAL_Driver/Src/stm32f4xx_hal_i2s.c ****     {
 3375              		.loc 1 2019 17 is_stmt 0 view .LVU1106
 3376 0088 039B     		ldr	r3, [sp, #12]
2019:Drivers/STM32F4xx_HAL_Driver/Src/stm32f4xx_hal_i2s.c ****     {
 3377              		.loc 1 2019 8 view .LVU1107
 3378 008a 13F0080F 		tst	r3, #8
 3379 008e C5D0     		beq	.L255
2019:Drivers/STM32F4xx_HAL_Driver/Src/stm32f4xx_hal_i2s.c ****     {
 3380              		.loc 1 2019 54 discriminator 1 view .LVU1108
 3381 0090 2368     		ldr	r3, [r4]
 3382 0092 5A68     		ldr	r2, [r3, #4]
2019:Drivers/STM32F4xx_HAL_Driver/Src/stm32f4xx_hal_i2s.c ****     {
 3383              		.loc 1 2019 50 discriminator 1 view .LVU1109
 3384 0094 12F0200F 		tst	r2, #32
 3385 0098 C0D0     		beq	.L255
2022:Drivers/STM32F4xx_HAL_Driver/Src/stm32f4xx_hal_i2s.c **** 
 3386              		.loc 1 2022 7 is_stmt 1 view .LVU1110
 3387 009a 5A68     		ldr	r2, [r3, #4]
 3388 009c 22F0A002 		bic	r2, r2, #160
 3389 00a0 5A60     		str	r2, [r3, #4]
2025:Drivers/STM32F4xx_HAL_Driver/Src/stm32f4xx_hal_i2s.c **** 
 3390              		.loc 1 2025 7 view .LVU1111
ARM GAS  /tmp/ccXsv2Xt.s 			page 115


 3391              	.LBB13:
2025:Drivers/STM32F4xx_HAL_Driver/Src/stm32f4xx_hal_i2s.c **** 
 3392              		.loc 1 2025 7 view .LVU1112
 3393 00a2 0023     		movs	r3, #0
 3394 00a4 0293     		str	r3, [sp, #8]
2025:Drivers/STM32F4xx_HAL_Driver/Src/stm32f4xx_hal_i2s.c **** 
 3395              		.loc 1 2025 7 view .LVU1113
 3396 00a6 2368     		ldr	r3, [r4]
 3397 00a8 9B68     		ldr	r3, [r3, #8]
 3398 00aa 0293     		str	r3, [sp, #8]
2025:Drivers/STM32F4xx_HAL_Driver/Src/stm32f4xx_hal_i2s.c **** 
 3399              		.loc 1 2025 7 view .LVU1114
 3400 00ac 029B     		ldr	r3, [sp, #8]
 3401              	.LBE13:
2025:Drivers/STM32F4xx_HAL_Driver/Src/stm32f4xx_hal_i2s.c **** 
 3402              		.loc 1 2025 7 view .LVU1115
2028:Drivers/STM32F4xx_HAL_Driver/Src/stm32f4xx_hal_i2s.c **** 
 3403              		.loc 1 2028 7 view .LVU1116
2028:Drivers/STM32F4xx_HAL_Driver/Src/stm32f4xx_hal_i2s.c **** 
 3404              		.loc 1 2028 19 is_stmt 0 view .LVU1117
 3405 00ae 0123     		movs	r3, #1
 3406 00b0 84F84130 		strb	r3, [r4, #65]
2031:Drivers/STM32F4xx_HAL_Driver/Src/stm32f4xx_hal_i2s.c ****       /* Call user error callback */
 3407              		.loc 1 2031 7 is_stmt 1 view .LVU1118
 3408 00b4 636C     		ldr	r3, [r4, #68]
 3409 00b6 43F00403 		orr	r3, r3, #4
 3410 00ba 6364     		str	r3, [r4, #68]
2036:Drivers/STM32F4xx_HAL_Driver/Src/stm32f4xx_hal_i2s.c **** #endif /* USE_HAL_I2S_REGISTER_CALLBACKS */
 3411              		.loc 1 2036 7 view .LVU1119
 3412 00bc 2046     		mov	r0, r4
 3413 00be FFF7FEFF 		bl	HAL_I2S_ErrorCallback
 3414              	.LVL235:
2040:Drivers/STM32F4xx_HAL_Driver/Src/stm32f4xx_hal_i2s.c **** 
 3415              		.loc 1 2040 1 is_stmt 0 view .LVU1120
 3416 00c2 ABE7     		b	.L255
 3417              	.L264:
2015:Drivers/STM32F4xx_HAL_Driver/Src/stm32f4xx_hal_i2s.c ****     }
 3418              		.loc 1 2015 7 is_stmt 1 view .LVU1121
 3419 00c4 2046     		mov	r0, r4
 3420 00c6 FFF7FEFF 		bl	I2S_Transmit_IT
 3421              	.LVL236:
 3422 00ca DDE7     		b	.L259
 3423              		.cfi_endproc
 3424              	.LFE267:
 3426              		.section	.text.I2S_DMAError,"ax",%progbits
 3427              		.align	1
 3428              		.syntax unified
 3429              		.thumb
 3430              		.thumb_func
 3432              	I2S_DMAError:
 3433              	.LVL237:
 3434              	.LFB264:
1892:Drivers/STM32F4xx_HAL_Driver/Src/stm32f4xx_hal_i2s.c ****   I2S_HandleTypeDef *hi2s = (I2S_HandleTypeDef *)((DMA_HandleTypeDef *)hdma)->Parent; /* Derogation
 3435              		.loc 1 1892 1 view -0
 3436              		.cfi_startproc
 3437              		@ args = 0, pretend = 0, frame = 0
 3438              		@ frame_needed = 0, uses_anonymous_args = 0
ARM GAS  /tmp/ccXsv2Xt.s 			page 116


1892:Drivers/STM32F4xx_HAL_Driver/Src/stm32f4xx_hal_i2s.c ****   I2S_HandleTypeDef *hi2s = (I2S_HandleTypeDef *)((DMA_HandleTypeDef *)hdma)->Parent; /* Derogation
 3439              		.loc 1 1892 1 is_stmt 0 view .LVU1123
 3440 0000 08B5     		push	{r3, lr}
 3441              	.LCFI37:
 3442              		.cfi_def_cfa_offset 8
 3443              		.cfi_offset 3, -8
 3444              		.cfi_offset 14, -4
1893:Drivers/STM32F4xx_HAL_Driver/Src/stm32f4xx_hal_i2s.c **** 
 3445              		.loc 1 1893 3 is_stmt 1 view .LVU1124
1893:Drivers/STM32F4xx_HAL_Driver/Src/stm32f4xx_hal_i2s.c **** 
 3446              		.loc 1 1893 22 is_stmt 0 view .LVU1125
 3447 0002 806B     		ldr	r0, [r0, #56]
 3448              	.LVL238:
1896:Drivers/STM32F4xx_HAL_Driver/Src/stm32f4xx_hal_i2s.c ****   hi2s->TxXferCount = 0U;
 3449              		.loc 1 1896 3 is_stmt 1 view .LVU1126
 3450 0004 0268     		ldr	r2, [r0]
 3451 0006 5368     		ldr	r3, [r2, #4]
 3452 0008 23F00303 		bic	r3, r3, #3
 3453 000c 5360     		str	r3, [r2, #4]
1897:Drivers/STM32F4xx_HAL_Driver/Src/stm32f4xx_hal_i2s.c ****   hi2s->RxXferCount = 0U;
 3454              		.loc 1 1897 3 view .LVU1127
1897:Drivers/STM32F4xx_HAL_Driver/Src/stm32f4xx_hal_i2s.c ****   hi2s->RxXferCount = 0U;
 3455              		.loc 1 1897 21 is_stmt 0 view .LVU1128
 3456 000e 0023     		movs	r3, #0
 3457 0010 4385     		strh	r3, [r0, #42]	@ movhi
1898:Drivers/STM32F4xx_HAL_Driver/Src/stm32f4xx_hal_i2s.c **** 
 3458              		.loc 1 1898 3 is_stmt 1 view .LVU1129
1898:Drivers/STM32F4xx_HAL_Driver/Src/stm32f4xx_hal_i2s.c **** 
 3459              		.loc 1 1898 21 is_stmt 0 view .LVU1130
 3460 0012 4386     		strh	r3, [r0, #50]	@ movhi
1900:Drivers/STM32F4xx_HAL_Driver/Src/stm32f4xx_hal_i2s.c **** 
 3461              		.loc 1 1900 3 is_stmt 1 view .LVU1131
1900:Drivers/STM32F4xx_HAL_Driver/Src/stm32f4xx_hal_i2s.c **** 
 3462              		.loc 1 1900 15 is_stmt 0 view .LVU1132
 3463 0014 0123     		movs	r3, #1
 3464 0016 80F84130 		strb	r3, [r0, #65]
1903:Drivers/STM32F4xx_HAL_Driver/Src/stm32f4xx_hal_i2s.c ****   /* Call user error callback */
 3465              		.loc 1 1903 3 is_stmt 1 view .LVU1133
 3466 001a 436C     		ldr	r3, [r0, #68]
 3467 001c 43F00803 		orr	r3, r3, #8
 3468 0020 4364     		str	r3, [r0, #68]
1908:Drivers/STM32F4xx_HAL_Driver/Src/stm32f4xx_hal_i2s.c **** #endif /* USE_HAL_I2S_REGISTER_CALLBACKS */
 3469              		.loc 1 1908 3 view .LVU1134
 3470 0022 FFF7FEFF 		bl	HAL_I2S_ErrorCallback
 3471              	.LVL239:
1910:Drivers/STM32F4xx_HAL_Driver/Src/stm32f4xx_hal_i2s.c **** 
 3472              		.loc 1 1910 1 is_stmt 0 view .LVU1135
 3473 0026 08BD     		pop	{r3, pc}
 3474              		.cfi_endproc
 3475              	.LFE264:
 3477              		.section	.text.HAL_I2S_GetState,"ax",%progbits
 3478              		.align	1
 3479              		.global	HAL_I2S_GetState
 3480              		.syntax unified
 3481              		.thumb
 3482              		.thumb_func
 3484              	HAL_I2S_GetState:
ARM GAS  /tmp/ccXsv2Xt.s 			page 117


 3485              	.LVL240:
 3486              	.LFB258:
1771:Drivers/STM32F4xx_HAL_Driver/Src/stm32f4xx_hal_i2s.c ****   return hi2s->State;
 3487              		.loc 1 1771 1 is_stmt 1 view -0
 3488              		.cfi_startproc
 3489              		@ args = 0, pretend = 0, frame = 0
 3490              		@ frame_needed = 0, uses_anonymous_args = 0
 3491              		@ link register save eliminated.
1772:Drivers/STM32F4xx_HAL_Driver/Src/stm32f4xx_hal_i2s.c **** }
 3492              		.loc 1 1772 3 view .LVU1137
1772:Drivers/STM32F4xx_HAL_Driver/Src/stm32f4xx_hal_i2s.c **** }
 3493              		.loc 1 1772 14 is_stmt 0 view .LVU1138
 3494 0000 90F84100 		ldrb	r0, [r0, #65]	@ zero_extendqisi2
 3495              	.LVL241:
1773:Drivers/STM32F4xx_HAL_Driver/Src/stm32f4xx_hal_i2s.c **** 
 3496              		.loc 1 1773 1 view .LVU1139
 3497 0004 7047     		bx	lr
 3498              		.cfi_endproc
 3499              	.LFE258:
 3501              		.section	.text.HAL_I2S_GetError,"ax",%progbits
 3502              		.align	1
 3503              		.global	HAL_I2S_GetError
 3504              		.syntax unified
 3505              		.thumb
 3506              		.thumb_func
 3508              	HAL_I2S_GetError:
 3509              	.LVL242:
 3510              	.LFB259:
1782:Drivers/STM32F4xx_HAL_Driver/Src/stm32f4xx_hal_i2s.c ****   return hi2s->ErrorCode;
 3511              		.loc 1 1782 1 is_stmt 1 view -0
 3512              		.cfi_startproc
 3513              		@ args = 0, pretend = 0, frame = 0
 3514              		@ frame_needed = 0, uses_anonymous_args = 0
 3515              		@ link register save eliminated.
1783:Drivers/STM32F4xx_HAL_Driver/Src/stm32f4xx_hal_i2s.c **** }
 3516              		.loc 1 1783 3 view .LVU1141
1783:Drivers/STM32F4xx_HAL_Driver/Src/stm32f4xx_hal_i2s.c **** }
 3517              		.loc 1 1783 14 is_stmt 0 view .LVU1142
 3518 0000 406C     		ldr	r0, [r0, #68]
 3519              	.LVL243:
1784:Drivers/STM32F4xx_HAL_Driver/Src/stm32f4xx_hal_i2s.c **** /**
 3520              		.loc 1 1784 1 view .LVU1143
 3521 0002 7047     		bx	lr
 3522              		.cfi_endproc
 3523              	.LFE259:
 3525              		.text
 3526              	.Letext0:
 3527              		.file 2 "/opt/st/stm32cubeclt_1.21.0/GNU-tools-for-STM32/arm-none-eabi/include/machine/_default_ty
 3528              		.file 3 "/opt/st/stm32cubeclt_1.21.0/GNU-tools-for-STM32/arm-none-eabi/include/sys/_stdint.h"
 3529              		.file 4 "Drivers/CMSIS/Device/ST/STM32F4xx/Include/stm32f407xx.h"
 3530              		.file 5 "Drivers/CMSIS/Device/ST/STM32F4xx/Include/stm32f4xx.h"
 3531              		.file 6 "Drivers/STM32F4xx_HAL_Driver/Inc/stm32f4xx_hal_def.h"
 3532              		.file 7 "Drivers/STM32F4xx_HAL_Driver/Inc/stm32f4xx_hal_dma.h"
 3533              		.file 8 "Drivers/STM32F4xx_HAL_Driver/Inc/stm32f4xx_hal_i2s.h"
 3534              		.file 9 "Drivers/STM32F4xx_HAL_Driver/Inc/stm32f4xx_hal_rcc_ex.h"
 3535              		.file 10 "Drivers/STM32F4xx_HAL_Driver/Inc/stm32f4xx_hal.h"
 3536              		.file 11 "Drivers/STM32F4xx_HAL_Driver/Inc/stm32f4xx_hal_i2s_ex.h"
ARM GAS  /tmp/ccXsv2Xt.s 			page 118


ARM GAS  /tmp/ccXsv2Xt.s 			page 119


DEFINED SYMBOLS
                            *ABS*:00000000 stm32f4xx_hal_i2s.c
     /tmp/ccXsv2Xt.s:21     .text.I2S_WaitFlagStateUntilTimeout:00000000 $t
     /tmp/ccXsv2Xt.s:26     .text.I2S_WaitFlagStateUntilTimeout:00000000 I2S_WaitFlagStateUntilTimeout
     /tmp/ccXsv2Xt.s:112    .text.HAL_I2S_MspInit:00000000 $t
     /tmp/ccXsv2Xt.s:118    .text.HAL_I2S_MspInit:00000000 HAL_I2S_MspInit
     /tmp/ccXsv2Xt.s:133    .text.HAL_I2S_Init:00000000 $t
     /tmp/ccXsv2Xt.s:139    .text.HAL_I2S_Init:00000000 HAL_I2S_Init
     /tmp/ccXsv2Xt.s:522    .text.HAL_I2S_Init:00000188 $d
     /tmp/ccXsv2Xt.s:3245   .text.I2S_IRQHandler:00000000 I2S_IRQHandler
     /tmp/ccXsv2Xt.s:531    .text.HAL_I2S_MspDeInit:00000000 $t
     /tmp/ccXsv2Xt.s:537    .text.HAL_I2S_MspDeInit:00000000 HAL_I2S_MspDeInit
     /tmp/ccXsv2Xt.s:552    .text.HAL_I2S_DeInit:00000000 $t
     /tmp/ccXsv2Xt.s:558    .text.HAL_I2S_DeInit:00000000 HAL_I2S_DeInit
     /tmp/ccXsv2Xt.s:617    .text.HAL_I2S_Transmit:00000000 $t
     /tmp/ccXsv2Xt.s:623    .text.HAL_I2S_Transmit:00000000 HAL_I2S_Transmit
     /tmp/ccXsv2Xt.s:931    .text.HAL_I2S_Receive:00000000 $t
     /tmp/ccXsv2Xt.s:937    .text.HAL_I2S_Receive:00000000 HAL_I2S_Receive
     /tmp/ccXsv2Xt.s:1204   .text.HAL_I2S_Transmit_IT:00000000 $t
     /tmp/ccXsv2Xt.s:1210   .text.HAL_I2S_Transmit_IT:00000000 HAL_I2S_Transmit_IT
     /tmp/ccXsv2Xt.s:1358   .text.HAL_I2S_Receive_IT:00000000 $t
     /tmp/ccXsv2Xt.s:1364   .text.HAL_I2S_Receive_IT:00000000 HAL_I2S_Receive_IT
     /tmp/ccXsv2Xt.s:1512   .text.HAL_I2S_Transmit_DMA:00000000 $t
     /tmp/ccXsv2Xt.s:1518   .text.HAL_I2S_Transmit_DMA:00000000 HAL_I2S_Transmit_DMA
     /tmp/ccXsv2Xt.s:1732   .text.HAL_I2S_Transmit_DMA:000000c8 $d
     /tmp/ccXsv2Xt.s:2851   .text.I2S_DMATxHalfCplt:00000000 I2S_DMATxHalfCplt
     /tmp/ccXsv2Xt.s:2975   .text.I2S_DMATxCplt:00000000 I2S_DMATxCplt
     /tmp/ccXsv2Xt.s:3432   .text.I2S_DMAError:00000000 I2S_DMAError
     /tmp/ccXsv2Xt.s:1739   .text.HAL_I2S_Receive_DMA:00000000 $t
     /tmp/ccXsv2Xt.s:1745   .text.HAL_I2S_Receive_DMA:00000000 HAL_I2S_Receive_DMA
     /tmp/ccXsv2Xt.s:1994   .text.HAL_I2S_Receive_DMA:000000e8 $d
     /tmp/ccXsv2Xt.s:3048   .text.I2S_DMARxHalfCplt:00000000 I2S_DMARxHalfCplt
     /tmp/ccXsv2Xt.s:3172   .text.I2S_DMARxCplt:00000000 I2S_DMARxCplt
     /tmp/ccXsv2Xt.s:2001   .text.HAL_I2S_DMAPause:00000000 $t
     /tmp/ccXsv2Xt.s:2007   .text.HAL_I2S_DMAPause:00000000 HAL_I2S_DMAPause
     /tmp/ccXsv2Xt.s:2102   .text.HAL_I2S_DMAPause:00000070 $d
     /tmp/ccXsv2Xt.s:2108   .text.HAL_I2S_DMAResume:00000000 $t
     /tmp/ccXsv2Xt.s:2114   .text.HAL_I2S_DMAResume:00000000 HAL_I2S_DMAResume
     /tmp/ccXsv2Xt.s:2245   .text.HAL_I2S_DMAResume:000000a4 $d
     /tmp/ccXsv2Xt.s:2251   .text.HAL_I2S_DMAStop:00000000 $t
     /tmp/ccXsv2Xt.s:2257   .text.HAL_I2S_DMAStop:00000000 HAL_I2S_DMAStop
     /tmp/ccXsv2Xt.s:2788   .text.HAL_I2S_DMAStop:00000238 $d
     /tmp/ccXsv2Xt.s:2794   .text.HAL_I2S_IRQHandler:00000000 $t
     /tmp/ccXsv2Xt.s:2800   .text.HAL_I2S_IRQHandler:00000000 HAL_I2S_IRQHandler
     /tmp/ccXsv2Xt.s:2825   .text.HAL_I2S_TxHalfCpltCallback:00000000 $t
     /tmp/ccXsv2Xt.s:2831   .text.HAL_I2S_TxHalfCpltCallback:00000000 HAL_I2S_TxHalfCpltCallback
     /tmp/ccXsv2Xt.s:2846   .text.I2S_DMATxHalfCplt:00000000 $t
     /tmp/ccXsv2Xt.s:2878   .text.HAL_I2S_TxCpltCallback:00000000 $t
     /tmp/ccXsv2Xt.s:2884   .text.HAL_I2S_TxCpltCallback:00000000 HAL_I2S_TxCpltCallback
     /tmp/ccXsv2Xt.s:2899   .text.I2S_Transmit_IT:00000000 $t
     /tmp/ccXsv2Xt.s:2904   .text.I2S_Transmit_IT:00000000 I2S_Transmit_IT
     /tmp/ccXsv2Xt.s:2970   .text.I2S_DMATxCplt:00000000 $t
     /tmp/ccXsv2Xt.s:3022   .text.HAL_I2S_RxHalfCpltCallback:00000000 $t
     /tmp/ccXsv2Xt.s:3028   .text.HAL_I2S_RxHalfCpltCallback:00000000 HAL_I2S_RxHalfCpltCallback
     /tmp/ccXsv2Xt.s:3043   .text.I2S_DMARxHalfCplt:00000000 $t
     /tmp/ccXsv2Xt.s:3075   .text.HAL_I2S_RxCpltCallback:00000000 $t
     /tmp/ccXsv2Xt.s:3081   .text.HAL_I2S_RxCpltCallback:00000000 HAL_I2S_RxCpltCallback
ARM GAS  /tmp/ccXsv2Xt.s 			page 120


     /tmp/ccXsv2Xt.s:3096   .text.I2S_Receive_IT:00000000 $t
     /tmp/ccXsv2Xt.s:3101   .text.I2S_Receive_IT:00000000 I2S_Receive_IT
     /tmp/ccXsv2Xt.s:3167   .text.I2S_DMARxCplt:00000000 $t
     /tmp/ccXsv2Xt.s:3219   .text.HAL_I2S_ErrorCallback:00000000 $t
     /tmp/ccXsv2Xt.s:3225   .text.HAL_I2S_ErrorCallback:00000000 HAL_I2S_ErrorCallback
     /tmp/ccXsv2Xt.s:3240   .text.I2S_IRQHandler:00000000 $t
     /tmp/ccXsv2Xt.s:3427   .text.I2S_DMAError:00000000 $t
     /tmp/ccXsv2Xt.s:3478   .text.HAL_I2S_GetState:00000000 $t
     /tmp/ccXsv2Xt.s:3484   .text.HAL_I2S_GetState:00000000 HAL_I2S_GetState
     /tmp/ccXsv2Xt.s:3502   .text.HAL_I2S_GetError:00000000 $t
     /tmp/ccXsv2Xt.s:3508   .text.HAL_I2S_GetError:00000000 HAL_I2S_GetError

UNDEFINED SYMBOLS
HAL_GetTick
HAL_RCCEx_GetPeriphCLKFreq
HAL_I2SEx_FullDuplex_IRQHandler
HAL_DMA_Start_IT
HAL_DMA_Abort
