ARM GAS  /tmp/ccPw2T3W.s 			page 1


   1              		.cpu cortex-m4
   2              		.arch armv7e-m
   3              		.fpu fpv4-sp-d16
   4              		.eabi_attribute 27, 1
   5              		.eabi_attribute 28, 1
   6              		.eabi_attribute 20, 1
   7              		.eabi_attribute 21, 1
   8              		.eabi_attribute 23, 3
   9              		.eabi_attribute 24, 1
  10              		.eabi_attribute 25, 1
  11              		.eabi_attribute 26, 1
  12              		.eabi_attribute 30, 1
  13              		.eabi_attribute 34, 1
  14              		.eabi_attribute 18, 4
  15              		.file	"stm32f4xx_hal_hcd.c"
  16              		.text
  17              	.Ltext0:
  18              		.cfi_sections	.debug_frame
  19              		.file 1 "Drivers/STM32F4xx_HAL_Driver/Src/stm32f4xx_hal_hcd.c"
  20              		.section	.text.HCD_RXQLVL_IRQHandler,"ax",%progbits
  21              		.align	1
  22              		.syntax unified
  23              		.thumb
  24              		.thumb_func
  26              	HCD_RXQLVL_IRQHandler:
  27              	.LVL0:
  28              	.LFB267:
   1:Drivers/STM32F4xx_HAL_Driver/Src/stm32f4xx_hal_hcd.c **** /**
   2:Drivers/STM32F4xx_HAL_Driver/Src/stm32f4xx_hal_hcd.c ****   ******************************************************************************
   3:Drivers/STM32F4xx_HAL_Driver/Src/stm32f4xx_hal_hcd.c ****   * @file    stm32f4xx_hal_hcd.c
   4:Drivers/STM32F4xx_HAL_Driver/Src/stm32f4xx_hal_hcd.c ****   * @author  MCD Application Team
   5:Drivers/STM32F4xx_HAL_Driver/Src/stm32f4xx_hal_hcd.c ****   * @brief   HCD HAL module driver.
   6:Drivers/STM32F4xx_HAL_Driver/Src/stm32f4xx_hal_hcd.c ****   *          This file provides firmware functions to manage the following
   7:Drivers/STM32F4xx_HAL_Driver/Src/stm32f4xx_hal_hcd.c ****   *          functionalities of the USB Peripheral Controller:
   8:Drivers/STM32F4xx_HAL_Driver/Src/stm32f4xx_hal_hcd.c ****   *           + Initialization and de-initialization functions
   9:Drivers/STM32F4xx_HAL_Driver/Src/stm32f4xx_hal_hcd.c ****   *           + IO operation functions
  10:Drivers/STM32F4xx_HAL_Driver/Src/stm32f4xx_hal_hcd.c ****   *           + Peripheral Control functions
  11:Drivers/STM32F4xx_HAL_Driver/Src/stm32f4xx_hal_hcd.c ****   *           + Peripheral State functions
  12:Drivers/STM32F4xx_HAL_Driver/Src/stm32f4xx_hal_hcd.c ****   *
  13:Drivers/STM32F4xx_HAL_Driver/Src/stm32f4xx_hal_hcd.c ****   ******************************************************************************
  14:Drivers/STM32F4xx_HAL_Driver/Src/stm32f4xx_hal_hcd.c ****   * @attention
  15:Drivers/STM32F4xx_HAL_Driver/Src/stm32f4xx_hal_hcd.c ****   *
  16:Drivers/STM32F4xx_HAL_Driver/Src/stm32f4xx_hal_hcd.c ****   * Copyright (c) 2016 STMicroelectronics.
  17:Drivers/STM32F4xx_HAL_Driver/Src/stm32f4xx_hal_hcd.c ****   * All rights reserved.
  18:Drivers/STM32F4xx_HAL_Driver/Src/stm32f4xx_hal_hcd.c ****   *
  19:Drivers/STM32F4xx_HAL_Driver/Src/stm32f4xx_hal_hcd.c ****   * This software is licensed under terms that can be found in the LICENSE file
  20:Drivers/STM32F4xx_HAL_Driver/Src/stm32f4xx_hal_hcd.c ****   * in the root directory of this software component.
  21:Drivers/STM32F4xx_HAL_Driver/Src/stm32f4xx_hal_hcd.c ****   * If no LICENSE file comes with this software, it is provided AS-IS.
  22:Drivers/STM32F4xx_HAL_Driver/Src/stm32f4xx_hal_hcd.c ****   *
  23:Drivers/STM32F4xx_HAL_Driver/Src/stm32f4xx_hal_hcd.c ****   ******************************************************************************
  24:Drivers/STM32F4xx_HAL_Driver/Src/stm32f4xx_hal_hcd.c ****   @verbatim
  25:Drivers/STM32F4xx_HAL_Driver/Src/stm32f4xx_hal_hcd.c ****   ==============================================================================
  26:Drivers/STM32F4xx_HAL_Driver/Src/stm32f4xx_hal_hcd.c ****                     ##### How to use this driver #####
  27:Drivers/STM32F4xx_HAL_Driver/Src/stm32f4xx_hal_hcd.c ****   ==============================================================================
  28:Drivers/STM32F4xx_HAL_Driver/Src/stm32f4xx_hal_hcd.c ****   [..]
  29:Drivers/STM32F4xx_HAL_Driver/Src/stm32f4xx_hal_hcd.c ****     (#)Declare a HCD_HandleTypeDef handle structure, for example:
  30:Drivers/STM32F4xx_HAL_Driver/Src/stm32f4xx_hal_hcd.c ****        HCD_HandleTypeDef  hhcd;
ARM GAS  /tmp/ccPw2T3W.s 			page 2


  31:Drivers/STM32F4xx_HAL_Driver/Src/stm32f4xx_hal_hcd.c **** 
  32:Drivers/STM32F4xx_HAL_Driver/Src/stm32f4xx_hal_hcd.c ****     (#)Fill parameters of Init structure in HCD handle
  33:Drivers/STM32F4xx_HAL_Driver/Src/stm32f4xx_hal_hcd.c **** 
  34:Drivers/STM32F4xx_HAL_Driver/Src/stm32f4xx_hal_hcd.c ****     (#)Call HAL_HCD_Init() API to initialize the HCD peripheral (Core, Host core, ...)
  35:Drivers/STM32F4xx_HAL_Driver/Src/stm32f4xx_hal_hcd.c **** 
  36:Drivers/STM32F4xx_HAL_Driver/Src/stm32f4xx_hal_hcd.c ****     (#)Initialize the HCD low level resources through the HAL_HCD_MspInit() API:
  37:Drivers/STM32F4xx_HAL_Driver/Src/stm32f4xx_hal_hcd.c ****         (##) Enable the HCD/USB Low Level interface clock using the following macros
  38:Drivers/STM32F4xx_HAL_Driver/Src/stm32f4xx_hal_hcd.c ****              (+++) __HAL_RCC_USB_OTG_FS_CLK_ENABLE();
  39:Drivers/STM32F4xx_HAL_Driver/Src/stm32f4xx_hal_hcd.c ****              (+++) __HAL_RCC_USB_OTG_HS_CLK_ENABLE(); (For High Speed Mode)
  40:Drivers/STM32F4xx_HAL_Driver/Src/stm32f4xx_hal_hcd.c ****              (+++) __HAL_RCC_USB_OTG_HS_ULPI_CLK_ENABLE(); (For High Speed Mode)
  41:Drivers/STM32F4xx_HAL_Driver/Src/stm32f4xx_hal_hcd.c **** 
  42:Drivers/STM32F4xx_HAL_Driver/Src/stm32f4xx_hal_hcd.c ****         (##) Initialize the related GPIO clocks
  43:Drivers/STM32F4xx_HAL_Driver/Src/stm32f4xx_hal_hcd.c ****         (##) Configure HCD pin-out
  44:Drivers/STM32F4xx_HAL_Driver/Src/stm32f4xx_hal_hcd.c ****         (##) Configure HCD NVIC interrupt
  45:Drivers/STM32F4xx_HAL_Driver/Src/stm32f4xx_hal_hcd.c **** 
  46:Drivers/STM32F4xx_HAL_Driver/Src/stm32f4xx_hal_hcd.c ****     (#)Associate the Upper USB Host stack to the HAL HCD Driver:
  47:Drivers/STM32F4xx_HAL_Driver/Src/stm32f4xx_hal_hcd.c ****         (##) hhcd.pData = phost;
  48:Drivers/STM32F4xx_HAL_Driver/Src/stm32f4xx_hal_hcd.c **** 
  49:Drivers/STM32F4xx_HAL_Driver/Src/stm32f4xx_hal_hcd.c ****     (#)Enable HCD transmission and reception:
  50:Drivers/STM32F4xx_HAL_Driver/Src/stm32f4xx_hal_hcd.c ****         (##) HAL_HCD_Start();
  51:Drivers/STM32F4xx_HAL_Driver/Src/stm32f4xx_hal_hcd.c **** 
  52:Drivers/STM32F4xx_HAL_Driver/Src/stm32f4xx_hal_hcd.c ****   @endverbatim
  53:Drivers/STM32F4xx_HAL_Driver/Src/stm32f4xx_hal_hcd.c ****   ******************************************************************************
  54:Drivers/STM32F4xx_HAL_Driver/Src/stm32f4xx_hal_hcd.c ****   */
  55:Drivers/STM32F4xx_HAL_Driver/Src/stm32f4xx_hal_hcd.c **** 
  56:Drivers/STM32F4xx_HAL_Driver/Src/stm32f4xx_hal_hcd.c **** /* Includes ------------------------------------------------------------------*/
  57:Drivers/STM32F4xx_HAL_Driver/Src/stm32f4xx_hal_hcd.c **** #include "stm32f4xx_hal.h"
  58:Drivers/STM32F4xx_HAL_Driver/Src/stm32f4xx_hal_hcd.c **** 
  59:Drivers/STM32F4xx_HAL_Driver/Src/stm32f4xx_hal_hcd.c **** /** @addtogroup STM32F4xx_HAL_Driver
  60:Drivers/STM32F4xx_HAL_Driver/Src/stm32f4xx_hal_hcd.c ****   * @{
  61:Drivers/STM32F4xx_HAL_Driver/Src/stm32f4xx_hal_hcd.c ****   */
  62:Drivers/STM32F4xx_HAL_Driver/Src/stm32f4xx_hal_hcd.c **** 
  63:Drivers/STM32F4xx_HAL_Driver/Src/stm32f4xx_hal_hcd.c **** #ifdef HAL_HCD_MODULE_ENABLED
  64:Drivers/STM32F4xx_HAL_Driver/Src/stm32f4xx_hal_hcd.c **** #if defined (USB_OTG_FS) || defined (USB_OTG_HS)
  65:Drivers/STM32F4xx_HAL_Driver/Src/stm32f4xx_hal_hcd.c **** 
  66:Drivers/STM32F4xx_HAL_Driver/Src/stm32f4xx_hal_hcd.c **** /** @defgroup HCD HCD
  67:Drivers/STM32F4xx_HAL_Driver/Src/stm32f4xx_hal_hcd.c ****   * @brief HCD HAL module driver
  68:Drivers/STM32F4xx_HAL_Driver/Src/stm32f4xx_hal_hcd.c ****   * @{
  69:Drivers/STM32F4xx_HAL_Driver/Src/stm32f4xx_hal_hcd.c ****   */
  70:Drivers/STM32F4xx_HAL_Driver/Src/stm32f4xx_hal_hcd.c **** 
  71:Drivers/STM32F4xx_HAL_Driver/Src/stm32f4xx_hal_hcd.c **** /* Private typedef -----------------------------------------------------------*/
  72:Drivers/STM32F4xx_HAL_Driver/Src/stm32f4xx_hal_hcd.c **** /* Private define ------------------------------------------------------------*/
  73:Drivers/STM32F4xx_HAL_Driver/Src/stm32f4xx_hal_hcd.c **** /* Private macro -------------------------------------------------------------*/
  74:Drivers/STM32F4xx_HAL_Driver/Src/stm32f4xx_hal_hcd.c **** /* Private variables ---------------------------------------------------------*/
  75:Drivers/STM32F4xx_HAL_Driver/Src/stm32f4xx_hal_hcd.c **** /* Private function prototypes -----------------------------------------------*/
  76:Drivers/STM32F4xx_HAL_Driver/Src/stm32f4xx_hal_hcd.c **** /** @defgroup HCD_Private_Functions HCD Private Functions
  77:Drivers/STM32F4xx_HAL_Driver/Src/stm32f4xx_hal_hcd.c ****   * @{
  78:Drivers/STM32F4xx_HAL_Driver/Src/stm32f4xx_hal_hcd.c ****   */
  79:Drivers/STM32F4xx_HAL_Driver/Src/stm32f4xx_hal_hcd.c **** static void HCD_HC_IN_IRQHandler(HCD_HandleTypeDef *hhcd, uint8_t chnum);
  80:Drivers/STM32F4xx_HAL_Driver/Src/stm32f4xx_hal_hcd.c **** static void HCD_HC_OUT_IRQHandler(HCD_HandleTypeDef *hhcd, uint8_t chnum);
  81:Drivers/STM32F4xx_HAL_Driver/Src/stm32f4xx_hal_hcd.c **** static void HCD_RXQLVL_IRQHandler(HCD_HandleTypeDef *hhcd);
  82:Drivers/STM32F4xx_HAL_Driver/Src/stm32f4xx_hal_hcd.c **** static void HCD_Port_IRQHandler(HCD_HandleTypeDef *hhcd);
  83:Drivers/STM32F4xx_HAL_Driver/Src/stm32f4xx_hal_hcd.c **** /**
  84:Drivers/STM32F4xx_HAL_Driver/Src/stm32f4xx_hal_hcd.c ****   * @}
  85:Drivers/STM32F4xx_HAL_Driver/Src/stm32f4xx_hal_hcd.c ****   */
  86:Drivers/STM32F4xx_HAL_Driver/Src/stm32f4xx_hal_hcd.c **** 
  87:Drivers/STM32F4xx_HAL_Driver/Src/stm32f4xx_hal_hcd.c **** /* Exported functions --------------------------------------------------------*/
ARM GAS  /tmp/ccPw2T3W.s 			page 3


  88:Drivers/STM32F4xx_HAL_Driver/Src/stm32f4xx_hal_hcd.c **** /** @defgroup HCD_Exported_Functions HCD Exported Functions
  89:Drivers/STM32F4xx_HAL_Driver/Src/stm32f4xx_hal_hcd.c ****   * @{
  90:Drivers/STM32F4xx_HAL_Driver/Src/stm32f4xx_hal_hcd.c ****   */
  91:Drivers/STM32F4xx_HAL_Driver/Src/stm32f4xx_hal_hcd.c **** 
  92:Drivers/STM32F4xx_HAL_Driver/Src/stm32f4xx_hal_hcd.c **** /** @defgroup HCD_Exported_Functions_Group1 Initialization and de-initialization functions
  93:Drivers/STM32F4xx_HAL_Driver/Src/stm32f4xx_hal_hcd.c ****   *  @brief    Initialization and Configuration functions
  94:Drivers/STM32F4xx_HAL_Driver/Src/stm32f4xx_hal_hcd.c ****   *
  95:Drivers/STM32F4xx_HAL_Driver/Src/stm32f4xx_hal_hcd.c **** @verbatim
  96:Drivers/STM32F4xx_HAL_Driver/Src/stm32f4xx_hal_hcd.c ****  ===============================================================================
  97:Drivers/STM32F4xx_HAL_Driver/Src/stm32f4xx_hal_hcd.c ****           ##### Initialization and de-initialization functions #####
  98:Drivers/STM32F4xx_HAL_Driver/Src/stm32f4xx_hal_hcd.c ****  ===============================================================================
  99:Drivers/STM32F4xx_HAL_Driver/Src/stm32f4xx_hal_hcd.c ****     [..]  This section provides functions allowing to:
 100:Drivers/STM32F4xx_HAL_Driver/Src/stm32f4xx_hal_hcd.c **** 
 101:Drivers/STM32F4xx_HAL_Driver/Src/stm32f4xx_hal_hcd.c **** @endverbatim
 102:Drivers/STM32F4xx_HAL_Driver/Src/stm32f4xx_hal_hcd.c ****   * @{
 103:Drivers/STM32F4xx_HAL_Driver/Src/stm32f4xx_hal_hcd.c ****   */
 104:Drivers/STM32F4xx_HAL_Driver/Src/stm32f4xx_hal_hcd.c **** 
 105:Drivers/STM32F4xx_HAL_Driver/Src/stm32f4xx_hal_hcd.c **** /**
 106:Drivers/STM32F4xx_HAL_Driver/Src/stm32f4xx_hal_hcd.c ****   * @brief  Initialize the host driver.
 107:Drivers/STM32F4xx_HAL_Driver/Src/stm32f4xx_hal_hcd.c ****   * @param  hhcd HCD handle
 108:Drivers/STM32F4xx_HAL_Driver/Src/stm32f4xx_hal_hcd.c ****   * @retval HAL status
 109:Drivers/STM32F4xx_HAL_Driver/Src/stm32f4xx_hal_hcd.c ****   */
 110:Drivers/STM32F4xx_HAL_Driver/Src/stm32f4xx_hal_hcd.c **** HAL_StatusTypeDef HAL_HCD_Init(HCD_HandleTypeDef *hhcd)
 111:Drivers/STM32F4xx_HAL_Driver/Src/stm32f4xx_hal_hcd.c **** {
 112:Drivers/STM32F4xx_HAL_Driver/Src/stm32f4xx_hal_hcd.c **** #if defined (USB_OTG_FS)
 113:Drivers/STM32F4xx_HAL_Driver/Src/stm32f4xx_hal_hcd.c ****   const USB_OTG_GlobalTypeDef *USBx;
 114:Drivers/STM32F4xx_HAL_Driver/Src/stm32f4xx_hal_hcd.c **** #endif /* defined (USB_OTG_FS) */
 115:Drivers/STM32F4xx_HAL_Driver/Src/stm32f4xx_hal_hcd.c **** 
 116:Drivers/STM32F4xx_HAL_Driver/Src/stm32f4xx_hal_hcd.c ****   /* Check the HCD handle allocation */
 117:Drivers/STM32F4xx_HAL_Driver/Src/stm32f4xx_hal_hcd.c ****   if (hhcd == NULL)
 118:Drivers/STM32F4xx_HAL_Driver/Src/stm32f4xx_hal_hcd.c ****   {
 119:Drivers/STM32F4xx_HAL_Driver/Src/stm32f4xx_hal_hcd.c ****     return HAL_ERROR;
 120:Drivers/STM32F4xx_HAL_Driver/Src/stm32f4xx_hal_hcd.c ****   }
 121:Drivers/STM32F4xx_HAL_Driver/Src/stm32f4xx_hal_hcd.c **** 
 122:Drivers/STM32F4xx_HAL_Driver/Src/stm32f4xx_hal_hcd.c ****   /* Check the parameters */
 123:Drivers/STM32F4xx_HAL_Driver/Src/stm32f4xx_hal_hcd.c ****   assert_param(IS_HCD_ALL_INSTANCE(hhcd->Instance));
 124:Drivers/STM32F4xx_HAL_Driver/Src/stm32f4xx_hal_hcd.c **** 
 125:Drivers/STM32F4xx_HAL_Driver/Src/stm32f4xx_hal_hcd.c **** #if defined (USB_OTG_FS)
 126:Drivers/STM32F4xx_HAL_Driver/Src/stm32f4xx_hal_hcd.c ****   USBx = hhcd->Instance;
 127:Drivers/STM32F4xx_HAL_Driver/Src/stm32f4xx_hal_hcd.c **** #endif /* defined (USB_OTG_FS) */
 128:Drivers/STM32F4xx_HAL_Driver/Src/stm32f4xx_hal_hcd.c **** 
 129:Drivers/STM32F4xx_HAL_Driver/Src/stm32f4xx_hal_hcd.c ****   if (hhcd->State == HAL_HCD_STATE_RESET)
 130:Drivers/STM32F4xx_HAL_Driver/Src/stm32f4xx_hal_hcd.c ****   {
 131:Drivers/STM32F4xx_HAL_Driver/Src/stm32f4xx_hal_hcd.c ****     /* Allocate lock resource and initialize it */
 132:Drivers/STM32F4xx_HAL_Driver/Src/stm32f4xx_hal_hcd.c ****     hhcd->Lock = HAL_UNLOCKED;
 133:Drivers/STM32F4xx_HAL_Driver/Src/stm32f4xx_hal_hcd.c **** 
 134:Drivers/STM32F4xx_HAL_Driver/Src/stm32f4xx_hal_hcd.c **** #if (USE_HAL_HCD_REGISTER_CALLBACKS == 1U)
 135:Drivers/STM32F4xx_HAL_Driver/Src/stm32f4xx_hal_hcd.c ****     hhcd->SOFCallback = HAL_HCD_SOF_Callback;
 136:Drivers/STM32F4xx_HAL_Driver/Src/stm32f4xx_hal_hcd.c ****     hhcd->ConnectCallback = HAL_HCD_Connect_Callback;
 137:Drivers/STM32F4xx_HAL_Driver/Src/stm32f4xx_hal_hcd.c ****     hhcd->DisconnectCallback = HAL_HCD_Disconnect_Callback;
 138:Drivers/STM32F4xx_HAL_Driver/Src/stm32f4xx_hal_hcd.c ****     hhcd->PortEnabledCallback = HAL_HCD_PortEnabled_Callback;
 139:Drivers/STM32F4xx_HAL_Driver/Src/stm32f4xx_hal_hcd.c ****     hhcd->PortDisabledCallback = HAL_HCD_PortDisabled_Callback;
 140:Drivers/STM32F4xx_HAL_Driver/Src/stm32f4xx_hal_hcd.c ****     hhcd->HC_NotifyURBChangeCallback = HAL_HCD_HC_NotifyURBChange_Callback;
 141:Drivers/STM32F4xx_HAL_Driver/Src/stm32f4xx_hal_hcd.c **** 
 142:Drivers/STM32F4xx_HAL_Driver/Src/stm32f4xx_hal_hcd.c ****     if (hhcd->MspInitCallback == NULL)
 143:Drivers/STM32F4xx_HAL_Driver/Src/stm32f4xx_hal_hcd.c ****     {
 144:Drivers/STM32F4xx_HAL_Driver/Src/stm32f4xx_hal_hcd.c ****       hhcd->MspInitCallback = HAL_HCD_MspInit;
ARM GAS  /tmp/ccPw2T3W.s 			page 4


 145:Drivers/STM32F4xx_HAL_Driver/Src/stm32f4xx_hal_hcd.c ****     }
 146:Drivers/STM32F4xx_HAL_Driver/Src/stm32f4xx_hal_hcd.c **** 
 147:Drivers/STM32F4xx_HAL_Driver/Src/stm32f4xx_hal_hcd.c ****     /* Init the low level hardware */
 148:Drivers/STM32F4xx_HAL_Driver/Src/stm32f4xx_hal_hcd.c ****     hhcd->MspInitCallback(hhcd);
 149:Drivers/STM32F4xx_HAL_Driver/Src/stm32f4xx_hal_hcd.c **** #else
 150:Drivers/STM32F4xx_HAL_Driver/Src/stm32f4xx_hal_hcd.c ****     /* Init the low level hardware : GPIO, CLOCK, NVIC... */
 151:Drivers/STM32F4xx_HAL_Driver/Src/stm32f4xx_hal_hcd.c ****     HAL_HCD_MspInit(hhcd);
 152:Drivers/STM32F4xx_HAL_Driver/Src/stm32f4xx_hal_hcd.c **** #endif /* (USE_HAL_HCD_REGISTER_CALLBACKS) */
 153:Drivers/STM32F4xx_HAL_Driver/Src/stm32f4xx_hal_hcd.c ****   }
 154:Drivers/STM32F4xx_HAL_Driver/Src/stm32f4xx_hal_hcd.c **** 
 155:Drivers/STM32F4xx_HAL_Driver/Src/stm32f4xx_hal_hcd.c ****   hhcd->State = HAL_HCD_STATE_BUSY;
 156:Drivers/STM32F4xx_HAL_Driver/Src/stm32f4xx_hal_hcd.c **** 
 157:Drivers/STM32F4xx_HAL_Driver/Src/stm32f4xx_hal_hcd.c **** #if defined (USB_OTG_FS)
 158:Drivers/STM32F4xx_HAL_Driver/Src/stm32f4xx_hal_hcd.c ****   /* Disable DMA mode for FS instance */
 159:Drivers/STM32F4xx_HAL_Driver/Src/stm32f4xx_hal_hcd.c ****   if (USBx == USB_OTG_FS)
 160:Drivers/STM32F4xx_HAL_Driver/Src/stm32f4xx_hal_hcd.c ****   {
 161:Drivers/STM32F4xx_HAL_Driver/Src/stm32f4xx_hal_hcd.c ****     hhcd->Init.dma_enable = 0U;
 162:Drivers/STM32F4xx_HAL_Driver/Src/stm32f4xx_hal_hcd.c ****   }
 163:Drivers/STM32F4xx_HAL_Driver/Src/stm32f4xx_hal_hcd.c **** #endif /* defined (USB_OTG_FS) */
 164:Drivers/STM32F4xx_HAL_Driver/Src/stm32f4xx_hal_hcd.c **** 
 165:Drivers/STM32F4xx_HAL_Driver/Src/stm32f4xx_hal_hcd.c ****   /* Disable the Interrupts */
 166:Drivers/STM32F4xx_HAL_Driver/Src/stm32f4xx_hal_hcd.c ****   __HAL_HCD_DISABLE(hhcd);
 167:Drivers/STM32F4xx_HAL_Driver/Src/stm32f4xx_hal_hcd.c **** 
 168:Drivers/STM32F4xx_HAL_Driver/Src/stm32f4xx_hal_hcd.c ****   /* Init the Core (common init.) */
 169:Drivers/STM32F4xx_HAL_Driver/Src/stm32f4xx_hal_hcd.c ****   if (USB_CoreInit(hhcd->Instance, hhcd->Init) != HAL_OK)
 170:Drivers/STM32F4xx_HAL_Driver/Src/stm32f4xx_hal_hcd.c ****   {
 171:Drivers/STM32F4xx_HAL_Driver/Src/stm32f4xx_hal_hcd.c ****     hhcd->State = HAL_HCD_STATE_ERROR;
 172:Drivers/STM32F4xx_HAL_Driver/Src/stm32f4xx_hal_hcd.c ****     return HAL_ERROR;
 173:Drivers/STM32F4xx_HAL_Driver/Src/stm32f4xx_hal_hcd.c ****   }
 174:Drivers/STM32F4xx_HAL_Driver/Src/stm32f4xx_hal_hcd.c **** 
 175:Drivers/STM32F4xx_HAL_Driver/Src/stm32f4xx_hal_hcd.c ****   /* Force Host Mode */
 176:Drivers/STM32F4xx_HAL_Driver/Src/stm32f4xx_hal_hcd.c ****   if (USB_SetCurrentMode(hhcd->Instance, USB_HOST_MODE) != HAL_OK)
 177:Drivers/STM32F4xx_HAL_Driver/Src/stm32f4xx_hal_hcd.c ****   {
 178:Drivers/STM32F4xx_HAL_Driver/Src/stm32f4xx_hal_hcd.c ****     hhcd->State = HAL_HCD_STATE_ERROR;
 179:Drivers/STM32F4xx_HAL_Driver/Src/stm32f4xx_hal_hcd.c ****     return HAL_ERROR;
 180:Drivers/STM32F4xx_HAL_Driver/Src/stm32f4xx_hal_hcd.c ****   }
 181:Drivers/STM32F4xx_HAL_Driver/Src/stm32f4xx_hal_hcd.c **** 
 182:Drivers/STM32F4xx_HAL_Driver/Src/stm32f4xx_hal_hcd.c ****   /* Init Host */
 183:Drivers/STM32F4xx_HAL_Driver/Src/stm32f4xx_hal_hcd.c ****   if (USB_HostInit(hhcd->Instance, hhcd->Init) != HAL_OK)
 184:Drivers/STM32F4xx_HAL_Driver/Src/stm32f4xx_hal_hcd.c ****   {
 185:Drivers/STM32F4xx_HAL_Driver/Src/stm32f4xx_hal_hcd.c ****     hhcd->State = HAL_HCD_STATE_ERROR;
 186:Drivers/STM32F4xx_HAL_Driver/Src/stm32f4xx_hal_hcd.c ****     return HAL_ERROR;
 187:Drivers/STM32F4xx_HAL_Driver/Src/stm32f4xx_hal_hcd.c ****   }
 188:Drivers/STM32F4xx_HAL_Driver/Src/stm32f4xx_hal_hcd.c **** 
 189:Drivers/STM32F4xx_HAL_Driver/Src/stm32f4xx_hal_hcd.c ****   hhcd->State = HAL_HCD_STATE_READY;
 190:Drivers/STM32F4xx_HAL_Driver/Src/stm32f4xx_hal_hcd.c **** 
 191:Drivers/STM32F4xx_HAL_Driver/Src/stm32f4xx_hal_hcd.c ****   return HAL_OK;
 192:Drivers/STM32F4xx_HAL_Driver/Src/stm32f4xx_hal_hcd.c **** }
 193:Drivers/STM32F4xx_HAL_Driver/Src/stm32f4xx_hal_hcd.c **** 
 194:Drivers/STM32F4xx_HAL_Driver/Src/stm32f4xx_hal_hcd.c **** /**
 195:Drivers/STM32F4xx_HAL_Driver/Src/stm32f4xx_hal_hcd.c ****   * @brief  Initialize a host channel.
 196:Drivers/STM32F4xx_HAL_Driver/Src/stm32f4xx_hal_hcd.c ****   * @param  hhcd HCD handle
 197:Drivers/STM32F4xx_HAL_Driver/Src/stm32f4xx_hal_hcd.c ****   * @param  ch_num Channel number.
 198:Drivers/STM32F4xx_HAL_Driver/Src/stm32f4xx_hal_hcd.c ****   *         This parameter can be a value from 1 to 15
 199:Drivers/STM32F4xx_HAL_Driver/Src/stm32f4xx_hal_hcd.c ****   * @param  epnum Endpoint number.
 200:Drivers/STM32F4xx_HAL_Driver/Src/stm32f4xx_hal_hcd.c ****   *          This parameter can be a value from 1 to 15
 201:Drivers/STM32F4xx_HAL_Driver/Src/stm32f4xx_hal_hcd.c ****   * @param  dev_address Current device address
ARM GAS  /tmp/ccPw2T3W.s 			page 5


 202:Drivers/STM32F4xx_HAL_Driver/Src/stm32f4xx_hal_hcd.c ****   *          This parameter can be a value from 0 to 255
 203:Drivers/STM32F4xx_HAL_Driver/Src/stm32f4xx_hal_hcd.c ****   * @param  speed Current device speed.
 204:Drivers/STM32F4xx_HAL_Driver/Src/stm32f4xx_hal_hcd.c ****   *          This parameter can be one of these values:
 205:Drivers/STM32F4xx_HAL_Driver/Src/stm32f4xx_hal_hcd.c ****   *            HCD_DEVICE_SPEED_HIGH: High speed mode,
 206:Drivers/STM32F4xx_HAL_Driver/Src/stm32f4xx_hal_hcd.c ****   *            HCD_DEVICE_SPEED_FULL: Full speed mode,
 207:Drivers/STM32F4xx_HAL_Driver/Src/stm32f4xx_hal_hcd.c ****   *            HCD_DEVICE_SPEED_LOW: Low speed mode
 208:Drivers/STM32F4xx_HAL_Driver/Src/stm32f4xx_hal_hcd.c ****   * @param  ep_type Endpoint Type.
 209:Drivers/STM32F4xx_HAL_Driver/Src/stm32f4xx_hal_hcd.c ****   *          This parameter can be one of these values:
 210:Drivers/STM32F4xx_HAL_Driver/Src/stm32f4xx_hal_hcd.c ****   *            EP_TYPE_CTRL: Control type,
 211:Drivers/STM32F4xx_HAL_Driver/Src/stm32f4xx_hal_hcd.c ****   *            EP_TYPE_ISOC: Isochronous type,
 212:Drivers/STM32F4xx_HAL_Driver/Src/stm32f4xx_hal_hcd.c ****   *            EP_TYPE_BULK: Bulk type,
 213:Drivers/STM32F4xx_HAL_Driver/Src/stm32f4xx_hal_hcd.c ****   *            EP_TYPE_INTR: Interrupt type
 214:Drivers/STM32F4xx_HAL_Driver/Src/stm32f4xx_hal_hcd.c ****   * @param  mps Max Packet Size.
 215:Drivers/STM32F4xx_HAL_Driver/Src/stm32f4xx_hal_hcd.c ****   *          This parameter can be a value from 0 to32K
 216:Drivers/STM32F4xx_HAL_Driver/Src/stm32f4xx_hal_hcd.c ****   * @retval HAL status
 217:Drivers/STM32F4xx_HAL_Driver/Src/stm32f4xx_hal_hcd.c ****   */
 218:Drivers/STM32F4xx_HAL_Driver/Src/stm32f4xx_hal_hcd.c **** HAL_StatusTypeDef HAL_HCD_HC_Init(HCD_HandleTypeDef *hhcd, uint8_t ch_num, uint8_t epnum,
 219:Drivers/STM32F4xx_HAL_Driver/Src/stm32f4xx_hal_hcd.c ****                                   uint8_t dev_address, uint8_t speed, uint8_t ep_type, uint16_t mps
 220:Drivers/STM32F4xx_HAL_Driver/Src/stm32f4xx_hal_hcd.c **** {
 221:Drivers/STM32F4xx_HAL_Driver/Src/stm32f4xx_hal_hcd.c ****   HAL_StatusTypeDef status;
 222:Drivers/STM32F4xx_HAL_Driver/Src/stm32f4xx_hal_hcd.c ****   uint32_t HostCoreSpeed;
 223:Drivers/STM32F4xx_HAL_Driver/Src/stm32f4xx_hal_hcd.c ****   uint32_t HCcharMps = mps;
 224:Drivers/STM32F4xx_HAL_Driver/Src/stm32f4xx_hal_hcd.c **** 
 225:Drivers/STM32F4xx_HAL_Driver/Src/stm32f4xx_hal_hcd.c ****   __HAL_LOCK(hhcd);
 226:Drivers/STM32F4xx_HAL_Driver/Src/stm32f4xx_hal_hcd.c ****   hhcd->hc[ch_num].do_ping = 0U;
 227:Drivers/STM32F4xx_HAL_Driver/Src/stm32f4xx_hal_hcd.c ****   hhcd->hc[ch_num].dev_addr = dev_address;
 228:Drivers/STM32F4xx_HAL_Driver/Src/stm32f4xx_hal_hcd.c ****   hhcd->hc[ch_num].ch_num = ch_num;
 229:Drivers/STM32F4xx_HAL_Driver/Src/stm32f4xx_hal_hcd.c ****   hhcd->hc[ch_num].ep_type = ep_type;
 230:Drivers/STM32F4xx_HAL_Driver/Src/stm32f4xx_hal_hcd.c ****   hhcd->hc[ch_num].ep_num = epnum & 0x7FU;
 231:Drivers/STM32F4xx_HAL_Driver/Src/stm32f4xx_hal_hcd.c **** 
 232:Drivers/STM32F4xx_HAL_Driver/Src/stm32f4xx_hal_hcd.c ****   (void)HAL_HCD_HC_ClearHubInfo(hhcd, ch_num);
 233:Drivers/STM32F4xx_HAL_Driver/Src/stm32f4xx_hal_hcd.c **** 
 234:Drivers/STM32F4xx_HAL_Driver/Src/stm32f4xx_hal_hcd.c ****   if ((epnum & 0x80U) == 0x80U)
 235:Drivers/STM32F4xx_HAL_Driver/Src/stm32f4xx_hal_hcd.c ****   {
 236:Drivers/STM32F4xx_HAL_Driver/Src/stm32f4xx_hal_hcd.c ****     hhcd->hc[ch_num].ep_is_in = 1U;
 237:Drivers/STM32F4xx_HAL_Driver/Src/stm32f4xx_hal_hcd.c ****   }
 238:Drivers/STM32F4xx_HAL_Driver/Src/stm32f4xx_hal_hcd.c ****   else
 239:Drivers/STM32F4xx_HAL_Driver/Src/stm32f4xx_hal_hcd.c ****   {
 240:Drivers/STM32F4xx_HAL_Driver/Src/stm32f4xx_hal_hcd.c ****     hhcd->hc[ch_num].ep_is_in = 0U;
 241:Drivers/STM32F4xx_HAL_Driver/Src/stm32f4xx_hal_hcd.c ****   }
 242:Drivers/STM32F4xx_HAL_Driver/Src/stm32f4xx_hal_hcd.c **** 
 243:Drivers/STM32F4xx_HAL_Driver/Src/stm32f4xx_hal_hcd.c ****   HostCoreSpeed = USB_GetHostSpeed(hhcd->Instance);
 244:Drivers/STM32F4xx_HAL_Driver/Src/stm32f4xx_hal_hcd.c **** 
 245:Drivers/STM32F4xx_HAL_Driver/Src/stm32f4xx_hal_hcd.c ****   if (ep_type == EP_TYPE_ISOC)
 246:Drivers/STM32F4xx_HAL_Driver/Src/stm32f4xx_hal_hcd.c ****   {
 247:Drivers/STM32F4xx_HAL_Driver/Src/stm32f4xx_hal_hcd.c ****     /* FS device plugged to HS HUB */
 248:Drivers/STM32F4xx_HAL_Driver/Src/stm32f4xx_hal_hcd.c ****     if ((speed == HCD_DEVICE_SPEED_FULL) && (HostCoreSpeed == HPRT0_PRTSPD_HIGH_SPEED))
 249:Drivers/STM32F4xx_HAL_Driver/Src/stm32f4xx_hal_hcd.c ****     {
 250:Drivers/STM32F4xx_HAL_Driver/Src/stm32f4xx_hal_hcd.c ****       if (HCcharMps > ISO_SPLT_MPS)
 251:Drivers/STM32F4xx_HAL_Driver/Src/stm32f4xx_hal_hcd.c ****       {
 252:Drivers/STM32F4xx_HAL_Driver/Src/stm32f4xx_hal_hcd.c ****         /* ISO Max Packet Size for Split mode */
 253:Drivers/STM32F4xx_HAL_Driver/Src/stm32f4xx_hal_hcd.c ****         HCcharMps = ISO_SPLT_MPS;
 254:Drivers/STM32F4xx_HAL_Driver/Src/stm32f4xx_hal_hcd.c ****       }
 255:Drivers/STM32F4xx_HAL_Driver/Src/stm32f4xx_hal_hcd.c ****     }
 256:Drivers/STM32F4xx_HAL_Driver/Src/stm32f4xx_hal_hcd.c ****   }
 257:Drivers/STM32F4xx_HAL_Driver/Src/stm32f4xx_hal_hcd.c **** 
 258:Drivers/STM32F4xx_HAL_Driver/Src/stm32f4xx_hal_hcd.c ****   hhcd->hc[ch_num].speed = speed;
ARM GAS  /tmp/ccPw2T3W.s 			page 6


 259:Drivers/STM32F4xx_HAL_Driver/Src/stm32f4xx_hal_hcd.c ****   hhcd->hc[ch_num].max_packet = (uint16_t)HCcharMps;
 260:Drivers/STM32F4xx_HAL_Driver/Src/stm32f4xx_hal_hcd.c **** 
 261:Drivers/STM32F4xx_HAL_Driver/Src/stm32f4xx_hal_hcd.c ****   status =  USB_HC_Init(hhcd->Instance, ch_num, epnum,
 262:Drivers/STM32F4xx_HAL_Driver/Src/stm32f4xx_hal_hcd.c ****                         dev_address, speed, ep_type, (uint16_t)HCcharMps);
 263:Drivers/STM32F4xx_HAL_Driver/Src/stm32f4xx_hal_hcd.c **** 
 264:Drivers/STM32F4xx_HAL_Driver/Src/stm32f4xx_hal_hcd.c ****   __HAL_UNLOCK(hhcd);
 265:Drivers/STM32F4xx_HAL_Driver/Src/stm32f4xx_hal_hcd.c **** 
 266:Drivers/STM32F4xx_HAL_Driver/Src/stm32f4xx_hal_hcd.c ****   return status;
 267:Drivers/STM32F4xx_HAL_Driver/Src/stm32f4xx_hal_hcd.c **** }
 268:Drivers/STM32F4xx_HAL_Driver/Src/stm32f4xx_hal_hcd.c **** 
 269:Drivers/STM32F4xx_HAL_Driver/Src/stm32f4xx_hal_hcd.c **** /**
 270:Drivers/STM32F4xx_HAL_Driver/Src/stm32f4xx_hal_hcd.c ****   * @brief  Halt a host channel.
 271:Drivers/STM32F4xx_HAL_Driver/Src/stm32f4xx_hal_hcd.c ****   * @param  hhcd HCD handle
 272:Drivers/STM32F4xx_HAL_Driver/Src/stm32f4xx_hal_hcd.c ****   * @param  ch_num Channel number.
 273:Drivers/STM32F4xx_HAL_Driver/Src/stm32f4xx_hal_hcd.c ****   *         This parameter can be a value from 1 to 15
 274:Drivers/STM32F4xx_HAL_Driver/Src/stm32f4xx_hal_hcd.c ****   * @retval HAL status
 275:Drivers/STM32F4xx_HAL_Driver/Src/stm32f4xx_hal_hcd.c ****   */
 276:Drivers/STM32F4xx_HAL_Driver/Src/stm32f4xx_hal_hcd.c **** HAL_StatusTypeDef HAL_HCD_HC_Halt(HCD_HandleTypeDef *hhcd, uint8_t ch_num)
 277:Drivers/STM32F4xx_HAL_Driver/Src/stm32f4xx_hal_hcd.c **** {
 278:Drivers/STM32F4xx_HAL_Driver/Src/stm32f4xx_hal_hcd.c ****   HAL_StatusTypeDef status = HAL_OK;
 279:Drivers/STM32F4xx_HAL_Driver/Src/stm32f4xx_hal_hcd.c **** 
 280:Drivers/STM32F4xx_HAL_Driver/Src/stm32f4xx_hal_hcd.c ****   __HAL_LOCK(hhcd);
 281:Drivers/STM32F4xx_HAL_Driver/Src/stm32f4xx_hal_hcd.c ****   (void)USB_HC_Halt(hhcd->Instance, ch_num);
 282:Drivers/STM32F4xx_HAL_Driver/Src/stm32f4xx_hal_hcd.c ****   __HAL_UNLOCK(hhcd);
 283:Drivers/STM32F4xx_HAL_Driver/Src/stm32f4xx_hal_hcd.c **** 
 284:Drivers/STM32F4xx_HAL_Driver/Src/stm32f4xx_hal_hcd.c ****   return status;
 285:Drivers/STM32F4xx_HAL_Driver/Src/stm32f4xx_hal_hcd.c **** }
 286:Drivers/STM32F4xx_HAL_Driver/Src/stm32f4xx_hal_hcd.c **** 
 287:Drivers/STM32F4xx_HAL_Driver/Src/stm32f4xx_hal_hcd.c **** /**
 288:Drivers/STM32F4xx_HAL_Driver/Src/stm32f4xx_hal_hcd.c ****   * @brief  DeInitialize the host driver.
 289:Drivers/STM32F4xx_HAL_Driver/Src/stm32f4xx_hal_hcd.c ****   * @param  hhcd HCD handle
 290:Drivers/STM32F4xx_HAL_Driver/Src/stm32f4xx_hal_hcd.c ****   * @retval HAL status
 291:Drivers/STM32F4xx_HAL_Driver/Src/stm32f4xx_hal_hcd.c ****   */
 292:Drivers/STM32F4xx_HAL_Driver/Src/stm32f4xx_hal_hcd.c **** HAL_StatusTypeDef HAL_HCD_DeInit(HCD_HandleTypeDef *hhcd)
 293:Drivers/STM32F4xx_HAL_Driver/Src/stm32f4xx_hal_hcd.c **** {
 294:Drivers/STM32F4xx_HAL_Driver/Src/stm32f4xx_hal_hcd.c ****   /* Check the HCD handle allocation */
 295:Drivers/STM32F4xx_HAL_Driver/Src/stm32f4xx_hal_hcd.c ****   if (hhcd == NULL)
 296:Drivers/STM32F4xx_HAL_Driver/Src/stm32f4xx_hal_hcd.c ****   {
 297:Drivers/STM32F4xx_HAL_Driver/Src/stm32f4xx_hal_hcd.c ****     return HAL_ERROR;
 298:Drivers/STM32F4xx_HAL_Driver/Src/stm32f4xx_hal_hcd.c ****   }
 299:Drivers/STM32F4xx_HAL_Driver/Src/stm32f4xx_hal_hcd.c **** 
 300:Drivers/STM32F4xx_HAL_Driver/Src/stm32f4xx_hal_hcd.c ****   hhcd->State = HAL_HCD_STATE_BUSY;
 301:Drivers/STM32F4xx_HAL_Driver/Src/stm32f4xx_hal_hcd.c **** 
 302:Drivers/STM32F4xx_HAL_Driver/Src/stm32f4xx_hal_hcd.c **** #if (USE_HAL_HCD_REGISTER_CALLBACKS == 1U)
 303:Drivers/STM32F4xx_HAL_Driver/Src/stm32f4xx_hal_hcd.c ****   if (hhcd->MspDeInitCallback == NULL)
 304:Drivers/STM32F4xx_HAL_Driver/Src/stm32f4xx_hal_hcd.c ****   {
 305:Drivers/STM32F4xx_HAL_Driver/Src/stm32f4xx_hal_hcd.c ****     hhcd->MspDeInitCallback = HAL_HCD_MspDeInit; /* Legacy weak MspDeInit  */
 306:Drivers/STM32F4xx_HAL_Driver/Src/stm32f4xx_hal_hcd.c ****   }
 307:Drivers/STM32F4xx_HAL_Driver/Src/stm32f4xx_hal_hcd.c **** 
 308:Drivers/STM32F4xx_HAL_Driver/Src/stm32f4xx_hal_hcd.c ****   /* DeInit the low level hardware */
 309:Drivers/STM32F4xx_HAL_Driver/Src/stm32f4xx_hal_hcd.c ****   hhcd->MspDeInitCallback(hhcd);
 310:Drivers/STM32F4xx_HAL_Driver/Src/stm32f4xx_hal_hcd.c **** #else
 311:Drivers/STM32F4xx_HAL_Driver/Src/stm32f4xx_hal_hcd.c ****   /* DeInit the low level hardware: CLOCK, NVIC.*/
 312:Drivers/STM32F4xx_HAL_Driver/Src/stm32f4xx_hal_hcd.c ****   HAL_HCD_MspDeInit(hhcd);
 313:Drivers/STM32F4xx_HAL_Driver/Src/stm32f4xx_hal_hcd.c **** #endif /* USE_HAL_HCD_REGISTER_CALLBACKS */
 314:Drivers/STM32F4xx_HAL_Driver/Src/stm32f4xx_hal_hcd.c **** 
 315:Drivers/STM32F4xx_HAL_Driver/Src/stm32f4xx_hal_hcd.c ****   __HAL_HCD_DISABLE(hhcd);
ARM GAS  /tmp/ccPw2T3W.s 			page 7


 316:Drivers/STM32F4xx_HAL_Driver/Src/stm32f4xx_hal_hcd.c **** 
 317:Drivers/STM32F4xx_HAL_Driver/Src/stm32f4xx_hal_hcd.c ****   hhcd->State = HAL_HCD_STATE_RESET;
 318:Drivers/STM32F4xx_HAL_Driver/Src/stm32f4xx_hal_hcd.c **** 
 319:Drivers/STM32F4xx_HAL_Driver/Src/stm32f4xx_hal_hcd.c ****   return HAL_OK;
 320:Drivers/STM32F4xx_HAL_Driver/Src/stm32f4xx_hal_hcd.c **** }
 321:Drivers/STM32F4xx_HAL_Driver/Src/stm32f4xx_hal_hcd.c **** 
 322:Drivers/STM32F4xx_HAL_Driver/Src/stm32f4xx_hal_hcd.c **** /**
 323:Drivers/STM32F4xx_HAL_Driver/Src/stm32f4xx_hal_hcd.c ****   * @brief  Initialize the HCD MSP.
 324:Drivers/STM32F4xx_HAL_Driver/Src/stm32f4xx_hal_hcd.c ****   * @param  hhcd HCD handle
 325:Drivers/STM32F4xx_HAL_Driver/Src/stm32f4xx_hal_hcd.c ****   * @retval None
 326:Drivers/STM32F4xx_HAL_Driver/Src/stm32f4xx_hal_hcd.c ****   */
 327:Drivers/STM32F4xx_HAL_Driver/Src/stm32f4xx_hal_hcd.c **** __weak void  HAL_HCD_MspInit(HCD_HandleTypeDef *hhcd)
 328:Drivers/STM32F4xx_HAL_Driver/Src/stm32f4xx_hal_hcd.c **** {
 329:Drivers/STM32F4xx_HAL_Driver/Src/stm32f4xx_hal_hcd.c ****   /* Prevent unused argument(s) compilation warning */
 330:Drivers/STM32F4xx_HAL_Driver/Src/stm32f4xx_hal_hcd.c ****   UNUSED(hhcd);
 331:Drivers/STM32F4xx_HAL_Driver/Src/stm32f4xx_hal_hcd.c **** 
 332:Drivers/STM32F4xx_HAL_Driver/Src/stm32f4xx_hal_hcd.c ****   /* NOTE : This function should not be modified, when the callback is needed,
 333:Drivers/STM32F4xx_HAL_Driver/Src/stm32f4xx_hal_hcd.c ****             the HAL_HCD_MspInit could be implemented in the user file
 334:Drivers/STM32F4xx_HAL_Driver/Src/stm32f4xx_hal_hcd.c ****    */
 335:Drivers/STM32F4xx_HAL_Driver/Src/stm32f4xx_hal_hcd.c **** }
 336:Drivers/STM32F4xx_HAL_Driver/Src/stm32f4xx_hal_hcd.c **** 
 337:Drivers/STM32F4xx_HAL_Driver/Src/stm32f4xx_hal_hcd.c **** /**
 338:Drivers/STM32F4xx_HAL_Driver/Src/stm32f4xx_hal_hcd.c ****   * @brief  DeInitialize the HCD MSP.
 339:Drivers/STM32F4xx_HAL_Driver/Src/stm32f4xx_hal_hcd.c ****   * @param  hhcd HCD handle
 340:Drivers/STM32F4xx_HAL_Driver/Src/stm32f4xx_hal_hcd.c ****   * @retval None
 341:Drivers/STM32F4xx_HAL_Driver/Src/stm32f4xx_hal_hcd.c ****   */
 342:Drivers/STM32F4xx_HAL_Driver/Src/stm32f4xx_hal_hcd.c **** __weak void  HAL_HCD_MspDeInit(HCD_HandleTypeDef *hhcd)
 343:Drivers/STM32F4xx_HAL_Driver/Src/stm32f4xx_hal_hcd.c **** {
 344:Drivers/STM32F4xx_HAL_Driver/Src/stm32f4xx_hal_hcd.c ****   /* Prevent unused argument(s) compilation warning */
 345:Drivers/STM32F4xx_HAL_Driver/Src/stm32f4xx_hal_hcd.c ****   UNUSED(hhcd);
 346:Drivers/STM32F4xx_HAL_Driver/Src/stm32f4xx_hal_hcd.c **** 
 347:Drivers/STM32F4xx_HAL_Driver/Src/stm32f4xx_hal_hcd.c ****   /* NOTE : This function should not be modified, when the callback is needed,
 348:Drivers/STM32F4xx_HAL_Driver/Src/stm32f4xx_hal_hcd.c ****             the HAL_HCD_MspDeInit could be implemented in the user file
 349:Drivers/STM32F4xx_HAL_Driver/Src/stm32f4xx_hal_hcd.c ****    */
 350:Drivers/STM32F4xx_HAL_Driver/Src/stm32f4xx_hal_hcd.c **** }
 351:Drivers/STM32F4xx_HAL_Driver/Src/stm32f4xx_hal_hcd.c **** 
 352:Drivers/STM32F4xx_HAL_Driver/Src/stm32f4xx_hal_hcd.c **** /**
 353:Drivers/STM32F4xx_HAL_Driver/Src/stm32f4xx_hal_hcd.c ****   * @}
 354:Drivers/STM32F4xx_HAL_Driver/Src/stm32f4xx_hal_hcd.c ****   */
 355:Drivers/STM32F4xx_HAL_Driver/Src/stm32f4xx_hal_hcd.c **** 
 356:Drivers/STM32F4xx_HAL_Driver/Src/stm32f4xx_hal_hcd.c **** /** @defgroup HCD_Exported_Functions_Group2 Input and Output operation functions
 357:Drivers/STM32F4xx_HAL_Driver/Src/stm32f4xx_hal_hcd.c ****   *  @brief   HCD IO operation functions
 358:Drivers/STM32F4xx_HAL_Driver/Src/stm32f4xx_hal_hcd.c ****   *
 359:Drivers/STM32F4xx_HAL_Driver/Src/stm32f4xx_hal_hcd.c **** @verbatim
 360:Drivers/STM32F4xx_HAL_Driver/Src/stm32f4xx_hal_hcd.c ****  ===============================================================================
 361:Drivers/STM32F4xx_HAL_Driver/Src/stm32f4xx_hal_hcd.c ****                       ##### IO operation functions #####
 362:Drivers/STM32F4xx_HAL_Driver/Src/stm32f4xx_hal_hcd.c ****  ===============================================================================
 363:Drivers/STM32F4xx_HAL_Driver/Src/stm32f4xx_hal_hcd.c ****  [..] This subsection provides a set of functions allowing to manage the USB Host Data
 364:Drivers/STM32F4xx_HAL_Driver/Src/stm32f4xx_hal_hcd.c ****     Transfer
 365:Drivers/STM32F4xx_HAL_Driver/Src/stm32f4xx_hal_hcd.c **** 
 366:Drivers/STM32F4xx_HAL_Driver/Src/stm32f4xx_hal_hcd.c **** @endverbatim
 367:Drivers/STM32F4xx_HAL_Driver/Src/stm32f4xx_hal_hcd.c ****   * @{
 368:Drivers/STM32F4xx_HAL_Driver/Src/stm32f4xx_hal_hcd.c ****   */
 369:Drivers/STM32F4xx_HAL_Driver/Src/stm32f4xx_hal_hcd.c **** 
 370:Drivers/STM32F4xx_HAL_Driver/Src/stm32f4xx_hal_hcd.c **** /**
 371:Drivers/STM32F4xx_HAL_Driver/Src/stm32f4xx_hal_hcd.c ****   * @brief  Submit a new URB for processing.
 372:Drivers/STM32F4xx_HAL_Driver/Src/stm32f4xx_hal_hcd.c ****   * @param  hhcd HCD handle
ARM GAS  /tmp/ccPw2T3W.s 			page 8


 373:Drivers/STM32F4xx_HAL_Driver/Src/stm32f4xx_hal_hcd.c ****   * @param  ch_num Channel number.
 374:Drivers/STM32F4xx_HAL_Driver/Src/stm32f4xx_hal_hcd.c ****   *         This parameter can be a value from 1 to 15
 375:Drivers/STM32F4xx_HAL_Driver/Src/stm32f4xx_hal_hcd.c ****   * @param  direction Channel number.
 376:Drivers/STM32F4xx_HAL_Driver/Src/stm32f4xx_hal_hcd.c ****   *          This parameter can be one of these values:
 377:Drivers/STM32F4xx_HAL_Driver/Src/stm32f4xx_hal_hcd.c ****   *           0 : Output / 1 : Input
 378:Drivers/STM32F4xx_HAL_Driver/Src/stm32f4xx_hal_hcd.c ****   * @param  ep_type Endpoint Type.
 379:Drivers/STM32F4xx_HAL_Driver/Src/stm32f4xx_hal_hcd.c ****   *          This parameter can be one of these values:
 380:Drivers/STM32F4xx_HAL_Driver/Src/stm32f4xx_hal_hcd.c ****   *            EP_TYPE_CTRL: Control type/
 381:Drivers/STM32F4xx_HAL_Driver/Src/stm32f4xx_hal_hcd.c ****   *            EP_TYPE_ISOC: Isochronous type/
 382:Drivers/STM32F4xx_HAL_Driver/Src/stm32f4xx_hal_hcd.c ****   *            EP_TYPE_BULK: Bulk type/
 383:Drivers/STM32F4xx_HAL_Driver/Src/stm32f4xx_hal_hcd.c ****   *            EP_TYPE_INTR: Interrupt type/
 384:Drivers/STM32F4xx_HAL_Driver/Src/stm32f4xx_hal_hcd.c ****   * @param  token Endpoint Type.
 385:Drivers/STM32F4xx_HAL_Driver/Src/stm32f4xx_hal_hcd.c ****   *          This parameter can be one of these values:
 386:Drivers/STM32F4xx_HAL_Driver/Src/stm32f4xx_hal_hcd.c ****   *            0: HC_PID_SETUP / 1: HC_PID_DATA1
 387:Drivers/STM32F4xx_HAL_Driver/Src/stm32f4xx_hal_hcd.c ****   * @param  pbuff pointer to URB data
 388:Drivers/STM32F4xx_HAL_Driver/Src/stm32f4xx_hal_hcd.c ****   * @param  length Length of URB data
 389:Drivers/STM32F4xx_HAL_Driver/Src/stm32f4xx_hal_hcd.c ****   * @param  do_ping activate do ping protocol (for high speed only).
 390:Drivers/STM32F4xx_HAL_Driver/Src/stm32f4xx_hal_hcd.c ****   *          This parameter can be one of these values:
 391:Drivers/STM32F4xx_HAL_Driver/Src/stm32f4xx_hal_hcd.c ****   *           0 : do ping inactive / 1 : do ping active
 392:Drivers/STM32F4xx_HAL_Driver/Src/stm32f4xx_hal_hcd.c ****   * @retval HAL status
 393:Drivers/STM32F4xx_HAL_Driver/Src/stm32f4xx_hal_hcd.c ****   */
 394:Drivers/STM32F4xx_HAL_Driver/Src/stm32f4xx_hal_hcd.c **** HAL_StatusTypeDef HAL_HCD_HC_SubmitRequest(HCD_HandleTypeDef *hhcd,
 395:Drivers/STM32F4xx_HAL_Driver/Src/stm32f4xx_hal_hcd.c ****                                            uint8_t ch_num,
 396:Drivers/STM32F4xx_HAL_Driver/Src/stm32f4xx_hal_hcd.c ****                                            uint8_t direction,
 397:Drivers/STM32F4xx_HAL_Driver/Src/stm32f4xx_hal_hcd.c ****                                            uint8_t ep_type,
 398:Drivers/STM32F4xx_HAL_Driver/Src/stm32f4xx_hal_hcd.c ****                                            uint8_t token,
 399:Drivers/STM32F4xx_HAL_Driver/Src/stm32f4xx_hal_hcd.c ****                                            uint8_t *pbuff,
 400:Drivers/STM32F4xx_HAL_Driver/Src/stm32f4xx_hal_hcd.c ****                                            uint16_t length,
 401:Drivers/STM32F4xx_HAL_Driver/Src/stm32f4xx_hal_hcd.c ****                                            uint8_t do_ping)
 402:Drivers/STM32F4xx_HAL_Driver/Src/stm32f4xx_hal_hcd.c **** {
 403:Drivers/STM32F4xx_HAL_Driver/Src/stm32f4xx_hal_hcd.c ****   hhcd->hc[ch_num].ep_is_in = direction;
 404:Drivers/STM32F4xx_HAL_Driver/Src/stm32f4xx_hal_hcd.c ****   hhcd->hc[ch_num].ep_type  = ep_type;
 405:Drivers/STM32F4xx_HAL_Driver/Src/stm32f4xx_hal_hcd.c **** 
 406:Drivers/STM32F4xx_HAL_Driver/Src/stm32f4xx_hal_hcd.c ****   if (token == 0U)
 407:Drivers/STM32F4xx_HAL_Driver/Src/stm32f4xx_hal_hcd.c ****   {
 408:Drivers/STM32F4xx_HAL_Driver/Src/stm32f4xx_hal_hcd.c ****     hhcd->hc[ch_num].data_pid = HC_PID_SETUP;
 409:Drivers/STM32F4xx_HAL_Driver/Src/stm32f4xx_hal_hcd.c ****     hhcd->hc[ch_num].do_ping = do_ping;
 410:Drivers/STM32F4xx_HAL_Driver/Src/stm32f4xx_hal_hcd.c ****   }
 411:Drivers/STM32F4xx_HAL_Driver/Src/stm32f4xx_hal_hcd.c ****   else
 412:Drivers/STM32F4xx_HAL_Driver/Src/stm32f4xx_hal_hcd.c ****   {
 413:Drivers/STM32F4xx_HAL_Driver/Src/stm32f4xx_hal_hcd.c ****     hhcd->hc[ch_num].data_pid = HC_PID_DATA1;
 414:Drivers/STM32F4xx_HAL_Driver/Src/stm32f4xx_hal_hcd.c ****   }
 415:Drivers/STM32F4xx_HAL_Driver/Src/stm32f4xx_hal_hcd.c **** 
 416:Drivers/STM32F4xx_HAL_Driver/Src/stm32f4xx_hal_hcd.c ****   /* Manage Data Toggle */
 417:Drivers/STM32F4xx_HAL_Driver/Src/stm32f4xx_hal_hcd.c ****   switch (ep_type)
 418:Drivers/STM32F4xx_HAL_Driver/Src/stm32f4xx_hal_hcd.c ****   {
 419:Drivers/STM32F4xx_HAL_Driver/Src/stm32f4xx_hal_hcd.c ****     case EP_TYPE_CTRL:
 420:Drivers/STM32F4xx_HAL_Driver/Src/stm32f4xx_hal_hcd.c ****       if (token == 1U) /* send data */
 421:Drivers/STM32F4xx_HAL_Driver/Src/stm32f4xx_hal_hcd.c ****       {
 422:Drivers/STM32F4xx_HAL_Driver/Src/stm32f4xx_hal_hcd.c ****         if (direction == 0U)
 423:Drivers/STM32F4xx_HAL_Driver/Src/stm32f4xx_hal_hcd.c ****         {
 424:Drivers/STM32F4xx_HAL_Driver/Src/stm32f4xx_hal_hcd.c ****           if (length == 0U)
 425:Drivers/STM32F4xx_HAL_Driver/Src/stm32f4xx_hal_hcd.c ****           {
 426:Drivers/STM32F4xx_HAL_Driver/Src/stm32f4xx_hal_hcd.c ****             /* For Status OUT stage, Length == 0U, Status Out PID = 1 */
 427:Drivers/STM32F4xx_HAL_Driver/Src/stm32f4xx_hal_hcd.c ****             hhcd->hc[ch_num].toggle_out = 1U;
 428:Drivers/STM32F4xx_HAL_Driver/Src/stm32f4xx_hal_hcd.c ****           }
 429:Drivers/STM32F4xx_HAL_Driver/Src/stm32f4xx_hal_hcd.c **** 
ARM GAS  /tmp/ccPw2T3W.s 			page 9


 430:Drivers/STM32F4xx_HAL_Driver/Src/stm32f4xx_hal_hcd.c ****           /* Set the Data Toggle bit as per the Flag */
 431:Drivers/STM32F4xx_HAL_Driver/Src/stm32f4xx_hal_hcd.c ****           if (hhcd->hc[ch_num].toggle_out == 0U)
 432:Drivers/STM32F4xx_HAL_Driver/Src/stm32f4xx_hal_hcd.c ****           {
 433:Drivers/STM32F4xx_HAL_Driver/Src/stm32f4xx_hal_hcd.c ****             /* Put the PID 0 */
 434:Drivers/STM32F4xx_HAL_Driver/Src/stm32f4xx_hal_hcd.c ****             hhcd->hc[ch_num].data_pid = HC_PID_DATA0;
 435:Drivers/STM32F4xx_HAL_Driver/Src/stm32f4xx_hal_hcd.c ****           }
 436:Drivers/STM32F4xx_HAL_Driver/Src/stm32f4xx_hal_hcd.c ****           else
 437:Drivers/STM32F4xx_HAL_Driver/Src/stm32f4xx_hal_hcd.c ****           {
 438:Drivers/STM32F4xx_HAL_Driver/Src/stm32f4xx_hal_hcd.c ****             /* Put the PID 1 */
 439:Drivers/STM32F4xx_HAL_Driver/Src/stm32f4xx_hal_hcd.c ****             hhcd->hc[ch_num].data_pid = HC_PID_DATA1;
 440:Drivers/STM32F4xx_HAL_Driver/Src/stm32f4xx_hal_hcd.c ****           }
 441:Drivers/STM32F4xx_HAL_Driver/Src/stm32f4xx_hal_hcd.c ****         }
 442:Drivers/STM32F4xx_HAL_Driver/Src/stm32f4xx_hal_hcd.c ****         else
 443:Drivers/STM32F4xx_HAL_Driver/Src/stm32f4xx_hal_hcd.c ****         {
 444:Drivers/STM32F4xx_HAL_Driver/Src/stm32f4xx_hal_hcd.c ****           if (hhcd->hc[ch_num].do_ssplit == 1U)
 445:Drivers/STM32F4xx_HAL_Driver/Src/stm32f4xx_hal_hcd.c ****           {
 446:Drivers/STM32F4xx_HAL_Driver/Src/stm32f4xx_hal_hcd.c ****             if (hhcd->hc[ch_num].toggle_in == 0U)
 447:Drivers/STM32F4xx_HAL_Driver/Src/stm32f4xx_hal_hcd.c ****             {
 448:Drivers/STM32F4xx_HAL_Driver/Src/stm32f4xx_hal_hcd.c ****               hhcd->hc[ch_num].data_pid = HC_PID_DATA0;
 449:Drivers/STM32F4xx_HAL_Driver/Src/stm32f4xx_hal_hcd.c ****             }
 450:Drivers/STM32F4xx_HAL_Driver/Src/stm32f4xx_hal_hcd.c ****             else
 451:Drivers/STM32F4xx_HAL_Driver/Src/stm32f4xx_hal_hcd.c ****             {
 452:Drivers/STM32F4xx_HAL_Driver/Src/stm32f4xx_hal_hcd.c ****               hhcd->hc[ch_num].data_pid = HC_PID_DATA1;
 453:Drivers/STM32F4xx_HAL_Driver/Src/stm32f4xx_hal_hcd.c ****             }
 454:Drivers/STM32F4xx_HAL_Driver/Src/stm32f4xx_hal_hcd.c ****           }
 455:Drivers/STM32F4xx_HAL_Driver/Src/stm32f4xx_hal_hcd.c ****         }
 456:Drivers/STM32F4xx_HAL_Driver/Src/stm32f4xx_hal_hcd.c ****       }
 457:Drivers/STM32F4xx_HAL_Driver/Src/stm32f4xx_hal_hcd.c ****       break;
 458:Drivers/STM32F4xx_HAL_Driver/Src/stm32f4xx_hal_hcd.c **** 
 459:Drivers/STM32F4xx_HAL_Driver/Src/stm32f4xx_hal_hcd.c ****     case EP_TYPE_BULK:
 460:Drivers/STM32F4xx_HAL_Driver/Src/stm32f4xx_hal_hcd.c ****       if (direction == 0U)
 461:Drivers/STM32F4xx_HAL_Driver/Src/stm32f4xx_hal_hcd.c ****       {
 462:Drivers/STM32F4xx_HAL_Driver/Src/stm32f4xx_hal_hcd.c ****         /* Set the Data Toggle bit as per the Flag */
 463:Drivers/STM32F4xx_HAL_Driver/Src/stm32f4xx_hal_hcd.c ****         if (hhcd->hc[ch_num].toggle_out == 0U)
 464:Drivers/STM32F4xx_HAL_Driver/Src/stm32f4xx_hal_hcd.c ****         {
 465:Drivers/STM32F4xx_HAL_Driver/Src/stm32f4xx_hal_hcd.c ****           /* Put the PID 0 */
 466:Drivers/STM32F4xx_HAL_Driver/Src/stm32f4xx_hal_hcd.c ****           hhcd->hc[ch_num].data_pid = HC_PID_DATA0;
 467:Drivers/STM32F4xx_HAL_Driver/Src/stm32f4xx_hal_hcd.c ****         }
 468:Drivers/STM32F4xx_HAL_Driver/Src/stm32f4xx_hal_hcd.c ****         else
 469:Drivers/STM32F4xx_HAL_Driver/Src/stm32f4xx_hal_hcd.c ****         {
 470:Drivers/STM32F4xx_HAL_Driver/Src/stm32f4xx_hal_hcd.c ****           /* Put the PID 1 */
 471:Drivers/STM32F4xx_HAL_Driver/Src/stm32f4xx_hal_hcd.c ****           hhcd->hc[ch_num].data_pid = HC_PID_DATA1;
 472:Drivers/STM32F4xx_HAL_Driver/Src/stm32f4xx_hal_hcd.c ****         }
 473:Drivers/STM32F4xx_HAL_Driver/Src/stm32f4xx_hal_hcd.c ****       }
 474:Drivers/STM32F4xx_HAL_Driver/Src/stm32f4xx_hal_hcd.c ****       else
 475:Drivers/STM32F4xx_HAL_Driver/Src/stm32f4xx_hal_hcd.c ****       {
 476:Drivers/STM32F4xx_HAL_Driver/Src/stm32f4xx_hal_hcd.c ****         if (hhcd->hc[ch_num].toggle_in == 0U)
 477:Drivers/STM32F4xx_HAL_Driver/Src/stm32f4xx_hal_hcd.c ****         {
 478:Drivers/STM32F4xx_HAL_Driver/Src/stm32f4xx_hal_hcd.c ****           hhcd->hc[ch_num].data_pid = HC_PID_DATA0;
 479:Drivers/STM32F4xx_HAL_Driver/Src/stm32f4xx_hal_hcd.c ****         }
 480:Drivers/STM32F4xx_HAL_Driver/Src/stm32f4xx_hal_hcd.c ****         else
 481:Drivers/STM32F4xx_HAL_Driver/Src/stm32f4xx_hal_hcd.c ****         {
 482:Drivers/STM32F4xx_HAL_Driver/Src/stm32f4xx_hal_hcd.c ****           hhcd->hc[ch_num].data_pid = HC_PID_DATA1;
 483:Drivers/STM32F4xx_HAL_Driver/Src/stm32f4xx_hal_hcd.c ****         }
 484:Drivers/STM32F4xx_HAL_Driver/Src/stm32f4xx_hal_hcd.c ****       }
 485:Drivers/STM32F4xx_HAL_Driver/Src/stm32f4xx_hal_hcd.c **** 
 486:Drivers/STM32F4xx_HAL_Driver/Src/stm32f4xx_hal_hcd.c ****       break;
ARM GAS  /tmp/ccPw2T3W.s 			page 10


 487:Drivers/STM32F4xx_HAL_Driver/Src/stm32f4xx_hal_hcd.c ****     case EP_TYPE_INTR:
 488:Drivers/STM32F4xx_HAL_Driver/Src/stm32f4xx_hal_hcd.c ****       if (direction == 0U)
 489:Drivers/STM32F4xx_HAL_Driver/Src/stm32f4xx_hal_hcd.c ****       {
 490:Drivers/STM32F4xx_HAL_Driver/Src/stm32f4xx_hal_hcd.c ****         /* Set the Data Toggle bit as per the Flag */
 491:Drivers/STM32F4xx_HAL_Driver/Src/stm32f4xx_hal_hcd.c ****         if (hhcd->hc[ch_num].toggle_out == 0U)
 492:Drivers/STM32F4xx_HAL_Driver/Src/stm32f4xx_hal_hcd.c ****         {
 493:Drivers/STM32F4xx_HAL_Driver/Src/stm32f4xx_hal_hcd.c ****           /* Put the PID 0 */
 494:Drivers/STM32F4xx_HAL_Driver/Src/stm32f4xx_hal_hcd.c ****           hhcd->hc[ch_num].data_pid = HC_PID_DATA0;
 495:Drivers/STM32F4xx_HAL_Driver/Src/stm32f4xx_hal_hcd.c ****         }
 496:Drivers/STM32F4xx_HAL_Driver/Src/stm32f4xx_hal_hcd.c ****         else
 497:Drivers/STM32F4xx_HAL_Driver/Src/stm32f4xx_hal_hcd.c ****         {
 498:Drivers/STM32F4xx_HAL_Driver/Src/stm32f4xx_hal_hcd.c ****           /* Put the PID 1 */
 499:Drivers/STM32F4xx_HAL_Driver/Src/stm32f4xx_hal_hcd.c ****           hhcd->hc[ch_num].data_pid = HC_PID_DATA1;
 500:Drivers/STM32F4xx_HAL_Driver/Src/stm32f4xx_hal_hcd.c ****         }
 501:Drivers/STM32F4xx_HAL_Driver/Src/stm32f4xx_hal_hcd.c ****       }
 502:Drivers/STM32F4xx_HAL_Driver/Src/stm32f4xx_hal_hcd.c ****       else
 503:Drivers/STM32F4xx_HAL_Driver/Src/stm32f4xx_hal_hcd.c ****       {
 504:Drivers/STM32F4xx_HAL_Driver/Src/stm32f4xx_hal_hcd.c ****         if (hhcd->hc[ch_num].toggle_in == 0U)
 505:Drivers/STM32F4xx_HAL_Driver/Src/stm32f4xx_hal_hcd.c ****         {
 506:Drivers/STM32F4xx_HAL_Driver/Src/stm32f4xx_hal_hcd.c ****           hhcd->hc[ch_num].data_pid = HC_PID_DATA0;
 507:Drivers/STM32F4xx_HAL_Driver/Src/stm32f4xx_hal_hcd.c ****         }
 508:Drivers/STM32F4xx_HAL_Driver/Src/stm32f4xx_hal_hcd.c ****         else
 509:Drivers/STM32F4xx_HAL_Driver/Src/stm32f4xx_hal_hcd.c ****         {
 510:Drivers/STM32F4xx_HAL_Driver/Src/stm32f4xx_hal_hcd.c ****           hhcd->hc[ch_num].data_pid = HC_PID_DATA1;
 511:Drivers/STM32F4xx_HAL_Driver/Src/stm32f4xx_hal_hcd.c ****         }
 512:Drivers/STM32F4xx_HAL_Driver/Src/stm32f4xx_hal_hcd.c ****       }
 513:Drivers/STM32F4xx_HAL_Driver/Src/stm32f4xx_hal_hcd.c ****       break;
 514:Drivers/STM32F4xx_HAL_Driver/Src/stm32f4xx_hal_hcd.c **** 
 515:Drivers/STM32F4xx_HAL_Driver/Src/stm32f4xx_hal_hcd.c ****     case EP_TYPE_ISOC:
 516:Drivers/STM32F4xx_HAL_Driver/Src/stm32f4xx_hal_hcd.c ****       hhcd->hc[ch_num].data_pid = HC_PID_DATA0;
 517:Drivers/STM32F4xx_HAL_Driver/Src/stm32f4xx_hal_hcd.c ****       break;
 518:Drivers/STM32F4xx_HAL_Driver/Src/stm32f4xx_hal_hcd.c **** 
 519:Drivers/STM32F4xx_HAL_Driver/Src/stm32f4xx_hal_hcd.c ****     default:
 520:Drivers/STM32F4xx_HAL_Driver/Src/stm32f4xx_hal_hcd.c ****       break;
 521:Drivers/STM32F4xx_HAL_Driver/Src/stm32f4xx_hal_hcd.c ****   }
 522:Drivers/STM32F4xx_HAL_Driver/Src/stm32f4xx_hal_hcd.c **** 
 523:Drivers/STM32F4xx_HAL_Driver/Src/stm32f4xx_hal_hcd.c ****   hhcd->hc[ch_num].xfer_buff = pbuff;
 524:Drivers/STM32F4xx_HAL_Driver/Src/stm32f4xx_hal_hcd.c ****   hhcd->hc[ch_num].xfer_len  = length;
 525:Drivers/STM32F4xx_HAL_Driver/Src/stm32f4xx_hal_hcd.c ****   hhcd->hc[ch_num].urb_state = URB_IDLE;
 526:Drivers/STM32F4xx_HAL_Driver/Src/stm32f4xx_hal_hcd.c ****   hhcd->hc[ch_num].xfer_count = 0U;
 527:Drivers/STM32F4xx_HAL_Driver/Src/stm32f4xx_hal_hcd.c ****   hhcd->hc[ch_num].ch_num = ch_num;
 528:Drivers/STM32F4xx_HAL_Driver/Src/stm32f4xx_hal_hcd.c ****   hhcd->hc[ch_num].state = HC_IDLE;
 529:Drivers/STM32F4xx_HAL_Driver/Src/stm32f4xx_hal_hcd.c **** 
 530:Drivers/STM32F4xx_HAL_Driver/Src/stm32f4xx_hal_hcd.c ****   return USB_HC_StartXfer(hhcd->Instance, &hhcd->hc[ch_num], (uint8_t)hhcd->Init.dma_enable);
 531:Drivers/STM32F4xx_HAL_Driver/Src/stm32f4xx_hal_hcd.c **** }
 532:Drivers/STM32F4xx_HAL_Driver/Src/stm32f4xx_hal_hcd.c **** 
 533:Drivers/STM32F4xx_HAL_Driver/Src/stm32f4xx_hal_hcd.c **** /**
 534:Drivers/STM32F4xx_HAL_Driver/Src/stm32f4xx_hal_hcd.c ****   * @brief  Handle HCD interrupt request.
 535:Drivers/STM32F4xx_HAL_Driver/Src/stm32f4xx_hal_hcd.c ****   * @param  hhcd HCD handle
 536:Drivers/STM32F4xx_HAL_Driver/Src/stm32f4xx_hal_hcd.c ****   * @retval None
 537:Drivers/STM32F4xx_HAL_Driver/Src/stm32f4xx_hal_hcd.c ****   */
 538:Drivers/STM32F4xx_HAL_Driver/Src/stm32f4xx_hal_hcd.c **** void HAL_HCD_IRQHandler(HCD_HandleTypeDef *hhcd)
 539:Drivers/STM32F4xx_HAL_Driver/Src/stm32f4xx_hal_hcd.c **** {
 540:Drivers/STM32F4xx_HAL_Driver/Src/stm32f4xx_hal_hcd.c ****   USB_OTG_GlobalTypeDef *USBx = hhcd->Instance;
 541:Drivers/STM32F4xx_HAL_Driver/Src/stm32f4xx_hal_hcd.c ****   uint32_t USBx_BASE = (uint32_t)USBx;
 542:Drivers/STM32F4xx_HAL_Driver/Src/stm32f4xx_hal_hcd.c ****   uint32_t i;
 543:Drivers/STM32F4xx_HAL_Driver/Src/stm32f4xx_hal_hcd.c ****   uint32_t interrupt;
ARM GAS  /tmp/ccPw2T3W.s 			page 11


 544:Drivers/STM32F4xx_HAL_Driver/Src/stm32f4xx_hal_hcd.c **** 
 545:Drivers/STM32F4xx_HAL_Driver/Src/stm32f4xx_hal_hcd.c ****   /* Ensure that we are in device mode */
 546:Drivers/STM32F4xx_HAL_Driver/Src/stm32f4xx_hal_hcd.c ****   if (USB_GetMode(hhcd->Instance) == USB_OTG_MODE_HOST)
 547:Drivers/STM32F4xx_HAL_Driver/Src/stm32f4xx_hal_hcd.c ****   {
 548:Drivers/STM32F4xx_HAL_Driver/Src/stm32f4xx_hal_hcd.c ****     /* Avoid spurious interrupt */
 549:Drivers/STM32F4xx_HAL_Driver/Src/stm32f4xx_hal_hcd.c ****     if (__HAL_HCD_IS_INVALID_INTERRUPT(hhcd))
 550:Drivers/STM32F4xx_HAL_Driver/Src/stm32f4xx_hal_hcd.c ****     {
 551:Drivers/STM32F4xx_HAL_Driver/Src/stm32f4xx_hal_hcd.c ****       return;
 552:Drivers/STM32F4xx_HAL_Driver/Src/stm32f4xx_hal_hcd.c ****     }
 553:Drivers/STM32F4xx_HAL_Driver/Src/stm32f4xx_hal_hcd.c **** 
 554:Drivers/STM32F4xx_HAL_Driver/Src/stm32f4xx_hal_hcd.c ****     if (__HAL_HCD_GET_FLAG(hhcd, USB_OTG_GINTSTS_PXFR_INCOMPISOOUT))
 555:Drivers/STM32F4xx_HAL_Driver/Src/stm32f4xx_hal_hcd.c ****     {
 556:Drivers/STM32F4xx_HAL_Driver/Src/stm32f4xx_hal_hcd.c ****       /* Incorrect mode, acknowledge the interrupt */
 557:Drivers/STM32F4xx_HAL_Driver/Src/stm32f4xx_hal_hcd.c ****       __HAL_HCD_CLEAR_FLAG(hhcd, USB_OTG_GINTSTS_PXFR_INCOMPISOOUT);
 558:Drivers/STM32F4xx_HAL_Driver/Src/stm32f4xx_hal_hcd.c ****     }
 559:Drivers/STM32F4xx_HAL_Driver/Src/stm32f4xx_hal_hcd.c **** 
 560:Drivers/STM32F4xx_HAL_Driver/Src/stm32f4xx_hal_hcd.c ****     if (__HAL_HCD_GET_FLAG(hhcd, USB_OTG_GINTSTS_IISOIXFR))
 561:Drivers/STM32F4xx_HAL_Driver/Src/stm32f4xx_hal_hcd.c ****     {
 562:Drivers/STM32F4xx_HAL_Driver/Src/stm32f4xx_hal_hcd.c ****       /* Incorrect mode, acknowledge the interrupt */
 563:Drivers/STM32F4xx_HAL_Driver/Src/stm32f4xx_hal_hcd.c ****       __HAL_HCD_CLEAR_FLAG(hhcd, USB_OTG_GINTSTS_IISOIXFR);
 564:Drivers/STM32F4xx_HAL_Driver/Src/stm32f4xx_hal_hcd.c ****     }
 565:Drivers/STM32F4xx_HAL_Driver/Src/stm32f4xx_hal_hcd.c **** 
 566:Drivers/STM32F4xx_HAL_Driver/Src/stm32f4xx_hal_hcd.c ****     if (__HAL_HCD_GET_FLAG(hhcd, USB_OTG_GINTSTS_PTXFE))
 567:Drivers/STM32F4xx_HAL_Driver/Src/stm32f4xx_hal_hcd.c ****     {
 568:Drivers/STM32F4xx_HAL_Driver/Src/stm32f4xx_hal_hcd.c ****       /* Incorrect mode, acknowledge the interrupt */
 569:Drivers/STM32F4xx_HAL_Driver/Src/stm32f4xx_hal_hcd.c ****       __HAL_HCD_CLEAR_FLAG(hhcd, USB_OTG_GINTSTS_PTXFE);
 570:Drivers/STM32F4xx_HAL_Driver/Src/stm32f4xx_hal_hcd.c ****     }
 571:Drivers/STM32F4xx_HAL_Driver/Src/stm32f4xx_hal_hcd.c **** 
 572:Drivers/STM32F4xx_HAL_Driver/Src/stm32f4xx_hal_hcd.c ****     if (__HAL_HCD_GET_FLAG(hhcd, USB_OTG_GINTSTS_MMIS))
 573:Drivers/STM32F4xx_HAL_Driver/Src/stm32f4xx_hal_hcd.c ****     {
 574:Drivers/STM32F4xx_HAL_Driver/Src/stm32f4xx_hal_hcd.c ****       /* Incorrect mode, acknowledge the interrupt */
 575:Drivers/STM32F4xx_HAL_Driver/Src/stm32f4xx_hal_hcd.c ****       __HAL_HCD_CLEAR_FLAG(hhcd, USB_OTG_GINTSTS_MMIS);
 576:Drivers/STM32F4xx_HAL_Driver/Src/stm32f4xx_hal_hcd.c ****     }
 577:Drivers/STM32F4xx_HAL_Driver/Src/stm32f4xx_hal_hcd.c **** 
 578:Drivers/STM32F4xx_HAL_Driver/Src/stm32f4xx_hal_hcd.c ****     /* Handle Host Disconnect Interrupts */
 579:Drivers/STM32F4xx_HAL_Driver/Src/stm32f4xx_hal_hcd.c ****     if (__HAL_HCD_GET_FLAG(hhcd, USB_OTG_GINTSTS_DISCINT))
 580:Drivers/STM32F4xx_HAL_Driver/Src/stm32f4xx_hal_hcd.c ****     {
 581:Drivers/STM32F4xx_HAL_Driver/Src/stm32f4xx_hal_hcd.c ****       __HAL_HCD_CLEAR_FLAG(hhcd, USB_OTG_GINTSTS_DISCINT);
 582:Drivers/STM32F4xx_HAL_Driver/Src/stm32f4xx_hal_hcd.c **** 
 583:Drivers/STM32F4xx_HAL_Driver/Src/stm32f4xx_hal_hcd.c ****       if ((USBx_HPRT0 & USB_OTG_HPRT_PCSTS) == 0U)
 584:Drivers/STM32F4xx_HAL_Driver/Src/stm32f4xx_hal_hcd.c ****       {
 585:Drivers/STM32F4xx_HAL_Driver/Src/stm32f4xx_hal_hcd.c ****         /* Flush USB Fifo */
 586:Drivers/STM32F4xx_HAL_Driver/Src/stm32f4xx_hal_hcd.c ****         (void)USB_FlushTxFifo(USBx, 0x10U);
 587:Drivers/STM32F4xx_HAL_Driver/Src/stm32f4xx_hal_hcd.c ****         (void)USB_FlushRxFifo(USBx);
 588:Drivers/STM32F4xx_HAL_Driver/Src/stm32f4xx_hal_hcd.c **** 
 589:Drivers/STM32F4xx_HAL_Driver/Src/stm32f4xx_hal_hcd.c ****         if (hhcd->Init.phy_itface == USB_OTG_EMBEDDED_PHY)
 590:Drivers/STM32F4xx_HAL_Driver/Src/stm32f4xx_hal_hcd.c ****         {
 591:Drivers/STM32F4xx_HAL_Driver/Src/stm32f4xx_hal_hcd.c ****           /* Restore FS Clock */
 592:Drivers/STM32F4xx_HAL_Driver/Src/stm32f4xx_hal_hcd.c ****           (void)USB_InitFSLSPClkSel(hhcd->Instance, HCFG_48_MHZ);
 593:Drivers/STM32F4xx_HAL_Driver/Src/stm32f4xx_hal_hcd.c ****         }
 594:Drivers/STM32F4xx_HAL_Driver/Src/stm32f4xx_hal_hcd.c **** 
 595:Drivers/STM32F4xx_HAL_Driver/Src/stm32f4xx_hal_hcd.c ****         /* Handle Host Port Disconnect Interrupt */
 596:Drivers/STM32F4xx_HAL_Driver/Src/stm32f4xx_hal_hcd.c **** #if (USE_HAL_HCD_REGISTER_CALLBACKS == 1U)
 597:Drivers/STM32F4xx_HAL_Driver/Src/stm32f4xx_hal_hcd.c ****         hhcd->DisconnectCallback(hhcd);
 598:Drivers/STM32F4xx_HAL_Driver/Src/stm32f4xx_hal_hcd.c **** #else
 599:Drivers/STM32F4xx_HAL_Driver/Src/stm32f4xx_hal_hcd.c ****         HAL_HCD_Disconnect_Callback(hhcd);
 600:Drivers/STM32F4xx_HAL_Driver/Src/stm32f4xx_hal_hcd.c **** #endif /* USE_HAL_HCD_REGISTER_CALLBACKS */
ARM GAS  /tmp/ccPw2T3W.s 			page 12


 601:Drivers/STM32F4xx_HAL_Driver/Src/stm32f4xx_hal_hcd.c ****       }
 602:Drivers/STM32F4xx_HAL_Driver/Src/stm32f4xx_hal_hcd.c ****     }
 603:Drivers/STM32F4xx_HAL_Driver/Src/stm32f4xx_hal_hcd.c **** 
 604:Drivers/STM32F4xx_HAL_Driver/Src/stm32f4xx_hal_hcd.c ****     /* Handle Host Port Interrupts */
 605:Drivers/STM32F4xx_HAL_Driver/Src/stm32f4xx_hal_hcd.c ****     if (__HAL_HCD_GET_FLAG(hhcd, USB_OTG_GINTSTS_HPRTINT))
 606:Drivers/STM32F4xx_HAL_Driver/Src/stm32f4xx_hal_hcd.c ****     {
 607:Drivers/STM32F4xx_HAL_Driver/Src/stm32f4xx_hal_hcd.c ****       HCD_Port_IRQHandler(hhcd);
 608:Drivers/STM32F4xx_HAL_Driver/Src/stm32f4xx_hal_hcd.c ****     }
 609:Drivers/STM32F4xx_HAL_Driver/Src/stm32f4xx_hal_hcd.c **** 
 610:Drivers/STM32F4xx_HAL_Driver/Src/stm32f4xx_hal_hcd.c ****     /* Handle Host SOF Interrupt */
 611:Drivers/STM32F4xx_HAL_Driver/Src/stm32f4xx_hal_hcd.c ****     if (__HAL_HCD_GET_FLAG(hhcd, USB_OTG_GINTSTS_SOF))
 612:Drivers/STM32F4xx_HAL_Driver/Src/stm32f4xx_hal_hcd.c ****     {
 613:Drivers/STM32F4xx_HAL_Driver/Src/stm32f4xx_hal_hcd.c **** #if (USE_HAL_HCD_REGISTER_CALLBACKS == 1U)
 614:Drivers/STM32F4xx_HAL_Driver/Src/stm32f4xx_hal_hcd.c ****       hhcd->SOFCallback(hhcd);
 615:Drivers/STM32F4xx_HAL_Driver/Src/stm32f4xx_hal_hcd.c **** #else
 616:Drivers/STM32F4xx_HAL_Driver/Src/stm32f4xx_hal_hcd.c ****       HAL_HCD_SOF_Callback(hhcd);
 617:Drivers/STM32F4xx_HAL_Driver/Src/stm32f4xx_hal_hcd.c **** #endif /* USE_HAL_HCD_REGISTER_CALLBACKS */
 618:Drivers/STM32F4xx_HAL_Driver/Src/stm32f4xx_hal_hcd.c **** 
 619:Drivers/STM32F4xx_HAL_Driver/Src/stm32f4xx_hal_hcd.c ****       __HAL_HCD_CLEAR_FLAG(hhcd, USB_OTG_GINTSTS_SOF);
 620:Drivers/STM32F4xx_HAL_Driver/Src/stm32f4xx_hal_hcd.c ****     }
 621:Drivers/STM32F4xx_HAL_Driver/Src/stm32f4xx_hal_hcd.c **** 
 622:Drivers/STM32F4xx_HAL_Driver/Src/stm32f4xx_hal_hcd.c ****     /* Handle Host channel Interrupt */
 623:Drivers/STM32F4xx_HAL_Driver/Src/stm32f4xx_hal_hcd.c ****     if (__HAL_HCD_GET_FLAG(hhcd, USB_OTG_GINTSTS_HCINT))
 624:Drivers/STM32F4xx_HAL_Driver/Src/stm32f4xx_hal_hcd.c ****     {
 625:Drivers/STM32F4xx_HAL_Driver/Src/stm32f4xx_hal_hcd.c ****       interrupt = USB_HC_ReadInterrupt(hhcd->Instance);
 626:Drivers/STM32F4xx_HAL_Driver/Src/stm32f4xx_hal_hcd.c ****       for (i = 0U; i < hhcd->Init.Host_channels; i++)
 627:Drivers/STM32F4xx_HAL_Driver/Src/stm32f4xx_hal_hcd.c ****       {
 628:Drivers/STM32F4xx_HAL_Driver/Src/stm32f4xx_hal_hcd.c ****         if ((interrupt & (1UL << (i & 0xFU))) != 0U)
 629:Drivers/STM32F4xx_HAL_Driver/Src/stm32f4xx_hal_hcd.c ****         {
 630:Drivers/STM32F4xx_HAL_Driver/Src/stm32f4xx_hal_hcd.c ****           if ((USBx_HC(i)->HCCHAR & USB_OTG_HCCHAR_EPDIR) == USB_OTG_HCCHAR_EPDIR)
 631:Drivers/STM32F4xx_HAL_Driver/Src/stm32f4xx_hal_hcd.c ****           {
 632:Drivers/STM32F4xx_HAL_Driver/Src/stm32f4xx_hal_hcd.c ****             HCD_HC_IN_IRQHandler(hhcd, (uint8_t)i);
 633:Drivers/STM32F4xx_HAL_Driver/Src/stm32f4xx_hal_hcd.c ****           }
 634:Drivers/STM32F4xx_HAL_Driver/Src/stm32f4xx_hal_hcd.c ****           else
 635:Drivers/STM32F4xx_HAL_Driver/Src/stm32f4xx_hal_hcd.c ****           {
 636:Drivers/STM32F4xx_HAL_Driver/Src/stm32f4xx_hal_hcd.c ****             HCD_HC_OUT_IRQHandler(hhcd, (uint8_t)i);
 637:Drivers/STM32F4xx_HAL_Driver/Src/stm32f4xx_hal_hcd.c ****           }
 638:Drivers/STM32F4xx_HAL_Driver/Src/stm32f4xx_hal_hcd.c ****         }
 639:Drivers/STM32F4xx_HAL_Driver/Src/stm32f4xx_hal_hcd.c ****       }
 640:Drivers/STM32F4xx_HAL_Driver/Src/stm32f4xx_hal_hcd.c ****       __HAL_HCD_CLEAR_FLAG(hhcd, USB_OTG_GINTSTS_HCINT);
 641:Drivers/STM32F4xx_HAL_Driver/Src/stm32f4xx_hal_hcd.c ****     }
 642:Drivers/STM32F4xx_HAL_Driver/Src/stm32f4xx_hal_hcd.c **** 
 643:Drivers/STM32F4xx_HAL_Driver/Src/stm32f4xx_hal_hcd.c ****     /* Handle Rx Queue Level Interrupts */
 644:Drivers/STM32F4xx_HAL_Driver/Src/stm32f4xx_hal_hcd.c ****     if ((__HAL_HCD_GET_FLAG(hhcd, USB_OTG_GINTSTS_RXFLVL)) != 0U)
 645:Drivers/STM32F4xx_HAL_Driver/Src/stm32f4xx_hal_hcd.c ****     {
 646:Drivers/STM32F4xx_HAL_Driver/Src/stm32f4xx_hal_hcd.c ****       USB_MASK_INTERRUPT(hhcd->Instance, USB_OTG_GINTSTS_RXFLVL);
 647:Drivers/STM32F4xx_HAL_Driver/Src/stm32f4xx_hal_hcd.c **** 
 648:Drivers/STM32F4xx_HAL_Driver/Src/stm32f4xx_hal_hcd.c ****       HCD_RXQLVL_IRQHandler(hhcd);
 649:Drivers/STM32F4xx_HAL_Driver/Src/stm32f4xx_hal_hcd.c **** 
 650:Drivers/STM32F4xx_HAL_Driver/Src/stm32f4xx_hal_hcd.c ****       USB_UNMASK_INTERRUPT(hhcd->Instance, USB_OTG_GINTSTS_RXFLVL);
 651:Drivers/STM32F4xx_HAL_Driver/Src/stm32f4xx_hal_hcd.c ****     }
 652:Drivers/STM32F4xx_HAL_Driver/Src/stm32f4xx_hal_hcd.c ****   }
 653:Drivers/STM32F4xx_HAL_Driver/Src/stm32f4xx_hal_hcd.c **** }
 654:Drivers/STM32F4xx_HAL_Driver/Src/stm32f4xx_hal_hcd.c **** 
 655:Drivers/STM32F4xx_HAL_Driver/Src/stm32f4xx_hal_hcd.c **** 
 656:Drivers/STM32F4xx_HAL_Driver/Src/stm32f4xx_hal_hcd.c **** /**
 657:Drivers/STM32F4xx_HAL_Driver/Src/stm32f4xx_hal_hcd.c ****   * @brief  Handles HCD Wakeup interrupt request.
ARM GAS  /tmp/ccPw2T3W.s 			page 13


 658:Drivers/STM32F4xx_HAL_Driver/Src/stm32f4xx_hal_hcd.c ****   * @param  hhcd HCD handle
 659:Drivers/STM32F4xx_HAL_Driver/Src/stm32f4xx_hal_hcd.c ****   * @retval HAL status
 660:Drivers/STM32F4xx_HAL_Driver/Src/stm32f4xx_hal_hcd.c ****   */
 661:Drivers/STM32F4xx_HAL_Driver/Src/stm32f4xx_hal_hcd.c **** void HAL_HCD_WKUP_IRQHandler(HCD_HandleTypeDef *hhcd)
 662:Drivers/STM32F4xx_HAL_Driver/Src/stm32f4xx_hal_hcd.c **** {
 663:Drivers/STM32F4xx_HAL_Driver/Src/stm32f4xx_hal_hcd.c ****   UNUSED(hhcd);
 664:Drivers/STM32F4xx_HAL_Driver/Src/stm32f4xx_hal_hcd.c **** }
 665:Drivers/STM32F4xx_HAL_Driver/Src/stm32f4xx_hal_hcd.c **** 
 666:Drivers/STM32F4xx_HAL_Driver/Src/stm32f4xx_hal_hcd.c **** 
 667:Drivers/STM32F4xx_HAL_Driver/Src/stm32f4xx_hal_hcd.c **** /**
 668:Drivers/STM32F4xx_HAL_Driver/Src/stm32f4xx_hal_hcd.c ****   * @brief  SOF callback.
 669:Drivers/STM32F4xx_HAL_Driver/Src/stm32f4xx_hal_hcd.c ****   * @param  hhcd HCD handle
 670:Drivers/STM32F4xx_HAL_Driver/Src/stm32f4xx_hal_hcd.c ****   * @retval None
 671:Drivers/STM32F4xx_HAL_Driver/Src/stm32f4xx_hal_hcd.c ****   */
 672:Drivers/STM32F4xx_HAL_Driver/Src/stm32f4xx_hal_hcd.c **** __weak void HAL_HCD_SOF_Callback(HCD_HandleTypeDef *hhcd)
 673:Drivers/STM32F4xx_HAL_Driver/Src/stm32f4xx_hal_hcd.c **** {
 674:Drivers/STM32F4xx_HAL_Driver/Src/stm32f4xx_hal_hcd.c ****   /* Prevent unused argument(s) compilation warning */
 675:Drivers/STM32F4xx_HAL_Driver/Src/stm32f4xx_hal_hcd.c ****   UNUSED(hhcd);
 676:Drivers/STM32F4xx_HAL_Driver/Src/stm32f4xx_hal_hcd.c **** 
 677:Drivers/STM32F4xx_HAL_Driver/Src/stm32f4xx_hal_hcd.c ****   /* NOTE : This function should not be modified, when the callback is needed,
 678:Drivers/STM32F4xx_HAL_Driver/Src/stm32f4xx_hal_hcd.c ****             the HAL_HCD_SOF_Callback could be implemented in the user file
 679:Drivers/STM32F4xx_HAL_Driver/Src/stm32f4xx_hal_hcd.c ****    */
 680:Drivers/STM32F4xx_HAL_Driver/Src/stm32f4xx_hal_hcd.c **** }
 681:Drivers/STM32F4xx_HAL_Driver/Src/stm32f4xx_hal_hcd.c **** 
 682:Drivers/STM32F4xx_HAL_Driver/Src/stm32f4xx_hal_hcd.c **** /**
 683:Drivers/STM32F4xx_HAL_Driver/Src/stm32f4xx_hal_hcd.c ****   * @brief Connection Event callback.
 684:Drivers/STM32F4xx_HAL_Driver/Src/stm32f4xx_hal_hcd.c ****   * @param  hhcd HCD handle
 685:Drivers/STM32F4xx_HAL_Driver/Src/stm32f4xx_hal_hcd.c ****   * @retval None
 686:Drivers/STM32F4xx_HAL_Driver/Src/stm32f4xx_hal_hcd.c ****   */
 687:Drivers/STM32F4xx_HAL_Driver/Src/stm32f4xx_hal_hcd.c **** __weak void HAL_HCD_Connect_Callback(HCD_HandleTypeDef *hhcd)
 688:Drivers/STM32F4xx_HAL_Driver/Src/stm32f4xx_hal_hcd.c **** {
 689:Drivers/STM32F4xx_HAL_Driver/Src/stm32f4xx_hal_hcd.c ****   /* Prevent unused argument(s) compilation warning */
 690:Drivers/STM32F4xx_HAL_Driver/Src/stm32f4xx_hal_hcd.c ****   UNUSED(hhcd);
 691:Drivers/STM32F4xx_HAL_Driver/Src/stm32f4xx_hal_hcd.c **** 
 692:Drivers/STM32F4xx_HAL_Driver/Src/stm32f4xx_hal_hcd.c ****   /* NOTE : This function should not be modified, when the callback is needed,
 693:Drivers/STM32F4xx_HAL_Driver/Src/stm32f4xx_hal_hcd.c ****             the HAL_HCD_Connect_Callback could be implemented in the user file
 694:Drivers/STM32F4xx_HAL_Driver/Src/stm32f4xx_hal_hcd.c ****    */
 695:Drivers/STM32F4xx_HAL_Driver/Src/stm32f4xx_hal_hcd.c **** }
 696:Drivers/STM32F4xx_HAL_Driver/Src/stm32f4xx_hal_hcd.c **** 
 697:Drivers/STM32F4xx_HAL_Driver/Src/stm32f4xx_hal_hcd.c **** /**
 698:Drivers/STM32F4xx_HAL_Driver/Src/stm32f4xx_hal_hcd.c ****   * @brief  Disconnection Event callback.
 699:Drivers/STM32F4xx_HAL_Driver/Src/stm32f4xx_hal_hcd.c ****   * @param  hhcd HCD handle
 700:Drivers/STM32F4xx_HAL_Driver/Src/stm32f4xx_hal_hcd.c ****   * @retval None
 701:Drivers/STM32F4xx_HAL_Driver/Src/stm32f4xx_hal_hcd.c ****   */
 702:Drivers/STM32F4xx_HAL_Driver/Src/stm32f4xx_hal_hcd.c **** __weak void HAL_HCD_Disconnect_Callback(HCD_HandleTypeDef *hhcd)
 703:Drivers/STM32F4xx_HAL_Driver/Src/stm32f4xx_hal_hcd.c **** {
 704:Drivers/STM32F4xx_HAL_Driver/Src/stm32f4xx_hal_hcd.c ****   /* Prevent unused argument(s) compilation warning */
 705:Drivers/STM32F4xx_HAL_Driver/Src/stm32f4xx_hal_hcd.c ****   UNUSED(hhcd);
 706:Drivers/STM32F4xx_HAL_Driver/Src/stm32f4xx_hal_hcd.c **** 
 707:Drivers/STM32F4xx_HAL_Driver/Src/stm32f4xx_hal_hcd.c ****   /* NOTE : This function should not be modified, when the callback is needed,
 708:Drivers/STM32F4xx_HAL_Driver/Src/stm32f4xx_hal_hcd.c ****             the HAL_HCD_Disconnect_Callback could be implemented in the user file
 709:Drivers/STM32F4xx_HAL_Driver/Src/stm32f4xx_hal_hcd.c ****    */
 710:Drivers/STM32F4xx_HAL_Driver/Src/stm32f4xx_hal_hcd.c **** }
 711:Drivers/STM32F4xx_HAL_Driver/Src/stm32f4xx_hal_hcd.c **** 
 712:Drivers/STM32F4xx_HAL_Driver/Src/stm32f4xx_hal_hcd.c **** /**
 713:Drivers/STM32F4xx_HAL_Driver/Src/stm32f4xx_hal_hcd.c ****   * @brief  Port Enabled  Event callback.
 714:Drivers/STM32F4xx_HAL_Driver/Src/stm32f4xx_hal_hcd.c ****   * @param  hhcd HCD handle
ARM GAS  /tmp/ccPw2T3W.s 			page 14


 715:Drivers/STM32F4xx_HAL_Driver/Src/stm32f4xx_hal_hcd.c ****   * @retval None
 716:Drivers/STM32F4xx_HAL_Driver/Src/stm32f4xx_hal_hcd.c ****   */
 717:Drivers/STM32F4xx_HAL_Driver/Src/stm32f4xx_hal_hcd.c **** __weak void HAL_HCD_PortEnabled_Callback(HCD_HandleTypeDef *hhcd)
 718:Drivers/STM32F4xx_HAL_Driver/Src/stm32f4xx_hal_hcd.c **** {
 719:Drivers/STM32F4xx_HAL_Driver/Src/stm32f4xx_hal_hcd.c ****   /* Prevent unused argument(s) compilation warning */
 720:Drivers/STM32F4xx_HAL_Driver/Src/stm32f4xx_hal_hcd.c ****   UNUSED(hhcd);
 721:Drivers/STM32F4xx_HAL_Driver/Src/stm32f4xx_hal_hcd.c **** 
 722:Drivers/STM32F4xx_HAL_Driver/Src/stm32f4xx_hal_hcd.c ****   /* NOTE : This function should not be modified, when the callback is needed,
 723:Drivers/STM32F4xx_HAL_Driver/Src/stm32f4xx_hal_hcd.c ****             the HAL_HCD_Disconnect_Callback could be implemented in the user file
 724:Drivers/STM32F4xx_HAL_Driver/Src/stm32f4xx_hal_hcd.c ****    */
 725:Drivers/STM32F4xx_HAL_Driver/Src/stm32f4xx_hal_hcd.c **** }
 726:Drivers/STM32F4xx_HAL_Driver/Src/stm32f4xx_hal_hcd.c **** 
 727:Drivers/STM32F4xx_HAL_Driver/Src/stm32f4xx_hal_hcd.c **** /**
 728:Drivers/STM32F4xx_HAL_Driver/Src/stm32f4xx_hal_hcd.c ****   * @brief  Port Disabled  Event callback.
 729:Drivers/STM32F4xx_HAL_Driver/Src/stm32f4xx_hal_hcd.c ****   * @param  hhcd HCD handle
 730:Drivers/STM32F4xx_HAL_Driver/Src/stm32f4xx_hal_hcd.c ****   * @retval None
 731:Drivers/STM32F4xx_HAL_Driver/Src/stm32f4xx_hal_hcd.c ****   */
 732:Drivers/STM32F4xx_HAL_Driver/Src/stm32f4xx_hal_hcd.c **** __weak void HAL_HCD_PortDisabled_Callback(HCD_HandleTypeDef *hhcd)
 733:Drivers/STM32F4xx_HAL_Driver/Src/stm32f4xx_hal_hcd.c **** {
 734:Drivers/STM32F4xx_HAL_Driver/Src/stm32f4xx_hal_hcd.c ****   /* Prevent unused argument(s) compilation warning */
 735:Drivers/STM32F4xx_HAL_Driver/Src/stm32f4xx_hal_hcd.c ****   UNUSED(hhcd);
 736:Drivers/STM32F4xx_HAL_Driver/Src/stm32f4xx_hal_hcd.c **** 
 737:Drivers/STM32F4xx_HAL_Driver/Src/stm32f4xx_hal_hcd.c ****   /* NOTE : This function should not be modified, when the callback is needed,
 738:Drivers/STM32F4xx_HAL_Driver/Src/stm32f4xx_hal_hcd.c ****             the HAL_HCD_Disconnect_Callback could be implemented in the user file
 739:Drivers/STM32F4xx_HAL_Driver/Src/stm32f4xx_hal_hcd.c ****    */
 740:Drivers/STM32F4xx_HAL_Driver/Src/stm32f4xx_hal_hcd.c **** }
 741:Drivers/STM32F4xx_HAL_Driver/Src/stm32f4xx_hal_hcd.c **** 
 742:Drivers/STM32F4xx_HAL_Driver/Src/stm32f4xx_hal_hcd.c **** /**
 743:Drivers/STM32F4xx_HAL_Driver/Src/stm32f4xx_hal_hcd.c ****   * @brief  Notify URB state change callback.
 744:Drivers/STM32F4xx_HAL_Driver/Src/stm32f4xx_hal_hcd.c ****   * @param  hhcd HCD handle
 745:Drivers/STM32F4xx_HAL_Driver/Src/stm32f4xx_hal_hcd.c ****   * @param  chnum Channel number.
 746:Drivers/STM32F4xx_HAL_Driver/Src/stm32f4xx_hal_hcd.c ****   *         This parameter can be a value from 1 to 15
 747:Drivers/STM32F4xx_HAL_Driver/Src/stm32f4xx_hal_hcd.c ****   * @param  urb_state:
 748:Drivers/STM32F4xx_HAL_Driver/Src/stm32f4xx_hal_hcd.c ****   *          This parameter can be one of these values:
 749:Drivers/STM32F4xx_HAL_Driver/Src/stm32f4xx_hal_hcd.c ****   *            URB_IDLE/
 750:Drivers/STM32F4xx_HAL_Driver/Src/stm32f4xx_hal_hcd.c ****   *            URB_DONE/
 751:Drivers/STM32F4xx_HAL_Driver/Src/stm32f4xx_hal_hcd.c ****   *            URB_NOTREADY/
 752:Drivers/STM32F4xx_HAL_Driver/Src/stm32f4xx_hal_hcd.c ****   *            URB_NYET/
 753:Drivers/STM32F4xx_HAL_Driver/Src/stm32f4xx_hal_hcd.c ****   *            URB_ERROR/
 754:Drivers/STM32F4xx_HAL_Driver/Src/stm32f4xx_hal_hcd.c ****   *            URB_STALL/
 755:Drivers/STM32F4xx_HAL_Driver/Src/stm32f4xx_hal_hcd.c ****   * @retval None
 756:Drivers/STM32F4xx_HAL_Driver/Src/stm32f4xx_hal_hcd.c ****   */
 757:Drivers/STM32F4xx_HAL_Driver/Src/stm32f4xx_hal_hcd.c **** __weak void HAL_HCD_HC_NotifyURBChange_Callback(HCD_HandleTypeDef *hhcd, uint8_t chnum, HCD_URBStat
 758:Drivers/STM32F4xx_HAL_Driver/Src/stm32f4xx_hal_hcd.c **** {
 759:Drivers/STM32F4xx_HAL_Driver/Src/stm32f4xx_hal_hcd.c ****   /* Prevent unused argument(s) compilation warning */
 760:Drivers/STM32F4xx_HAL_Driver/Src/stm32f4xx_hal_hcd.c ****   UNUSED(hhcd);
 761:Drivers/STM32F4xx_HAL_Driver/Src/stm32f4xx_hal_hcd.c ****   UNUSED(chnum);
 762:Drivers/STM32F4xx_HAL_Driver/Src/stm32f4xx_hal_hcd.c ****   UNUSED(urb_state);
 763:Drivers/STM32F4xx_HAL_Driver/Src/stm32f4xx_hal_hcd.c **** 
 764:Drivers/STM32F4xx_HAL_Driver/Src/stm32f4xx_hal_hcd.c ****   /* NOTE : This function should not be modified, when the callback is needed,
 765:Drivers/STM32F4xx_HAL_Driver/Src/stm32f4xx_hal_hcd.c ****             the HAL_HCD_HC_NotifyURBChange_Callback could be implemented in the user file
 766:Drivers/STM32F4xx_HAL_Driver/Src/stm32f4xx_hal_hcd.c ****    */
 767:Drivers/STM32F4xx_HAL_Driver/Src/stm32f4xx_hal_hcd.c **** }
 768:Drivers/STM32F4xx_HAL_Driver/Src/stm32f4xx_hal_hcd.c **** 
 769:Drivers/STM32F4xx_HAL_Driver/Src/stm32f4xx_hal_hcd.c **** #if (USE_HAL_HCD_REGISTER_CALLBACKS == 1U)
 770:Drivers/STM32F4xx_HAL_Driver/Src/stm32f4xx_hal_hcd.c **** /**
 771:Drivers/STM32F4xx_HAL_Driver/Src/stm32f4xx_hal_hcd.c ****   * @brief  Register a User USB HCD Callback
ARM GAS  /tmp/ccPw2T3W.s 			page 15


 772:Drivers/STM32F4xx_HAL_Driver/Src/stm32f4xx_hal_hcd.c ****   *         To be used instead of the weak predefined callback
 773:Drivers/STM32F4xx_HAL_Driver/Src/stm32f4xx_hal_hcd.c ****   * @param  hhcd USB HCD handle
 774:Drivers/STM32F4xx_HAL_Driver/Src/stm32f4xx_hal_hcd.c ****   * @param  CallbackID ID of the callback to be registered
 775:Drivers/STM32F4xx_HAL_Driver/Src/stm32f4xx_hal_hcd.c ****   *         This parameter can be one of the following values:
 776:Drivers/STM32F4xx_HAL_Driver/Src/stm32f4xx_hal_hcd.c ****   *          @arg @ref HAL_HCD_SOF_CB_ID USB HCD SOF callback ID
 777:Drivers/STM32F4xx_HAL_Driver/Src/stm32f4xx_hal_hcd.c ****   *          @arg @ref HAL_HCD_CONNECT_CB_ID USB HCD Connect callback ID
 778:Drivers/STM32F4xx_HAL_Driver/Src/stm32f4xx_hal_hcd.c ****   *          @arg @ref HAL_HCD_DISCONNECT_CB_ID OTG HCD Disconnect callback ID
 779:Drivers/STM32F4xx_HAL_Driver/Src/stm32f4xx_hal_hcd.c ****   *          @arg @ref HAL_HCD_PORT_ENABLED_CB_ID USB HCD Port Enable callback ID
 780:Drivers/STM32F4xx_HAL_Driver/Src/stm32f4xx_hal_hcd.c ****   *          @arg @ref HAL_HCD_PORT_DISABLED_CB_ID USB HCD Port Disable callback ID
 781:Drivers/STM32F4xx_HAL_Driver/Src/stm32f4xx_hal_hcd.c ****   *          @arg @ref HAL_HCD_MSPINIT_CB_ID MspDeInit callback ID
 782:Drivers/STM32F4xx_HAL_Driver/Src/stm32f4xx_hal_hcd.c ****   *          @arg @ref HAL_HCD_MSPDEINIT_CB_ID MspDeInit callback ID
 783:Drivers/STM32F4xx_HAL_Driver/Src/stm32f4xx_hal_hcd.c ****   * @param  pCallback pointer to the Callback function
 784:Drivers/STM32F4xx_HAL_Driver/Src/stm32f4xx_hal_hcd.c ****   * @retval HAL status
 785:Drivers/STM32F4xx_HAL_Driver/Src/stm32f4xx_hal_hcd.c ****   */
 786:Drivers/STM32F4xx_HAL_Driver/Src/stm32f4xx_hal_hcd.c **** HAL_StatusTypeDef HAL_HCD_RegisterCallback(HCD_HandleTypeDef *hhcd,
 787:Drivers/STM32F4xx_HAL_Driver/Src/stm32f4xx_hal_hcd.c ****                                            HAL_HCD_CallbackIDTypeDef CallbackID,
 788:Drivers/STM32F4xx_HAL_Driver/Src/stm32f4xx_hal_hcd.c ****                                            pHCD_CallbackTypeDef pCallback)
 789:Drivers/STM32F4xx_HAL_Driver/Src/stm32f4xx_hal_hcd.c **** {
 790:Drivers/STM32F4xx_HAL_Driver/Src/stm32f4xx_hal_hcd.c ****   HAL_StatusTypeDef status = HAL_OK;
 791:Drivers/STM32F4xx_HAL_Driver/Src/stm32f4xx_hal_hcd.c **** 
 792:Drivers/STM32F4xx_HAL_Driver/Src/stm32f4xx_hal_hcd.c ****   if (pCallback == NULL)
 793:Drivers/STM32F4xx_HAL_Driver/Src/stm32f4xx_hal_hcd.c ****   {
 794:Drivers/STM32F4xx_HAL_Driver/Src/stm32f4xx_hal_hcd.c ****     /* Update the error code */
 795:Drivers/STM32F4xx_HAL_Driver/Src/stm32f4xx_hal_hcd.c ****     hhcd->ErrorCode |= HAL_HCD_ERROR_INVALID_CALLBACK;
 796:Drivers/STM32F4xx_HAL_Driver/Src/stm32f4xx_hal_hcd.c ****     return HAL_ERROR;
 797:Drivers/STM32F4xx_HAL_Driver/Src/stm32f4xx_hal_hcd.c ****   }
 798:Drivers/STM32F4xx_HAL_Driver/Src/stm32f4xx_hal_hcd.c ****   /* Process locked */
 799:Drivers/STM32F4xx_HAL_Driver/Src/stm32f4xx_hal_hcd.c ****   __HAL_LOCK(hhcd);
 800:Drivers/STM32F4xx_HAL_Driver/Src/stm32f4xx_hal_hcd.c **** 
 801:Drivers/STM32F4xx_HAL_Driver/Src/stm32f4xx_hal_hcd.c ****   if (hhcd->State == HAL_HCD_STATE_READY)
 802:Drivers/STM32F4xx_HAL_Driver/Src/stm32f4xx_hal_hcd.c ****   {
 803:Drivers/STM32F4xx_HAL_Driver/Src/stm32f4xx_hal_hcd.c ****     switch (CallbackID)
 804:Drivers/STM32F4xx_HAL_Driver/Src/stm32f4xx_hal_hcd.c ****     {
 805:Drivers/STM32F4xx_HAL_Driver/Src/stm32f4xx_hal_hcd.c ****       case HAL_HCD_SOF_CB_ID :
 806:Drivers/STM32F4xx_HAL_Driver/Src/stm32f4xx_hal_hcd.c ****         hhcd->SOFCallback = pCallback;
 807:Drivers/STM32F4xx_HAL_Driver/Src/stm32f4xx_hal_hcd.c ****         break;
 808:Drivers/STM32F4xx_HAL_Driver/Src/stm32f4xx_hal_hcd.c **** 
 809:Drivers/STM32F4xx_HAL_Driver/Src/stm32f4xx_hal_hcd.c ****       case HAL_HCD_CONNECT_CB_ID :
 810:Drivers/STM32F4xx_HAL_Driver/Src/stm32f4xx_hal_hcd.c ****         hhcd->ConnectCallback = pCallback;
 811:Drivers/STM32F4xx_HAL_Driver/Src/stm32f4xx_hal_hcd.c ****         break;
 812:Drivers/STM32F4xx_HAL_Driver/Src/stm32f4xx_hal_hcd.c **** 
 813:Drivers/STM32F4xx_HAL_Driver/Src/stm32f4xx_hal_hcd.c ****       case HAL_HCD_DISCONNECT_CB_ID :
 814:Drivers/STM32F4xx_HAL_Driver/Src/stm32f4xx_hal_hcd.c ****         hhcd->DisconnectCallback = pCallback;
 815:Drivers/STM32F4xx_HAL_Driver/Src/stm32f4xx_hal_hcd.c ****         break;
 816:Drivers/STM32F4xx_HAL_Driver/Src/stm32f4xx_hal_hcd.c **** 
 817:Drivers/STM32F4xx_HAL_Driver/Src/stm32f4xx_hal_hcd.c ****       case HAL_HCD_PORT_ENABLED_CB_ID :
 818:Drivers/STM32F4xx_HAL_Driver/Src/stm32f4xx_hal_hcd.c ****         hhcd->PortEnabledCallback = pCallback;
 819:Drivers/STM32F4xx_HAL_Driver/Src/stm32f4xx_hal_hcd.c ****         break;
 820:Drivers/STM32F4xx_HAL_Driver/Src/stm32f4xx_hal_hcd.c **** 
 821:Drivers/STM32F4xx_HAL_Driver/Src/stm32f4xx_hal_hcd.c ****       case HAL_HCD_PORT_DISABLED_CB_ID :
 822:Drivers/STM32F4xx_HAL_Driver/Src/stm32f4xx_hal_hcd.c ****         hhcd->PortDisabledCallback = pCallback;
 823:Drivers/STM32F4xx_HAL_Driver/Src/stm32f4xx_hal_hcd.c ****         break;
 824:Drivers/STM32F4xx_HAL_Driver/Src/stm32f4xx_hal_hcd.c **** 
 825:Drivers/STM32F4xx_HAL_Driver/Src/stm32f4xx_hal_hcd.c ****       case HAL_HCD_MSPINIT_CB_ID :
 826:Drivers/STM32F4xx_HAL_Driver/Src/stm32f4xx_hal_hcd.c ****         hhcd->MspInitCallback = pCallback;
 827:Drivers/STM32F4xx_HAL_Driver/Src/stm32f4xx_hal_hcd.c ****         break;
 828:Drivers/STM32F4xx_HAL_Driver/Src/stm32f4xx_hal_hcd.c **** 
ARM GAS  /tmp/ccPw2T3W.s 			page 16


 829:Drivers/STM32F4xx_HAL_Driver/Src/stm32f4xx_hal_hcd.c ****       case HAL_HCD_MSPDEINIT_CB_ID :
 830:Drivers/STM32F4xx_HAL_Driver/Src/stm32f4xx_hal_hcd.c ****         hhcd->MspDeInitCallback = pCallback;
 831:Drivers/STM32F4xx_HAL_Driver/Src/stm32f4xx_hal_hcd.c ****         break;
 832:Drivers/STM32F4xx_HAL_Driver/Src/stm32f4xx_hal_hcd.c **** 
 833:Drivers/STM32F4xx_HAL_Driver/Src/stm32f4xx_hal_hcd.c ****       default :
 834:Drivers/STM32F4xx_HAL_Driver/Src/stm32f4xx_hal_hcd.c ****         /* Update the error code */
 835:Drivers/STM32F4xx_HAL_Driver/Src/stm32f4xx_hal_hcd.c ****         hhcd->ErrorCode |= HAL_HCD_ERROR_INVALID_CALLBACK;
 836:Drivers/STM32F4xx_HAL_Driver/Src/stm32f4xx_hal_hcd.c ****         /* Return error status */
 837:Drivers/STM32F4xx_HAL_Driver/Src/stm32f4xx_hal_hcd.c ****         status =  HAL_ERROR;
 838:Drivers/STM32F4xx_HAL_Driver/Src/stm32f4xx_hal_hcd.c ****         break;
 839:Drivers/STM32F4xx_HAL_Driver/Src/stm32f4xx_hal_hcd.c ****     }
 840:Drivers/STM32F4xx_HAL_Driver/Src/stm32f4xx_hal_hcd.c ****   }
 841:Drivers/STM32F4xx_HAL_Driver/Src/stm32f4xx_hal_hcd.c ****   else if (hhcd->State == HAL_HCD_STATE_RESET)
 842:Drivers/STM32F4xx_HAL_Driver/Src/stm32f4xx_hal_hcd.c ****   {
 843:Drivers/STM32F4xx_HAL_Driver/Src/stm32f4xx_hal_hcd.c ****     switch (CallbackID)
 844:Drivers/STM32F4xx_HAL_Driver/Src/stm32f4xx_hal_hcd.c ****     {
 845:Drivers/STM32F4xx_HAL_Driver/Src/stm32f4xx_hal_hcd.c ****       case HAL_HCD_MSPINIT_CB_ID :
 846:Drivers/STM32F4xx_HAL_Driver/Src/stm32f4xx_hal_hcd.c ****         hhcd->MspInitCallback = pCallback;
 847:Drivers/STM32F4xx_HAL_Driver/Src/stm32f4xx_hal_hcd.c ****         break;
 848:Drivers/STM32F4xx_HAL_Driver/Src/stm32f4xx_hal_hcd.c **** 
 849:Drivers/STM32F4xx_HAL_Driver/Src/stm32f4xx_hal_hcd.c ****       case HAL_HCD_MSPDEINIT_CB_ID :
 850:Drivers/STM32F4xx_HAL_Driver/Src/stm32f4xx_hal_hcd.c ****         hhcd->MspDeInitCallback = pCallback;
 851:Drivers/STM32F4xx_HAL_Driver/Src/stm32f4xx_hal_hcd.c ****         break;
 852:Drivers/STM32F4xx_HAL_Driver/Src/stm32f4xx_hal_hcd.c **** 
 853:Drivers/STM32F4xx_HAL_Driver/Src/stm32f4xx_hal_hcd.c ****       default :
 854:Drivers/STM32F4xx_HAL_Driver/Src/stm32f4xx_hal_hcd.c ****         /* Update the error code */
 855:Drivers/STM32F4xx_HAL_Driver/Src/stm32f4xx_hal_hcd.c ****         hhcd->ErrorCode |= HAL_HCD_ERROR_INVALID_CALLBACK;
 856:Drivers/STM32F4xx_HAL_Driver/Src/stm32f4xx_hal_hcd.c ****         /* Return error status */
 857:Drivers/STM32F4xx_HAL_Driver/Src/stm32f4xx_hal_hcd.c ****         status =  HAL_ERROR;
 858:Drivers/STM32F4xx_HAL_Driver/Src/stm32f4xx_hal_hcd.c ****         break;
 859:Drivers/STM32F4xx_HAL_Driver/Src/stm32f4xx_hal_hcd.c ****     }
 860:Drivers/STM32F4xx_HAL_Driver/Src/stm32f4xx_hal_hcd.c ****   }
 861:Drivers/STM32F4xx_HAL_Driver/Src/stm32f4xx_hal_hcd.c ****   else
 862:Drivers/STM32F4xx_HAL_Driver/Src/stm32f4xx_hal_hcd.c ****   {
 863:Drivers/STM32F4xx_HAL_Driver/Src/stm32f4xx_hal_hcd.c ****     /* Update the error code */
 864:Drivers/STM32F4xx_HAL_Driver/Src/stm32f4xx_hal_hcd.c ****     hhcd->ErrorCode |= HAL_HCD_ERROR_INVALID_CALLBACK;
 865:Drivers/STM32F4xx_HAL_Driver/Src/stm32f4xx_hal_hcd.c ****     /* Return error status */
 866:Drivers/STM32F4xx_HAL_Driver/Src/stm32f4xx_hal_hcd.c ****     status =  HAL_ERROR;
 867:Drivers/STM32F4xx_HAL_Driver/Src/stm32f4xx_hal_hcd.c ****   }
 868:Drivers/STM32F4xx_HAL_Driver/Src/stm32f4xx_hal_hcd.c **** 
 869:Drivers/STM32F4xx_HAL_Driver/Src/stm32f4xx_hal_hcd.c ****   /* Release Lock */
 870:Drivers/STM32F4xx_HAL_Driver/Src/stm32f4xx_hal_hcd.c ****   __HAL_UNLOCK(hhcd);
 871:Drivers/STM32F4xx_HAL_Driver/Src/stm32f4xx_hal_hcd.c ****   return status;
 872:Drivers/STM32F4xx_HAL_Driver/Src/stm32f4xx_hal_hcd.c **** }
 873:Drivers/STM32F4xx_HAL_Driver/Src/stm32f4xx_hal_hcd.c **** 
 874:Drivers/STM32F4xx_HAL_Driver/Src/stm32f4xx_hal_hcd.c **** /**
 875:Drivers/STM32F4xx_HAL_Driver/Src/stm32f4xx_hal_hcd.c ****   * @brief  Unregister an USB HCD Callback
 876:Drivers/STM32F4xx_HAL_Driver/Src/stm32f4xx_hal_hcd.c ****   *         USB HCD callback is redirected to the weak predefined callback
 877:Drivers/STM32F4xx_HAL_Driver/Src/stm32f4xx_hal_hcd.c ****   * @param  hhcd USB HCD handle
 878:Drivers/STM32F4xx_HAL_Driver/Src/stm32f4xx_hal_hcd.c ****   * @param  CallbackID ID of the callback to be unregistered
 879:Drivers/STM32F4xx_HAL_Driver/Src/stm32f4xx_hal_hcd.c ****   *         This parameter can be one of the following values:
 880:Drivers/STM32F4xx_HAL_Driver/Src/stm32f4xx_hal_hcd.c ****   *          @arg @ref HAL_HCD_SOF_CB_ID USB HCD SOF callback ID
 881:Drivers/STM32F4xx_HAL_Driver/Src/stm32f4xx_hal_hcd.c ****   *          @arg @ref HAL_HCD_CONNECT_CB_ID USB HCD Connect callback ID
 882:Drivers/STM32F4xx_HAL_Driver/Src/stm32f4xx_hal_hcd.c ****   *          @arg @ref HAL_HCD_DISCONNECT_CB_ID OTG HCD Disconnect callback ID
 883:Drivers/STM32F4xx_HAL_Driver/Src/stm32f4xx_hal_hcd.c ****   *          @arg @ref HAL_HCD_PORT_ENABLED_CB_ID USB HCD Port Enabled callback ID
 884:Drivers/STM32F4xx_HAL_Driver/Src/stm32f4xx_hal_hcd.c ****   *          @arg @ref HAL_HCD_PORT_DISABLED_CB_ID USB HCD Port Disabled callback ID
 885:Drivers/STM32F4xx_HAL_Driver/Src/stm32f4xx_hal_hcd.c ****   *          @arg @ref HAL_HCD_MSPINIT_CB_ID MspDeInit callback ID
ARM GAS  /tmp/ccPw2T3W.s 			page 17


 886:Drivers/STM32F4xx_HAL_Driver/Src/stm32f4xx_hal_hcd.c ****   *          @arg @ref HAL_HCD_MSPDEINIT_CB_ID MspDeInit callback ID
 887:Drivers/STM32F4xx_HAL_Driver/Src/stm32f4xx_hal_hcd.c ****   * @retval HAL status
 888:Drivers/STM32F4xx_HAL_Driver/Src/stm32f4xx_hal_hcd.c ****   */
 889:Drivers/STM32F4xx_HAL_Driver/Src/stm32f4xx_hal_hcd.c **** HAL_StatusTypeDef HAL_HCD_UnRegisterCallback(HCD_HandleTypeDef *hhcd, HAL_HCD_CallbackIDTypeDef Cal
 890:Drivers/STM32F4xx_HAL_Driver/Src/stm32f4xx_hal_hcd.c **** {
 891:Drivers/STM32F4xx_HAL_Driver/Src/stm32f4xx_hal_hcd.c ****   HAL_StatusTypeDef status = HAL_OK;
 892:Drivers/STM32F4xx_HAL_Driver/Src/stm32f4xx_hal_hcd.c **** 
 893:Drivers/STM32F4xx_HAL_Driver/Src/stm32f4xx_hal_hcd.c ****   /* Process locked */
 894:Drivers/STM32F4xx_HAL_Driver/Src/stm32f4xx_hal_hcd.c ****   __HAL_LOCK(hhcd);
 895:Drivers/STM32F4xx_HAL_Driver/Src/stm32f4xx_hal_hcd.c **** 
 896:Drivers/STM32F4xx_HAL_Driver/Src/stm32f4xx_hal_hcd.c ****   /* Setup Legacy weak Callbacks  */
 897:Drivers/STM32F4xx_HAL_Driver/Src/stm32f4xx_hal_hcd.c ****   if (hhcd->State == HAL_HCD_STATE_READY)
 898:Drivers/STM32F4xx_HAL_Driver/Src/stm32f4xx_hal_hcd.c ****   {
 899:Drivers/STM32F4xx_HAL_Driver/Src/stm32f4xx_hal_hcd.c ****     switch (CallbackID)
 900:Drivers/STM32F4xx_HAL_Driver/Src/stm32f4xx_hal_hcd.c ****     {
 901:Drivers/STM32F4xx_HAL_Driver/Src/stm32f4xx_hal_hcd.c ****       case HAL_HCD_SOF_CB_ID :
 902:Drivers/STM32F4xx_HAL_Driver/Src/stm32f4xx_hal_hcd.c ****         hhcd->SOFCallback = HAL_HCD_SOF_Callback;
 903:Drivers/STM32F4xx_HAL_Driver/Src/stm32f4xx_hal_hcd.c ****         break;
 904:Drivers/STM32F4xx_HAL_Driver/Src/stm32f4xx_hal_hcd.c **** 
 905:Drivers/STM32F4xx_HAL_Driver/Src/stm32f4xx_hal_hcd.c ****       case HAL_HCD_CONNECT_CB_ID :
 906:Drivers/STM32F4xx_HAL_Driver/Src/stm32f4xx_hal_hcd.c ****         hhcd->ConnectCallback = HAL_HCD_Connect_Callback;
 907:Drivers/STM32F4xx_HAL_Driver/Src/stm32f4xx_hal_hcd.c ****         break;
 908:Drivers/STM32F4xx_HAL_Driver/Src/stm32f4xx_hal_hcd.c **** 
 909:Drivers/STM32F4xx_HAL_Driver/Src/stm32f4xx_hal_hcd.c ****       case HAL_HCD_DISCONNECT_CB_ID :
 910:Drivers/STM32F4xx_HAL_Driver/Src/stm32f4xx_hal_hcd.c ****         hhcd->DisconnectCallback = HAL_HCD_Disconnect_Callback;
 911:Drivers/STM32F4xx_HAL_Driver/Src/stm32f4xx_hal_hcd.c ****         break;
 912:Drivers/STM32F4xx_HAL_Driver/Src/stm32f4xx_hal_hcd.c **** 
 913:Drivers/STM32F4xx_HAL_Driver/Src/stm32f4xx_hal_hcd.c ****       case HAL_HCD_PORT_ENABLED_CB_ID :
 914:Drivers/STM32F4xx_HAL_Driver/Src/stm32f4xx_hal_hcd.c ****         hhcd->PortEnabledCallback = HAL_HCD_PortEnabled_Callback;
 915:Drivers/STM32F4xx_HAL_Driver/Src/stm32f4xx_hal_hcd.c ****         break;
 916:Drivers/STM32F4xx_HAL_Driver/Src/stm32f4xx_hal_hcd.c **** 
 917:Drivers/STM32F4xx_HAL_Driver/Src/stm32f4xx_hal_hcd.c ****       case HAL_HCD_PORT_DISABLED_CB_ID :
 918:Drivers/STM32F4xx_HAL_Driver/Src/stm32f4xx_hal_hcd.c ****         hhcd->PortDisabledCallback = HAL_HCD_PortDisabled_Callback;
 919:Drivers/STM32F4xx_HAL_Driver/Src/stm32f4xx_hal_hcd.c ****         break;
 920:Drivers/STM32F4xx_HAL_Driver/Src/stm32f4xx_hal_hcd.c **** 
 921:Drivers/STM32F4xx_HAL_Driver/Src/stm32f4xx_hal_hcd.c ****       case HAL_HCD_MSPINIT_CB_ID :
 922:Drivers/STM32F4xx_HAL_Driver/Src/stm32f4xx_hal_hcd.c ****         hhcd->MspInitCallback = HAL_HCD_MspInit;
 923:Drivers/STM32F4xx_HAL_Driver/Src/stm32f4xx_hal_hcd.c ****         break;
 924:Drivers/STM32F4xx_HAL_Driver/Src/stm32f4xx_hal_hcd.c **** 
 925:Drivers/STM32F4xx_HAL_Driver/Src/stm32f4xx_hal_hcd.c ****       case HAL_HCD_MSPDEINIT_CB_ID :
 926:Drivers/STM32F4xx_HAL_Driver/Src/stm32f4xx_hal_hcd.c ****         hhcd->MspDeInitCallback = HAL_HCD_MspDeInit;
 927:Drivers/STM32F4xx_HAL_Driver/Src/stm32f4xx_hal_hcd.c ****         break;
 928:Drivers/STM32F4xx_HAL_Driver/Src/stm32f4xx_hal_hcd.c **** 
 929:Drivers/STM32F4xx_HAL_Driver/Src/stm32f4xx_hal_hcd.c ****       default :
 930:Drivers/STM32F4xx_HAL_Driver/Src/stm32f4xx_hal_hcd.c ****         /* Update the error code */
 931:Drivers/STM32F4xx_HAL_Driver/Src/stm32f4xx_hal_hcd.c ****         hhcd->ErrorCode |= HAL_HCD_ERROR_INVALID_CALLBACK;
 932:Drivers/STM32F4xx_HAL_Driver/Src/stm32f4xx_hal_hcd.c **** 
 933:Drivers/STM32F4xx_HAL_Driver/Src/stm32f4xx_hal_hcd.c ****         /* Return error status */
 934:Drivers/STM32F4xx_HAL_Driver/Src/stm32f4xx_hal_hcd.c ****         status =  HAL_ERROR;
 935:Drivers/STM32F4xx_HAL_Driver/Src/stm32f4xx_hal_hcd.c ****         break;
 936:Drivers/STM32F4xx_HAL_Driver/Src/stm32f4xx_hal_hcd.c ****     }
 937:Drivers/STM32F4xx_HAL_Driver/Src/stm32f4xx_hal_hcd.c ****   }
 938:Drivers/STM32F4xx_HAL_Driver/Src/stm32f4xx_hal_hcd.c ****   else if (hhcd->State == HAL_HCD_STATE_RESET)
 939:Drivers/STM32F4xx_HAL_Driver/Src/stm32f4xx_hal_hcd.c ****   {
 940:Drivers/STM32F4xx_HAL_Driver/Src/stm32f4xx_hal_hcd.c ****     switch (CallbackID)
 941:Drivers/STM32F4xx_HAL_Driver/Src/stm32f4xx_hal_hcd.c ****     {
 942:Drivers/STM32F4xx_HAL_Driver/Src/stm32f4xx_hal_hcd.c ****       case HAL_HCD_MSPINIT_CB_ID :
ARM GAS  /tmp/ccPw2T3W.s 			page 18


 943:Drivers/STM32F4xx_HAL_Driver/Src/stm32f4xx_hal_hcd.c ****         hhcd->MspInitCallback = HAL_HCD_MspInit;
 944:Drivers/STM32F4xx_HAL_Driver/Src/stm32f4xx_hal_hcd.c ****         break;
 945:Drivers/STM32F4xx_HAL_Driver/Src/stm32f4xx_hal_hcd.c **** 
 946:Drivers/STM32F4xx_HAL_Driver/Src/stm32f4xx_hal_hcd.c ****       case HAL_HCD_MSPDEINIT_CB_ID :
 947:Drivers/STM32F4xx_HAL_Driver/Src/stm32f4xx_hal_hcd.c ****         hhcd->MspDeInitCallback = HAL_HCD_MspDeInit;
 948:Drivers/STM32F4xx_HAL_Driver/Src/stm32f4xx_hal_hcd.c ****         break;
 949:Drivers/STM32F4xx_HAL_Driver/Src/stm32f4xx_hal_hcd.c **** 
 950:Drivers/STM32F4xx_HAL_Driver/Src/stm32f4xx_hal_hcd.c ****       default :
 951:Drivers/STM32F4xx_HAL_Driver/Src/stm32f4xx_hal_hcd.c ****         /* Update the error code */
 952:Drivers/STM32F4xx_HAL_Driver/Src/stm32f4xx_hal_hcd.c ****         hhcd->ErrorCode |= HAL_HCD_ERROR_INVALID_CALLBACK;
 953:Drivers/STM32F4xx_HAL_Driver/Src/stm32f4xx_hal_hcd.c **** 
 954:Drivers/STM32F4xx_HAL_Driver/Src/stm32f4xx_hal_hcd.c ****         /* Return error status */
 955:Drivers/STM32F4xx_HAL_Driver/Src/stm32f4xx_hal_hcd.c ****         status =  HAL_ERROR;
 956:Drivers/STM32F4xx_HAL_Driver/Src/stm32f4xx_hal_hcd.c ****         break;
 957:Drivers/STM32F4xx_HAL_Driver/Src/stm32f4xx_hal_hcd.c ****     }
 958:Drivers/STM32F4xx_HAL_Driver/Src/stm32f4xx_hal_hcd.c ****   }
 959:Drivers/STM32F4xx_HAL_Driver/Src/stm32f4xx_hal_hcd.c ****   else
 960:Drivers/STM32F4xx_HAL_Driver/Src/stm32f4xx_hal_hcd.c ****   {
 961:Drivers/STM32F4xx_HAL_Driver/Src/stm32f4xx_hal_hcd.c ****     /* Update the error code */
 962:Drivers/STM32F4xx_HAL_Driver/Src/stm32f4xx_hal_hcd.c ****     hhcd->ErrorCode |= HAL_HCD_ERROR_INVALID_CALLBACK;
 963:Drivers/STM32F4xx_HAL_Driver/Src/stm32f4xx_hal_hcd.c **** 
 964:Drivers/STM32F4xx_HAL_Driver/Src/stm32f4xx_hal_hcd.c ****     /* Return error status */
 965:Drivers/STM32F4xx_HAL_Driver/Src/stm32f4xx_hal_hcd.c ****     status =  HAL_ERROR;
 966:Drivers/STM32F4xx_HAL_Driver/Src/stm32f4xx_hal_hcd.c ****   }
 967:Drivers/STM32F4xx_HAL_Driver/Src/stm32f4xx_hal_hcd.c **** 
 968:Drivers/STM32F4xx_HAL_Driver/Src/stm32f4xx_hal_hcd.c ****   /* Release Lock */
 969:Drivers/STM32F4xx_HAL_Driver/Src/stm32f4xx_hal_hcd.c ****   __HAL_UNLOCK(hhcd);
 970:Drivers/STM32F4xx_HAL_Driver/Src/stm32f4xx_hal_hcd.c ****   return status;
 971:Drivers/STM32F4xx_HAL_Driver/Src/stm32f4xx_hal_hcd.c **** }
 972:Drivers/STM32F4xx_HAL_Driver/Src/stm32f4xx_hal_hcd.c **** 
 973:Drivers/STM32F4xx_HAL_Driver/Src/stm32f4xx_hal_hcd.c **** /**
 974:Drivers/STM32F4xx_HAL_Driver/Src/stm32f4xx_hal_hcd.c ****   * @brief  Register USB HCD Host Channel Notify URB Change Callback
 975:Drivers/STM32F4xx_HAL_Driver/Src/stm32f4xx_hal_hcd.c ****   *         To be used instead of the weak HAL_HCD_HC_NotifyURBChange_Callback() predefined callbac
 976:Drivers/STM32F4xx_HAL_Driver/Src/stm32f4xx_hal_hcd.c ****   * @param  hhcd HCD handle
 977:Drivers/STM32F4xx_HAL_Driver/Src/stm32f4xx_hal_hcd.c ****   * @param  pCallback pointer to the USB HCD Host Channel Notify URB Change Callback function
 978:Drivers/STM32F4xx_HAL_Driver/Src/stm32f4xx_hal_hcd.c ****   * @retval HAL status
 979:Drivers/STM32F4xx_HAL_Driver/Src/stm32f4xx_hal_hcd.c ****   */
 980:Drivers/STM32F4xx_HAL_Driver/Src/stm32f4xx_hal_hcd.c **** HAL_StatusTypeDef HAL_HCD_RegisterHC_NotifyURBChangeCallback(HCD_HandleTypeDef *hhcd,
 981:Drivers/STM32F4xx_HAL_Driver/Src/stm32f4xx_hal_hcd.c ****                                                              pHCD_HC_NotifyURBChangeCallbackTypeDef
 982:Drivers/STM32F4xx_HAL_Driver/Src/stm32f4xx_hal_hcd.c **** {
 983:Drivers/STM32F4xx_HAL_Driver/Src/stm32f4xx_hal_hcd.c ****   HAL_StatusTypeDef status = HAL_OK;
 984:Drivers/STM32F4xx_HAL_Driver/Src/stm32f4xx_hal_hcd.c **** 
 985:Drivers/STM32F4xx_HAL_Driver/Src/stm32f4xx_hal_hcd.c ****   if (pCallback == NULL)
 986:Drivers/STM32F4xx_HAL_Driver/Src/stm32f4xx_hal_hcd.c ****   {
 987:Drivers/STM32F4xx_HAL_Driver/Src/stm32f4xx_hal_hcd.c ****     /* Update the error code */
 988:Drivers/STM32F4xx_HAL_Driver/Src/stm32f4xx_hal_hcd.c ****     hhcd->ErrorCode |= HAL_HCD_ERROR_INVALID_CALLBACK;
 989:Drivers/STM32F4xx_HAL_Driver/Src/stm32f4xx_hal_hcd.c **** 
 990:Drivers/STM32F4xx_HAL_Driver/Src/stm32f4xx_hal_hcd.c ****     return HAL_ERROR;
 991:Drivers/STM32F4xx_HAL_Driver/Src/stm32f4xx_hal_hcd.c ****   }
 992:Drivers/STM32F4xx_HAL_Driver/Src/stm32f4xx_hal_hcd.c **** 
 993:Drivers/STM32F4xx_HAL_Driver/Src/stm32f4xx_hal_hcd.c ****   /* Process locked */
 994:Drivers/STM32F4xx_HAL_Driver/Src/stm32f4xx_hal_hcd.c ****   __HAL_LOCK(hhcd);
 995:Drivers/STM32F4xx_HAL_Driver/Src/stm32f4xx_hal_hcd.c **** 
 996:Drivers/STM32F4xx_HAL_Driver/Src/stm32f4xx_hal_hcd.c ****   if (hhcd->State == HAL_HCD_STATE_READY)
 997:Drivers/STM32F4xx_HAL_Driver/Src/stm32f4xx_hal_hcd.c ****   {
 998:Drivers/STM32F4xx_HAL_Driver/Src/stm32f4xx_hal_hcd.c ****     hhcd->HC_NotifyURBChangeCallback = pCallback;
 999:Drivers/STM32F4xx_HAL_Driver/Src/stm32f4xx_hal_hcd.c ****   }
ARM GAS  /tmp/ccPw2T3W.s 			page 19


1000:Drivers/STM32F4xx_HAL_Driver/Src/stm32f4xx_hal_hcd.c ****   else
1001:Drivers/STM32F4xx_HAL_Driver/Src/stm32f4xx_hal_hcd.c ****   {
1002:Drivers/STM32F4xx_HAL_Driver/Src/stm32f4xx_hal_hcd.c ****     /* Update the error code */
1003:Drivers/STM32F4xx_HAL_Driver/Src/stm32f4xx_hal_hcd.c ****     hhcd->ErrorCode |= HAL_HCD_ERROR_INVALID_CALLBACK;
1004:Drivers/STM32F4xx_HAL_Driver/Src/stm32f4xx_hal_hcd.c **** 
1005:Drivers/STM32F4xx_HAL_Driver/Src/stm32f4xx_hal_hcd.c ****     /* Return error status */
1006:Drivers/STM32F4xx_HAL_Driver/Src/stm32f4xx_hal_hcd.c ****     status =  HAL_ERROR;
1007:Drivers/STM32F4xx_HAL_Driver/Src/stm32f4xx_hal_hcd.c ****   }
1008:Drivers/STM32F4xx_HAL_Driver/Src/stm32f4xx_hal_hcd.c **** 
1009:Drivers/STM32F4xx_HAL_Driver/Src/stm32f4xx_hal_hcd.c ****   /* Release Lock */
1010:Drivers/STM32F4xx_HAL_Driver/Src/stm32f4xx_hal_hcd.c ****   __HAL_UNLOCK(hhcd);
1011:Drivers/STM32F4xx_HAL_Driver/Src/stm32f4xx_hal_hcd.c **** 
1012:Drivers/STM32F4xx_HAL_Driver/Src/stm32f4xx_hal_hcd.c ****   return status;
1013:Drivers/STM32F4xx_HAL_Driver/Src/stm32f4xx_hal_hcd.c **** }
1014:Drivers/STM32F4xx_HAL_Driver/Src/stm32f4xx_hal_hcd.c **** 
1015:Drivers/STM32F4xx_HAL_Driver/Src/stm32f4xx_hal_hcd.c **** /**
1016:Drivers/STM32F4xx_HAL_Driver/Src/stm32f4xx_hal_hcd.c ****   * @brief  Unregister the USB HCD Host Channel Notify URB Change Callback
1017:Drivers/STM32F4xx_HAL_Driver/Src/stm32f4xx_hal_hcd.c ****   *         USB HCD Host Channel Notify URB Change Callback is redirected
1018:Drivers/STM32F4xx_HAL_Driver/Src/stm32f4xx_hal_hcd.c ****   *         to the weak HAL_HCD_HC_NotifyURBChange_Callback() predefined callback
1019:Drivers/STM32F4xx_HAL_Driver/Src/stm32f4xx_hal_hcd.c ****   * @param  hhcd HCD handle
1020:Drivers/STM32F4xx_HAL_Driver/Src/stm32f4xx_hal_hcd.c ****   * @retval HAL status
1021:Drivers/STM32F4xx_HAL_Driver/Src/stm32f4xx_hal_hcd.c ****   */
1022:Drivers/STM32F4xx_HAL_Driver/Src/stm32f4xx_hal_hcd.c **** HAL_StatusTypeDef HAL_HCD_UnRegisterHC_NotifyURBChangeCallback(HCD_HandleTypeDef *hhcd)
1023:Drivers/STM32F4xx_HAL_Driver/Src/stm32f4xx_hal_hcd.c **** {
1024:Drivers/STM32F4xx_HAL_Driver/Src/stm32f4xx_hal_hcd.c ****   HAL_StatusTypeDef status = HAL_OK;
1025:Drivers/STM32F4xx_HAL_Driver/Src/stm32f4xx_hal_hcd.c **** 
1026:Drivers/STM32F4xx_HAL_Driver/Src/stm32f4xx_hal_hcd.c ****   /* Process locked */
1027:Drivers/STM32F4xx_HAL_Driver/Src/stm32f4xx_hal_hcd.c ****   __HAL_LOCK(hhcd);
1028:Drivers/STM32F4xx_HAL_Driver/Src/stm32f4xx_hal_hcd.c **** 
1029:Drivers/STM32F4xx_HAL_Driver/Src/stm32f4xx_hal_hcd.c ****   if (hhcd->State == HAL_HCD_STATE_READY)
1030:Drivers/STM32F4xx_HAL_Driver/Src/stm32f4xx_hal_hcd.c ****   {
1031:Drivers/STM32F4xx_HAL_Driver/Src/stm32f4xx_hal_hcd.c ****     hhcd->HC_NotifyURBChangeCallback = HAL_HCD_HC_NotifyURBChange_Callback; /* Legacy weak DataOutS
1032:Drivers/STM32F4xx_HAL_Driver/Src/stm32f4xx_hal_hcd.c ****   }
1033:Drivers/STM32F4xx_HAL_Driver/Src/stm32f4xx_hal_hcd.c ****   else
1034:Drivers/STM32F4xx_HAL_Driver/Src/stm32f4xx_hal_hcd.c ****   {
1035:Drivers/STM32F4xx_HAL_Driver/Src/stm32f4xx_hal_hcd.c ****     /* Update the error code */
1036:Drivers/STM32F4xx_HAL_Driver/Src/stm32f4xx_hal_hcd.c ****     hhcd->ErrorCode |= HAL_HCD_ERROR_INVALID_CALLBACK;
1037:Drivers/STM32F4xx_HAL_Driver/Src/stm32f4xx_hal_hcd.c **** 
1038:Drivers/STM32F4xx_HAL_Driver/Src/stm32f4xx_hal_hcd.c ****     /* Return error status */
1039:Drivers/STM32F4xx_HAL_Driver/Src/stm32f4xx_hal_hcd.c ****     status =  HAL_ERROR;
1040:Drivers/STM32F4xx_HAL_Driver/Src/stm32f4xx_hal_hcd.c ****   }
1041:Drivers/STM32F4xx_HAL_Driver/Src/stm32f4xx_hal_hcd.c **** 
1042:Drivers/STM32F4xx_HAL_Driver/Src/stm32f4xx_hal_hcd.c ****   /* Release Lock */
1043:Drivers/STM32F4xx_HAL_Driver/Src/stm32f4xx_hal_hcd.c ****   __HAL_UNLOCK(hhcd);
1044:Drivers/STM32F4xx_HAL_Driver/Src/stm32f4xx_hal_hcd.c **** 
1045:Drivers/STM32F4xx_HAL_Driver/Src/stm32f4xx_hal_hcd.c ****   return status;
1046:Drivers/STM32F4xx_HAL_Driver/Src/stm32f4xx_hal_hcd.c **** }
1047:Drivers/STM32F4xx_HAL_Driver/Src/stm32f4xx_hal_hcd.c **** #endif /* USE_HAL_HCD_REGISTER_CALLBACKS */
1048:Drivers/STM32F4xx_HAL_Driver/Src/stm32f4xx_hal_hcd.c **** 
1049:Drivers/STM32F4xx_HAL_Driver/Src/stm32f4xx_hal_hcd.c **** /**
1050:Drivers/STM32F4xx_HAL_Driver/Src/stm32f4xx_hal_hcd.c ****   * @}
1051:Drivers/STM32F4xx_HAL_Driver/Src/stm32f4xx_hal_hcd.c ****   */
1052:Drivers/STM32F4xx_HAL_Driver/Src/stm32f4xx_hal_hcd.c **** 
1053:Drivers/STM32F4xx_HAL_Driver/Src/stm32f4xx_hal_hcd.c **** /** @defgroup HCD_Exported_Functions_Group3 Peripheral Control functions
1054:Drivers/STM32F4xx_HAL_Driver/Src/stm32f4xx_hal_hcd.c ****   *  @brief   Management functions
1055:Drivers/STM32F4xx_HAL_Driver/Src/stm32f4xx_hal_hcd.c ****   *
1056:Drivers/STM32F4xx_HAL_Driver/Src/stm32f4xx_hal_hcd.c **** @verbatim
ARM GAS  /tmp/ccPw2T3W.s 			page 20


1057:Drivers/STM32F4xx_HAL_Driver/Src/stm32f4xx_hal_hcd.c ****  ===============================================================================
1058:Drivers/STM32F4xx_HAL_Driver/Src/stm32f4xx_hal_hcd.c ****                       ##### Peripheral Control functions #####
1059:Drivers/STM32F4xx_HAL_Driver/Src/stm32f4xx_hal_hcd.c ****  ===============================================================================
1060:Drivers/STM32F4xx_HAL_Driver/Src/stm32f4xx_hal_hcd.c ****     [..]
1061:Drivers/STM32F4xx_HAL_Driver/Src/stm32f4xx_hal_hcd.c ****     This subsection provides a set of functions allowing to control the HCD data
1062:Drivers/STM32F4xx_HAL_Driver/Src/stm32f4xx_hal_hcd.c ****     transfers.
1063:Drivers/STM32F4xx_HAL_Driver/Src/stm32f4xx_hal_hcd.c **** 
1064:Drivers/STM32F4xx_HAL_Driver/Src/stm32f4xx_hal_hcd.c **** @endverbatim
1065:Drivers/STM32F4xx_HAL_Driver/Src/stm32f4xx_hal_hcd.c ****   * @{
1066:Drivers/STM32F4xx_HAL_Driver/Src/stm32f4xx_hal_hcd.c ****   */
1067:Drivers/STM32F4xx_HAL_Driver/Src/stm32f4xx_hal_hcd.c **** 
1068:Drivers/STM32F4xx_HAL_Driver/Src/stm32f4xx_hal_hcd.c **** /**
1069:Drivers/STM32F4xx_HAL_Driver/Src/stm32f4xx_hal_hcd.c ****   * @brief  Start the host driver.
1070:Drivers/STM32F4xx_HAL_Driver/Src/stm32f4xx_hal_hcd.c ****   * @param  hhcd HCD handle
1071:Drivers/STM32F4xx_HAL_Driver/Src/stm32f4xx_hal_hcd.c ****   * @retval HAL status
1072:Drivers/STM32F4xx_HAL_Driver/Src/stm32f4xx_hal_hcd.c ****   */
1073:Drivers/STM32F4xx_HAL_Driver/Src/stm32f4xx_hal_hcd.c **** HAL_StatusTypeDef HAL_HCD_Start(HCD_HandleTypeDef *hhcd)
1074:Drivers/STM32F4xx_HAL_Driver/Src/stm32f4xx_hal_hcd.c **** {
1075:Drivers/STM32F4xx_HAL_Driver/Src/stm32f4xx_hal_hcd.c ****   __HAL_LOCK(hhcd);
1076:Drivers/STM32F4xx_HAL_Driver/Src/stm32f4xx_hal_hcd.c ****   /* Enable port power */
1077:Drivers/STM32F4xx_HAL_Driver/Src/stm32f4xx_hal_hcd.c ****   (void)USB_DriveVbus(hhcd->Instance, 1U);
1078:Drivers/STM32F4xx_HAL_Driver/Src/stm32f4xx_hal_hcd.c **** 
1079:Drivers/STM32F4xx_HAL_Driver/Src/stm32f4xx_hal_hcd.c ****   /* Enable global interrupt */
1080:Drivers/STM32F4xx_HAL_Driver/Src/stm32f4xx_hal_hcd.c ****   __HAL_HCD_ENABLE(hhcd);
1081:Drivers/STM32F4xx_HAL_Driver/Src/stm32f4xx_hal_hcd.c ****   __HAL_UNLOCK(hhcd);
1082:Drivers/STM32F4xx_HAL_Driver/Src/stm32f4xx_hal_hcd.c **** 
1083:Drivers/STM32F4xx_HAL_Driver/Src/stm32f4xx_hal_hcd.c ****   return HAL_OK;
1084:Drivers/STM32F4xx_HAL_Driver/Src/stm32f4xx_hal_hcd.c **** }
1085:Drivers/STM32F4xx_HAL_Driver/Src/stm32f4xx_hal_hcd.c **** 
1086:Drivers/STM32F4xx_HAL_Driver/Src/stm32f4xx_hal_hcd.c **** /**
1087:Drivers/STM32F4xx_HAL_Driver/Src/stm32f4xx_hal_hcd.c ****   * @brief  Stop the host driver.
1088:Drivers/STM32F4xx_HAL_Driver/Src/stm32f4xx_hal_hcd.c ****   * @param  hhcd HCD handle
1089:Drivers/STM32F4xx_HAL_Driver/Src/stm32f4xx_hal_hcd.c ****   * @retval HAL status
1090:Drivers/STM32F4xx_HAL_Driver/Src/stm32f4xx_hal_hcd.c ****   */
1091:Drivers/STM32F4xx_HAL_Driver/Src/stm32f4xx_hal_hcd.c **** 
1092:Drivers/STM32F4xx_HAL_Driver/Src/stm32f4xx_hal_hcd.c **** HAL_StatusTypeDef HAL_HCD_Stop(HCD_HandleTypeDef *hhcd)
1093:Drivers/STM32F4xx_HAL_Driver/Src/stm32f4xx_hal_hcd.c **** {
1094:Drivers/STM32F4xx_HAL_Driver/Src/stm32f4xx_hal_hcd.c ****   __HAL_LOCK(hhcd);
1095:Drivers/STM32F4xx_HAL_Driver/Src/stm32f4xx_hal_hcd.c ****   (void)USB_StopHost(hhcd->Instance);
1096:Drivers/STM32F4xx_HAL_Driver/Src/stm32f4xx_hal_hcd.c ****   __HAL_UNLOCK(hhcd);
1097:Drivers/STM32F4xx_HAL_Driver/Src/stm32f4xx_hal_hcd.c **** 
1098:Drivers/STM32F4xx_HAL_Driver/Src/stm32f4xx_hal_hcd.c ****   return HAL_OK;
1099:Drivers/STM32F4xx_HAL_Driver/Src/stm32f4xx_hal_hcd.c **** }
1100:Drivers/STM32F4xx_HAL_Driver/Src/stm32f4xx_hal_hcd.c **** 
1101:Drivers/STM32F4xx_HAL_Driver/Src/stm32f4xx_hal_hcd.c **** /**
1102:Drivers/STM32F4xx_HAL_Driver/Src/stm32f4xx_hal_hcd.c ****   * @brief  Reset the host port.
1103:Drivers/STM32F4xx_HAL_Driver/Src/stm32f4xx_hal_hcd.c ****   * @param  hhcd HCD handle
1104:Drivers/STM32F4xx_HAL_Driver/Src/stm32f4xx_hal_hcd.c ****   * @retval HAL status
1105:Drivers/STM32F4xx_HAL_Driver/Src/stm32f4xx_hal_hcd.c ****   */
1106:Drivers/STM32F4xx_HAL_Driver/Src/stm32f4xx_hal_hcd.c **** HAL_StatusTypeDef HAL_HCD_ResetPort(HCD_HandleTypeDef *hhcd)
1107:Drivers/STM32F4xx_HAL_Driver/Src/stm32f4xx_hal_hcd.c **** {
1108:Drivers/STM32F4xx_HAL_Driver/Src/stm32f4xx_hal_hcd.c ****   return (USB_ResetPort(hhcd->Instance));
1109:Drivers/STM32F4xx_HAL_Driver/Src/stm32f4xx_hal_hcd.c **** }
1110:Drivers/STM32F4xx_HAL_Driver/Src/stm32f4xx_hal_hcd.c **** 
1111:Drivers/STM32F4xx_HAL_Driver/Src/stm32f4xx_hal_hcd.c **** /**
1112:Drivers/STM32F4xx_HAL_Driver/Src/stm32f4xx_hal_hcd.c ****   * @}
1113:Drivers/STM32F4xx_HAL_Driver/Src/stm32f4xx_hal_hcd.c ****   */
ARM GAS  /tmp/ccPw2T3W.s 			page 21


1114:Drivers/STM32F4xx_HAL_Driver/Src/stm32f4xx_hal_hcd.c **** 
1115:Drivers/STM32F4xx_HAL_Driver/Src/stm32f4xx_hal_hcd.c **** /** @defgroup HCD_Exported_Functions_Group4 Peripheral State functions
1116:Drivers/STM32F4xx_HAL_Driver/Src/stm32f4xx_hal_hcd.c ****   *  @brief   Peripheral State functions
1117:Drivers/STM32F4xx_HAL_Driver/Src/stm32f4xx_hal_hcd.c ****   *
1118:Drivers/STM32F4xx_HAL_Driver/Src/stm32f4xx_hal_hcd.c **** @verbatim
1119:Drivers/STM32F4xx_HAL_Driver/Src/stm32f4xx_hal_hcd.c ****  ===============================================================================
1120:Drivers/STM32F4xx_HAL_Driver/Src/stm32f4xx_hal_hcd.c ****                       ##### Peripheral State functions #####
1121:Drivers/STM32F4xx_HAL_Driver/Src/stm32f4xx_hal_hcd.c ****  ===============================================================================
1122:Drivers/STM32F4xx_HAL_Driver/Src/stm32f4xx_hal_hcd.c ****     [..]
1123:Drivers/STM32F4xx_HAL_Driver/Src/stm32f4xx_hal_hcd.c ****     This subsection permits to get in run-time the status of the peripheral
1124:Drivers/STM32F4xx_HAL_Driver/Src/stm32f4xx_hal_hcd.c ****     and the data flow.
1125:Drivers/STM32F4xx_HAL_Driver/Src/stm32f4xx_hal_hcd.c **** 
1126:Drivers/STM32F4xx_HAL_Driver/Src/stm32f4xx_hal_hcd.c **** @endverbatim
1127:Drivers/STM32F4xx_HAL_Driver/Src/stm32f4xx_hal_hcd.c ****   * @{
1128:Drivers/STM32F4xx_HAL_Driver/Src/stm32f4xx_hal_hcd.c ****   */
1129:Drivers/STM32F4xx_HAL_Driver/Src/stm32f4xx_hal_hcd.c **** 
1130:Drivers/STM32F4xx_HAL_Driver/Src/stm32f4xx_hal_hcd.c **** /**
1131:Drivers/STM32F4xx_HAL_Driver/Src/stm32f4xx_hal_hcd.c ****   * @brief  Return the HCD handle state.
1132:Drivers/STM32F4xx_HAL_Driver/Src/stm32f4xx_hal_hcd.c ****   * @param  hhcd HCD handle
1133:Drivers/STM32F4xx_HAL_Driver/Src/stm32f4xx_hal_hcd.c ****   * @retval HAL state
1134:Drivers/STM32F4xx_HAL_Driver/Src/stm32f4xx_hal_hcd.c ****   */
1135:Drivers/STM32F4xx_HAL_Driver/Src/stm32f4xx_hal_hcd.c **** HCD_StateTypeDef HAL_HCD_GetState(HCD_HandleTypeDef const *hhcd)
1136:Drivers/STM32F4xx_HAL_Driver/Src/stm32f4xx_hal_hcd.c **** {
1137:Drivers/STM32F4xx_HAL_Driver/Src/stm32f4xx_hal_hcd.c ****   return hhcd->State;
1138:Drivers/STM32F4xx_HAL_Driver/Src/stm32f4xx_hal_hcd.c **** }
1139:Drivers/STM32F4xx_HAL_Driver/Src/stm32f4xx_hal_hcd.c **** 
1140:Drivers/STM32F4xx_HAL_Driver/Src/stm32f4xx_hal_hcd.c **** /**
1141:Drivers/STM32F4xx_HAL_Driver/Src/stm32f4xx_hal_hcd.c ****   * @brief  Return  URB state for a channel.
1142:Drivers/STM32F4xx_HAL_Driver/Src/stm32f4xx_hal_hcd.c ****   * @param  hhcd HCD handle
1143:Drivers/STM32F4xx_HAL_Driver/Src/stm32f4xx_hal_hcd.c ****   * @param  chnum Channel number.
1144:Drivers/STM32F4xx_HAL_Driver/Src/stm32f4xx_hal_hcd.c ****   *         This parameter can be a value from 1 to 15
1145:Drivers/STM32F4xx_HAL_Driver/Src/stm32f4xx_hal_hcd.c ****   * @retval URB state.
1146:Drivers/STM32F4xx_HAL_Driver/Src/stm32f4xx_hal_hcd.c ****   *          This parameter can be one of these values:
1147:Drivers/STM32F4xx_HAL_Driver/Src/stm32f4xx_hal_hcd.c ****   *            URB_IDLE/
1148:Drivers/STM32F4xx_HAL_Driver/Src/stm32f4xx_hal_hcd.c ****   *            URB_DONE/
1149:Drivers/STM32F4xx_HAL_Driver/Src/stm32f4xx_hal_hcd.c ****   *            URB_NOTREADY/
1150:Drivers/STM32F4xx_HAL_Driver/Src/stm32f4xx_hal_hcd.c ****   *            URB_NYET/
1151:Drivers/STM32F4xx_HAL_Driver/Src/stm32f4xx_hal_hcd.c ****   *            URB_ERROR/
1152:Drivers/STM32F4xx_HAL_Driver/Src/stm32f4xx_hal_hcd.c ****   *            URB_STALL
1153:Drivers/STM32F4xx_HAL_Driver/Src/stm32f4xx_hal_hcd.c ****   */
1154:Drivers/STM32F4xx_HAL_Driver/Src/stm32f4xx_hal_hcd.c **** HCD_URBStateTypeDef HAL_HCD_HC_GetURBState(HCD_HandleTypeDef const *hhcd, uint8_t chnum)
1155:Drivers/STM32F4xx_HAL_Driver/Src/stm32f4xx_hal_hcd.c **** {
1156:Drivers/STM32F4xx_HAL_Driver/Src/stm32f4xx_hal_hcd.c ****   return hhcd->hc[chnum].urb_state;
1157:Drivers/STM32F4xx_HAL_Driver/Src/stm32f4xx_hal_hcd.c **** }
1158:Drivers/STM32F4xx_HAL_Driver/Src/stm32f4xx_hal_hcd.c **** 
1159:Drivers/STM32F4xx_HAL_Driver/Src/stm32f4xx_hal_hcd.c **** 
1160:Drivers/STM32F4xx_HAL_Driver/Src/stm32f4xx_hal_hcd.c **** /**
1161:Drivers/STM32F4xx_HAL_Driver/Src/stm32f4xx_hal_hcd.c ****   * @brief  Return the last host transfer size.
1162:Drivers/STM32F4xx_HAL_Driver/Src/stm32f4xx_hal_hcd.c ****   * @param  hhcd HCD handle
1163:Drivers/STM32F4xx_HAL_Driver/Src/stm32f4xx_hal_hcd.c ****   * @param  chnum Channel number.
1164:Drivers/STM32F4xx_HAL_Driver/Src/stm32f4xx_hal_hcd.c ****   *         This parameter can be a value from 1 to 15
1165:Drivers/STM32F4xx_HAL_Driver/Src/stm32f4xx_hal_hcd.c ****   * @retval last transfer size in byte
1166:Drivers/STM32F4xx_HAL_Driver/Src/stm32f4xx_hal_hcd.c ****   */
1167:Drivers/STM32F4xx_HAL_Driver/Src/stm32f4xx_hal_hcd.c **** uint32_t HAL_HCD_HC_GetXferCount(HCD_HandleTypeDef const *hhcd, uint8_t chnum)
1168:Drivers/STM32F4xx_HAL_Driver/Src/stm32f4xx_hal_hcd.c **** {
1169:Drivers/STM32F4xx_HAL_Driver/Src/stm32f4xx_hal_hcd.c ****   return hhcd->hc[chnum].xfer_count;
1170:Drivers/STM32F4xx_HAL_Driver/Src/stm32f4xx_hal_hcd.c **** }
ARM GAS  /tmp/ccPw2T3W.s 			page 22


1171:Drivers/STM32F4xx_HAL_Driver/Src/stm32f4xx_hal_hcd.c **** 
1172:Drivers/STM32F4xx_HAL_Driver/Src/stm32f4xx_hal_hcd.c **** /**
1173:Drivers/STM32F4xx_HAL_Driver/Src/stm32f4xx_hal_hcd.c ****   * @brief  Return the Host Channel state.
1174:Drivers/STM32F4xx_HAL_Driver/Src/stm32f4xx_hal_hcd.c ****   * @param  hhcd HCD handle
1175:Drivers/STM32F4xx_HAL_Driver/Src/stm32f4xx_hal_hcd.c ****   * @param  chnum Channel number.
1176:Drivers/STM32F4xx_HAL_Driver/Src/stm32f4xx_hal_hcd.c ****   *         This parameter can be a value from 1 to 15
1177:Drivers/STM32F4xx_HAL_Driver/Src/stm32f4xx_hal_hcd.c ****   * @retval Host channel state
1178:Drivers/STM32F4xx_HAL_Driver/Src/stm32f4xx_hal_hcd.c ****   *          This parameter can be one of these values:
1179:Drivers/STM32F4xx_HAL_Driver/Src/stm32f4xx_hal_hcd.c ****   *            HC_IDLE/
1180:Drivers/STM32F4xx_HAL_Driver/Src/stm32f4xx_hal_hcd.c ****   *            HC_XFRC/
1181:Drivers/STM32F4xx_HAL_Driver/Src/stm32f4xx_hal_hcd.c ****   *            HC_HALTED/
1182:Drivers/STM32F4xx_HAL_Driver/Src/stm32f4xx_hal_hcd.c ****   *            HC_NYET/
1183:Drivers/STM32F4xx_HAL_Driver/Src/stm32f4xx_hal_hcd.c ****   *            HC_NAK/
1184:Drivers/STM32F4xx_HAL_Driver/Src/stm32f4xx_hal_hcd.c ****   *            HC_STALL/
1185:Drivers/STM32F4xx_HAL_Driver/Src/stm32f4xx_hal_hcd.c ****   *            HC_XACTERR/
1186:Drivers/STM32F4xx_HAL_Driver/Src/stm32f4xx_hal_hcd.c ****   *            HC_BBLERR/
1187:Drivers/STM32F4xx_HAL_Driver/Src/stm32f4xx_hal_hcd.c ****   *            HC_DATATGLERR
1188:Drivers/STM32F4xx_HAL_Driver/Src/stm32f4xx_hal_hcd.c ****   */
1189:Drivers/STM32F4xx_HAL_Driver/Src/stm32f4xx_hal_hcd.c **** HCD_HCStateTypeDef  HAL_HCD_HC_GetState(HCD_HandleTypeDef const *hhcd, uint8_t chnum)
1190:Drivers/STM32F4xx_HAL_Driver/Src/stm32f4xx_hal_hcd.c **** {
1191:Drivers/STM32F4xx_HAL_Driver/Src/stm32f4xx_hal_hcd.c ****   return hhcd->hc[chnum].state;
1192:Drivers/STM32F4xx_HAL_Driver/Src/stm32f4xx_hal_hcd.c **** }
1193:Drivers/STM32F4xx_HAL_Driver/Src/stm32f4xx_hal_hcd.c **** 
1194:Drivers/STM32F4xx_HAL_Driver/Src/stm32f4xx_hal_hcd.c **** /**
1195:Drivers/STM32F4xx_HAL_Driver/Src/stm32f4xx_hal_hcd.c ****   * @brief  Return the current Host frame number.
1196:Drivers/STM32F4xx_HAL_Driver/Src/stm32f4xx_hal_hcd.c ****   * @param  hhcd HCD handle
1197:Drivers/STM32F4xx_HAL_Driver/Src/stm32f4xx_hal_hcd.c ****   * @retval Current Host frame number
1198:Drivers/STM32F4xx_HAL_Driver/Src/stm32f4xx_hal_hcd.c ****   */
1199:Drivers/STM32F4xx_HAL_Driver/Src/stm32f4xx_hal_hcd.c **** uint32_t HAL_HCD_GetCurrentFrame(HCD_HandleTypeDef *hhcd)
1200:Drivers/STM32F4xx_HAL_Driver/Src/stm32f4xx_hal_hcd.c **** {
1201:Drivers/STM32F4xx_HAL_Driver/Src/stm32f4xx_hal_hcd.c ****   return (USB_GetCurrentFrame(hhcd->Instance));
1202:Drivers/STM32F4xx_HAL_Driver/Src/stm32f4xx_hal_hcd.c **** }
1203:Drivers/STM32F4xx_HAL_Driver/Src/stm32f4xx_hal_hcd.c **** 
1204:Drivers/STM32F4xx_HAL_Driver/Src/stm32f4xx_hal_hcd.c **** /**
1205:Drivers/STM32F4xx_HAL_Driver/Src/stm32f4xx_hal_hcd.c ****   * @brief  Return the Host enumeration speed.
1206:Drivers/STM32F4xx_HAL_Driver/Src/stm32f4xx_hal_hcd.c ****   * @param  hhcd HCD handle
1207:Drivers/STM32F4xx_HAL_Driver/Src/stm32f4xx_hal_hcd.c ****   * @retval Enumeration speed
1208:Drivers/STM32F4xx_HAL_Driver/Src/stm32f4xx_hal_hcd.c ****   */
1209:Drivers/STM32F4xx_HAL_Driver/Src/stm32f4xx_hal_hcd.c **** uint32_t HAL_HCD_GetCurrentSpeed(HCD_HandleTypeDef *hhcd)
1210:Drivers/STM32F4xx_HAL_Driver/Src/stm32f4xx_hal_hcd.c **** {
1211:Drivers/STM32F4xx_HAL_Driver/Src/stm32f4xx_hal_hcd.c ****   return (USB_GetHostSpeed(hhcd->Instance));
1212:Drivers/STM32F4xx_HAL_Driver/Src/stm32f4xx_hal_hcd.c **** }
1213:Drivers/STM32F4xx_HAL_Driver/Src/stm32f4xx_hal_hcd.c **** 
1214:Drivers/STM32F4xx_HAL_Driver/Src/stm32f4xx_hal_hcd.c **** /**
1215:Drivers/STM32F4xx_HAL_Driver/Src/stm32f4xx_hal_hcd.c ****   * @brief  Set host channel Hub information.
1216:Drivers/STM32F4xx_HAL_Driver/Src/stm32f4xx_hal_hcd.c ****   * @param  hhcd HCD handle
1217:Drivers/STM32F4xx_HAL_Driver/Src/stm32f4xx_hal_hcd.c ****   * @param  ch_num Channel number.
1218:Drivers/STM32F4xx_HAL_Driver/Src/stm32f4xx_hal_hcd.c ****   *         This parameter can be a value from 1 to 15
1219:Drivers/STM32F4xx_HAL_Driver/Src/stm32f4xx_hal_hcd.c ****   * @param  addr Hub address
1220:Drivers/STM32F4xx_HAL_Driver/Src/stm32f4xx_hal_hcd.c ****   * @param  PortNbr Hub port number
1221:Drivers/STM32F4xx_HAL_Driver/Src/stm32f4xx_hal_hcd.c ****   * @retval HAL status
1222:Drivers/STM32F4xx_HAL_Driver/Src/stm32f4xx_hal_hcd.c ****   */
1223:Drivers/STM32F4xx_HAL_Driver/Src/stm32f4xx_hal_hcd.c **** HAL_StatusTypeDef HAL_HCD_HC_SetHubInfo(HCD_HandleTypeDef *hhcd, uint8_t ch_num,
1224:Drivers/STM32F4xx_HAL_Driver/Src/stm32f4xx_hal_hcd.c ****                                         uint8_t addr, uint8_t PortNbr)
1225:Drivers/STM32F4xx_HAL_Driver/Src/stm32f4xx_hal_hcd.c **** {
1226:Drivers/STM32F4xx_HAL_Driver/Src/stm32f4xx_hal_hcd.c ****   uint32_t HostCoreSpeed = USB_GetHostSpeed(hhcd->Instance);
1227:Drivers/STM32F4xx_HAL_Driver/Src/stm32f4xx_hal_hcd.c **** 
ARM GAS  /tmp/ccPw2T3W.s 			page 23


1228:Drivers/STM32F4xx_HAL_Driver/Src/stm32f4xx_hal_hcd.c ****   /* LS/FS device plugged to HS HUB */
1229:Drivers/STM32F4xx_HAL_Driver/Src/stm32f4xx_hal_hcd.c ****   if ((hhcd->hc[ch_num].speed != HCD_DEVICE_SPEED_HIGH) && (HostCoreSpeed == HPRT0_PRTSPD_HIGH_SPEE
1230:Drivers/STM32F4xx_HAL_Driver/Src/stm32f4xx_hal_hcd.c ****   {
1231:Drivers/STM32F4xx_HAL_Driver/Src/stm32f4xx_hal_hcd.c ****     hhcd->hc[ch_num].do_ssplit = 1U;
1232:Drivers/STM32F4xx_HAL_Driver/Src/stm32f4xx_hal_hcd.c **** 
1233:Drivers/STM32F4xx_HAL_Driver/Src/stm32f4xx_hal_hcd.c ****     if ((hhcd->hc[ch_num].ep_type == EP_TYPE_CTRL) && (hhcd->hc[ch_num].ep_is_in != 0U))
1234:Drivers/STM32F4xx_HAL_Driver/Src/stm32f4xx_hal_hcd.c ****     {
1235:Drivers/STM32F4xx_HAL_Driver/Src/stm32f4xx_hal_hcd.c ****       hhcd->hc[ch_num].toggle_in = 1U;
1236:Drivers/STM32F4xx_HAL_Driver/Src/stm32f4xx_hal_hcd.c ****     }
1237:Drivers/STM32F4xx_HAL_Driver/Src/stm32f4xx_hal_hcd.c ****   }
1238:Drivers/STM32F4xx_HAL_Driver/Src/stm32f4xx_hal_hcd.c **** 
1239:Drivers/STM32F4xx_HAL_Driver/Src/stm32f4xx_hal_hcd.c ****   hhcd->hc[ch_num].hub_addr = addr;
1240:Drivers/STM32F4xx_HAL_Driver/Src/stm32f4xx_hal_hcd.c ****   hhcd->hc[ch_num].hub_port_nbr = PortNbr;
1241:Drivers/STM32F4xx_HAL_Driver/Src/stm32f4xx_hal_hcd.c **** 
1242:Drivers/STM32F4xx_HAL_Driver/Src/stm32f4xx_hal_hcd.c ****   return HAL_OK;
1243:Drivers/STM32F4xx_HAL_Driver/Src/stm32f4xx_hal_hcd.c **** }
1244:Drivers/STM32F4xx_HAL_Driver/Src/stm32f4xx_hal_hcd.c **** 
1245:Drivers/STM32F4xx_HAL_Driver/Src/stm32f4xx_hal_hcd.c **** 
1246:Drivers/STM32F4xx_HAL_Driver/Src/stm32f4xx_hal_hcd.c **** /**
1247:Drivers/STM32F4xx_HAL_Driver/Src/stm32f4xx_hal_hcd.c ****   * @brief  Clear host channel hub information.
1248:Drivers/STM32F4xx_HAL_Driver/Src/stm32f4xx_hal_hcd.c ****   * @param  hhcd HCD handle
1249:Drivers/STM32F4xx_HAL_Driver/Src/stm32f4xx_hal_hcd.c ****   * @param  ch_num Channel number.
1250:Drivers/STM32F4xx_HAL_Driver/Src/stm32f4xx_hal_hcd.c ****   *         This parameter can be a value from 1 to 15
1251:Drivers/STM32F4xx_HAL_Driver/Src/stm32f4xx_hal_hcd.c ****   * @retval HAL status
1252:Drivers/STM32F4xx_HAL_Driver/Src/stm32f4xx_hal_hcd.c ****   */
1253:Drivers/STM32F4xx_HAL_Driver/Src/stm32f4xx_hal_hcd.c **** HAL_StatusTypeDef HAL_HCD_HC_ClearHubInfo(HCD_HandleTypeDef *hhcd, uint8_t ch_num)
1254:Drivers/STM32F4xx_HAL_Driver/Src/stm32f4xx_hal_hcd.c **** {
1255:Drivers/STM32F4xx_HAL_Driver/Src/stm32f4xx_hal_hcd.c ****   hhcd->hc[ch_num].do_ssplit = 0U;
1256:Drivers/STM32F4xx_HAL_Driver/Src/stm32f4xx_hal_hcd.c ****   hhcd->hc[ch_num].do_csplit = 0U;
1257:Drivers/STM32F4xx_HAL_Driver/Src/stm32f4xx_hal_hcd.c ****   hhcd->hc[ch_num].hub_addr = 0U;
1258:Drivers/STM32F4xx_HAL_Driver/Src/stm32f4xx_hal_hcd.c ****   hhcd->hc[ch_num].hub_port_nbr = 0U;
1259:Drivers/STM32F4xx_HAL_Driver/Src/stm32f4xx_hal_hcd.c **** 
1260:Drivers/STM32F4xx_HAL_Driver/Src/stm32f4xx_hal_hcd.c ****   return HAL_OK;
1261:Drivers/STM32F4xx_HAL_Driver/Src/stm32f4xx_hal_hcd.c **** }
1262:Drivers/STM32F4xx_HAL_Driver/Src/stm32f4xx_hal_hcd.c **** /**
1263:Drivers/STM32F4xx_HAL_Driver/Src/stm32f4xx_hal_hcd.c ****   * @}
1264:Drivers/STM32F4xx_HAL_Driver/Src/stm32f4xx_hal_hcd.c ****   */
1265:Drivers/STM32F4xx_HAL_Driver/Src/stm32f4xx_hal_hcd.c **** 
1266:Drivers/STM32F4xx_HAL_Driver/Src/stm32f4xx_hal_hcd.c **** /**
1267:Drivers/STM32F4xx_HAL_Driver/Src/stm32f4xx_hal_hcd.c ****   * @}
1268:Drivers/STM32F4xx_HAL_Driver/Src/stm32f4xx_hal_hcd.c ****   */
1269:Drivers/STM32F4xx_HAL_Driver/Src/stm32f4xx_hal_hcd.c **** 
1270:Drivers/STM32F4xx_HAL_Driver/Src/stm32f4xx_hal_hcd.c **** /** @addtogroup HCD_Private_Functions
1271:Drivers/STM32F4xx_HAL_Driver/Src/stm32f4xx_hal_hcd.c ****   * @{
1272:Drivers/STM32F4xx_HAL_Driver/Src/stm32f4xx_hal_hcd.c ****   */
1273:Drivers/STM32F4xx_HAL_Driver/Src/stm32f4xx_hal_hcd.c **** /**
1274:Drivers/STM32F4xx_HAL_Driver/Src/stm32f4xx_hal_hcd.c ****   * @brief  Handle Host Channel IN interrupt requests.
1275:Drivers/STM32F4xx_HAL_Driver/Src/stm32f4xx_hal_hcd.c ****   * @param  hhcd HCD handle
1276:Drivers/STM32F4xx_HAL_Driver/Src/stm32f4xx_hal_hcd.c ****   * @param  chnum Channel number.
1277:Drivers/STM32F4xx_HAL_Driver/Src/stm32f4xx_hal_hcd.c ****   *         This parameter can be a value from 1 to 15
1278:Drivers/STM32F4xx_HAL_Driver/Src/stm32f4xx_hal_hcd.c ****   * @retval none
1279:Drivers/STM32F4xx_HAL_Driver/Src/stm32f4xx_hal_hcd.c ****   */
1280:Drivers/STM32F4xx_HAL_Driver/Src/stm32f4xx_hal_hcd.c **** static void HCD_HC_IN_IRQHandler(HCD_HandleTypeDef *hhcd, uint8_t chnum)
1281:Drivers/STM32F4xx_HAL_Driver/Src/stm32f4xx_hal_hcd.c **** {
1282:Drivers/STM32F4xx_HAL_Driver/Src/stm32f4xx_hal_hcd.c ****   const USB_OTG_GlobalTypeDef *USBx = hhcd->Instance;
1283:Drivers/STM32F4xx_HAL_Driver/Src/stm32f4xx_hal_hcd.c ****   uint32_t USBx_BASE = (uint32_t)USBx;
1284:Drivers/STM32F4xx_HAL_Driver/Src/stm32f4xx_hal_hcd.c ****   uint32_t tmpreg;
ARM GAS  /tmp/ccPw2T3W.s 			page 24


1285:Drivers/STM32F4xx_HAL_Driver/Src/stm32f4xx_hal_hcd.c **** 
1286:Drivers/STM32F4xx_HAL_Driver/Src/stm32f4xx_hal_hcd.c ****   if (__HAL_HCD_GET_CH_FLAG(hhcd, chnum, USB_OTG_HCINT_AHBERR))
1287:Drivers/STM32F4xx_HAL_Driver/Src/stm32f4xx_hal_hcd.c ****   {
1288:Drivers/STM32F4xx_HAL_Driver/Src/stm32f4xx_hal_hcd.c ****     __HAL_HCD_CLEAR_HC_INT(chnum, USB_OTG_HCINT_AHBERR);
1289:Drivers/STM32F4xx_HAL_Driver/Src/stm32f4xx_hal_hcd.c ****     hhcd->hc[chnum].state = HC_XACTERR;
1290:Drivers/STM32F4xx_HAL_Driver/Src/stm32f4xx_hal_hcd.c ****     (void)USB_HC_Halt(hhcd->Instance, chnum);
1291:Drivers/STM32F4xx_HAL_Driver/Src/stm32f4xx_hal_hcd.c ****   }
1292:Drivers/STM32F4xx_HAL_Driver/Src/stm32f4xx_hal_hcd.c ****   else if (__HAL_HCD_GET_CH_FLAG(hhcd, chnum, USB_OTG_HCINT_BBERR))
1293:Drivers/STM32F4xx_HAL_Driver/Src/stm32f4xx_hal_hcd.c ****   {
1294:Drivers/STM32F4xx_HAL_Driver/Src/stm32f4xx_hal_hcd.c ****     __HAL_HCD_CLEAR_HC_INT(chnum, USB_OTG_HCINT_BBERR);
1295:Drivers/STM32F4xx_HAL_Driver/Src/stm32f4xx_hal_hcd.c ****     hhcd->hc[chnum].state = HC_BBLERR;
1296:Drivers/STM32F4xx_HAL_Driver/Src/stm32f4xx_hal_hcd.c ****     (void)USB_HC_Halt(hhcd->Instance, chnum);
1297:Drivers/STM32F4xx_HAL_Driver/Src/stm32f4xx_hal_hcd.c ****   }
1298:Drivers/STM32F4xx_HAL_Driver/Src/stm32f4xx_hal_hcd.c ****   else if (__HAL_HCD_GET_CH_FLAG(hhcd, chnum, USB_OTG_HCINT_STALL))
1299:Drivers/STM32F4xx_HAL_Driver/Src/stm32f4xx_hal_hcd.c ****   {
1300:Drivers/STM32F4xx_HAL_Driver/Src/stm32f4xx_hal_hcd.c ****     __HAL_HCD_CLEAR_HC_INT(chnum, USB_OTG_HCINT_STALL);
1301:Drivers/STM32F4xx_HAL_Driver/Src/stm32f4xx_hal_hcd.c ****     hhcd->hc[chnum].state = HC_STALL;
1302:Drivers/STM32F4xx_HAL_Driver/Src/stm32f4xx_hal_hcd.c ****     (void)USB_HC_Halt(hhcd->Instance, chnum);
1303:Drivers/STM32F4xx_HAL_Driver/Src/stm32f4xx_hal_hcd.c ****   }
1304:Drivers/STM32F4xx_HAL_Driver/Src/stm32f4xx_hal_hcd.c ****   else if (__HAL_HCD_GET_CH_FLAG(hhcd, chnum, USB_OTG_HCINT_DTERR))
1305:Drivers/STM32F4xx_HAL_Driver/Src/stm32f4xx_hal_hcd.c ****   {
1306:Drivers/STM32F4xx_HAL_Driver/Src/stm32f4xx_hal_hcd.c ****     __HAL_HCD_CLEAR_HC_INT(chnum, USB_OTG_HCINT_DTERR);
1307:Drivers/STM32F4xx_HAL_Driver/Src/stm32f4xx_hal_hcd.c ****     hhcd->hc[chnum].state = HC_DATATGLERR;
1308:Drivers/STM32F4xx_HAL_Driver/Src/stm32f4xx_hal_hcd.c ****     (void)USB_HC_Halt(hhcd->Instance, chnum);
1309:Drivers/STM32F4xx_HAL_Driver/Src/stm32f4xx_hal_hcd.c ****   }
1310:Drivers/STM32F4xx_HAL_Driver/Src/stm32f4xx_hal_hcd.c ****   else if (__HAL_HCD_GET_CH_FLAG(hhcd, chnum, USB_OTG_HCINT_TXERR))
1311:Drivers/STM32F4xx_HAL_Driver/Src/stm32f4xx_hal_hcd.c ****   {
1312:Drivers/STM32F4xx_HAL_Driver/Src/stm32f4xx_hal_hcd.c ****     __HAL_HCD_CLEAR_HC_INT(chnum, USB_OTG_HCINT_TXERR);
1313:Drivers/STM32F4xx_HAL_Driver/Src/stm32f4xx_hal_hcd.c ****     hhcd->hc[chnum].state = HC_XACTERR;
1314:Drivers/STM32F4xx_HAL_Driver/Src/stm32f4xx_hal_hcd.c ****     (void)USB_HC_Halt(hhcd->Instance, chnum);
1315:Drivers/STM32F4xx_HAL_Driver/Src/stm32f4xx_hal_hcd.c ****   }
1316:Drivers/STM32F4xx_HAL_Driver/Src/stm32f4xx_hal_hcd.c ****   else
1317:Drivers/STM32F4xx_HAL_Driver/Src/stm32f4xx_hal_hcd.c ****   {
1318:Drivers/STM32F4xx_HAL_Driver/Src/stm32f4xx_hal_hcd.c ****     /* ... */
1319:Drivers/STM32F4xx_HAL_Driver/Src/stm32f4xx_hal_hcd.c ****   }
1320:Drivers/STM32F4xx_HAL_Driver/Src/stm32f4xx_hal_hcd.c **** 
1321:Drivers/STM32F4xx_HAL_Driver/Src/stm32f4xx_hal_hcd.c ****   if (__HAL_HCD_GET_CH_FLAG(hhcd, chnum, USB_OTG_HCINT_FRMOR))
1322:Drivers/STM32F4xx_HAL_Driver/Src/stm32f4xx_hal_hcd.c ****   {
1323:Drivers/STM32F4xx_HAL_Driver/Src/stm32f4xx_hal_hcd.c ****     (void)USB_HC_Halt(hhcd->Instance, chnum);
1324:Drivers/STM32F4xx_HAL_Driver/Src/stm32f4xx_hal_hcd.c ****     __HAL_HCD_CLEAR_HC_INT(chnum, USB_OTG_HCINT_FRMOR);
1325:Drivers/STM32F4xx_HAL_Driver/Src/stm32f4xx_hal_hcd.c ****   }
1326:Drivers/STM32F4xx_HAL_Driver/Src/stm32f4xx_hal_hcd.c ****   else if (__HAL_HCD_GET_CH_FLAG(hhcd, chnum, USB_OTG_HCINT_XFRC))
1327:Drivers/STM32F4xx_HAL_Driver/Src/stm32f4xx_hal_hcd.c ****   {
1328:Drivers/STM32F4xx_HAL_Driver/Src/stm32f4xx_hal_hcd.c ****     /* Clear any pending ACK IT */
1329:Drivers/STM32F4xx_HAL_Driver/Src/stm32f4xx_hal_hcd.c ****     __HAL_HCD_CLEAR_HC_INT(chnum, USB_OTG_HCINT_ACK);
1330:Drivers/STM32F4xx_HAL_Driver/Src/stm32f4xx_hal_hcd.c **** 
1331:Drivers/STM32F4xx_HAL_Driver/Src/stm32f4xx_hal_hcd.c ****     if (hhcd->hc[chnum].do_csplit == 1U)
1332:Drivers/STM32F4xx_HAL_Driver/Src/stm32f4xx_hal_hcd.c ****     {
1333:Drivers/STM32F4xx_HAL_Driver/Src/stm32f4xx_hal_hcd.c ****       hhcd->hc[chnum].do_csplit = 0U;
1334:Drivers/STM32F4xx_HAL_Driver/Src/stm32f4xx_hal_hcd.c ****       __HAL_HCD_CLEAR_HC_CSPLT(chnum);
1335:Drivers/STM32F4xx_HAL_Driver/Src/stm32f4xx_hal_hcd.c ****     }
1336:Drivers/STM32F4xx_HAL_Driver/Src/stm32f4xx_hal_hcd.c **** 
1337:Drivers/STM32F4xx_HAL_Driver/Src/stm32f4xx_hal_hcd.c ****     if (hhcd->Init.dma_enable != 0U)
1338:Drivers/STM32F4xx_HAL_Driver/Src/stm32f4xx_hal_hcd.c ****     {
1339:Drivers/STM32F4xx_HAL_Driver/Src/stm32f4xx_hal_hcd.c ****       hhcd->hc[chnum].xfer_count = hhcd->hc[chnum].XferSize - (USBx_HC(chnum)->HCTSIZ & USB_OTG_HCT
1340:Drivers/STM32F4xx_HAL_Driver/Src/stm32f4xx_hal_hcd.c ****     }
1341:Drivers/STM32F4xx_HAL_Driver/Src/stm32f4xx_hal_hcd.c **** 
ARM GAS  /tmp/ccPw2T3W.s 			page 25


1342:Drivers/STM32F4xx_HAL_Driver/Src/stm32f4xx_hal_hcd.c ****     hhcd->hc[chnum].state = HC_XFRC;
1343:Drivers/STM32F4xx_HAL_Driver/Src/stm32f4xx_hal_hcd.c ****     hhcd->hc[chnum].ErrCnt = 0U;
1344:Drivers/STM32F4xx_HAL_Driver/Src/stm32f4xx_hal_hcd.c ****     __HAL_HCD_CLEAR_HC_INT(chnum, USB_OTG_HCINT_XFRC);
1345:Drivers/STM32F4xx_HAL_Driver/Src/stm32f4xx_hal_hcd.c **** 
1346:Drivers/STM32F4xx_HAL_Driver/Src/stm32f4xx_hal_hcd.c ****     if ((hhcd->hc[chnum].ep_type == EP_TYPE_CTRL) ||
1347:Drivers/STM32F4xx_HAL_Driver/Src/stm32f4xx_hal_hcd.c ****         (hhcd->hc[chnum].ep_type == EP_TYPE_BULK))
1348:Drivers/STM32F4xx_HAL_Driver/Src/stm32f4xx_hal_hcd.c ****     {
1349:Drivers/STM32F4xx_HAL_Driver/Src/stm32f4xx_hal_hcd.c ****       (void)USB_HC_Halt(hhcd->Instance, chnum);
1350:Drivers/STM32F4xx_HAL_Driver/Src/stm32f4xx_hal_hcd.c ****       __HAL_HCD_CLEAR_HC_INT(chnum, USB_OTG_HCINT_NAK);
1351:Drivers/STM32F4xx_HAL_Driver/Src/stm32f4xx_hal_hcd.c ****     }
1352:Drivers/STM32F4xx_HAL_Driver/Src/stm32f4xx_hal_hcd.c ****     else if ((hhcd->hc[chnum].ep_type == EP_TYPE_INTR) ||
1353:Drivers/STM32F4xx_HAL_Driver/Src/stm32f4xx_hal_hcd.c ****              (hhcd->hc[chnum].ep_type == EP_TYPE_ISOC))
1354:Drivers/STM32F4xx_HAL_Driver/Src/stm32f4xx_hal_hcd.c ****     {
1355:Drivers/STM32F4xx_HAL_Driver/Src/stm32f4xx_hal_hcd.c ****       USBx_HC(chnum)->HCCHAR |= USB_OTG_HCCHAR_ODDFRM;
1356:Drivers/STM32F4xx_HAL_Driver/Src/stm32f4xx_hal_hcd.c ****       hhcd->hc[chnum].urb_state = URB_DONE;
1357:Drivers/STM32F4xx_HAL_Driver/Src/stm32f4xx_hal_hcd.c **** 
1358:Drivers/STM32F4xx_HAL_Driver/Src/stm32f4xx_hal_hcd.c **** #if (USE_HAL_HCD_REGISTER_CALLBACKS == 1U)
1359:Drivers/STM32F4xx_HAL_Driver/Src/stm32f4xx_hal_hcd.c ****       hhcd->HC_NotifyURBChangeCallback(hhcd, chnum, hhcd->hc[chnum].urb_state);
1360:Drivers/STM32F4xx_HAL_Driver/Src/stm32f4xx_hal_hcd.c **** #else
1361:Drivers/STM32F4xx_HAL_Driver/Src/stm32f4xx_hal_hcd.c ****       HAL_HCD_HC_NotifyURBChange_Callback(hhcd, chnum, hhcd->hc[chnum].urb_state);
1362:Drivers/STM32F4xx_HAL_Driver/Src/stm32f4xx_hal_hcd.c **** #endif /* USE_HAL_HCD_REGISTER_CALLBACKS */
1363:Drivers/STM32F4xx_HAL_Driver/Src/stm32f4xx_hal_hcd.c ****     }
1364:Drivers/STM32F4xx_HAL_Driver/Src/stm32f4xx_hal_hcd.c ****     else
1365:Drivers/STM32F4xx_HAL_Driver/Src/stm32f4xx_hal_hcd.c ****     {
1366:Drivers/STM32F4xx_HAL_Driver/Src/stm32f4xx_hal_hcd.c ****       /* ... */
1367:Drivers/STM32F4xx_HAL_Driver/Src/stm32f4xx_hal_hcd.c ****     }
1368:Drivers/STM32F4xx_HAL_Driver/Src/stm32f4xx_hal_hcd.c **** 
1369:Drivers/STM32F4xx_HAL_Driver/Src/stm32f4xx_hal_hcd.c ****     if (hhcd->Init.dma_enable == 1U)
1370:Drivers/STM32F4xx_HAL_Driver/Src/stm32f4xx_hal_hcd.c ****     {
1371:Drivers/STM32F4xx_HAL_Driver/Src/stm32f4xx_hal_hcd.c ****       if ((((hhcd->hc[chnum].xfer_count + hhcd->hc[chnum].max_packet - 1U) / hhcd->hc[chnum].max_pa
1372:Drivers/STM32F4xx_HAL_Driver/Src/stm32f4xx_hal_hcd.c ****       {
1373:Drivers/STM32F4xx_HAL_Driver/Src/stm32f4xx_hal_hcd.c ****         hhcd->hc[chnum].toggle_in ^= 1U;
1374:Drivers/STM32F4xx_HAL_Driver/Src/stm32f4xx_hal_hcd.c ****       }
1375:Drivers/STM32F4xx_HAL_Driver/Src/stm32f4xx_hal_hcd.c ****     }
1376:Drivers/STM32F4xx_HAL_Driver/Src/stm32f4xx_hal_hcd.c ****     else
1377:Drivers/STM32F4xx_HAL_Driver/Src/stm32f4xx_hal_hcd.c ****     {
1378:Drivers/STM32F4xx_HAL_Driver/Src/stm32f4xx_hal_hcd.c ****       hhcd->hc[chnum].toggle_in ^= 1U;
1379:Drivers/STM32F4xx_HAL_Driver/Src/stm32f4xx_hal_hcd.c ****     }
1380:Drivers/STM32F4xx_HAL_Driver/Src/stm32f4xx_hal_hcd.c ****   }
1381:Drivers/STM32F4xx_HAL_Driver/Src/stm32f4xx_hal_hcd.c ****   else if (__HAL_HCD_GET_CH_FLAG(hhcd, chnum, USB_OTG_HCINT_ACK))
1382:Drivers/STM32F4xx_HAL_Driver/Src/stm32f4xx_hal_hcd.c ****   {
1383:Drivers/STM32F4xx_HAL_Driver/Src/stm32f4xx_hal_hcd.c ****     __HAL_HCD_CLEAR_HC_INT(chnum, USB_OTG_HCINT_ACK);
1384:Drivers/STM32F4xx_HAL_Driver/Src/stm32f4xx_hal_hcd.c **** 
1385:Drivers/STM32F4xx_HAL_Driver/Src/stm32f4xx_hal_hcd.c ****     if (hhcd->hc[chnum].do_ssplit == 1U)
1386:Drivers/STM32F4xx_HAL_Driver/Src/stm32f4xx_hal_hcd.c ****     {
1387:Drivers/STM32F4xx_HAL_Driver/Src/stm32f4xx_hal_hcd.c ****       hhcd->hc[chnum].do_csplit = 1U;
1388:Drivers/STM32F4xx_HAL_Driver/Src/stm32f4xx_hal_hcd.c ****       hhcd->hc[chnum].state = HC_ACK;
1389:Drivers/STM32F4xx_HAL_Driver/Src/stm32f4xx_hal_hcd.c **** 
1390:Drivers/STM32F4xx_HAL_Driver/Src/stm32f4xx_hal_hcd.c ****       (void)USB_HC_Halt(hhcd->Instance, chnum);
1391:Drivers/STM32F4xx_HAL_Driver/Src/stm32f4xx_hal_hcd.c ****     }
1392:Drivers/STM32F4xx_HAL_Driver/Src/stm32f4xx_hal_hcd.c ****   }
1393:Drivers/STM32F4xx_HAL_Driver/Src/stm32f4xx_hal_hcd.c ****   else if (__HAL_HCD_GET_CH_FLAG(hhcd, chnum, USB_OTG_HCINT_CHH))
1394:Drivers/STM32F4xx_HAL_Driver/Src/stm32f4xx_hal_hcd.c ****   {
1395:Drivers/STM32F4xx_HAL_Driver/Src/stm32f4xx_hal_hcd.c ****     __HAL_HCD_CLEAR_HC_INT(chnum, USB_OTG_HCINT_CHH);
1396:Drivers/STM32F4xx_HAL_Driver/Src/stm32f4xx_hal_hcd.c **** 
1397:Drivers/STM32F4xx_HAL_Driver/Src/stm32f4xx_hal_hcd.c ****     if (hhcd->hc[chnum].state == HC_XFRC)
1398:Drivers/STM32F4xx_HAL_Driver/Src/stm32f4xx_hal_hcd.c ****     {
ARM GAS  /tmp/ccPw2T3W.s 			page 26


1399:Drivers/STM32F4xx_HAL_Driver/Src/stm32f4xx_hal_hcd.c ****       hhcd->hc[chnum].state = HC_HALTED;
1400:Drivers/STM32F4xx_HAL_Driver/Src/stm32f4xx_hal_hcd.c ****       hhcd->hc[chnum].urb_state = URB_DONE;
1401:Drivers/STM32F4xx_HAL_Driver/Src/stm32f4xx_hal_hcd.c ****     }
1402:Drivers/STM32F4xx_HAL_Driver/Src/stm32f4xx_hal_hcd.c ****     else if (hhcd->hc[chnum].state == HC_STALL)
1403:Drivers/STM32F4xx_HAL_Driver/Src/stm32f4xx_hal_hcd.c ****     {
1404:Drivers/STM32F4xx_HAL_Driver/Src/stm32f4xx_hal_hcd.c ****       hhcd->hc[chnum].state = HC_HALTED;
1405:Drivers/STM32F4xx_HAL_Driver/Src/stm32f4xx_hal_hcd.c ****       hhcd->hc[chnum].urb_state = URB_STALL;
1406:Drivers/STM32F4xx_HAL_Driver/Src/stm32f4xx_hal_hcd.c ****     }
1407:Drivers/STM32F4xx_HAL_Driver/Src/stm32f4xx_hal_hcd.c ****     else if ((hhcd->hc[chnum].state == HC_XACTERR) ||
1408:Drivers/STM32F4xx_HAL_Driver/Src/stm32f4xx_hal_hcd.c ****              (hhcd->hc[chnum].state == HC_DATATGLERR))
1409:Drivers/STM32F4xx_HAL_Driver/Src/stm32f4xx_hal_hcd.c ****     {
1410:Drivers/STM32F4xx_HAL_Driver/Src/stm32f4xx_hal_hcd.c ****       hhcd->hc[chnum].state = HC_HALTED;
1411:Drivers/STM32F4xx_HAL_Driver/Src/stm32f4xx_hal_hcd.c ****       hhcd->hc[chnum].ErrCnt++;
1412:Drivers/STM32F4xx_HAL_Driver/Src/stm32f4xx_hal_hcd.c ****       if (hhcd->hc[chnum].ErrCnt > 2U)
1413:Drivers/STM32F4xx_HAL_Driver/Src/stm32f4xx_hal_hcd.c ****       {
1414:Drivers/STM32F4xx_HAL_Driver/Src/stm32f4xx_hal_hcd.c ****         hhcd->hc[chnum].ErrCnt = 0U;
1415:Drivers/STM32F4xx_HAL_Driver/Src/stm32f4xx_hal_hcd.c **** 
1416:Drivers/STM32F4xx_HAL_Driver/Src/stm32f4xx_hal_hcd.c ****         if (hhcd->hc[chnum].do_ssplit == 1U)
1417:Drivers/STM32F4xx_HAL_Driver/Src/stm32f4xx_hal_hcd.c ****         {
1418:Drivers/STM32F4xx_HAL_Driver/Src/stm32f4xx_hal_hcd.c ****           hhcd->hc[chnum].do_csplit = 0U;
1419:Drivers/STM32F4xx_HAL_Driver/Src/stm32f4xx_hal_hcd.c ****           hhcd->hc[chnum].ep_ss_schedule = 0U;
1420:Drivers/STM32F4xx_HAL_Driver/Src/stm32f4xx_hal_hcd.c ****           __HAL_HCD_CLEAR_HC_CSPLT(chnum);
1421:Drivers/STM32F4xx_HAL_Driver/Src/stm32f4xx_hal_hcd.c ****         }
1422:Drivers/STM32F4xx_HAL_Driver/Src/stm32f4xx_hal_hcd.c **** 
1423:Drivers/STM32F4xx_HAL_Driver/Src/stm32f4xx_hal_hcd.c ****         hhcd->hc[chnum].urb_state = URB_ERROR;
1424:Drivers/STM32F4xx_HAL_Driver/Src/stm32f4xx_hal_hcd.c ****       }
1425:Drivers/STM32F4xx_HAL_Driver/Src/stm32f4xx_hal_hcd.c ****       else
1426:Drivers/STM32F4xx_HAL_Driver/Src/stm32f4xx_hal_hcd.c ****       {
1427:Drivers/STM32F4xx_HAL_Driver/Src/stm32f4xx_hal_hcd.c ****         hhcd->hc[chnum].urb_state = URB_NOTREADY;
1428:Drivers/STM32F4xx_HAL_Driver/Src/stm32f4xx_hal_hcd.c **** 
1429:Drivers/STM32F4xx_HAL_Driver/Src/stm32f4xx_hal_hcd.c ****         if ((hhcd->hc[chnum].ep_type == EP_TYPE_CTRL) ||
1430:Drivers/STM32F4xx_HAL_Driver/Src/stm32f4xx_hal_hcd.c ****             (hhcd->hc[chnum].ep_type == EP_TYPE_BULK))
1431:Drivers/STM32F4xx_HAL_Driver/Src/stm32f4xx_hal_hcd.c ****         {
1432:Drivers/STM32F4xx_HAL_Driver/Src/stm32f4xx_hal_hcd.c ****           /* re-activate the channel */
1433:Drivers/STM32F4xx_HAL_Driver/Src/stm32f4xx_hal_hcd.c ****           tmpreg = USBx_HC(chnum)->HCCHAR;
1434:Drivers/STM32F4xx_HAL_Driver/Src/stm32f4xx_hal_hcd.c ****           tmpreg &= ~USB_OTG_HCCHAR_CHDIS;
1435:Drivers/STM32F4xx_HAL_Driver/Src/stm32f4xx_hal_hcd.c ****           tmpreg |= USB_OTG_HCCHAR_CHENA;
1436:Drivers/STM32F4xx_HAL_Driver/Src/stm32f4xx_hal_hcd.c ****           USBx_HC(chnum)->HCCHAR = tmpreg;
1437:Drivers/STM32F4xx_HAL_Driver/Src/stm32f4xx_hal_hcd.c ****         }
1438:Drivers/STM32F4xx_HAL_Driver/Src/stm32f4xx_hal_hcd.c ****       }
1439:Drivers/STM32F4xx_HAL_Driver/Src/stm32f4xx_hal_hcd.c ****     }
1440:Drivers/STM32F4xx_HAL_Driver/Src/stm32f4xx_hal_hcd.c ****     else if (hhcd->hc[chnum].state == HC_NYET)
1441:Drivers/STM32F4xx_HAL_Driver/Src/stm32f4xx_hal_hcd.c ****     {
1442:Drivers/STM32F4xx_HAL_Driver/Src/stm32f4xx_hal_hcd.c ****       hhcd->hc[chnum].state = HC_HALTED;
1443:Drivers/STM32F4xx_HAL_Driver/Src/stm32f4xx_hal_hcd.c **** 
1444:Drivers/STM32F4xx_HAL_Driver/Src/stm32f4xx_hal_hcd.c ****       if (hhcd->hc[chnum].do_csplit == 1U)
1445:Drivers/STM32F4xx_HAL_Driver/Src/stm32f4xx_hal_hcd.c ****       {
1446:Drivers/STM32F4xx_HAL_Driver/Src/stm32f4xx_hal_hcd.c ****         if (hhcd->hc[chnum].ep_type == EP_TYPE_INTR)
1447:Drivers/STM32F4xx_HAL_Driver/Src/stm32f4xx_hal_hcd.c ****         {
1448:Drivers/STM32F4xx_HAL_Driver/Src/stm32f4xx_hal_hcd.c ****           hhcd->hc[chnum].NyetErrCnt++;
1449:Drivers/STM32F4xx_HAL_Driver/Src/stm32f4xx_hal_hcd.c ****           if (hhcd->hc[chnum].NyetErrCnt > 2U)
1450:Drivers/STM32F4xx_HAL_Driver/Src/stm32f4xx_hal_hcd.c ****           {
1451:Drivers/STM32F4xx_HAL_Driver/Src/stm32f4xx_hal_hcd.c ****             hhcd->hc[chnum].NyetErrCnt = 0U;
1452:Drivers/STM32F4xx_HAL_Driver/Src/stm32f4xx_hal_hcd.c ****             hhcd->hc[chnum].do_csplit = 0U;
1453:Drivers/STM32F4xx_HAL_Driver/Src/stm32f4xx_hal_hcd.c **** 
1454:Drivers/STM32F4xx_HAL_Driver/Src/stm32f4xx_hal_hcd.c ****             if (hhcd->hc[chnum].ErrCnt < 3U)
1455:Drivers/STM32F4xx_HAL_Driver/Src/stm32f4xx_hal_hcd.c ****             {
ARM GAS  /tmp/ccPw2T3W.s 			page 27


1456:Drivers/STM32F4xx_HAL_Driver/Src/stm32f4xx_hal_hcd.c ****               hhcd->hc[chnum].ep_ss_schedule = 1U;
1457:Drivers/STM32F4xx_HAL_Driver/Src/stm32f4xx_hal_hcd.c ****             }
1458:Drivers/STM32F4xx_HAL_Driver/Src/stm32f4xx_hal_hcd.c ****             __HAL_HCD_CLEAR_HC_CSPLT(chnum);
1459:Drivers/STM32F4xx_HAL_Driver/Src/stm32f4xx_hal_hcd.c ****             hhcd->hc[chnum].urb_state = URB_ERROR;
1460:Drivers/STM32F4xx_HAL_Driver/Src/stm32f4xx_hal_hcd.c ****           }
1461:Drivers/STM32F4xx_HAL_Driver/Src/stm32f4xx_hal_hcd.c ****           else
1462:Drivers/STM32F4xx_HAL_Driver/Src/stm32f4xx_hal_hcd.c ****           {
1463:Drivers/STM32F4xx_HAL_Driver/Src/stm32f4xx_hal_hcd.c ****             hhcd->hc[chnum].urb_state = URB_NOTREADY;
1464:Drivers/STM32F4xx_HAL_Driver/Src/stm32f4xx_hal_hcd.c ****           }
1465:Drivers/STM32F4xx_HAL_Driver/Src/stm32f4xx_hal_hcd.c ****         }
1466:Drivers/STM32F4xx_HAL_Driver/Src/stm32f4xx_hal_hcd.c ****         else
1467:Drivers/STM32F4xx_HAL_Driver/Src/stm32f4xx_hal_hcd.c ****         {
1468:Drivers/STM32F4xx_HAL_Driver/Src/stm32f4xx_hal_hcd.c ****           hhcd->hc[chnum].urb_state = URB_NOTREADY;
1469:Drivers/STM32F4xx_HAL_Driver/Src/stm32f4xx_hal_hcd.c ****         }
1470:Drivers/STM32F4xx_HAL_Driver/Src/stm32f4xx_hal_hcd.c **** 
1471:Drivers/STM32F4xx_HAL_Driver/Src/stm32f4xx_hal_hcd.c ****         if ((hhcd->hc[chnum].ep_type == EP_TYPE_CTRL) ||
1472:Drivers/STM32F4xx_HAL_Driver/Src/stm32f4xx_hal_hcd.c ****             (hhcd->hc[chnum].ep_type == EP_TYPE_BULK))
1473:Drivers/STM32F4xx_HAL_Driver/Src/stm32f4xx_hal_hcd.c ****         {
1474:Drivers/STM32F4xx_HAL_Driver/Src/stm32f4xx_hal_hcd.c ****           /* re-activate the channel */
1475:Drivers/STM32F4xx_HAL_Driver/Src/stm32f4xx_hal_hcd.c ****           tmpreg = USBx_HC(chnum)->HCCHAR;
1476:Drivers/STM32F4xx_HAL_Driver/Src/stm32f4xx_hal_hcd.c ****           tmpreg &= ~USB_OTG_HCCHAR_CHDIS;
1477:Drivers/STM32F4xx_HAL_Driver/Src/stm32f4xx_hal_hcd.c ****           tmpreg |= USB_OTG_HCCHAR_CHENA;
1478:Drivers/STM32F4xx_HAL_Driver/Src/stm32f4xx_hal_hcd.c ****           USBx_HC(chnum)->HCCHAR = tmpreg;
1479:Drivers/STM32F4xx_HAL_Driver/Src/stm32f4xx_hal_hcd.c ****         }
1480:Drivers/STM32F4xx_HAL_Driver/Src/stm32f4xx_hal_hcd.c ****       }
1481:Drivers/STM32F4xx_HAL_Driver/Src/stm32f4xx_hal_hcd.c ****     }
1482:Drivers/STM32F4xx_HAL_Driver/Src/stm32f4xx_hal_hcd.c ****     else if (hhcd->hc[chnum].state == HC_ACK)
1483:Drivers/STM32F4xx_HAL_Driver/Src/stm32f4xx_hal_hcd.c ****     {
1484:Drivers/STM32F4xx_HAL_Driver/Src/stm32f4xx_hal_hcd.c ****       hhcd->hc[chnum].state = HC_HALTED;
1485:Drivers/STM32F4xx_HAL_Driver/Src/stm32f4xx_hal_hcd.c **** 
1486:Drivers/STM32F4xx_HAL_Driver/Src/stm32f4xx_hal_hcd.c ****       if (hhcd->hc[chnum].do_csplit == 1U)
1487:Drivers/STM32F4xx_HAL_Driver/Src/stm32f4xx_hal_hcd.c ****       {
1488:Drivers/STM32F4xx_HAL_Driver/Src/stm32f4xx_hal_hcd.c ****         hhcd->hc[chnum].urb_state = URB_NOTREADY;
1489:Drivers/STM32F4xx_HAL_Driver/Src/stm32f4xx_hal_hcd.c **** 
1490:Drivers/STM32F4xx_HAL_Driver/Src/stm32f4xx_hal_hcd.c ****         /* Set Complete split and re-activate the channel */
1491:Drivers/STM32F4xx_HAL_Driver/Src/stm32f4xx_hal_hcd.c ****         USBx_HC(chnum)->HCSPLT |= USB_OTG_HCSPLT_COMPLSPLT;
1492:Drivers/STM32F4xx_HAL_Driver/Src/stm32f4xx_hal_hcd.c ****         USBx_HC(chnum)->HCINTMSK |= USB_OTG_HCINTMSK_NYET;
1493:Drivers/STM32F4xx_HAL_Driver/Src/stm32f4xx_hal_hcd.c ****         USBx_HC(chnum)->HCINTMSK &= ~USB_OTG_HCINT_ACK;
1494:Drivers/STM32F4xx_HAL_Driver/Src/stm32f4xx_hal_hcd.c **** 
1495:Drivers/STM32F4xx_HAL_Driver/Src/stm32f4xx_hal_hcd.c ****         if ((hhcd->hc[chnum].ep_type == EP_TYPE_CTRL) ||
1496:Drivers/STM32F4xx_HAL_Driver/Src/stm32f4xx_hal_hcd.c ****             (hhcd->hc[chnum].ep_type == EP_TYPE_BULK))
1497:Drivers/STM32F4xx_HAL_Driver/Src/stm32f4xx_hal_hcd.c ****         {
1498:Drivers/STM32F4xx_HAL_Driver/Src/stm32f4xx_hal_hcd.c ****           /* re-activate the channel */
1499:Drivers/STM32F4xx_HAL_Driver/Src/stm32f4xx_hal_hcd.c ****           tmpreg = USBx_HC(chnum)->HCCHAR;
1500:Drivers/STM32F4xx_HAL_Driver/Src/stm32f4xx_hal_hcd.c ****           tmpreg &= ~USB_OTG_HCCHAR_CHDIS;
1501:Drivers/STM32F4xx_HAL_Driver/Src/stm32f4xx_hal_hcd.c ****           tmpreg |= USB_OTG_HCCHAR_CHENA;
1502:Drivers/STM32F4xx_HAL_Driver/Src/stm32f4xx_hal_hcd.c ****           USBx_HC(chnum)->HCCHAR = tmpreg;
1503:Drivers/STM32F4xx_HAL_Driver/Src/stm32f4xx_hal_hcd.c ****         }
1504:Drivers/STM32F4xx_HAL_Driver/Src/stm32f4xx_hal_hcd.c ****       }
1505:Drivers/STM32F4xx_HAL_Driver/Src/stm32f4xx_hal_hcd.c ****     }
1506:Drivers/STM32F4xx_HAL_Driver/Src/stm32f4xx_hal_hcd.c ****     else if (hhcd->hc[chnum].state == HC_NAK)
1507:Drivers/STM32F4xx_HAL_Driver/Src/stm32f4xx_hal_hcd.c ****     {
1508:Drivers/STM32F4xx_HAL_Driver/Src/stm32f4xx_hal_hcd.c ****       hhcd->hc[chnum].state = HC_HALTED;
1509:Drivers/STM32F4xx_HAL_Driver/Src/stm32f4xx_hal_hcd.c ****       hhcd->hc[chnum].urb_state = URB_NOTREADY;
1510:Drivers/STM32F4xx_HAL_Driver/Src/stm32f4xx_hal_hcd.c **** 
1511:Drivers/STM32F4xx_HAL_Driver/Src/stm32f4xx_hal_hcd.c ****       if ((hhcd->hc[chnum].ep_type == EP_TYPE_CTRL) ||
1512:Drivers/STM32F4xx_HAL_Driver/Src/stm32f4xx_hal_hcd.c ****           (hhcd->hc[chnum].ep_type == EP_TYPE_BULK))
ARM GAS  /tmp/ccPw2T3W.s 			page 28


1513:Drivers/STM32F4xx_HAL_Driver/Src/stm32f4xx_hal_hcd.c ****       {
1514:Drivers/STM32F4xx_HAL_Driver/Src/stm32f4xx_hal_hcd.c ****         /* re-activate the channel */
1515:Drivers/STM32F4xx_HAL_Driver/Src/stm32f4xx_hal_hcd.c ****         tmpreg = USBx_HC(chnum)->HCCHAR;
1516:Drivers/STM32F4xx_HAL_Driver/Src/stm32f4xx_hal_hcd.c ****         tmpreg &= ~USB_OTG_HCCHAR_CHDIS;
1517:Drivers/STM32F4xx_HAL_Driver/Src/stm32f4xx_hal_hcd.c ****         tmpreg |= USB_OTG_HCCHAR_CHENA;
1518:Drivers/STM32F4xx_HAL_Driver/Src/stm32f4xx_hal_hcd.c ****         USBx_HC(chnum)->HCCHAR = tmpreg;
1519:Drivers/STM32F4xx_HAL_Driver/Src/stm32f4xx_hal_hcd.c ****       }
1520:Drivers/STM32F4xx_HAL_Driver/Src/stm32f4xx_hal_hcd.c ****     }
1521:Drivers/STM32F4xx_HAL_Driver/Src/stm32f4xx_hal_hcd.c ****     else if (hhcd->hc[chnum].state == HC_BBLERR)
1522:Drivers/STM32F4xx_HAL_Driver/Src/stm32f4xx_hal_hcd.c ****     {
1523:Drivers/STM32F4xx_HAL_Driver/Src/stm32f4xx_hal_hcd.c ****       hhcd->hc[chnum].state = HC_HALTED;
1524:Drivers/STM32F4xx_HAL_Driver/Src/stm32f4xx_hal_hcd.c ****       hhcd->hc[chnum].ErrCnt++;
1525:Drivers/STM32F4xx_HAL_Driver/Src/stm32f4xx_hal_hcd.c ****       hhcd->hc[chnum].urb_state = URB_ERROR;
1526:Drivers/STM32F4xx_HAL_Driver/Src/stm32f4xx_hal_hcd.c ****     }
1527:Drivers/STM32F4xx_HAL_Driver/Src/stm32f4xx_hal_hcd.c ****     else
1528:Drivers/STM32F4xx_HAL_Driver/Src/stm32f4xx_hal_hcd.c ****     {
1529:Drivers/STM32F4xx_HAL_Driver/Src/stm32f4xx_hal_hcd.c ****       if (hhcd->hc[chnum].state == HC_HALTED)
1530:Drivers/STM32F4xx_HAL_Driver/Src/stm32f4xx_hal_hcd.c ****       {
1531:Drivers/STM32F4xx_HAL_Driver/Src/stm32f4xx_hal_hcd.c ****         return;
1532:Drivers/STM32F4xx_HAL_Driver/Src/stm32f4xx_hal_hcd.c ****       }
1533:Drivers/STM32F4xx_HAL_Driver/Src/stm32f4xx_hal_hcd.c ****     }
1534:Drivers/STM32F4xx_HAL_Driver/Src/stm32f4xx_hal_hcd.c **** 
1535:Drivers/STM32F4xx_HAL_Driver/Src/stm32f4xx_hal_hcd.c **** #if (USE_HAL_HCD_REGISTER_CALLBACKS == 1U)
1536:Drivers/STM32F4xx_HAL_Driver/Src/stm32f4xx_hal_hcd.c ****     hhcd->HC_NotifyURBChangeCallback(hhcd, chnum, hhcd->hc[chnum].urb_state);
1537:Drivers/STM32F4xx_HAL_Driver/Src/stm32f4xx_hal_hcd.c **** #else
1538:Drivers/STM32F4xx_HAL_Driver/Src/stm32f4xx_hal_hcd.c ****     HAL_HCD_HC_NotifyURBChange_Callback(hhcd, chnum, hhcd->hc[chnum].urb_state);
1539:Drivers/STM32F4xx_HAL_Driver/Src/stm32f4xx_hal_hcd.c **** #endif /* USE_HAL_HCD_REGISTER_CALLBACKS */
1540:Drivers/STM32F4xx_HAL_Driver/Src/stm32f4xx_hal_hcd.c ****   }
1541:Drivers/STM32F4xx_HAL_Driver/Src/stm32f4xx_hal_hcd.c ****   else if (__HAL_HCD_GET_CH_FLAG(hhcd, chnum, USB_OTG_HCINT_NYET))
1542:Drivers/STM32F4xx_HAL_Driver/Src/stm32f4xx_hal_hcd.c ****   {
1543:Drivers/STM32F4xx_HAL_Driver/Src/stm32f4xx_hal_hcd.c ****     __HAL_HCD_CLEAR_HC_INT(chnum, USB_OTG_HCINT_NYET);
1544:Drivers/STM32F4xx_HAL_Driver/Src/stm32f4xx_hal_hcd.c ****     hhcd->hc[chnum].state = HC_NYET;
1545:Drivers/STM32F4xx_HAL_Driver/Src/stm32f4xx_hal_hcd.c **** 
1546:Drivers/STM32F4xx_HAL_Driver/Src/stm32f4xx_hal_hcd.c ****     if (hhcd->hc[chnum].do_ssplit == 0U)
1547:Drivers/STM32F4xx_HAL_Driver/Src/stm32f4xx_hal_hcd.c ****     {
1548:Drivers/STM32F4xx_HAL_Driver/Src/stm32f4xx_hal_hcd.c ****       hhcd->hc[chnum].ErrCnt = 0U;
1549:Drivers/STM32F4xx_HAL_Driver/Src/stm32f4xx_hal_hcd.c ****     }
1550:Drivers/STM32F4xx_HAL_Driver/Src/stm32f4xx_hal_hcd.c **** 
1551:Drivers/STM32F4xx_HAL_Driver/Src/stm32f4xx_hal_hcd.c ****     (void)USB_HC_Halt(hhcd->Instance, chnum);
1552:Drivers/STM32F4xx_HAL_Driver/Src/stm32f4xx_hal_hcd.c ****   }
1553:Drivers/STM32F4xx_HAL_Driver/Src/stm32f4xx_hal_hcd.c ****   else if (__HAL_HCD_GET_CH_FLAG(hhcd, chnum, USB_OTG_HCINT_NAK))
1554:Drivers/STM32F4xx_HAL_Driver/Src/stm32f4xx_hal_hcd.c ****   {
1555:Drivers/STM32F4xx_HAL_Driver/Src/stm32f4xx_hal_hcd.c ****     if (hhcd->hc[chnum].ep_type == EP_TYPE_INTR)
1556:Drivers/STM32F4xx_HAL_Driver/Src/stm32f4xx_hal_hcd.c ****     {
1557:Drivers/STM32F4xx_HAL_Driver/Src/stm32f4xx_hal_hcd.c ****       hhcd->hc[chnum].ErrCnt = 0U;
1558:Drivers/STM32F4xx_HAL_Driver/Src/stm32f4xx_hal_hcd.c ****       hhcd->hc[chnum].state = HC_NAK;
1559:Drivers/STM32F4xx_HAL_Driver/Src/stm32f4xx_hal_hcd.c ****       (void)USB_HC_Halt(hhcd->Instance, chnum);
1560:Drivers/STM32F4xx_HAL_Driver/Src/stm32f4xx_hal_hcd.c ****     }
1561:Drivers/STM32F4xx_HAL_Driver/Src/stm32f4xx_hal_hcd.c ****     else if ((hhcd->hc[chnum].ep_type == EP_TYPE_CTRL) ||
1562:Drivers/STM32F4xx_HAL_Driver/Src/stm32f4xx_hal_hcd.c ****              (hhcd->hc[chnum].ep_type == EP_TYPE_BULK))
1563:Drivers/STM32F4xx_HAL_Driver/Src/stm32f4xx_hal_hcd.c ****     {
1564:Drivers/STM32F4xx_HAL_Driver/Src/stm32f4xx_hal_hcd.c ****       hhcd->hc[chnum].ErrCnt = 0U;
1565:Drivers/STM32F4xx_HAL_Driver/Src/stm32f4xx_hal_hcd.c **** 
1566:Drivers/STM32F4xx_HAL_Driver/Src/stm32f4xx_hal_hcd.c ****       if ((hhcd->Init.dma_enable == 0U) || (hhcd->hc[chnum].do_csplit == 1U))
1567:Drivers/STM32F4xx_HAL_Driver/Src/stm32f4xx_hal_hcd.c ****       {
1568:Drivers/STM32F4xx_HAL_Driver/Src/stm32f4xx_hal_hcd.c ****         hhcd->hc[chnum].state = HC_NAK;
1569:Drivers/STM32F4xx_HAL_Driver/Src/stm32f4xx_hal_hcd.c ****         (void)USB_HC_Halt(hhcd->Instance, chnum);
ARM GAS  /tmp/ccPw2T3W.s 			page 29


1570:Drivers/STM32F4xx_HAL_Driver/Src/stm32f4xx_hal_hcd.c ****       }
1571:Drivers/STM32F4xx_HAL_Driver/Src/stm32f4xx_hal_hcd.c ****     }
1572:Drivers/STM32F4xx_HAL_Driver/Src/stm32f4xx_hal_hcd.c ****     else
1573:Drivers/STM32F4xx_HAL_Driver/Src/stm32f4xx_hal_hcd.c ****     {
1574:Drivers/STM32F4xx_HAL_Driver/Src/stm32f4xx_hal_hcd.c ****       /* ... */
1575:Drivers/STM32F4xx_HAL_Driver/Src/stm32f4xx_hal_hcd.c ****     }
1576:Drivers/STM32F4xx_HAL_Driver/Src/stm32f4xx_hal_hcd.c **** 
1577:Drivers/STM32F4xx_HAL_Driver/Src/stm32f4xx_hal_hcd.c ****     if (hhcd->hc[chnum].do_csplit == 1U)
1578:Drivers/STM32F4xx_HAL_Driver/Src/stm32f4xx_hal_hcd.c ****     {
1579:Drivers/STM32F4xx_HAL_Driver/Src/stm32f4xx_hal_hcd.c ****       hhcd->hc[chnum].do_csplit = 0U;
1580:Drivers/STM32F4xx_HAL_Driver/Src/stm32f4xx_hal_hcd.c ****       __HAL_HCD_CLEAR_HC_CSPLT(chnum);
1581:Drivers/STM32F4xx_HAL_Driver/Src/stm32f4xx_hal_hcd.c ****       __HAL_HCD_UNMASK_ACK_HC_INT(chnum);
1582:Drivers/STM32F4xx_HAL_Driver/Src/stm32f4xx_hal_hcd.c ****     }
1583:Drivers/STM32F4xx_HAL_Driver/Src/stm32f4xx_hal_hcd.c **** 
1584:Drivers/STM32F4xx_HAL_Driver/Src/stm32f4xx_hal_hcd.c ****     __HAL_HCD_CLEAR_HC_INT(chnum, USB_OTG_HCINT_NAK);
1585:Drivers/STM32F4xx_HAL_Driver/Src/stm32f4xx_hal_hcd.c ****   }
1586:Drivers/STM32F4xx_HAL_Driver/Src/stm32f4xx_hal_hcd.c ****   else
1587:Drivers/STM32F4xx_HAL_Driver/Src/stm32f4xx_hal_hcd.c ****   {
1588:Drivers/STM32F4xx_HAL_Driver/Src/stm32f4xx_hal_hcd.c ****     /* ... */
1589:Drivers/STM32F4xx_HAL_Driver/Src/stm32f4xx_hal_hcd.c ****   }
1590:Drivers/STM32F4xx_HAL_Driver/Src/stm32f4xx_hal_hcd.c **** }
1591:Drivers/STM32F4xx_HAL_Driver/Src/stm32f4xx_hal_hcd.c **** 
1592:Drivers/STM32F4xx_HAL_Driver/Src/stm32f4xx_hal_hcd.c **** /**
1593:Drivers/STM32F4xx_HAL_Driver/Src/stm32f4xx_hal_hcd.c ****   * @brief  Handle Host Channel OUT interrupt requests.
1594:Drivers/STM32F4xx_HAL_Driver/Src/stm32f4xx_hal_hcd.c ****   * @param  hhcd HCD handle
1595:Drivers/STM32F4xx_HAL_Driver/Src/stm32f4xx_hal_hcd.c ****   * @param  chnum Channel number.
1596:Drivers/STM32F4xx_HAL_Driver/Src/stm32f4xx_hal_hcd.c ****   *         This parameter can be a value from 1 to 15
1597:Drivers/STM32F4xx_HAL_Driver/Src/stm32f4xx_hal_hcd.c ****   * @retval none
1598:Drivers/STM32F4xx_HAL_Driver/Src/stm32f4xx_hal_hcd.c ****   */
1599:Drivers/STM32F4xx_HAL_Driver/Src/stm32f4xx_hal_hcd.c **** static void HCD_HC_OUT_IRQHandler(HCD_HandleTypeDef *hhcd, uint8_t chnum)
1600:Drivers/STM32F4xx_HAL_Driver/Src/stm32f4xx_hal_hcd.c **** {
1601:Drivers/STM32F4xx_HAL_Driver/Src/stm32f4xx_hal_hcd.c ****   const USB_OTG_GlobalTypeDef *USBx = hhcd->Instance;
1602:Drivers/STM32F4xx_HAL_Driver/Src/stm32f4xx_hal_hcd.c ****   uint32_t USBx_BASE = (uint32_t)USBx;
1603:Drivers/STM32F4xx_HAL_Driver/Src/stm32f4xx_hal_hcd.c ****   uint32_t tmpreg;
1604:Drivers/STM32F4xx_HAL_Driver/Src/stm32f4xx_hal_hcd.c ****   uint32_t num_packets;
1605:Drivers/STM32F4xx_HAL_Driver/Src/stm32f4xx_hal_hcd.c **** 
1606:Drivers/STM32F4xx_HAL_Driver/Src/stm32f4xx_hal_hcd.c ****   if (__HAL_HCD_GET_CH_FLAG(hhcd, chnum, USB_OTG_HCINT_AHBERR))
1607:Drivers/STM32F4xx_HAL_Driver/Src/stm32f4xx_hal_hcd.c ****   {
1608:Drivers/STM32F4xx_HAL_Driver/Src/stm32f4xx_hal_hcd.c ****     __HAL_HCD_CLEAR_HC_INT(chnum, USB_OTG_HCINT_AHBERR);
1609:Drivers/STM32F4xx_HAL_Driver/Src/stm32f4xx_hal_hcd.c ****     hhcd->hc[chnum].state = HC_XACTERR;
1610:Drivers/STM32F4xx_HAL_Driver/Src/stm32f4xx_hal_hcd.c ****     (void)USB_HC_Halt(hhcd->Instance, chnum);
1611:Drivers/STM32F4xx_HAL_Driver/Src/stm32f4xx_hal_hcd.c ****   }
1612:Drivers/STM32F4xx_HAL_Driver/Src/stm32f4xx_hal_hcd.c ****   else if (__HAL_HCD_GET_CH_FLAG(hhcd, chnum, USB_OTG_HCINT_ACK))
1613:Drivers/STM32F4xx_HAL_Driver/Src/stm32f4xx_hal_hcd.c ****   {
1614:Drivers/STM32F4xx_HAL_Driver/Src/stm32f4xx_hal_hcd.c ****     __HAL_HCD_CLEAR_HC_INT(chnum, USB_OTG_HCINT_ACK);
1615:Drivers/STM32F4xx_HAL_Driver/Src/stm32f4xx_hal_hcd.c **** 
1616:Drivers/STM32F4xx_HAL_Driver/Src/stm32f4xx_hal_hcd.c ****     if (hhcd->hc[chnum].do_ping == 1U)
1617:Drivers/STM32F4xx_HAL_Driver/Src/stm32f4xx_hal_hcd.c ****     {
1618:Drivers/STM32F4xx_HAL_Driver/Src/stm32f4xx_hal_hcd.c ****       hhcd->hc[chnum].do_ping = 0U;
1619:Drivers/STM32F4xx_HAL_Driver/Src/stm32f4xx_hal_hcd.c ****       hhcd->hc[chnum].urb_state = URB_NOTREADY;
1620:Drivers/STM32F4xx_HAL_Driver/Src/stm32f4xx_hal_hcd.c ****       hhcd->hc[chnum].state = HC_ACK;
1621:Drivers/STM32F4xx_HAL_Driver/Src/stm32f4xx_hal_hcd.c ****       (void)USB_HC_Halt(hhcd->Instance, chnum);
1622:Drivers/STM32F4xx_HAL_Driver/Src/stm32f4xx_hal_hcd.c ****     }
1623:Drivers/STM32F4xx_HAL_Driver/Src/stm32f4xx_hal_hcd.c **** 
1624:Drivers/STM32F4xx_HAL_Driver/Src/stm32f4xx_hal_hcd.c ****     if ((hhcd->hc[chnum].do_ssplit == 1U) && (hhcd->hc[chnum].do_csplit == 0U))
1625:Drivers/STM32F4xx_HAL_Driver/Src/stm32f4xx_hal_hcd.c ****     {
1626:Drivers/STM32F4xx_HAL_Driver/Src/stm32f4xx_hal_hcd.c ****       if (hhcd->hc[chnum].ep_type != EP_TYPE_ISOC)
ARM GAS  /tmp/ccPw2T3W.s 			page 30


1627:Drivers/STM32F4xx_HAL_Driver/Src/stm32f4xx_hal_hcd.c ****       {
1628:Drivers/STM32F4xx_HAL_Driver/Src/stm32f4xx_hal_hcd.c ****         hhcd->hc[chnum].do_csplit = 1U;
1629:Drivers/STM32F4xx_HAL_Driver/Src/stm32f4xx_hal_hcd.c ****       }
1630:Drivers/STM32F4xx_HAL_Driver/Src/stm32f4xx_hal_hcd.c **** 
1631:Drivers/STM32F4xx_HAL_Driver/Src/stm32f4xx_hal_hcd.c ****       hhcd->hc[chnum].state = HC_ACK;
1632:Drivers/STM32F4xx_HAL_Driver/Src/stm32f4xx_hal_hcd.c ****       (void)USB_HC_Halt(hhcd->Instance, chnum);
1633:Drivers/STM32F4xx_HAL_Driver/Src/stm32f4xx_hal_hcd.c **** 
1634:Drivers/STM32F4xx_HAL_Driver/Src/stm32f4xx_hal_hcd.c ****       /* reset error_count */
1635:Drivers/STM32F4xx_HAL_Driver/Src/stm32f4xx_hal_hcd.c ****       hhcd->hc[chnum].ErrCnt = 0U;
1636:Drivers/STM32F4xx_HAL_Driver/Src/stm32f4xx_hal_hcd.c ****     }
1637:Drivers/STM32F4xx_HAL_Driver/Src/stm32f4xx_hal_hcd.c ****   }
1638:Drivers/STM32F4xx_HAL_Driver/Src/stm32f4xx_hal_hcd.c ****   else if (__HAL_HCD_GET_CH_FLAG(hhcd, chnum, USB_OTG_HCINT_FRMOR))
1639:Drivers/STM32F4xx_HAL_Driver/Src/stm32f4xx_hal_hcd.c ****   {
1640:Drivers/STM32F4xx_HAL_Driver/Src/stm32f4xx_hal_hcd.c ****     __HAL_HCD_CLEAR_HC_INT(chnum, USB_OTG_HCINT_FRMOR);
1641:Drivers/STM32F4xx_HAL_Driver/Src/stm32f4xx_hal_hcd.c ****     (void)USB_HC_Halt(hhcd->Instance, chnum);
1642:Drivers/STM32F4xx_HAL_Driver/Src/stm32f4xx_hal_hcd.c ****   }
1643:Drivers/STM32F4xx_HAL_Driver/Src/stm32f4xx_hal_hcd.c ****   else if (__HAL_HCD_GET_CH_FLAG(hhcd, chnum, USB_OTG_HCINT_XFRC))
1644:Drivers/STM32F4xx_HAL_Driver/Src/stm32f4xx_hal_hcd.c ****   {
1645:Drivers/STM32F4xx_HAL_Driver/Src/stm32f4xx_hal_hcd.c ****     hhcd->hc[chnum].ErrCnt = 0U;
1646:Drivers/STM32F4xx_HAL_Driver/Src/stm32f4xx_hal_hcd.c **** 
1647:Drivers/STM32F4xx_HAL_Driver/Src/stm32f4xx_hal_hcd.c ****     /* transaction completed with NYET state, update do ping state */
1648:Drivers/STM32F4xx_HAL_Driver/Src/stm32f4xx_hal_hcd.c ****     if (__HAL_HCD_GET_CH_FLAG(hhcd, chnum, USB_OTG_HCINT_NYET))
1649:Drivers/STM32F4xx_HAL_Driver/Src/stm32f4xx_hal_hcd.c ****     {
1650:Drivers/STM32F4xx_HAL_Driver/Src/stm32f4xx_hal_hcd.c ****       hhcd->hc[chnum].do_ping = 1U;
1651:Drivers/STM32F4xx_HAL_Driver/Src/stm32f4xx_hal_hcd.c ****       __HAL_HCD_CLEAR_HC_INT(chnum, USB_OTG_HCINT_NYET);
1652:Drivers/STM32F4xx_HAL_Driver/Src/stm32f4xx_hal_hcd.c ****     }
1653:Drivers/STM32F4xx_HAL_Driver/Src/stm32f4xx_hal_hcd.c **** 
1654:Drivers/STM32F4xx_HAL_Driver/Src/stm32f4xx_hal_hcd.c ****     if (hhcd->hc[chnum].do_csplit != 0U)
1655:Drivers/STM32F4xx_HAL_Driver/Src/stm32f4xx_hal_hcd.c ****     {
1656:Drivers/STM32F4xx_HAL_Driver/Src/stm32f4xx_hal_hcd.c ****       hhcd->hc[chnum].do_csplit = 0U;
1657:Drivers/STM32F4xx_HAL_Driver/Src/stm32f4xx_hal_hcd.c ****       __HAL_HCD_CLEAR_HC_CSPLT(chnum);
1658:Drivers/STM32F4xx_HAL_Driver/Src/stm32f4xx_hal_hcd.c ****     }
1659:Drivers/STM32F4xx_HAL_Driver/Src/stm32f4xx_hal_hcd.c **** 
1660:Drivers/STM32F4xx_HAL_Driver/Src/stm32f4xx_hal_hcd.c ****     __HAL_HCD_CLEAR_HC_INT(chnum, USB_OTG_HCINT_XFRC);
1661:Drivers/STM32F4xx_HAL_Driver/Src/stm32f4xx_hal_hcd.c ****     hhcd->hc[chnum].state = HC_XFRC;
1662:Drivers/STM32F4xx_HAL_Driver/Src/stm32f4xx_hal_hcd.c ****     (void)USB_HC_Halt(hhcd->Instance, chnum);
1663:Drivers/STM32F4xx_HAL_Driver/Src/stm32f4xx_hal_hcd.c ****   }
1664:Drivers/STM32F4xx_HAL_Driver/Src/stm32f4xx_hal_hcd.c ****   else if (__HAL_HCD_GET_CH_FLAG(hhcd, chnum, USB_OTG_HCINT_NYET))
1665:Drivers/STM32F4xx_HAL_Driver/Src/stm32f4xx_hal_hcd.c ****   {
1666:Drivers/STM32F4xx_HAL_Driver/Src/stm32f4xx_hal_hcd.c ****     hhcd->hc[chnum].state = HC_NYET;
1667:Drivers/STM32F4xx_HAL_Driver/Src/stm32f4xx_hal_hcd.c **** 
1668:Drivers/STM32F4xx_HAL_Driver/Src/stm32f4xx_hal_hcd.c ****     if (hhcd->hc[chnum].do_ssplit == 0U)
1669:Drivers/STM32F4xx_HAL_Driver/Src/stm32f4xx_hal_hcd.c ****     {
1670:Drivers/STM32F4xx_HAL_Driver/Src/stm32f4xx_hal_hcd.c ****       hhcd->hc[chnum].do_ping = 1U;
1671:Drivers/STM32F4xx_HAL_Driver/Src/stm32f4xx_hal_hcd.c ****     }
1672:Drivers/STM32F4xx_HAL_Driver/Src/stm32f4xx_hal_hcd.c **** 
1673:Drivers/STM32F4xx_HAL_Driver/Src/stm32f4xx_hal_hcd.c ****     hhcd->hc[chnum].ErrCnt = 0U;
1674:Drivers/STM32F4xx_HAL_Driver/Src/stm32f4xx_hal_hcd.c ****     (void)USB_HC_Halt(hhcd->Instance, chnum);
1675:Drivers/STM32F4xx_HAL_Driver/Src/stm32f4xx_hal_hcd.c ****     __HAL_HCD_CLEAR_HC_INT(chnum, USB_OTG_HCINT_NYET);
1676:Drivers/STM32F4xx_HAL_Driver/Src/stm32f4xx_hal_hcd.c ****   }
1677:Drivers/STM32F4xx_HAL_Driver/Src/stm32f4xx_hal_hcd.c ****   else if (__HAL_HCD_GET_CH_FLAG(hhcd, chnum, USB_OTG_HCINT_STALL))
1678:Drivers/STM32F4xx_HAL_Driver/Src/stm32f4xx_hal_hcd.c ****   {
1679:Drivers/STM32F4xx_HAL_Driver/Src/stm32f4xx_hal_hcd.c ****     __HAL_HCD_CLEAR_HC_INT(chnum, USB_OTG_HCINT_STALL);
1680:Drivers/STM32F4xx_HAL_Driver/Src/stm32f4xx_hal_hcd.c ****     hhcd->hc[chnum].state = HC_STALL;
1681:Drivers/STM32F4xx_HAL_Driver/Src/stm32f4xx_hal_hcd.c ****     (void)USB_HC_Halt(hhcd->Instance, chnum);
1682:Drivers/STM32F4xx_HAL_Driver/Src/stm32f4xx_hal_hcd.c ****   }
1683:Drivers/STM32F4xx_HAL_Driver/Src/stm32f4xx_hal_hcd.c ****   else if (__HAL_HCD_GET_CH_FLAG(hhcd, chnum, USB_OTG_HCINT_NAK))
ARM GAS  /tmp/ccPw2T3W.s 			page 31


1684:Drivers/STM32F4xx_HAL_Driver/Src/stm32f4xx_hal_hcd.c ****   {
1685:Drivers/STM32F4xx_HAL_Driver/Src/stm32f4xx_hal_hcd.c ****     hhcd->hc[chnum].ErrCnt = 0U;
1686:Drivers/STM32F4xx_HAL_Driver/Src/stm32f4xx_hal_hcd.c ****     hhcd->hc[chnum].state = HC_NAK;
1687:Drivers/STM32F4xx_HAL_Driver/Src/stm32f4xx_hal_hcd.c **** 
1688:Drivers/STM32F4xx_HAL_Driver/Src/stm32f4xx_hal_hcd.c ****     if (hhcd->hc[chnum].do_ping == 0U)
1689:Drivers/STM32F4xx_HAL_Driver/Src/stm32f4xx_hal_hcd.c ****     {
1690:Drivers/STM32F4xx_HAL_Driver/Src/stm32f4xx_hal_hcd.c ****       if (hhcd->hc[chnum].speed == HCD_DEVICE_SPEED_HIGH)
1691:Drivers/STM32F4xx_HAL_Driver/Src/stm32f4xx_hal_hcd.c ****       {
1692:Drivers/STM32F4xx_HAL_Driver/Src/stm32f4xx_hal_hcd.c ****         hhcd->hc[chnum].do_ping = 1U;
1693:Drivers/STM32F4xx_HAL_Driver/Src/stm32f4xx_hal_hcd.c ****       }
1694:Drivers/STM32F4xx_HAL_Driver/Src/stm32f4xx_hal_hcd.c ****     }
1695:Drivers/STM32F4xx_HAL_Driver/Src/stm32f4xx_hal_hcd.c **** 
1696:Drivers/STM32F4xx_HAL_Driver/Src/stm32f4xx_hal_hcd.c ****     (void)USB_HC_Halt(hhcd->Instance, chnum);
1697:Drivers/STM32F4xx_HAL_Driver/Src/stm32f4xx_hal_hcd.c ****     __HAL_HCD_CLEAR_HC_INT(chnum, USB_OTG_HCINT_NAK);
1698:Drivers/STM32F4xx_HAL_Driver/Src/stm32f4xx_hal_hcd.c ****   }
1699:Drivers/STM32F4xx_HAL_Driver/Src/stm32f4xx_hal_hcd.c ****   else if (__HAL_HCD_GET_CH_FLAG(hhcd, chnum, USB_OTG_HCINT_TXERR))
1700:Drivers/STM32F4xx_HAL_Driver/Src/stm32f4xx_hal_hcd.c ****   {
1701:Drivers/STM32F4xx_HAL_Driver/Src/stm32f4xx_hal_hcd.c ****     if (hhcd->Init.dma_enable == 0U)
1702:Drivers/STM32F4xx_HAL_Driver/Src/stm32f4xx_hal_hcd.c ****     {
1703:Drivers/STM32F4xx_HAL_Driver/Src/stm32f4xx_hal_hcd.c ****       hhcd->hc[chnum].state = HC_XACTERR;
1704:Drivers/STM32F4xx_HAL_Driver/Src/stm32f4xx_hal_hcd.c ****       (void)USB_HC_Halt(hhcd->Instance, chnum);
1705:Drivers/STM32F4xx_HAL_Driver/Src/stm32f4xx_hal_hcd.c ****     }
1706:Drivers/STM32F4xx_HAL_Driver/Src/stm32f4xx_hal_hcd.c ****     else
1707:Drivers/STM32F4xx_HAL_Driver/Src/stm32f4xx_hal_hcd.c ****     {
1708:Drivers/STM32F4xx_HAL_Driver/Src/stm32f4xx_hal_hcd.c ****       hhcd->hc[chnum].ErrCnt++;
1709:Drivers/STM32F4xx_HAL_Driver/Src/stm32f4xx_hal_hcd.c ****       if (hhcd->hc[chnum].ErrCnt > 2U)
1710:Drivers/STM32F4xx_HAL_Driver/Src/stm32f4xx_hal_hcd.c ****       {
1711:Drivers/STM32F4xx_HAL_Driver/Src/stm32f4xx_hal_hcd.c ****         hhcd->hc[chnum].ErrCnt = 0U;
1712:Drivers/STM32F4xx_HAL_Driver/Src/stm32f4xx_hal_hcd.c ****         hhcd->hc[chnum].urb_state = URB_ERROR;
1713:Drivers/STM32F4xx_HAL_Driver/Src/stm32f4xx_hal_hcd.c **** 
1714:Drivers/STM32F4xx_HAL_Driver/Src/stm32f4xx_hal_hcd.c **** #if (USE_HAL_HCD_REGISTER_CALLBACKS == 1U)
1715:Drivers/STM32F4xx_HAL_Driver/Src/stm32f4xx_hal_hcd.c ****         hhcd->HC_NotifyURBChangeCallback(hhcd, chnum, hhcd->hc[chnum].urb_state);
1716:Drivers/STM32F4xx_HAL_Driver/Src/stm32f4xx_hal_hcd.c **** #else
1717:Drivers/STM32F4xx_HAL_Driver/Src/stm32f4xx_hal_hcd.c ****         HAL_HCD_HC_NotifyURBChange_Callback(hhcd, chnum, hhcd->hc[chnum].urb_state);
1718:Drivers/STM32F4xx_HAL_Driver/Src/stm32f4xx_hal_hcd.c **** #endif /* USE_HAL_HCD_REGISTER_CALLBACKS */
1719:Drivers/STM32F4xx_HAL_Driver/Src/stm32f4xx_hal_hcd.c ****       }
1720:Drivers/STM32F4xx_HAL_Driver/Src/stm32f4xx_hal_hcd.c ****       else
1721:Drivers/STM32F4xx_HAL_Driver/Src/stm32f4xx_hal_hcd.c ****       {
1722:Drivers/STM32F4xx_HAL_Driver/Src/stm32f4xx_hal_hcd.c ****         hhcd->hc[chnum].urb_state = URB_NOTREADY;
1723:Drivers/STM32F4xx_HAL_Driver/Src/stm32f4xx_hal_hcd.c **** 
1724:Drivers/STM32F4xx_HAL_Driver/Src/stm32f4xx_hal_hcd.c ****         /* Re-activate the channel  */
1725:Drivers/STM32F4xx_HAL_Driver/Src/stm32f4xx_hal_hcd.c ****         tmpreg = USBx_HC(chnum)->HCCHAR;
1726:Drivers/STM32F4xx_HAL_Driver/Src/stm32f4xx_hal_hcd.c ****         tmpreg &= ~USB_OTG_HCCHAR_CHDIS;
1727:Drivers/STM32F4xx_HAL_Driver/Src/stm32f4xx_hal_hcd.c ****         tmpreg |= USB_OTG_HCCHAR_CHENA;
1728:Drivers/STM32F4xx_HAL_Driver/Src/stm32f4xx_hal_hcd.c ****         USBx_HC(chnum)->HCCHAR = tmpreg;
1729:Drivers/STM32F4xx_HAL_Driver/Src/stm32f4xx_hal_hcd.c ****       }
1730:Drivers/STM32F4xx_HAL_Driver/Src/stm32f4xx_hal_hcd.c ****     }
1731:Drivers/STM32F4xx_HAL_Driver/Src/stm32f4xx_hal_hcd.c ****     __HAL_HCD_CLEAR_HC_INT(chnum, USB_OTG_HCINT_TXERR);
1732:Drivers/STM32F4xx_HAL_Driver/Src/stm32f4xx_hal_hcd.c ****   }
1733:Drivers/STM32F4xx_HAL_Driver/Src/stm32f4xx_hal_hcd.c ****   else if (__HAL_HCD_GET_CH_FLAG(hhcd, chnum, USB_OTG_HCINT_DTERR))
1734:Drivers/STM32F4xx_HAL_Driver/Src/stm32f4xx_hal_hcd.c ****   {
1735:Drivers/STM32F4xx_HAL_Driver/Src/stm32f4xx_hal_hcd.c ****     hhcd->hc[chnum].state = HC_DATATGLERR;
1736:Drivers/STM32F4xx_HAL_Driver/Src/stm32f4xx_hal_hcd.c ****     (void)USB_HC_Halt(hhcd->Instance, chnum);
1737:Drivers/STM32F4xx_HAL_Driver/Src/stm32f4xx_hal_hcd.c ****     __HAL_HCD_CLEAR_HC_INT(chnum, USB_OTG_HCINT_DTERR);
1738:Drivers/STM32F4xx_HAL_Driver/Src/stm32f4xx_hal_hcd.c ****   }
1739:Drivers/STM32F4xx_HAL_Driver/Src/stm32f4xx_hal_hcd.c ****   else if (__HAL_HCD_GET_CH_FLAG(hhcd, chnum, USB_OTG_HCINT_CHH))
1740:Drivers/STM32F4xx_HAL_Driver/Src/stm32f4xx_hal_hcd.c ****   {
ARM GAS  /tmp/ccPw2T3W.s 			page 32


1741:Drivers/STM32F4xx_HAL_Driver/Src/stm32f4xx_hal_hcd.c ****     __HAL_HCD_CLEAR_HC_INT(chnum, USB_OTG_HCINT_CHH);
1742:Drivers/STM32F4xx_HAL_Driver/Src/stm32f4xx_hal_hcd.c **** 
1743:Drivers/STM32F4xx_HAL_Driver/Src/stm32f4xx_hal_hcd.c ****     if (hhcd->hc[chnum].state == HC_XFRC)
1744:Drivers/STM32F4xx_HAL_Driver/Src/stm32f4xx_hal_hcd.c ****     {
1745:Drivers/STM32F4xx_HAL_Driver/Src/stm32f4xx_hal_hcd.c ****       hhcd->hc[chnum].state = HC_HALTED;
1746:Drivers/STM32F4xx_HAL_Driver/Src/stm32f4xx_hal_hcd.c ****       hhcd->hc[chnum].urb_state = URB_DONE;
1747:Drivers/STM32F4xx_HAL_Driver/Src/stm32f4xx_hal_hcd.c **** 
1748:Drivers/STM32F4xx_HAL_Driver/Src/stm32f4xx_hal_hcd.c ****       if ((hhcd->hc[chnum].ep_type == EP_TYPE_BULK) ||
1749:Drivers/STM32F4xx_HAL_Driver/Src/stm32f4xx_hal_hcd.c ****           (hhcd->hc[chnum].ep_type == EP_TYPE_INTR))
1750:Drivers/STM32F4xx_HAL_Driver/Src/stm32f4xx_hal_hcd.c ****       {
1751:Drivers/STM32F4xx_HAL_Driver/Src/stm32f4xx_hal_hcd.c ****         if (hhcd->Init.dma_enable == 0U)
1752:Drivers/STM32F4xx_HAL_Driver/Src/stm32f4xx_hal_hcd.c ****         {
1753:Drivers/STM32F4xx_HAL_Driver/Src/stm32f4xx_hal_hcd.c ****           hhcd->hc[chnum].toggle_out ^= 1U;
1754:Drivers/STM32F4xx_HAL_Driver/Src/stm32f4xx_hal_hcd.c ****         }
1755:Drivers/STM32F4xx_HAL_Driver/Src/stm32f4xx_hal_hcd.c **** 
1756:Drivers/STM32F4xx_HAL_Driver/Src/stm32f4xx_hal_hcd.c ****         if ((hhcd->Init.dma_enable == 1U) && (hhcd->hc[chnum].xfer_len > 0U))
1757:Drivers/STM32F4xx_HAL_Driver/Src/stm32f4xx_hal_hcd.c ****         {
1758:Drivers/STM32F4xx_HAL_Driver/Src/stm32f4xx_hal_hcd.c ****           num_packets = (hhcd->hc[chnum].xfer_len + hhcd->hc[chnum].max_packet - 1U) / hhcd->hc[chn
1759:Drivers/STM32F4xx_HAL_Driver/Src/stm32f4xx_hal_hcd.c **** 
1760:Drivers/STM32F4xx_HAL_Driver/Src/stm32f4xx_hal_hcd.c ****           if ((num_packets & 1U) != 0U)
1761:Drivers/STM32F4xx_HAL_Driver/Src/stm32f4xx_hal_hcd.c ****           {
1762:Drivers/STM32F4xx_HAL_Driver/Src/stm32f4xx_hal_hcd.c ****             hhcd->hc[chnum].toggle_out ^= 1U;
1763:Drivers/STM32F4xx_HAL_Driver/Src/stm32f4xx_hal_hcd.c ****           }
1764:Drivers/STM32F4xx_HAL_Driver/Src/stm32f4xx_hal_hcd.c ****         }
1765:Drivers/STM32F4xx_HAL_Driver/Src/stm32f4xx_hal_hcd.c ****       }
1766:Drivers/STM32F4xx_HAL_Driver/Src/stm32f4xx_hal_hcd.c ****     }
1767:Drivers/STM32F4xx_HAL_Driver/Src/stm32f4xx_hal_hcd.c ****     else if (hhcd->hc[chnum].state == HC_ACK)
1768:Drivers/STM32F4xx_HAL_Driver/Src/stm32f4xx_hal_hcd.c ****     {
1769:Drivers/STM32F4xx_HAL_Driver/Src/stm32f4xx_hal_hcd.c ****       hhcd->hc[chnum].state = HC_HALTED;
1770:Drivers/STM32F4xx_HAL_Driver/Src/stm32f4xx_hal_hcd.c **** 
1771:Drivers/STM32F4xx_HAL_Driver/Src/stm32f4xx_hal_hcd.c ****       if (hhcd->hc[chnum].do_csplit == 1U)
1772:Drivers/STM32F4xx_HAL_Driver/Src/stm32f4xx_hal_hcd.c ****       {
1773:Drivers/STM32F4xx_HAL_Driver/Src/stm32f4xx_hal_hcd.c ****         hhcd->hc[chnum].urb_state = URB_NOTREADY;
1774:Drivers/STM32F4xx_HAL_Driver/Src/stm32f4xx_hal_hcd.c ****       }
1775:Drivers/STM32F4xx_HAL_Driver/Src/stm32f4xx_hal_hcd.c ****     }
1776:Drivers/STM32F4xx_HAL_Driver/Src/stm32f4xx_hal_hcd.c ****     else if (hhcd->hc[chnum].state == HC_NAK)
1777:Drivers/STM32F4xx_HAL_Driver/Src/stm32f4xx_hal_hcd.c ****     {
1778:Drivers/STM32F4xx_HAL_Driver/Src/stm32f4xx_hal_hcd.c ****       hhcd->hc[chnum].state = HC_HALTED;
1779:Drivers/STM32F4xx_HAL_Driver/Src/stm32f4xx_hal_hcd.c ****       hhcd->hc[chnum].urb_state = URB_NOTREADY;
1780:Drivers/STM32F4xx_HAL_Driver/Src/stm32f4xx_hal_hcd.c **** 
1781:Drivers/STM32F4xx_HAL_Driver/Src/stm32f4xx_hal_hcd.c ****       if (hhcd->hc[chnum].do_csplit == 1U)
1782:Drivers/STM32F4xx_HAL_Driver/Src/stm32f4xx_hal_hcd.c ****       {
1783:Drivers/STM32F4xx_HAL_Driver/Src/stm32f4xx_hal_hcd.c ****         hhcd->hc[chnum].do_csplit = 0U;
1784:Drivers/STM32F4xx_HAL_Driver/Src/stm32f4xx_hal_hcd.c ****         __HAL_HCD_CLEAR_HC_CSPLT(chnum);
1785:Drivers/STM32F4xx_HAL_Driver/Src/stm32f4xx_hal_hcd.c ****       }
1786:Drivers/STM32F4xx_HAL_Driver/Src/stm32f4xx_hal_hcd.c ****     }
1787:Drivers/STM32F4xx_HAL_Driver/Src/stm32f4xx_hal_hcd.c ****     else if (hhcd->hc[chnum].state == HC_NYET)
1788:Drivers/STM32F4xx_HAL_Driver/Src/stm32f4xx_hal_hcd.c ****     {
1789:Drivers/STM32F4xx_HAL_Driver/Src/stm32f4xx_hal_hcd.c ****       hhcd->hc[chnum].state = HC_HALTED;
1790:Drivers/STM32F4xx_HAL_Driver/Src/stm32f4xx_hal_hcd.c ****       hhcd->hc[chnum].urb_state  = URB_NOTREADY;
1791:Drivers/STM32F4xx_HAL_Driver/Src/stm32f4xx_hal_hcd.c ****     }
1792:Drivers/STM32F4xx_HAL_Driver/Src/stm32f4xx_hal_hcd.c ****     else if (hhcd->hc[chnum].state == HC_STALL)
1793:Drivers/STM32F4xx_HAL_Driver/Src/stm32f4xx_hal_hcd.c ****     {
1794:Drivers/STM32F4xx_HAL_Driver/Src/stm32f4xx_hal_hcd.c ****       hhcd->hc[chnum].state = HC_HALTED;
1795:Drivers/STM32F4xx_HAL_Driver/Src/stm32f4xx_hal_hcd.c ****       hhcd->hc[chnum].urb_state  = URB_STALL;
1796:Drivers/STM32F4xx_HAL_Driver/Src/stm32f4xx_hal_hcd.c ****     }
1797:Drivers/STM32F4xx_HAL_Driver/Src/stm32f4xx_hal_hcd.c ****     else if ((hhcd->hc[chnum].state == HC_XACTERR) ||
ARM GAS  /tmp/ccPw2T3W.s 			page 33


1798:Drivers/STM32F4xx_HAL_Driver/Src/stm32f4xx_hal_hcd.c ****              (hhcd->hc[chnum].state == HC_DATATGLERR))
1799:Drivers/STM32F4xx_HAL_Driver/Src/stm32f4xx_hal_hcd.c ****     {
1800:Drivers/STM32F4xx_HAL_Driver/Src/stm32f4xx_hal_hcd.c ****       hhcd->hc[chnum].state = HC_HALTED;
1801:Drivers/STM32F4xx_HAL_Driver/Src/stm32f4xx_hal_hcd.c ****       hhcd->hc[chnum].ErrCnt++;
1802:Drivers/STM32F4xx_HAL_Driver/Src/stm32f4xx_hal_hcd.c ****       if (hhcd->hc[chnum].ErrCnt > 2U)
1803:Drivers/STM32F4xx_HAL_Driver/Src/stm32f4xx_hal_hcd.c ****       {
1804:Drivers/STM32F4xx_HAL_Driver/Src/stm32f4xx_hal_hcd.c ****         hhcd->hc[chnum].ErrCnt = 0U;
1805:Drivers/STM32F4xx_HAL_Driver/Src/stm32f4xx_hal_hcd.c ****         hhcd->hc[chnum].urb_state = URB_ERROR;
1806:Drivers/STM32F4xx_HAL_Driver/Src/stm32f4xx_hal_hcd.c ****       }
1807:Drivers/STM32F4xx_HAL_Driver/Src/stm32f4xx_hal_hcd.c ****       else
1808:Drivers/STM32F4xx_HAL_Driver/Src/stm32f4xx_hal_hcd.c ****       {
1809:Drivers/STM32F4xx_HAL_Driver/Src/stm32f4xx_hal_hcd.c ****         hhcd->hc[chnum].urb_state = URB_NOTREADY;
1810:Drivers/STM32F4xx_HAL_Driver/Src/stm32f4xx_hal_hcd.c **** 
1811:Drivers/STM32F4xx_HAL_Driver/Src/stm32f4xx_hal_hcd.c ****         /* re-activate the channel  */
1812:Drivers/STM32F4xx_HAL_Driver/Src/stm32f4xx_hal_hcd.c ****         tmpreg = USBx_HC(chnum)->HCCHAR;
1813:Drivers/STM32F4xx_HAL_Driver/Src/stm32f4xx_hal_hcd.c ****         tmpreg &= ~USB_OTG_HCCHAR_CHDIS;
1814:Drivers/STM32F4xx_HAL_Driver/Src/stm32f4xx_hal_hcd.c ****         tmpreg |= USB_OTG_HCCHAR_CHENA;
1815:Drivers/STM32F4xx_HAL_Driver/Src/stm32f4xx_hal_hcd.c ****         USBx_HC(chnum)->HCCHAR = tmpreg;
1816:Drivers/STM32F4xx_HAL_Driver/Src/stm32f4xx_hal_hcd.c ****       }
1817:Drivers/STM32F4xx_HAL_Driver/Src/stm32f4xx_hal_hcd.c ****     }
1818:Drivers/STM32F4xx_HAL_Driver/Src/stm32f4xx_hal_hcd.c ****     else
1819:Drivers/STM32F4xx_HAL_Driver/Src/stm32f4xx_hal_hcd.c ****     {
1820:Drivers/STM32F4xx_HAL_Driver/Src/stm32f4xx_hal_hcd.c ****       return;
1821:Drivers/STM32F4xx_HAL_Driver/Src/stm32f4xx_hal_hcd.c ****     }
1822:Drivers/STM32F4xx_HAL_Driver/Src/stm32f4xx_hal_hcd.c **** 
1823:Drivers/STM32F4xx_HAL_Driver/Src/stm32f4xx_hal_hcd.c **** #if (USE_HAL_HCD_REGISTER_CALLBACKS == 1U)
1824:Drivers/STM32F4xx_HAL_Driver/Src/stm32f4xx_hal_hcd.c ****     hhcd->HC_NotifyURBChangeCallback(hhcd, chnum, hhcd->hc[chnum].urb_state);
1825:Drivers/STM32F4xx_HAL_Driver/Src/stm32f4xx_hal_hcd.c **** #else
1826:Drivers/STM32F4xx_HAL_Driver/Src/stm32f4xx_hal_hcd.c ****     HAL_HCD_HC_NotifyURBChange_Callback(hhcd, chnum, hhcd->hc[chnum].urb_state);
1827:Drivers/STM32F4xx_HAL_Driver/Src/stm32f4xx_hal_hcd.c **** #endif /* USE_HAL_HCD_REGISTER_CALLBACKS */
1828:Drivers/STM32F4xx_HAL_Driver/Src/stm32f4xx_hal_hcd.c ****   }
1829:Drivers/STM32F4xx_HAL_Driver/Src/stm32f4xx_hal_hcd.c ****   else
1830:Drivers/STM32F4xx_HAL_Driver/Src/stm32f4xx_hal_hcd.c ****   {
1831:Drivers/STM32F4xx_HAL_Driver/Src/stm32f4xx_hal_hcd.c ****     return;
1832:Drivers/STM32F4xx_HAL_Driver/Src/stm32f4xx_hal_hcd.c ****   }
1833:Drivers/STM32F4xx_HAL_Driver/Src/stm32f4xx_hal_hcd.c **** }
1834:Drivers/STM32F4xx_HAL_Driver/Src/stm32f4xx_hal_hcd.c **** 
1835:Drivers/STM32F4xx_HAL_Driver/Src/stm32f4xx_hal_hcd.c **** /**
1836:Drivers/STM32F4xx_HAL_Driver/Src/stm32f4xx_hal_hcd.c ****   * @brief  Handle Rx Queue Level interrupt requests.
1837:Drivers/STM32F4xx_HAL_Driver/Src/stm32f4xx_hal_hcd.c ****   * @param  hhcd HCD handle
1838:Drivers/STM32F4xx_HAL_Driver/Src/stm32f4xx_hal_hcd.c ****   * @retval none
1839:Drivers/STM32F4xx_HAL_Driver/Src/stm32f4xx_hal_hcd.c ****   */
1840:Drivers/STM32F4xx_HAL_Driver/Src/stm32f4xx_hal_hcd.c **** static void HCD_RXQLVL_IRQHandler(HCD_HandleTypeDef *hhcd)
1841:Drivers/STM32F4xx_HAL_Driver/Src/stm32f4xx_hal_hcd.c **** {
  29              		.loc 1 1841 1 view -0
  30              		.cfi_startproc
  31              		@ args = 0, pretend = 0, frame = 0
  32              		@ frame_needed = 0, uses_anonymous_args = 0
  33              		.loc 1 1841 1 is_stmt 0 view .LVU1
  34 0000 F8B5     		push	{r3, r4, r5, r6, r7, lr}
  35              	.LCFI0:
  36              		.cfi_def_cfa_offset 24
  37              		.cfi_offset 3, -24
  38              		.cfi_offset 4, -20
  39              		.cfi_offset 5, -16
  40              		.cfi_offset 6, -12
  41              		.cfi_offset 7, -8
ARM GAS  /tmp/ccPw2T3W.s 			page 34


  42              		.cfi_offset 14, -4
1842:Drivers/STM32F4xx_HAL_Driver/Src/stm32f4xx_hal_hcd.c ****   const USB_OTG_GlobalTypeDef *USBx = hhcd->Instance;
  43              		.loc 1 1842 3 is_stmt 1 view .LVU2
  44              		.loc 1 1842 32 is_stmt 0 view .LVU3
  45 0002 0668     		ldr	r6, [r0]
  46              	.LVL1:
1843:Drivers/STM32F4xx_HAL_Driver/Src/stm32f4xx_hal_hcd.c ****   uint32_t USBx_BASE = (uint32_t)USBx;
  47              		.loc 1 1843 3 is_stmt 1 view .LVU4
1844:Drivers/STM32F4xx_HAL_Driver/Src/stm32f4xx_hal_hcd.c ****   uint32_t pktsts;
  48              		.loc 1 1844 3 view .LVU5
1845:Drivers/STM32F4xx_HAL_Driver/Src/stm32f4xx_hal_hcd.c ****   uint32_t pktcnt;
  49              		.loc 1 1845 3 view .LVU6
1846:Drivers/STM32F4xx_HAL_Driver/Src/stm32f4xx_hal_hcd.c ****   uint32_t GrxstspReg;
  50              		.loc 1 1846 3 view .LVU7
1847:Drivers/STM32F4xx_HAL_Driver/Src/stm32f4xx_hal_hcd.c ****   uint32_t xferSizePktCnt;
  51              		.loc 1 1847 3 view .LVU8
1848:Drivers/STM32F4xx_HAL_Driver/Src/stm32f4xx_hal_hcd.c ****   uint32_t tmpreg;
  52              		.loc 1 1848 3 view .LVU9
1849:Drivers/STM32F4xx_HAL_Driver/Src/stm32f4xx_hal_hcd.c ****   uint32_t chnum;
  53              		.loc 1 1849 3 view .LVU10
1850:Drivers/STM32F4xx_HAL_Driver/Src/stm32f4xx_hal_hcd.c **** 
1851:Drivers/STM32F4xx_HAL_Driver/Src/stm32f4xx_hal_hcd.c ****   GrxstspReg = hhcd->Instance->GRXSTSP;
  54              		.loc 1 1851 3 view .LVU11
  55              		.loc 1 1851 14 is_stmt 0 view .LVU12
  56 0004 346A     		ldr	r4, [r6, #32]
  57              	.LVL2:
1852:Drivers/STM32F4xx_HAL_Driver/Src/stm32f4xx_hal_hcd.c ****   chnum = GrxstspReg & USB_OTG_GRXSTSP_EPNUM;
  58              		.loc 1 1852 3 is_stmt 1 view .LVU13
  59              		.loc 1 1852 9 is_stmt 0 view .LVU14
  60 0006 04F00F07 		and	r7, r4, #15
  61              	.LVL3:
1853:Drivers/STM32F4xx_HAL_Driver/Src/stm32f4xx_hal_hcd.c ****   pktsts = (GrxstspReg & USB_OTG_GRXSTSP_PKTSTS) >> 17;
  62              		.loc 1 1853 3 is_stmt 1 view .LVU15
  63              		.loc 1 1853 10 is_stmt 0 view .LVU16
  64 000a C4F34343 		ubfx	r3, r4, #17, #4
  65              	.LVL4:
1854:Drivers/STM32F4xx_HAL_Driver/Src/stm32f4xx_hal_hcd.c ****   pktcnt = (GrxstspReg & USB_OTG_GRXSTSP_BCNT) >> 4;
  66              		.loc 1 1854 3 is_stmt 1 view .LVU17
  67              		.loc 1 1854 10 is_stmt 0 view .LVU18
  68 000e C4F30A14 		ubfx	r4, r4, #4, #11
  69              	.LVL5:
1855:Drivers/STM32F4xx_HAL_Driver/Src/stm32f4xx_hal_hcd.c **** 
1856:Drivers/STM32F4xx_HAL_Driver/Src/stm32f4xx_hal_hcd.c ****   switch (pktsts)
  70              		.loc 1 1856 3 is_stmt 1 view .LVU19
  71 0012 022B     		cmp	r3, #2
  72 0014 00D0     		beq	.L5
  73              	.LVL6:
  74              	.L1:
1857:Drivers/STM32F4xx_HAL_Driver/Src/stm32f4xx_hal_hcd.c ****   {
1858:Drivers/STM32F4xx_HAL_Driver/Src/stm32f4xx_hal_hcd.c ****     case GRXSTS_PKTSTS_IN:
1859:Drivers/STM32F4xx_HAL_Driver/Src/stm32f4xx_hal_hcd.c ****       /* Read the data into the host buffer. */
1860:Drivers/STM32F4xx_HAL_Driver/Src/stm32f4xx_hal_hcd.c ****       if ((pktcnt > 0U) && (hhcd->hc[chnum].xfer_buff != (void *)0))
1861:Drivers/STM32F4xx_HAL_Driver/Src/stm32f4xx_hal_hcd.c ****       {
1862:Drivers/STM32F4xx_HAL_Driver/Src/stm32f4xx_hal_hcd.c ****         if ((hhcd->hc[chnum].xfer_count + pktcnt) <= hhcd->hc[chnum].xfer_len)
1863:Drivers/STM32F4xx_HAL_Driver/Src/stm32f4xx_hal_hcd.c ****         {
1864:Drivers/STM32F4xx_HAL_Driver/Src/stm32f4xx_hal_hcd.c ****           (void)USB_ReadPacket(hhcd->Instance,
1865:Drivers/STM32F4xx_HAL_Driver/Src/stm32f4xx_hal_hcd.c ****                                hhcd->hc[chnum].xfer_buff, (uint16_t)pktcnt);
ARM GAS  /tmp/ccPw2T3W.s 			page 35


1866:Drivers/STM32F4xx_HAL_Driver/Src/stm32f4xx_hal_hcd.c **** 
1867:Drivers/STM32F4xx_HAL_Driver/Src/stm32f4xx_hal_hcd.c ****           /* manage multiple Xfer */
1868:Drivers/STM32F4xx_HAL_Driver/Src/stm32f4xx_hal_hcd.c ****           hhcd->hc[chnum].xfer_buff += pktcnt;
1869:Drivers/STM32F4xx_HAL_Driver/Src/stm32f4xx_hal_hcd.c ****           hhcd->hc[chnum].xfer_count += pktcnt;
1870:Drivers/STM32F4xx_HAL_Driver/Src/stm32f4xx_hal_hcd.c **** 
1871:Drivers/STM32F4xx_HAL_Driver/Src/stm32f4xx_hal_hcd.c ****           /* get transfer size packet count */
1872:Drivers/STM32F4xx_HAL_Driver/Src/stm32f4xx_hal_hcd.c ****           xferSizePktCnt = (USBx_HC(chnum)->HCTSIZ & USB_OTG_HCTSIZ_PKTCNT) >> 19;
1873:Drivers/STM32F4xx_HAL_Driver/Src/stm32f4xx_hal_hcd.c **** 
1874:Drivers/STM32F4xx_HAL_Driver/Src/stm32f4xx_hal_hcd.c ****           if ((hhcd->hc[chnum].max_packet == pktcnt) && (xferSizePktCnt > 0U))
1875:Drivers/STM32F4xx_HAL_Driver/Src/stm32f4xx_hal_hcd.c ****           {
1876:Drivers/STM32F4xx_HAL_Driver/Src/stm32f4xx_hal_hcd.c ****             /* re-activate the channel when more packets are expected */
1877:Drivers/STM32F4xx_HAL_Driver/Src/stm32f4xx_hal_hcd.c ****             tmpreg = USBx_HC(chnum)->HCCHAR;
1878:Drivers/STM32F4xx_HAL_Driver/Src/stm32f4xx_hal_hcd.c ****             tmpreg &= ~USB_OTG_HCCHAR_CHDIS;
1879:Drivers/STM32F4xx_HAL_Driver/Src/stm32f4xx_hal_hcd.c ****             tmpreg |= USB_OTG_HCCHAR_CHENA;
1880:Drivers/STM32F4xx_HAL_Driver/Src/stm32f4xx_hal_hcd.c ****             USBx_HC(chnum)->HCCHAR = tmpreg;
1881:Drivers/STM32F4xx_HAL_Driver/Src/stm32f4xx_hal_hcd.c ****             hhcd->hc[chnum].toggle_in ^= 1U;
1882:Drivers/STM32F4xx_HAL_Driver/Src/stm32f4xx_hal_hcd.c ****           }
1883:Drivers/STM32F4xx_HAL_Driver/Src/stm32f4xx_hal_hcd.c ****         }
1884:Drivers/STM32F4xx_HAL_Driver/Src/stm32f4xx_hal_hcd.c ****         else
1885:Drivers/STM32F4xx_HAL_Driver/Src/stm32f4xx_hal_hcd.c ****         {
1886:Drivers/STM32F4xx_HAL_Driver/Src/stm32f4xx_hal_hcd.c ****           hhcd->hc[chnum].urb_state = URB_ERROR;
1887:Drivers/STM32F4xx_HAL_Driver/Src/stm32f4xx_hal_hcd.c ****         }
1888:Drivers/STM32F4xx_HAL_Driver/Src/stm32f4xx_hal_hcd.c ****       }
1889:Drivers/STM32F4xx_HAL_Driver/Src/stm32f4xx_hal_hcd.c ****       break;
1890:Drivers/STM32F4xx_HAL_Driver/Src/stm32f4xx_hal_hcd.c **** 
1891:Drivers/STM32F4xx_HAL_Driver/Src/stm32f4xx_hal_hcd.c ****     case GRXSTS_PKTSTS_DATA_TOGGLE_ERR:
1892:Drivers/STM32F4xx_HAL_Driver/Src/stm32f4xx_hal_hcd.c ****       break;
1893:Drivers/STM32F4xx_HAL_Driver/Src/stm32f4xx_hal_hcd.c **** 
1894:Drivers/STM32F4xx_HAL_Driver/Src/stm32f4xx_hal_hcd.c ****     case GRXSTS_PKTSTS_IN_XFER_COMP:
1895:Drivers/STM32F4xx_HAL_Driver/Src/stm32f4xx_hal_hcd.c ****     case GRXSTS_PKTSTS_CH_HALTED:
1896:Drivers/STM32F4xx_HAL_Driver/Src/stm32f4xx_hal_hcd.c ****     default:
1897:Drivers/STM32F4xx_HAL_Driver/Src/stm32f4xx_hal_hcd.c ****       break;
1898:Drivers/STM32F4xx_HAL_Driver/Src/stm32f4xx_hal_hcd.c ****   }
1899:Drivers/STM32F4xx_HAL_Driver/Src/stm32f4xx_hal_hcd.c **** }
  75              		.loc 1 1899 1 is_stmt 0 view .LVU20
  76 0016 F8BD     		pop	{r3, r4, r5, r6, r7, pc}
  77              	.LVL7:
  78              	.L5:
  79              		.loc 1 1899 1 view .LVU21
  80 0018 0546     		mov	r5, r0
1860:Drivers/STM32F4xx_HAL_Driver/Src/stm32f4xx_hal_hcd.c ****       {
  81              		.loc 1 1860 7 is_stmt 1 view .LVU22
1860:Drivers/STM32F4xx_HAL_Driver/Src/stm32f4xx_hal_hcd.c ****       {
  82              		.loc 1 1860 10 is_stmt 0 view .LVU23
  83 001a 002C     		cmp	r4, #0
  84 001c FBD0     		beq	.L1
1860:Drivers/STM32F4xx_HAL_Driver/Src/stm32f4xx_hal_hcd.c ****       {
  85              		.loc 1 1860 44 discriminator 1 view .LVU24
  86 001e C7EB0713 		rsb	r3, r7, r7, lsl #4
  87              	.LVL8:
1860:Drivers/STM32F4xx_HAL_Driver/Src/stm32f4xx_hal_hcd.c ****       {
  88              		.loc 1 1860 44 discriminator 1 view .LVU25
  89 0022 00EB8303 		add	r3, r0, r3, lsl #2
  90 0026 D96A     		ldr	r1, [r3, #44]
1860:Drivers/STM32F4xx_HAL_Driver/Src/stm32f4xx_hal_hcd.c ****       {
  91              		.loc 1 1860 25 discriminator 1 view .LVU26
  92 0028 0029     		cmp	r1, #0
ARM GAS  /tmp/ccPw2T3W.s 			page 36


  93 002a F4D0     		beq	.L1
1862:Drivers/STM32F4xx_HAL_Driver/Src/stm32f4xx_hal_hcd.c ****         {
  94              		.loc 1 1862 9 is_stmt 1 view .LVU27
1862:Drivers/STM32F4xx_HAL_Driver/Src/stm32f4xx_hal_hcd.c ****         {
  95              		.loc 1 1862 29 is_stmt 0 view .LVU28
  96 002c C7EB0713 		rsb	r3, r7, r7, lsl #4
  97 0030 00EB8303 		add	r3, r0, r3, lsl #2
  98 0034 9A6B     		ldr	r2, [r3, #56]
1862:Drivers/STM32F4xx_HAL_Driver/Src/stm32f4xx_hal_hcd.c ****         {
  99              		.loc 1 1862 41 view .LVU29
 100 0036 2244     		add	r2, r2, r4
1862:Drivers/STM32F4xx_HAL_Driver/Src/stm32f4xx_hal_hcd.c ****         {
 101              		.loc 1 1862 69 view .LVU30
 102 0038 5B6B     		ldr	r3, [r3, #52]
1862:Drivers/STM32F4xx_HAL_Driver/Src/stm32f4xx_hal_hcd.c ****         {
 103              		.loc 1 1862 12 view .LVU31
 104 003a 9A42     		cmp	r2, r3
 105 003c 07D9     		bls	.L6
1886:Drivers/STM32F4xx_HAL_Driver/Src/stm32f4xx_hal_hcd.c ****         }
 106              		.loc 1 1886 11 is_stmt 1 view .LVU32
1886:Drivers/STM32F4xx_HAL_Driver/Src/stm32f4xx_hal_hcd.c ****         }
 107              		.loc 1 1886 37 is_stmt 0 view .LVU33
 108 003e C7EB0717 		rsb	r7, r7, r7, lsl #4
 109              	.LVL9:
1886:Drivers/STM32F4xx_HAL_Driver/Src/stm32f4xx_hal_hcd.c ****         }
 110              		.loc 1 1886 37 view .LVU34
 111 0042 00EB8705 		add	r5, r0, r7, lsl #2
 112 0046 0423     		movs	r3, #4
 113 0048 85F84C30 		strb	r3, [r5, #76]
 114              		.loc 1 1899 1 view .LVU35
 115 004c E3E7     		b	.L1
 116              	.LVL10:
 117              	.L6:
1864:Drivers/STM32F4xx_HAL_Driver/Src/stm32f4xx_hal_hcd.c ****                                hhcd->hc[chnum].xfer_buff, (uint16_t)pktcnt);
 118              		.loc 1 1864 11 is_stmt 1 view .LVU36
1864:Drivers/STM32F4xx_HAL_Driver/Src/stm32f4xx_hal_hcd.c ****                                hhcd->hc[chnum].xfer_buff, (uint16_t)pktcnt);
 119              		.loc 1 1864 17 is_stmt 0 view .LVU37
 120 004e 2246     		mov	r2, r4
 121 0050 3046     		mov	r0, r6
 122              	.LVL11:
1864:Drivers/STM32F4xx_HAL_Driver/Src/stm32f4xx_hal_hcd.c ****                                hhcd->hc[chnum].xfer_buff, (uint16_t)pktcnt);
 123              		.loc 1 1864 17 view .LVU38
 124 0052 FFF7FEFF 		bl	USB_ReadPacket
 125              	.LVL12:
1868:Drivers/STM32F4xx_HAL_Driver/Src/stm32f4xx_hal_hcd.c ****           hhcd->hc[chnum].xfer_count += pktcnt;
 126              		.loc 1 1868 11 is_stmt 1 view .LVU39
1868:Drivers/STM32F4xx_HAL_Driver/Src/stm32f4xx_hal_hcd.c ****           hhcd->hc[chnum].xfer_count += pktcnt;
 127              		.loc 1 1868 26 is_stmt 0 view .LVU40
 128 0056 C7EB0713 		rsb	r3, r7, r7, lsl #4
 129 005a 05EB8303 		add	r3, r5, r3, lsl #2
 130 005e DA6A     		ldr	r2, [r3, #44]
1868:Drivers/STM32F4xx_HAL_Driver/Src/stm32f4xx_hal_hcd.c ****           hhcd->hc[chnum].xfer_count += pktcnt;
 131              		.loc 1 1868 37 view .LVU41
 132 0060 2244     		add	r2, r2, r4
 133 0062 DA62     		str	r2, [r3, #44]
1869:Drivers/STM32F4xx_HAL_Driver/Src/stm32f4xx_hal_hcd.c **** 
 134              		.loc 1 1869 11 is_stmt 1 view .LVU42
ARM GAS  /tmp/ccPw2T3W.s 			page 37


1869:Drivers/STM32F4xx_HAL_Driver/Src/stm32f4xx_hal_hcd.c **** 
 135              		.loc 1 1869 26 is_stmt 0 view .LVU43
 136 0064 9A6B     		ldr	r2, [r3, #56]
1869:Drivers/STM32F4xx_HAL_Driver/Src/stm32f4xx_hal_hcd.c **** 
 137              		.loc 1 1869 38 view .LVU44
 138 0066 2244     		add	r2, r2, r4
 139 0068 9A63     		str	r2, [r3, #56]
1872:Drivers/STM32F4xx_HAL_Driver/Src/stm32f4xx_hal_hcd.c **** 
 140              		.loc 1 1872 11 is_stmt 1 view .LVU45
1872:Drivers/STM32F4xx_HAL_Driver/Src/stm32f4xx_hal_hcd.c **** 
 141              		.loc 1 1872 29 is_stmt 0 view .LVU46
 142 006a 06EB4716 		add	r6, r6, r7, lsl #5
 143              	.LVL13:
1872:Drivers/STM32F4xx_HAL_Driver/Src/stm32f4xx_hal_hcd.c **** 
 144              		.loc 1 1872 43 view .LVU47
 145 006e D6F81025 		ldr	r2, [r6, #1296]
 146              	.LVL14:
1874:Drivers/STM32F4xx_HAL_Driver/Src/stm32f4xx_hal_hcd.c ****           {
 147              		.loc 1 1874 11 is_stmt 1 view .LVU48
1874:Drivers/STM32F4xx_HAL_Driver/Src/stm32f4xx_hal_hcd.c ****           {
 148              		.loc 1 1874 31 is_stmt 0 view .LVU49
 149 0072 1B8D     		ldrh	r3, [r3, #40]
1874:Drivers/STM32F4xx_HAL_Driver/Src/stm32f4xx_hal_hcd.c ****           {
 150              		.loc 1 1874 14 view .LVU50
 151 0074 A342     		cmp	r3, r4
 152 0076 CED1     		bne	.L1
1874:Drivers/STM32F4xx_HAL_Driver/Src/stm32f4xx_hal_hcd.c ****           {
 153              		.loc 1 1874 54 discriminator 1 view .LVU51
 154 0078 0B4B     		ldr	r3, .L7
 155 007a 1340     		ands	r3, r3, r2
 156 007c 002B     		cmp	r3, #0
 157 007e CAD0     		beq	.L1
1877:Drivers/STM32F4xx_HAL_Driver/Src/stm32f4xx_hal_hcd.c ****             tmpreg &= ~USB_OTG_HCCHAR_CHDIS;
 158              		.loc 1 1877 13 is_stmt 1 view .LVU52
1877:Drivers/STM32F4xx_HAL_Driver/Src/stm32f4xx_hal_hcd.c ****             tmpreg &= ~USB_OTG_HCCHAR_CHDIS;
 159              		.loc 1 1877 20 is_stmt 0 view .LVU53
 160 0080 D6F80035 		ldr	r3, [r6, #1280]
 161              	.LVL15:
1878:Drivers/STM32F4xx_HAL_Driver/Src/stm32f4xx_hal_hcd.c ****             tmpreg |= USB_OTG_HCCHAR_CHENA;
 162              		.loc 1 1878 13 is_stmt 1 view .LVU54
1878:Drivers/STM32F4xx_HAL_Driver/Src/stm32f4xx_hal_hcd.c ****             tmpreg |= USB_OTG_HCCHAR_CHENA;
 163              		.loc 1 1878 20 is_stmt 0 view .LVU55
 164 0084 23F08043 		bic	r3, r3, #1073741824
 165              	.LVL16:
1879:Drivers/STM32F4xx_HAL_Driver/Src/stm32f4xx_hal_hcd.c ****             USBx_HC(chnum)->HCCHAR = tmpreg;
 166              		.loc 1 1879 13 is_stmt 1 view .LVU56
1879:Drivers/STM32F4xx_HAL_Driver/Src/stm32f4xx_hal_hcd.c ****             USBx_HC(chnum)->HCCHAR = tmpreg;
 167              		.loc 1 1879 20 is_stmt 0 view .LVU57
 168 0088 43F00043 		orr	r3, r3, #-2147483648
 169              	.LVL17:
1880:Drivers/STM32F4xx_HAL_Driver/Src/stm32f4xx_hal_hcd.c ****             hhcd->hc[chnum].toggle_in ^= 1U;
 170              		.loc 1 1880 13 is_stmt 1 view .LVU58
1880:Drivers/STM32F4xx_HAL_Driver/Src/stm32f4xx_hal_hcd.c ****             hhcd->hc[chnum].toggle_in ^= 1U;
 171              		.loc 1 1880 36 is_stmt 0 view .LVU59
 172 008c C6F80035 		str	r3, [r6, #1280]
1881:Drivers/STM32F4xx_HAL_Driver/Src/stm32f4xx_hal_hcd.c ****           }
 173              		.loc 1 1881 13 is_stmt 1 view .LVU60
ARM GAS  /tmp/ccPw2T3W.s 			page 38


1881:Drivers/STM32F4xx_HAL_Driver/Src/stm32f4xx_hal_hcd.c ****           }
 174              		.loc 1 1881 28 is_stmt 0 view .LVU61
 175 0090 C7EB0713 		rsb	r3, r7, r7, lsl #4
 176              	.LVL18:
1881:Drivers/STM32F4xx_HAL_Driver/Src/stm32f4xx_hal_hcd.c ****           }
 177              		.loc 1 1881 28 view .LVU62
 178 0094 05EB8303 		add	r3, r5, r3, lsl #2
 179 0098 93F83C20 		ldrb	r2, [r3, #60]	@ zero_extendqisi2
 180              	.LVL19:
1881:Drivers/STM32F4xx_HAL_Driver/Src/stm32f4xx_hal_hcd.c ****           }
 181              		.loc 1 1881 39 view .LVU63
 182 009c 82F00102 		eor	r2, r2, #1
 183 00a0 83F83C20 		strb	r2, [r3, #60]
 184              	.LVL20:
1881:Drivers/STM32F4xx_HAL_Driver/Src/stm32f4xx_hal_hcd.c ****           }
 185              		.loc 1 1881 39 view .LVU64
 186 00a4 B7E7     		b	.L1
 187              	.L8:
 188 00a6 00BF     		.align	2
 189              	.L7:
 190 00a8 0000F81F 		.word	536346624
 191              		.cfi_endproc
 192              	.LFE267:
 194              		.section	.text.HAL_HCD_HC_Halt,"ax",%progbits
 195              		.align	1
 196              		.global	HAL_HCD_HC_Halt
 197              		.syntax unified
 198              		.thumb
 199              		.thumb_func
 201              	HAL_HCD_HC_Halt:
 202              	.LVL21:
 203              	.LFB241:
 277:Drivers/STM32F4xx_HAL_Driver/Src/stm32f4xx_hal_hcd.c ****   HAL_StatusTypeDef status = HAL_OK;
 204              		.loc 1 277 1 is_stmt 1 view -0
 205              		.cfi_startproc
 206              		@ args = 0, pretend = 0, frame = 0
 207              		@ frame_needed = 0, uses_anonymous_args = 0
 278:Drivers/STM32F4xx_HAL_Driver/Src/stm32f4xx_hal_hcd.c **** 
 208              		.loc 1 278 3 view .LVU66
 280:Drivers/STM32F4xx_HAL_Driver/Src/stm32f4xx_hal_hcd.c ****   (void)USB_HC_Halt(hhcd->Instance, ch_num);
 209              		.loc 1 280 3 view .LVU67
 280:Drivers/STM32F4xx_HAL_Driver/Src/stm32f4xx_hal_hcd.c ****   (void)USB_HC_Halt(hhcd->Instance, ch_num);
 210              		.loc 1 280 3 view .LVU68
 211 0000 90F8D433 		ldrb	r3, [r0, #980]	@ zero_extendqisi2
 212 0004 012B     		cmp	r3, #1
 213 0006 0BD0     		beq	.L11
 277:Drivers/STM32F4xx_HAL_Driver/Src/stm32f4xx_hal_hcd.c ****   HAL_StatusTypeDef status = HAL_OK;
 214              		.loc 1 277 1 is_stmt 0 view .LVU69
 215 0008 10B5     		push	{r4, lr}
 216              	.LCFI1:
 217              		.cfi_def_cfa_offset 8
 218              		.cfi_offset 4, -8
 219              		.cfi_offset 14, -4
 220 000a 0446     		mov	r4, r0
 280:Drivers/STM32F4xx_HAL_Driver/Src/stm32f4xx_hal_hcd.c ****   (void)USB_HC_Halt(hhcd->Instance, ch_num);
 221              		.loc 1 280 3 is_stmt 1 discriminator 2 view .LVU70
 222 000c 0123     		movs	r3, #1
ARM GAS  /tmp/ccPw2T3W.s 			page 39


 223 000e 80F8D433 		strb	r3, [r0, #980]
 280:Drivers/STM32F4xx_HAL_Driver/Src/stm32f4xx_hal_hcd.c ****   (void)USB_HC_Halt(hhcd->Instance, ch_num);
 224              		.loc 1 280 3 view .LVU71
 281:Drivers/STM32F4xx_HAL_Driver/Src/stm32f4xx_hal_hcd.c ****   __HAL_UNLOCK(hhcd);
 225              		.loc 1 281 3 view .LVU72
 281:Drivers/STM32F4xx_HAL_Driver/Src/stm32f4xx_hal_hcd.c ****   __HAL_UNLOCK(hhcd);
 226              		.loc 1 281 9 is_stmt 0 view .LVU73
 227 0012 0068     		ldr	r0, [r0]
 228              	.LVL22:
 281:Drivers/STM32F4xx_HAL_Driver/Src/stm32f4xx_hal_hcd.c ****   __HAL_UNLOCK(hhcd);
 229              		.loc 1 281 9 view .LVU74
 230 0014 FFF7FEFF 		bl	USB_HC_Halt
 231              	.LVL23:
 282:Drivers/STM32F4xx_HAL_Driver/Src/stm32f4xx_hal_hcd.c **** 
 232              		.loc 1 282 3 is_stmt 1 view .LVU75
 282:Drivers/STM32F4xx_HAL_Driver/Src/stm32f4xx_hal_hcd.c **** 
 233              		.loc 1 282 3 view .LVU76
 234 0018 0020     		movs	r0, #0
 235 001a 84F8D403 		strb	r0, [r4, #980]
 282:Drivers/STM32F4xx_HAL_Driver/Src/stm32f4xx_hal_hcd.c **** 
 236              		.loc 1 282 3 view .LVU77
 284:Drivers/STM32F4xx_HAL_Driver/Src/stm32f4xx_hal_hcd.c **** }
 237              		.loc 1 284 3 view .LVU78
 285:Drivers/STM32F4xx_HAL_Driver/Src/stm32f4xx_hal_hcd.c **** 
 238              		.loc 1 285 1 is_stmt 0 view .LVU79
 239 001e 10BD     		pop	{r4, pc}
 240              	.LVL24:
 241              	.L11:
 242              	.LCFI2:
 243              		.cfi_def_cfa_offset 0
 244              		.cfi_restore 4
 245              		.cfi_restore 14
 280:Drivers/STM32F4xx_HAL_Driver/Src/stm32f4xx_hal_hcd.c ****   (void)USB_HC_Halt(hhcd->Instance, ch_num);
 246              		.loc 1 280 3 discriminator 1 view .LVU80
 247 0020 0220     		movs	r0, #2
 248              	.LVL25:
 285:Drivers/STM32F4xx_HAL_Driver/Src/stm32f4xx_hal_hcd.c **** 
 249              		.loc 1 285 1 view .LVU81
 250 0022 7047     		bx	lr
 251              		.cfi_endproc
 252              	.LFE241:
 254              		.section	.text.HAL_HCD_MspInit,"ax",%progbits
 255              		.align	1
 256              		.weak	HAL_HCD_MspInit
 257              		.syntax unified
 258              		.thumb
 259              		.thumb_func
 261              	HAL_HCD_MspInit:
 262              	.LVL26:
 263              	.LFB243:
 328:Drivers/STM32F4xx_HAL_Driver/Src/stm32f4xx_hal_hcd.c ****   /* Prevent unused argument(s) compilation warning */
 264              		.loc 1 328 1 is_stmt 1 view -0
 265              		.cfi_startproc
 266              		@ args = 0, pretend = 0, frame = 0
 267              		@ frame_needed = 0, uses_anonymous_args = 0
 268              		@ link register save eliminated.
 330:Drivers/STM32F4xx_HAL_Driver/Src/stm32f4xx_hal_hcd.c **** 
ARM GAS  /tmp/ccPw2T3W.s 			page 40


 269              		.loc 1 330 3 view .LVU83
 335:Drivers/STM32F4xx_HAL_Driver/Src/stm32f4xx_hal_hcd.c **** 
 270              		.loc 1 335 1 is_stmt 0 view .LVU84
 271 0000 7047     		bx	lr
 272              		.cfi_endproc
 273              	.LFE243:
 275              		.section	.text.HAL_HCD_Init,"ax",%progbits
 276              		.align	1
 277              		.global	HAL_HCD_Init
 278              		.syntax unified
 279              		.thumb
 280              		.thumb_func
 282              	HAL_HCD_Init:
 283              	.LVL27:
 284              	.LFB239:
 111:Drivers/STM32F4xx_HAL_Driver/Src/stm32f4xx_hal_hcd.c **** #if defined (USB_OTG_FS)
 285              		.loc 1 111 1 is_stmt 1 view -0
 286              		.cfi_startproc
 287              		@ args = 0, pretend = 0, frame = 0
 288              		@ frame_needed = 0, uses_anonymous_args = 0
 113:Drivers/STM32F4xx_HAL_Driver/Src/stm32f4xx_hal_hcd.c **** #endif /* defined (USB_OTG_FS) */
 289              		.loc 1 113 3 view .LVU86
 117:Drivers/STM32F4xx_HAL_Driver/Src/stm32f4xx_hal_hcd.c ****   {
 290              		.loc 1 117 3 view .LVU87
 117:Drivers/STM32F4xx_HAL_Driver/Src/stm32f4xx_hal_hcd.c ****   {
 291              		.loc 1 117 6 is_stmt 0 view .LVU88
 292 0000 0028     		cmp	r0, #0
 293 0002 42D0     		beq	.L24
 111:Drivers/STM32F4xx_HAL_Driver/Src/stm32f4xx_hal_hcd.c **** #if defined (USB_OTG_FS)
 294              		.loc 1 111 1 view .LVU89
 295 0004 30B5     		push	{r4, r5, lr}
 296              	.LCFI3:
 297              		.cfi_def_cfa_offset 12
 298              		.cfi_offset 4, -12
 299              		.cfi_offset 5, -8
 300              		.cfi_offset 14, -4
 301 0006 83B0     		sub	sp, sp, #12
 302              	.LCFI4:
 303              		.cfi_def_cfa_offset 24
 304 0008 0446     		mov	r4, r0
 123:Drivers/STM32F4xx_HAL_Driver/Src/stm32f4xx_hal_hcd.c **** 
 305              		.loc 1 123 3 is_stmt 1 view .LVU90
 126:Drivers/STM32F4xx_HAL_Driver/Src/stm32f4xx_hal_hcd.c **** #endif /* defined (USB_OTG_FS) */
 306              		.loc 1 126 3 view .LVU91
 126:Drivers/STM32F4xx_HAL_Driver/Src/stm32f4xx_hal_hcd.c **** #endif /* defined (USB_OTG_FS) */
 307              		.loc 1 126 8 is_stmt 0 view .LVU92
 308 000a 0568     		ldr	r5, [r0]
 309              	.LVL28:
 129:Drivers/STM32F4xx_HAL_Driver/Src/stm32f4xx_hal_hcd.c ****   {
 310              		.loc 1 129 3 is_stmt 1 view .LVU93
 129:Drivers/STM32F4xx_HAL_Driver/Src/stm32f4xx_hal_hcd.c ****   {
 311              		.loc 1 129 11 is_stmt 0 view .LVU94
 312 000c 90F8D533 		ldrb	r3, [r0, #981]	@ zero_extendqisi2
 129:Drivers/STM32F4xx_HAL_Driver/Src/stm32f4xx_hal_hcd.c ****   {
 313              		.loc 1 129 6 view .LVU95
 314 0010 BBB1     		cbz	r3, .L29
 315              	.LVL29:
ARM GAS  /tmp/ccPw2T3W.s 			page 41


 316              	.L19:
 155:Drivers/STM32F4xx_HAL_Driver/Src/stm32f4xx_hal_hcd.c **** 
 317              		.loc 1 155 3 is_stmt 1 view .LVU96
 155:Drivers/STM32F4xx_HAL_Driver/Src/stm32f4xx_hal_hcd.c **** 
 318              		.loc 1 155 15 is_stmt 0 view .LVU97
 319 0012 0323     		movs	r3, #3
 320 0014 84F8D533 		strb	r3, [r4, #981]
 159:Drivers/STM32F4xx_HAL_Driver/Src/stm32f4xx_hal_hcd.c ****   {
 321              		.loc 1 159 3 is_stmt 1 view .LVU98
 159:Drivers/STM32F4xx_HAL_Driver/Src/stm32f4xx_hal_hcd.c ****   {
 322              		.loc 1 159 6 is_stmt 0 view .LVU99
 323 0018 B5F1A04F 		cmp	r5, #1342177280
 324 001c 16D0     		beq	.L30
 325              	.L20:
 166:Drivers/STM32F4xx_HAL_Driver/Src/stm32f4xx_hal_hcd.c **** 
 326              		.loc 1 166 3 is_stmt 1 view .LVU100
 327 001e 2068     		ldr	r0, [r4]
 328 0020 FFF7FEFF 		bl	USB_DisableGlobalInt
 329              	.LVL30:
 169:Drivers/STM32F4xx_HAL_Driver/Src/stm32f4xx_hal_hcd.c ****   {
 330              		.loc 1 169 3 view .LVU101
 169:Drivers/STM32F4xx_HAL_Driver/Src/stm32f4xx_hal_hcd.c ****   {
 331              		.loc 1 169 7 is_stmt 0 view .LVU102
 332 0024 237C     		ldrb	r3, [r4, #16]	@ zero_extendqisi2
 333 0026 8DF80030 		strb	r3, [sp]
 334 002a 231D     		adds	r3, r4, #4
 335 002c 0ECB     		ldm	r3, {r1, r2, r3}
 336 002e 2068     		ldr	r0, [r4]
 337 0030 FFF7FEFF 		bl	USB_CoreInit
 338              	.LVL31:
 169:Drivers/STM32F4xx_HAL_Driver/Src/stm32f4xx_hal_hcd.c ****   {
 339              		.loc 1 169 6 discriminator 1 view .LVU103
 340 0034 68B1     		cbz	r0, .L21
 171:Drivers/STM32F4xx_HAL_Driver/Src/stm32f4xx_hal_hcd.c ****     return HAL_ERROR;
 341              		.loc 1 171 5 is_stmt 1 view .LVU104
 171:Drivers/STM32F4xx_HAL_Driver/Src/stm32f4xx_hal_hcd.c ****     return HAL_ERROR;
 342              		.loc 1 171 17 is_stmt 0 view .LVU105
 343 0036 0223     		movs	r3, #2
 344 0038 84F8D533 		strb	r3, [r4, #981]
 172:Drivers/STM32F4xx_HAL_Driver/Src/stm32f4xx_hal_hcd.c ****   }
 345              		.loc 1 172 5 is_stmt 1 view .LVU106
 172:Drivers/STM32F4xx_HAL_Driver/Src/stm32f4xx_hal_hcd.c ****   }
 346              		.loc 1 172 12 is_stmt 0 view .LVU107
 347 003c 0120     		movs	r0, #1
 348              	.L18:
 192:Drivers/STM32F4xx_HAL_Driver/Src/stm32f4xx_hal_hcd.c **** 
 349              		.loc 1 192 1 view .LVU108
 350 003e 03B0     		add	sp, sp, #12
 351              	.LCFI5:
 352              		.cfi_remember_state
 353              		.cfi_def_cfa_offset 12
 354              		@ sp needed
 355 0040 30BD     		pop	{r4, r5, pc}
 356              	.LVL32:
 357              	.L29:
 358              	.LCFI6:
 359              		.cfi_restore_state
ARM GAS  /tmp/ccPw2T3W.s 			page 42


 132:Drivers/STM32F4xx_HAL_Driver/Src/stm32f4xx_hal_hcd.c **** 
 360              		.loc 1 132 5 is_stmt 1 view .LVU109
 132:Drivers/STM32F4xx_HAL_Driver/Src/stm32f4xx_hal_hcd.c **** 
 361              		.loc 1 132 16 is_stmt 0 view .LVU110
 362 0042 80F8D433 		strb	r3, [r0, #980]
 151:Drivers/STM32F4xx_HAL_Driver/Src/stm32f4xx_hal_hcd.c **** #endif /* (USE_HAL_HCD_REGISTER_CALLBACKS) */
 363              		.loc 1 151 5 is_stmt 1 view .LVU111
 364 0046 FFF7FEFF 		bl	HAL_HCD_MspInit
 365              	.LVL33:
 151:Drivers/STM32F4xx_HAL_Driver/Src/stm32f4xx_hal_hcd.c **** #endif /* (USE_HAL_HCD_REGISTER_CALLBACKS) */
 366              		.loc 1 151 5 is_stmt 0 view .LVU112
 367 004a E2E7     		b	.L19
 368              	.L30:
 161:Drivers/STM32F4xx_HAL_Driver/Src/stm32f4xx_hal_hcd.c ****   }
 369              		.loc 1 161 5 is_stmt 1 view .LVU113
 161:Drivers/STM32F4xx_HAL_Driver/Src/stm32f4xx_hal_hcd.c ****   }
 370              		.loc 1 161 27 is_stmt 0 view .LVU114
 371 004c 0023     		movs	r3, #0
 372 004e A371     		strb	r3, [r4, #6]
 373 0050 E5E7     		b	.L20
 374              	.L21:
 176:Drivers/STM32F4xx_HAL_Driver/Src/stm32f4xx_hal_hcd.c ****   {
 375              		.loc 1 176 3 is_stmt 1 view .LVU115
 176:Drivers/STM32F4xx_HAL_Driver/Src/stm32f4xx_hal_hcd.c ****   {
 376              		.loc 1 176 7 is_stmt 0 view .LVU116
 377 0052 0121     		movs	r1, #1
 378 0054 2068     		ldr	r0, [r4]
 379 0056 FFF7FEFF 		bl	USB_SetCurrentMode
 380              	.LVL34:
 176:Drivers/STM32F4xx_HAL_Driver/Src/stm32f4xx_hal_hcd.c ****   {
 381              		.loc 1 176 6 discriminator 1 view .LVU117
 382 005a 20B1     		cbz	r0, .L22
 178:Drivers/STM32F4xx_HAL_Driver/Src/stm32f4xx_hal_hcd.c ****     return HAL_ERROR;
 383              		.loc 1 178 5 is_stmt 1 view .LVU118
 178:Drivers/STM32F4xx_HAL_Driver/Src/stm32f4xx_hal_hcd.c ****     return HAL_ERROR;
 384              		.loc 1 178 17 is_stmt 0 view .LVU119
 385 005c 0223     		movs	r3, #2
 386 005e 84F8D533 		strb	r3, [r4, #981]
 179:Drivers/STM32F4xx_HAL_Driver/Src/stm32f4xx_hal_hcd.c ****   }
 387              		.loc 1 179 5 is_stmt 1 view .LVU120
 179:Drivers/STM32F4xx_HAL_Driver/Src/stm32f4xx_hal_hcd.c ****   }
 388              		.loc 1 179 12 is_stmt 0 view .LVU121
 389 0062 0120     		movs	r0, #1
 390 0064 EBE7     		b	.L18
 391              	.L22:
 183:Drivers/STM32F4xx_HAL_Driver/Src/stm32f4xx_hal_hcd.c ****   {
 392              		.loc 1 183 3 is_stmt 1 view .LVU122
 183:Drivers/STM32F4xx_HAL_Driver/Src/stm32f4xx_hal_hcd.c ****   {
 393              		.loc 1 183 7 is_stmt 0 view .LVU123
 394 0066 237C     		ldrb	r3, [r4, #16]	@ zero_extendqisi2
 395 0068 8DF80030 		strb	r3, [sp]
 396 006c 231D     		adds	r3, r4, #4
 397 006e 0ECB     		ldm	r3, {r1, r2, r3}
 398 0070 2068     		ldr	r0, [r4]
 399 0072 FFF7FEFF 		bl	USB_HostInit
 400              	.LVL35:
 183:Drivers/STM32F4xx_HAL_Driver/Src/stm32f4xx_hal_hcd.c ****   {
ARM GAS  /tmp/ccPw2T3W.s 			page 43


 401              		.loc 1 183 6 discriminator 1 view .LVU124
 402 0076 18B9     		cbnz	r0, .L31
 189:Drivers/STM32F4xx_HAL_Driver/Src/stm32f4xx_hal_hcd.c **** 
 403              		.loc 1 189 3 is_stmt 1 view .LVU125
 189:Drivers/STM32F4xx_HAL_Driver/Src/stm32f4xx_hal_hcd.c **** 
 404              		.loc 1 189 15 is_stmt 0 view .LVU126
 405 0078 0123     		movs	r3, #1
 406 007a 84F8D533 		strb	r3, [r4, #981]
 191:Drivers/STM32F4xx_HAL_Driver/Src/stm32f4xx_hal_hcd.c **** }
 407              		.loc 1 191 3 is_stmt 1 view .LVU127
 191:Drivers/STM32F4xx_HAL_Driver/Src/stm32f4xx_hal_hcd.c **** }
 408              		.loc 1 191 10 is_stmt 0 view .LVU128
 409 007e DEE7     		b	.L18
 410              	.L31:
 185:Drivers/STM32F4xx_HAL_Driver/Src/stm32f4xx_hal_hcd.c ****     return HAL_ERROR;
 411              		.loc 1 185 5 is_stmt 1 view .LVU129
 185:Drivers/STM32F4xx_HAL_Driver/Src/stm32f4xx_hal_hcd.c ****     return HAL_ERROR;
 412              		.loc 1 185 17 is_stmt 0 view .LVU130
 413 0080 0223     		movs	r3, #2
 414 0082 84F8D533 		strb	r3, [r4, #981]
 186:Drivers/STM32F4xx_HAL_Driver/Src/stm32f4xx_hal_hcd.c ****   }
 415              		.loc 1 186 5 is_stmt 1 view .LVU131
 186:Drivers/STM32F4xx_HAL_Driver/Src/stm32f4xx_hal_hcd.c ****   }
 416              		.loc 1 186 12 is_stmt 0 view .LVU132
 417 0086 0120     		movs	r0, #1
 418 0088 D9E7     		b	.L18
 419              	.LVL36:
 420              	.L24:
 421              	.LCFI7:
 422              		.cfi_def_cfa_offset 0
 423              		.cfi_restore 4
 424              		.cfi_restore 5
 425              		.cfi_restore 14
 119:Drivers/STM32F4xx_HAL_Driver/Src/stm32f4xx_hal_hcd.c ****   }
 426              		.loc 1 119 12 view .LVU133
 427 008a 0120     		movs	r0, #1
 428              	.LVL37:
 192:Drivers/STM32F4xx_HAL_Driver/Src/stm32f4xx_hal_hcd.c **** 
 429              		.loc 1 192 1 view .LVU134
 430 008c 7047     		bx	lr
 431              		.cfi_endproc
 432              	.LFE239:
 434              		.section	.text.HAL_HCD_MspDeInit,"ax",%progbits
 435              		.align	1
 436              		.weak	HAL_HCD_MspDeInit
 437              		.syntax unified
 438              		.thumb
 439              		.thumb_func
 441              	HAL_HCD_MspDeInit:
 442              	.LVL38:
 443              	.LFB244:
 343:Drivers/STM32F4xx_HAL_Driver/Src/stm32f4xx_hal_hcd.c ****   /* Prevent unused argument(s) compilation warning */
 444              		.loc 1 343 1 is_stmt 1 view -0
 445              		.cfi_startproc
 446              		@ args = 0, pretend = 0, frame = 0
 447              		@ frame_needed = 0, uses_anonymous_args = 0
 448              		@ link register save eliminated.
ARM GAS  /tmp/ccPw2T3W.s 			page 44


 345:Drivers/STM32F4xx_HAL_Driver/Src/stm32f4xx_hal_hcd.c **** 
 449              		.loc 1 345 3 view .LVU136
 350:Drivers/STM32F4xx_HAL_Driver/Src/stm32f4xx_hal_hcd.c **** 
 450              		.loc 1 350 1 is_stmt 0 view .LVU137
 451 0000 7047     		bx	lr
 452              		.cfi_endproc
 453              	.LFE244:
 455              		.section	.text.HAL_HCD_DeInit,"ax",%progbits
 456              		.align	1
 457              		.global	HAL_HCD_DeInit
 458              		.syntax unified
 459              		.thumb
 460              		.thumb_func
 462              	HAL_HCD_DeInit:
 463              	.LVL39:
 464              	.LFB242:
 293:Drivers/STM32F4xx_HAL_Driver/Src/stm32f4xx_hal_hcd.c ****   /* Check the HCD handle allocation */
 465              		.loc 1 293 1 is_stmt 1 view -0
 466              		.cfi_startproc
 467              		@ args = 0, pretend = 0, frame = 0
 468              		@ frame_needed = 0, uses_anonymous_args = 0
 295:Drivers/STM32F4xx_HAL_Driver/Src/stm32f4xx_hal_hcd.c ****   {
 469              		.loc 1 295 3 view .LVU139
 295:Drivers/STM32F4xx_HAL_Driver/Src/stm32f4xx_hal_hcd.c ****   {
 470              		.loc 1 295 6 is_stmt 0 view .LVU140
 471 0000 68B1     		cbz	r0, .L35
 293:Drivers/STM32F4xx_HAL_Driver/Src/stm32f4xx_hal_hcd.c ****   /* Check the HCD handle allocation */
 472              		.loc 1 293 1 view .LVU141
 473 0002 10B5     		push	{r4, lr}
 474              	.LCFI8:
 475              		.cfi_def_cfa_offset 8
 476              		.cfi_offset 4, -8
 477              		.cfi_offset 14, -4
 478 0004 0446     		mov	r4, r0
 300:Drivers/STM32F4xx_HAL_Driver/Src/stm32f4xx_hal_hcd.c **** 
 479              		.loc 1 300 3 is_stmt 1 view .LVU142
 300:Drivers/STM32F4xx_HAL_Driver/Src/stm32f4xx_hal_hcd.c **** 
 480              		.loc 1 300 15 is_stmt 0 view .LVU143
 481 0006 0323     		movs	r3, #3
 482 0008 80F8D533 		strb	r3, [r0, #981]
 312:Drivers/STM32F4xx_HAL_Driver/Src/stm32f4xx_hal_hcd.c **** #endif /* USE_HAL_HCD_REGISTER_CALLBACKS */
 483              		.loc 1 312 3 is_stmt 1 view .LVU144
 484 000c FFF7FEFF 		bl	HAL_HCD_MspDeInit
 485              	.LVL40:
 315:Drivers/STM32F4xx_HAL_Driver/Src/stm32f4xx_hal_hcd.c **** 
 486              		.loc 1 315 3 view .LVU145
 487 0010 2068     		ldr	r0, [r4]
 488 0012 FFF7FEFF 		bl	USB_DisableGlobalInt
 489              	.LVL41:
 317:Drivers/STM32F4xx_HAL_Driver/Src/stm32f4xx_hal_hcd.c **** 
 490              		.loc 1 317 3 view .LVU146
 317:Drivers/STM32F4xx_HAL_Driver/Src/stm32f4xx_hal_hcd.c **** 
 491              		.loc 1 317 15 is_stmt 0 view .LVU147
 492 0016 0020     		movs	r0, #0
 493 0018 84F8D503 		strb	r0, [r4, #981]
 319:Drivers/STM32F4xx_HAL_Driver/Src/stm32f4xx_hal_hcd.c **** }
 494              		.loc 1 319 3 is_stmt 1 view .LVU148
ARM GAS  /tmp/ccPw2T3W.s 			page 45


 320:Drivers/STM32F4xx_HAL_Driver/Src/stm32f4xx_hal_hcd.c **** 
 495              		.loc 1 320 1 is_stmt 0 view .LVU149
 496 001c 10BD     		pop	{r4, pc}
 497              	.LVL42:
 498              	.L35:
 499              	.LCFI9:
 500              		.cfi_def_cfa_offset 0
 501              		.cfi_restore 4
 502              		.cfi_restore 14
 297:Drivers/STM32F4xx_HAL_Driver/Src/stm32f4xx_hal_hcd.c ****   }
 503              		.loc 1 297 12 view .LVU150
 504 001e 0120     		movs	r0, #1
 505              	.LVL43:
 320:Drivers/STM32F4xx_HAL_Driver/Src/stm32f4xx_hal_hcd.c **** 
 506              		.loc 1 320 1 view .LVU151
 507 0020 7047     		bx	lr
 508              		.cfi_endproc
 509              	.LFE242:
 511              		.section	.text.HAL_HCD_HC_SubmitRequest,"ax",%progbits
 512              		.align	1
 513              		.global	HAL_HCD_HC_SubmitRequest
 514              		.syntax unified
 515              		.thumb
 516              		.thumb_func
 518              	HAL_HCD_HC_SubmitRequest:
 519              	.LVL44:
 520              	.LFB245:
 402:Drivers/STM32F4xx_HAL_Driver/Src/stm32f4xx_hal_hcd.c ****   hhcd->hc[ch_num].ep_is_in = direction;
 521              		.loc 1 402 1 is_stmt 1 view -0
 522              		.cfi_startproc
 523              		@ args = 16, pretend = 0, frame = 0
 524              		@ frame_needed = 0, uses_anonymous_args = 0
 402:Drivers/STM32F4xx_HAL_Driver/Src/stm32f4xx_hal_hcd.c ****   hhcd->hc[ch_num].ep_is_in = direction;
 525              		.loc 1 402 1 is_stmt 0 view .LVU153
 526 0000 38B5     		push	{r3, r4, r5, lr}
 527              	.LCFI10:
 528              		.cfi_def_cfa_offset 16
 529              		.cfi_offset 3, -16
 530              		.cfi_offset 4, -12
 531              		.cfi_offset 5, -8
 532              		.cfi_offset 14, -4
 533 0002 9DF81040 		ldrb	r4, [sp, #16]	@ zero_extendqisi2
 534 0006 BDF81850 		ldrh	r5, [sp, #24]
 403:Drivers/STM32F4xx_HAL_Driver/Src/stm32f4xx_hal_hcd.c ****   hhcd->hc[ch_num].ep_type  = ep_type;
 535              		.loc 1 403 3 is_stmt 1 view .LVU154
 403:Drivers/STM32F4xx_HAL_Driver/Src/stm32f4xx_hal_hcd.c ****   hhcd->hc[ch_num].ep_type  = ep_type;
 536              		.loc 1 403 29 is_stmt 0 view .LVU155
 537 000a C1EB011C 		rsb	ip, r1, r1, lsl #4
 538 000e 00EB8C0C 		add	ip, r0, ip, lsl #2
 539 0012 8CF81720 		strb	r2, [ip, #23]
 404:Drivers/STM32F4xx_HAL_Driver/Src/stm32f4xx_hal_hcd.c **** 
 540              		.loc 1 404 3 is_stmt 1 view .LVU156
 404:Drivers/STM32F4xx_HAL_Driver/Src/stm32f4xx_hal_hcd.c **** 
 541              		.loc 1 404 29 is_stmt 0 view .LVU157
 542 0016 8CF82630 		strb	r3, [ip, #38]
 406:Drivers/STM32F4xx_HAL_Driver/Src/stm32f4xx_hal_hcd.c ****   {
 543              		.loc 1 406 3 is_stmt 1 view .LVU158
ARM GAS  /tmp/ccPw2T3W.s 			page 46


 406:Drivers/STM32F4xx_HAL_Driver/Src/stm32f4xx_hal_hcd.c ****   {
 544              		.loc 1 406 6 is_stmt 0 view .LVU159
 545 001a 94B9     		cbnz	r4, .L41
 408:Drivers/STM32F4xx_HAL_Driver/Src/stm32f4xx_hal_hcd.c ****     hhcd->hc[ch_num].do_ping = do_ping;
 546              		.loc 1 408 5 is_stmt 1 view .LVU160
 408:Drivers/STM32F4xx_HAL_Driver/Src/stm32f4xx_hal_hcd.c ****     hhcd->hc[ch_num].do_ping = do_ping;
 547              		.loc 1 408 31 is_stmt 0 view .LVU161
 548 001c C1EB011C 		rsb	ip, r1, r1, lsl #4
 549 0020 00EB8C0C 		add	ip, r0, ip, lsl #2
 550 0024 4FF0030E 		mov	lr, #3
 551 0028 8CF82AE0 		strb	lr, [ip, #42]
 409:Drivers/STM32F4xx_HAL_Driver/Src/stm32f4xx_hal_hcd.c ****   }
 552              		.loc 1 409 5 is_stmt 1 view .LVU162
 409:Drivers/STM32F4xx_HAL_Driver/Src/stm32f4xx_hal_hcd.c ****   }
 553              		.loc 1 409 30 is_stmt 0 view .LVU163
 554 002c 9DF81CE0 		ldrb	lr, [sp, #28]	@ zero_extendqisi2
 555 0030 8CF819E0 		strb	lr, [ip, #25]
 556              	.L42:
 417:Drivers/STM32F4xx_HAL_Driver/Src/stm32f4xx_hal_hcd.c ****   {
 557              		.loc 1 417 3 is_stmt 1 view .LVU164
 558 0034 032B     		cmp	r3, #3
 559 0036 00F2B180 		bhi	.L43
 560 003a DFE803F0 		tbb	[pc, r3]
 561              	.L45:
 562 003e 0B       		.byte	(.L48-.L45)/2
 563 003f A8       		.byte	(.L47-.L45)/2
 564 0040 4C       		.byte	(.L46-.L45)/2
 565 0041 7A       		.byte	(.L44-.L45)/2
 566              		.p2align 1
 567              	.L41:
 413:Drivers/STM32F4xx_HAL_Driver/Src/stm32f4xx_hal_hcd.c ****   }
 568              		.loc 1 413 5 view .LVU165
 413:Drivers/STM32F4xx_HAL_Driver/Src/stm32f4xx_hal_hcd.c ****   }
 569              		.loc 1 413 31 is_stmt 0 view .LVU166
 570 0042 C1EB011C 		rsb	ip, r1, r1, lsl #4
 571 0046 00EB8C0C 		add	ip, r0, ip, lsl #2
 572 004a 4FF0020E 		mov	lr, #2
 573 004e 8CF82AE0 		strb	lr, [ip, #42]
 574 0052 EFE7     		b	.L42
 575              	.L48:
 420:Drivers/STM32F4xx_HAL_Driver/Src/stm32f4xx_hal_hcd.c ****       {
 576              		.loc 1 420 7 is_stmt 1 view .LVU167
 420:Drivers/STM32F4xx_HAL_Driver/Src/stm32f4xx_hal_hcd.c ****       {
 577              		.loc 1 420 10 is_stmt 0 view .LVU168
 578 0054 012C     		cmp	r4, #1
 579 0056 40F0A180 		bne	.L43
 422:Drivers/STM32F4xx_HAL_Driver/Src/stm32f4xx_hal_hcd.c ****         {
 580              		.loc 1 422 9 is_stmt 1 view .LVU169
 422:Drivers/STM32F4xx_HAL_Driver/Src/stm32f4xx_hal_hcd.c ****         {
 581              		.loc 1 422 12 is_stmt 0 view .LVU170
 582 005a F2B9     		cbnz	r2, .L49
 424:Drivers/STM32F4xx_HAL_Driver/Src/stm32f4xx_hal_hcd.c ****           {
 583              		.loc 1 424 11 is_stmt 1 view .LVU171
 424:Drivers/STM32F4xx_HAL_Driver/Src/stm32f4xx_hal_hcd.c ****           {
 584              		.loc 1 424 14 is_stmt 0 view .LVU172
 585 005c 35B9     		cbnz	r5, .L50
 427:Drivers/STM32F4xx_HAL_Driver/Src/stm32f4xx_hal_hcd.c ****           }
ARM GAS  /tmp/ccPw2T3W.s 			page 47


 586              		.loc 1 427 13 is_stmt 1 view .LVU173
 427:Drivers/STM32F4xx_HAL_Driver/Src/stm32f4xx_hal_hcd.c ****           }
 587              		.loc 1 427 41 is_stmt 0 view .LVU174
 588 005e C1EB0113 		rsb	r3, r1, r1, lsl #4
 589              	.LVL45:
 427:Drivers/STM32F4xx_HAL_Driver/Src/stm32f4xx_hal_hcd.c ****           }
 590              		.loc 1 427 41 view .LVU175
 591 0062 00EB8303 		add	r3, r0, r3, lsl #2
 592 0066 0122     		movs	r2, #1
 593              	.LVL46:
 427:Drivers/STM32F4xx_HAL_Driver/Src/stm32f4xx_hal_hcd.c ****           }
 594              		.loc 1 427 41 view .LVU176
 595 0068 83F83D20 		strb	r2, [r3, #61]
 596              	.L50:
 431:Drivers/STM32F4xx_HAL_Driver/Src/stm32f4xx_hal_hcd.c ****           {
 597              		.loc 1 431 11 is_stmt 1 view .LVU177
 431:Drivers/STM32F4xx_HAL_Driver/Src/stm32f4xx_hal_hcd.c ****           {
 598              		.loc 1 431 31 is_stmt 0 view .LVU178
 599 006c C1EB0113 		rsb	r3, r1, r1, lsl #4
 600 0070 00EB8303 		add	r3, r0, r3, lsl #2
 601 0074 93F83D30 		ldrb	r3, [r3, #61]	@ zero_extendqisi2
 431:Drivers/STM32F4xx_HAL_Driver/Src/stm32f4xx_hal_hcd.c ****           {
 602              		.loc 1 431 14 view .LVU179
 603 0078 3BB9     		cbnz	r3, .L51
 434:Drivers/STM32F4xx_HAL_Driver/Src/stm32f4xx_hal_hcd.c ****           }
 604              		.loc 1 434 13 is_stmt 1 view .LVU180
 434:Drivers/STM32F4xx_HAL_Driver/Src/stm32f4xx_hal_hcd.c ****           }
 605              		.loc 1 434 39 is_stmt 0 view .LVU181
 606 007a C1EB0113 		rsb	r3, r1, r1, lsl #4
 607 007e 00EB8303 		add	r3, r0, r3, lsl #2
 608 0082 0022     		movs	r2, #0
 609 0084 83F82A20 		strb	r2, [r3, #42]
 610 0088 88E0     		b	.L43
 611              	.L51:
 439:Drivers/STM32F4xx_HAL_Driver/Src/stm32f4xx_hal_hcd.c ****           }
 612              		.loc 1 439 13 is_stmt 1 view .LVU182
 439:Drivers/STM32F4xx_HAL_Driver/Src/stm32f4xx_hal_hcd.c ****           }
 613              		.loc 1 439 39 is_stmt 0 view .LVU183
 614 008a C1EB0113 		rsb	r3, r1, r1, lsl #4
 615 008e 00EB8303 		add	r3, r0, r3, lsl #2
 616 0092 0222     		movs	r2, #2
 617 0094 83F82A20 		strb	r2, [r3, #42]
 618 0098 80E0     		b	.L43
 619              	.LVL47:
 620              	.L49:
 444:Drivers/STM32F4xx_HAL_Driver/Src/stm32f4xx_hal_hcd.c ****           {
 621              		.loc 1 444 11 is_stmt 1 view .LVU184
 444:Drivers/STM32F4xx_HAL_Driver/Src/stm32f4xx_hal_hcd.c ****           {
 622              		.loc 1 444 31 is_stmt 0 view .LVU185
 623 009a C1EB0113 		rsb	r3, r1, r1, lsl #4
 624              	.LVL48:
 444:Drivers/STM32F4xx_HAL_Driver/Src/stm32f4xx_hal_hcd.c ****           {
 625              		.loc 1 444 31 view .LVU186
 626 009e 00EB8303 		add	r3, r0, r3, lsl #2
 627 00a2 9B7E     		ldrb	r3, [r3, #26]	@ zero_extendqisi2
 444:Drivers/STM32F4xx_HAL_Driver/Src/stm32f4xx_hal_hcd.c ****           {
 628              		.loc 1 444 14 view .LVU187
ARM GAS  /tmp/ccPw2T3W.s 			page 48


 629 00a4 012B     		cmp	r3, #1
 630 00a6 79D1     		bne	.L43
 446:Drivers/STM32F4xx_HAL_Driver/Src/stm32f4xx_hal_hcd.c ****             {
 631              		.loc 1 446 13 is_stmt 1 view .LVU188
 446:Drivers/STM32F4xx_HAL_Driver/Src/stm32f4xx_hal_hcd.c ****             {
 632              		.loc 1 446 33 is_stmt 0 view .LVU189
 633 00a8 C1EB0113 		rsb	r3, r1, r1, lsl #4
 634 00ac 00EB8303 		add	r3, r0, r3, lsl #2
 635 00b0 93F83C30 		ldrb	r3, [r3, #60]	@ zero_extendqisi2
 446:Drivers/STM32F4xx_HAL_Driver/Src/stm32f4xx_hal_hcd.c ****             {
 636              		.loc 1 446 16 view .LVU190
 637 00b4 3BB9     		cbnz	r3, .L52
 448:Drivers/STM32F4xx_HAL_Driver/Src/stm32f4xx_hal_hcd.c ****             }
 638              		.loc 1 448 15 is_stmt 1 view .LVU191
 448:Drivers/STM32F4xx_HAL_Driver/Src/stm32f4xx_hal_hcd.c ****             }
 639              		.loc 1 448 41 is_stmt 0 view .LVU192
 640 00b6 C1EB0113 		rsb	r3, r1, r1, lsl #4
 641 00ba 00EB8303 		add	r3, r0, r3, lsl #2
 642 00be 0022     		movs	r2, #0
 643              	.LVL49:
 448:Drivers/STM32F4xx_HAL_Driver/Src/stm32f4xx_hal_hcd.c ****             }
 644              		.loc 1 448 41 view .LVU193
 645 00c0 83F82A20 		strb	r2, [r3, #42]
 646 00c4 6AE0     		b	.L43
 647              	.LVL50:
 648              	.L52:
 452:Drivers/STM32F4xx_HAL_Driver/Src/stm32f4xx_hal_hcd.c ****             }
 649              		.loc 1 452 15 is_stmt 1 view .LVU194
 452:Drivers/STM32F4xx_HAL_Driver/Src/stm32f4xx_hal_hcd.c ****             }
 650              		.loc 1 452 41 is_stmt 0 view .LVU195
 651 00c6 C1EB0113 		rsb	r3, r1, r1, lsl #4
 652 00ca 00EB8303 		add	r3, r0, r3, lsl #2
 653 00ce 0222     		movs	r2, #2
 654              	.LVL51:
 452:Drivers/STM32F4xx_HAL_Driver/Src/stm32f4xx_hal_hcd.c ****             }
 655              		.loc 1 452 41 view .LVU196
 656 00d0 83F82A20 		strb	r2, [r3, #42]
 657 00d4 62E0     		b	.L43
 658              	.LVL52:
 659              	.L46:
 460:Drivers/STM32F4xx_HAL_Driver/Src/stm32f4xx_hal_hcd.c ****       {
 660              		.loc 1 460 7 is_stmt 1 view .LVU197
 460:Drivers/STM32F4xx_HAL_Driver/Src/stm32f4xx_hal_hcd.c ****       {
 661              		.loc 1 460 10 is_stmt 0 view .LVU198
 662 00d6 AAB9     		cbnz	r2, .L53
 463:Drivers/STM32F4xx_HAL_Driver/Src/stm32f4xx_hal_hcd.c ****         {
 663              		.loc 1 463 9 is_stmt 1 view .LVU199
 463:Drivers/STM32F4xx_HAL_Driver/Src/stm32f4xx_hal_hcd.c ****         {
 664              		.loc 1 463 29 is_stmt 0 view .LVU200
 665 00d8 C1EB0113 		rsb	r3, r1, r1, lsl #4
 666              	.LVL53:
 463:Drivers/STM32F4xx_HAL_Driver/Src/stm32f4xx_hal_hcd.c ****         {
 667              		.loc 1 463 29 view .LVU201
 668 00dc 00EB8303 		add	r3, r0, r3, lsl #2
 669 00e0 93F83D30 		ldrb	r3, [r3, #61]	@ zero_extendqisi2
 463:Drivers/STM32F4xx_HAL_Driver/Src/stm32f4xx_hal_hcd.c ****         {
 670              		.loc 1 463 12 view .LVU202
ARM GAS  /tmp/ccPw2T3W.s 			page 49


 671 00e4 33B9     		cbnz	r3, .L54
 466:Drivers/STM32F4xx_HAL_Driver/Src/stm32f4xx_hal_hcd.c ****         }
 672              		.loc 1 466 11 is_stmt 1 view .LVU203
 466:Drivers/STM32F4xx_HAL_Driver/Src/stm32f4xx_hal_hcd.c ****         }
 673              		.loc 1 466 37 is_stmt 0 view .LVU204
 674 00e6 C1EB0113 		rsb	r3, r1, r1, lsl #4
 675 00ea 00EB8303 		add	r3, r0, r3, lsl #2
 676 00ee 83F82A20 		strb	r2, [r3, #42]
 677 00f2 53E0     		b	.L43
 678              	.L54:
 471:Drivers/STM32F4xx_HAL_Driver/Src/stm32f4xx_hal_hcd.c ****         }
 679              		.loc 1 471 11 is_stmt 1 view .LVU205
 471:Drivers/STM32F4xx_HAL_Driver/Src/stm32f4xx_hal_hcd.c ****         }
 680              		.loc 1 471 37 is_stmt 0 view .LVU206
 681 00f4 C1EB0113 		rsb	r3, r1, r1, lsl #4
 682 00f8 00EB8303 		add	r3, r0, r3, lsl #2
 683 00fc 0222     		movs	r2, #2
 684              	.LVL54:
 471:Drivers/STM32F4xx_HAL_Driver/Src/stm32f4xx_hal_hcd.c ****         }
 685              		.loc 1 471 37 view .LVU207
 686 00fe 83F82A20 		strb	r2, [r3, #42]
 687 0102 4BE0     		b	.L43
 688              	.LVL55:
 689              	.L53:
 476:Drivers/STM32F4xx_HAL_Driver/Src/stm32f4xx_hal_hcd.c ****         {
 690              		.loc 1 476 9 is_stmt 1 view .LVU208
 476:Drivers/STM32F4xx_HAL_Driver/Src/stm32f4xx_hal_hcd.c ****         {
 691              		.loc 1 476 29 is_stmt 0 view .LVU209
 692 0104 C1EB0113 		rsb	r3, r1, r1, lsl #4
 693              	.LVL56:
 476:Drivers/STM32F4xx_HAL_Driver/Src/stm32f4xx_hal_hcd.c ****         {
 694              		.loc 1 476 29 view .LVU210
 695 0108 00EB8303 		add	r3, r0, r3, lsl #2
 696 010c 93F83C30 		ldrb	r3, [r3, #60]	@ zero_extendqisi2
 476:Drivers/STM32F4xx_HAL_Driver/Src/stm32f4xx_hal_hcd.c ****         {
 697              		.loc 1 476 12 view .LVU211
 698 0110 3BB9     		cbnz	r3, .L55
 478:Drivers/STM32F4xx_HAL_Driver/Src/stm32f4xx_hal_hcd.c ****         }
 699              		.loc 1 478 11 is_stmt 1 view .LVU212
 478:Drivers/STM32F4xx_HAL_Driver/Src/stm32f4xx_hal_hcd.c ****         }
 700              		.loc 1 478 37 is_stmt 0 view .LVU213
 701 0112 C1EB0113 		rsb	r3, r1, r1, lsl #4
 702 0116 00EB8303 		add	r3, r0, r3, lsl #2
 703 011a 0022     		movs	r2, #0
 704              	.LVL57:
 478:Drivers/STM32F4xx_HAL_Driver/Src/stm32f4xx_hal_hcd.c ****         }
 705              		.loc 1 478 37 view .LVU214
 706 011c 83F82A20 		strb	r2, [r3, #42]
 707 0120 3CE0     		b	.L43
 708              	.LVL58:
 709              	.L55:
 482:Drivers/STM32F4xx_HAL_Driver/Src/stm32f4xx_hal_hcd.c ****         }
 710              		.loc 1 482 11 is_stmt 1 view .LVU215
 482:Drivers/STM32F4xx_HAL_Driver/Src/stm32f4xx_hal_hcd.c ****         }
 711              		.loc 1 482 37 is_stmt 0 view .LVU216
 712 0122 C1EB0113 		rsb	r3, r1, r1, lsl #4
 713 0126 00EB8303 		add	r3, r0, r3, lsl #2
ARM GAS  /tmp/ccPw2T3W.s 			page 50


 714 012a 0222     		movs	r2, #2
 715              	.LVL59:
 482:Drivers/STM32F4xx_HAL_Driver/Src/stm32f4xx_hal_hcd.c ****         }
 716              		.loc 1 482 37 view .LVU217
 717 012c 83F82A20 		strb	r2, [r3, #42]
 718 0130 34E0     		b	.L43
 719              	.LVL60:
 720              	.L44:
 488:Drivers/STM32F4xx_HAL_Driver/Src/stm32f4xx_hal_hcd.c ****       {
 721              		.loc 1 488 7 is_stmt 1 view .LVU218
 488:Drivers/STM32F4xx_HAL_Driver/Src/stm32f4xx_hal_hcd.c ****       {
 722              		.loc 1 488 10 is_stmt 0 view .LVU219
 723 0132 AAB9     		cbnz	r2, .L56
 491:Drivers/STM32F4xx_HAL_Driver/Src/stm32f4xx_hal_hcd.c ****         {
 724              		.loc 1 491 9 is_stmt 1 view .LVU220
 491:Drivers/STM32F4xx_HAL_Driver/Src/stm32f4xx_hal_hcd.c ****         {
 725              		.loc 1 491 29 is_stmt 0 view .LVU221
 726 0134 C1EB0113 		rsb	r3, r1, r1, lsl #4
 727              	.LVL61:
 491:Drivers/STM32F4xx_HAL_Driver/Src/stm32f4xx_hal_hcd.c ****         {
 728              		.loc 1 491 29 view .LVU222
 729 0138 00EB8303 		add	r3, r0, r3, lsl #2
 730 013c 93F83D30 		ldrb	r3, [r3, #61]	@ zero_extendqisi2
 491:Drivers/STM32F4xx_HAL_Driver/Src/stm32f4xx_hal_hcd.c ****         {
 731              		.loc 1 491 12 view .LVU223
 732 0140 33B9     		cbnz	r3, .L57
 494:Drivers/STM32F4xx_HAL_Driver/Src/stm32f4xx_hal_hcd.c ****         }
 733              		.loc 1 494 11 is_stmt 1 view .LVU224
 494:Drivers/STM32F4xx_HAL_Driver/Src/stm32f4xx_hal_hcd.c ****         }
 734              		.loc 1 494 37 is_stmt 0 view .LVU225
 735 0142 C1EB0113 		rsb	r3, r1, r1, lsl #4
 736 0146 00EB8303 		add	r3, r0, r3, lsl #2
 737 014a 83F82A20 		strb	r2, [r3, #42]
 738 014e 25E0     		b	.L43
 739              	.L57:
 499:Drivers/STM32F4xx_HAL_Driver/Src/stm32f4xx_hal_hcd.c ****         }
 740              		.loc 1 499 11 is_stmt 1 view .LVU226
 499:Drivers/STM32F4xx_HAL_Driver/Src/stm32f4xx_hal_hcd.c ****         }
 741              		.loc 1 499 37 is_stmt 0 view .LVU227
 742 0150 C1EB0113 		rsb	r3, r1, r1, lsl #4
 743 0154 00EB8303 		add	r3, r0, r3, lsl #2
 744 0158 0222     		movs	r2, #2
 745              	.LVL62:
 499:Drivers/STM32F4xx_HAL_Driver/Src/stm32f4xx_hal_hcd.c ****         }
 746              		.loc 1 499 37 view .LVU228
 747 015a 83F82A20 		strb	r2, [r3, #42]
 748 015e 1DE0     		b	.L43
 749              	.LVL63:
 750              	.L56:
 504:Drivers/STM32F4xx_HAL_Driver/Src/stm32f4xx_hal_hcd.c ****         {
 751              		.loc 1 504 9 is_stmt 1 view .LVU229
 504:Drivers/STM32F4xx_HAL_Driver/Src/stm32f4xx_hal_hcd.c ****         {
 752              		.loc 1 504 29 is_stmt 0 view .LVU230
 753 0160 C1EB0113 		rsb	r3, r1, r1, lsl #4
 754              	.LVL64:
 504:Drivers/STM32F4xx_HAL_Driver/Src/stm32f4xx_hal_hcd.c ****         {
 755              		.loc 1 504 29 view .LVU231
ARM GAS  /tmp/ccPw2T3W.s 			page 51


 756 0164 00EB8303 		add	r3, r0, r3, lsl #2
 757 0168 93F83C30 		ldrb	r3, [r3, #60]	@ zero_extendqisi2
 504:Drivers/STM32F4xx_HAL_Driver/Src/stm32f4xx_hal_hcd.c ****         {
 758              		.loc 1 504 12 view .LVU232
 759 016c 3BB9     		cbnz	r3, .L58
 506:Drivers/STM32F4xx_HAL_Driver/Src/stm32f4xx_hal_hcd.c ****         }
 760              		.loc 1 506 11 is_stmt 1 view .LVU233
 506:Drivers/STM32F4xx_HAL_Driver/Src/stm32f4xx_hal_hcd.c ****         }
 761              		.loc 1 506 37 is_stmt 0 view .LVU234
 762 016e C1EB0113 		rsb	r3, r1, r1, lsl #4
 763 0172 00EB8303 		add	r3, r0, r3, lsl #2
 764 0176 0022     		movs	r2, #0
 765              	.LVL65:
 506:Drivers/STM32F4xx_HAL_Driver/Src/stm32f4xx_hal_hcd.c ****         }
 766              		.loc 1 506 37 view .LVU235
 767 0178 83F82A20 		strb	r2, [r3, #42]
 768 017c 0EE0     		b	.L43
 769              	.LVL66:
 770              	.L58:
 510:Drivers/STM32F4xx_HAL_Driver/Src/stm32f4xx_hal_hcd.c ****         }
 771              		.loc 1 510 11 is_stmt 1 view .LVU236
 510:Drivers/STM32F4xx_HAL_Driver/Src/stm32f4xx_hal_hcd.c ****         }
 772              		.loc 1 510 37 is_stmt 0 view .LVU237
 773 017e C1EB0113 		rsb	r3, r1, r1, lsl #4
 774 0182 00EB8303 		add	r3, r0, r3, lsl #2
 775 0186 0222     		movs	r2, #2
 776              	.LVL67:
 510:Drivers/STM32F4xx_HAL_Driver/Src/stm32f4xx_hal_hcd.c ****         }
 777              		.loc 1 510 37 view .LVU238
 778 0188 83F82A20 		strb	r2, [r3, #42]
 779 018c 06E0     		b	.L43
 780              	.LVL68:
 781              	.L47:
 516:Drivers/STM32F4xx_HAL_Driver/Src/stm32f4xx_hal_hcd.c ****       break;
 782              		.loc 1 516 7 is_stmt 1 view .LVU239
 516:Drivers/STM32F4xx_HAL_Driver/Src/stm32f4xx_hal_hcd.c ****       break;
 783              		.loc 1 516 33 is_stmt 0 view .LVU240
 784 018e C1EB0113 		rsb	r3, r1, r1, lsl #4
 785              	.LVL69:
 516:Drivers/STM32F4xx_HAL_Driver/Src/stm32f4xx_hal_hcd.c ****       break;
 786              		.loc 1 516 33 view .LVU241
 787 0192 00EB8303 		add	r3, r0, r3, lsl #2
 788 0196 0022     		movs	r2, #0
 789              	.LVL70:
 516:Drivers/STM32F4xx_HAL_Driver/Src/stm32f4xx_hal_hcd.c ****       break;
 790              		.loc 1 516 33 view .LVU242
 791 0198 83F82A20 		strb	r2, [r3, #42]
 517:Drivers/STM32F4xx_HAL_Driver/Src/stm32f4xx_hal_hcd.c **** 
 792              		.loc 1 517 7 is_stmt 1 view .LVU243
 793              	.L43:
 523:Drivers/STM32F4xx_HAL_Driver/Src/stm32f4xx_hal_hcd.c ****   hhcd->hc[ch_num].xfer_len  = length;
 794              		.loc 1 523 3 view .LVU244
 523:Drivers/STM32F4xx_HAL_Driver/Src/stm32f4xx_hal_hcd.c ****   hhcd->hc[ch_num].xfer_len  = length;
 795              		.loc 1 523 30 is_stmt 0 view .LVU245
 796 019c C1EB0113 		rsb	r3, r1, r1, lsl #4
 797 01a0 00EB8303 		add	r3, r0, r3, lsl #2
 798 01a4 059A     		ldr	r2, [sp, #20]
ARM GAS  /tmp/ccPw2T3W.s 			page 52


 799 01a6 DA62     		str	r2, [r3, #44]
 524:Drivers/STM32F4xx_HAL_Driver/Src/stm32f4xx_hal_hcd.c ****   hhcd->hc[ch_num].urb_state = URB_IDLE;
 800              		.loc 1 524 3 is_stmt 1 view .LVU246
 524:Drivers/STM32F4xx_HAL_Driver/Src/stm32f4xx_hal_hcd.c ****   hhcd->hc[ch_num].urb_state = URB_IDLE;
 801              		.loc 1 524 30 is_stmt 0 view .LVU247
 802 01a8 5D63     		str	r5, [r3, #52]
 525:Drivers/STM32F4xx_HAL_Driver/Src/stm32f4xx_hal_hcd.c ****   hhcd->hc[ch_num].xfer_count = 0U;
 803              		.loc 1 525 3 is_stmt 1 view .LVU248
 525:Drivers/STM32F4xx_HAL_Driver/Src/stm32f4xx_hal_hcd.c ****   hhcd->hc[ch_num].xfer_count = 0U;
 804              		.loc 1 525 30 is_stmt 0 view .LVU249
 805 01aa 0022     		movs	r2, #0
 806 01ac 83F84C20 		strb	r2, [r3, #76]
 526:Drivers/STM32F4xx_HAL_Driver/Src/stm32f4xx_hal_hcd.c ****   hhcd->hc[ch_num].ch_num = ch_num;
 807              		.loc 1 526 3 is_stmt 1 view .LVU250
 526:Drivers/STM32F4xx_HAL_Driver/Src/stm32f4xx_hal_hcd.c ****   hhcd->hc[ch_num].ch_num = ch_num;
 808              		.loc 1 526 31 is_stmt 0 view .LVU251
 809 01b0 9A63     		str	r2, [r3, #56]
 527:Drivers/STM32F4xx_HAL_Driver/Src/stm32f4xx_hal_hcd.c ****   hhcd->hc[ch_num].state = HC_IDLE;
 810              		.loc 1 527 3 is_stmt 1 view .LVU252
 527:Drivers/STM32F4xx_HAL_Driver/Src/stm32f4xx_hal_hcd.c ****   hhcd->hc[ch_num].state = HC_IDLE;
 811              		.loc 1 527 27 is_stmt 0 view .LVU253
 812 01b2 5975     		strb	r1, [r3, #21]
 528:Drivers/STM32F4xx_HAL_Driver/Src/stm32f4xx_hal_hcd.c **** 
 813              		.loc 1 528 3 is_stmt 1 view .LVU254
 528:Drivers/STM32F4xx_HAL_Driver/Src/stm32f4xx_hal_hcd.c **** 
 814              		.loc 1 528 26 is_stmt 0 view .LVU255
 815 01b4 83F84D20 		strb	r2, [r3, #77]
 530:Drivers/STM32F4xx_HAL_Driver/Src/stm32f4xx_hal_hcd.c **** }
 816              		.loc 1 530 3 is_stmt 1 view .LVU256
 530:Drivers/STM32F4xx_HAL_Driver/Src/stm32f4xx_hal_hcd.c **** }
 817              		.loc 1 530 43 is_stmt 0 view .LVU257
 818 01b8 C1EB0111 		rsb	r1, r1, r1, lsl #4
 819              	.LVL71:
 530:Drivers/STM32F4xx_HAL_Driver/Src/stm32f4xx_hal_hcd.c **** }
 820              		.loc 1 530 43 view .LVU258
 821 01bc 8900     		lsls	r1, r1, #2
 822 01be 1031     		adds	r1, r1, #16
 823 01c0 0144     		add	r1, r1, r0
 530:Drivers/STM32F4xx_HAL_Driver/Src/stm32f4xx_hal_hcd.c **** }
 824              		.loc 1 530 10 view .LVU259
 825 01c2 8279     		ldrb	r2, [r0, #6]	@ zero_extendqisi2
 826 01c4 0431     		adds	r1, r1, #4
 827 01c6 0068     		ldr	r0, [r0]
 828              	.LVL72:
 530:Drivers/STM32F4xx_HAL_Driver/Src/stm32f4xx_hal_hcd.c **** }
 829              		.loc 1 530 10 view .LVU260
 830 01c8 FFF7FEFF 		bl	USB_HC_StartXfer
 831              	.LVL73:
 531:Drivers/STM32F4xx_HAL_Driver/Src/stm32f4xx_hal_hcd.c **** 
 832              		.loc 1 531 1 view .LVU261
 833 01cc 38BD     		pop	{r3, r4, r5, pc}
 531:Drivers/STM32F4xx_HAL_Driver/Src/stm32f4xx_hal_hcd.c **** 
 834              		.loc 1 531 1 view .LVU262
 835              		.cfi_endproc
 836              	.LFE245:
 838              		.section	.text.HAL_HCD_WKUP_IRQHandler,"ax",%progbits
 839              		.align	1
ARM GAS  /tmp/ccPw2T3W.s 			page 53


 840              		.global	HAL_HCD_WKUP_IRQHandler
 841              		.syntax unified
 842              		.thumb
 843              		.thumb_func
 845              	HAL_HCD_WKUP_IRQHandler:
 846              	.LVL74:
 847              	.LFB247:
 662:Drivers/STM32F4xx_HAL_Driver/Src/stm32f4xx_hal_hcd.c ****   UNUSED(hhcd);
 848              		.loc 1 662 1 is_stmt 1 view -0
 849              		.cfi_startproc
 850              		@ args = 0, pretend = 0, frame = 0
 851              		@ frame_needed = 0, uses_anonymous_args = 0
 852              		@ link register save eliminated.
 663:Drivers/STM32F4xx_HAL_Driver/Src/stm32f4xx_hal_hcd.c **** }
 853              		.loc 1 663 3 view .LVU264
 664:Drivers/STM32F4xx_HAL_Driver/Src/stm32f4xx_hal_hcd.c **** 
 854              		.loc 1 664 1 is_stmt 0 view .LVU265
 855 0000 7047     		bx	lr
 856              		.cfi_endproc
 857              	.LFE247:
 859              		.section	.text.HAL_HCD_SOF_Callback,"ax",%progbits
 860              		.align	1
 861              		.weak	HAL_HCD_SOF_Callback
 862              		.syntax unified
 863              		.thumb
 864              		.thumb_func
 866              	HAL_HCD_SOF_Callback:
 867              	.LVL75:
 868              	.LFB248:
 673:Drivers/STM32F4xx_HAL_Driver/Src/stm32f4xx_hal_hcd.c ****   /* Prevent unused argument(s) compilation warning */
 869              		.loc 1 673 1 is_stmt 1 view -0
 870              		.cfi_startproc
 871              		@ args = 0, pretend = 0, frame = 0
 872              		@ frame_needed = 0, uses_anonymous_args = 0
 873              		@ link register save eliminated.
 675:Drivers/STM32F4xx_HAL_Driver/Src/stm32f4xx_hal_hcd.c **** 
 874              		.loc 1 675 3 view .LVU267
 680:Drivers/STM32F4xx_HAL_Driver/Src/stm32f4xx_hal_hcd.c **** 
 875              		.loc 1 680 1 is_stmt 0 view .LVU268
 876 0000 7047     		bx	lr
 877              		.cfi_endproc
 878              	.LFE248:
 880              		.section	.text.HAL_HCD_Connect_Callback,"ax",%progbits
 881              		.align	1
 882              		.weak	HAL_HCD_Connect_Callback
 883              		.syntax unified
 884              		.thumb
 885              		.thumb_func
 887              	HAL_HCD_Connect_Callback:
 888              	.LVL76:
 889              	.LFB249:
 688:Drivers/STM32F4xx_HAL_Driver/Src/stm32f4xx_hal_hcd.c ****   /* Prevent unused argument(s) compilation warning */
 890              		.loc 1 688 1 is_stmt 1 view -0
 891              		.cfi_startproc
 892              		@ args = 0, pretend = 0, frame = 0
 893              		@ frame_needed = 0, uses_anonymous_args = 0
 894              		@ link register save eliminated.
ARM GAS  /tmp/ccPw2T3W.s 			page 54


 690:Drivers/STM32F4xx_HAL_Driver/Src/stm32f4xx_hal_hcd.c **** 
 895              		.loc 1 690 3 view .LVU270
 695:Drivers/STM32F4xx_HAL_Driver/Src/stm32f4xx_hal_hcd.c **** 
 896              		.loc 1 695 1 is_stmt 0 view .LVU271
 897 0000 7047     		bx	lr
 898              		.cfi_endproc
 899              	.LFE249:
 901              		.section	.text.HAL_HCD_Disconnect_Callback,"ax",%progbits
 902              		.align	1
 903              		.weak	HAL_HCD_Disconnect_Callback
 904              		.syntax unified
 905              		.thumb
 906              		.thumb_func
 908              	HAL_HCD_Disconnect_Callback:
 909              	.LVL77:
 910              	.LFB250:
 703:Drivers/STM32F4xx_HAL_Driver/Src/stm32f4xx_hal_hcd.c ****   /* Prevent unused argument(s) compilation warning */
 911              		.loc 1 703 1 is_stmt 1 view -0
 912              		.cfi_startproc
 913              		@ args = 0, pretend = 0, frame = 0
 914              		@ frame_needed = 0, uses_anonymous_args = 0
 915              		@ link register save eliminated.
 705:Drivers/STM32F4xx_HAL_Driver/Src/stm32f4xx_hal_hcd.c **** 
 916              		.loc 1 705 3 view .LVU273
 710:Drivers/STM32F4xx_HAL_Driver/Src/stm32f4xx_hal_hcd.c **** 
 917              		.loc 1 710 1 is_stmt 0 view .LVU274
 918 0000 7047     		bx	lr
 919              		.cfi_endproc
 920              	.LFE250:
 922              		.section	.text.HAL_HCD_PortEnabled_Callback,"ax",%progbits
 923              		.align	1
 924              		.weak	HAL_HCD_PortEnabled_Callback
 925              		.syntax unified
 926              		.thumb
 927              		.thumb_func
 929              	HAL_HCD_PortEnabled_Callback:
 930              	.LVL78:
 931              	.LFB251:
 718:Drivers/STM32F4xx_HAL_Driver/Src/stm32f4xx_hal_hcd.c ****   /* Prevent unused argument(s) compilation warning */
 932              		.loc 1 718 1 is_stmt 1 view -0
 933              		.cfi_startproc
 934              		@ args = 0, pretend = 0, frame = 0
 935              		@ frame_needed = 0, uses_anonymous_args = 0
 936              		@ link register save eliminated.
 720:Drivers/STM32F4xx_HAL_Driver/Src/stm32f4xx_hal_hcd.c **** 
 937              		.loc 1 720 3 view .LVU276
 725:Drivers/STM32F4xx_HAL_Driver/Src/stm32f4xx_hal_hcd.c **** 
 938              		.loc 1 725 1 is_stmt 0 view .LVU277
 939 0000 7047     		bx	lr
 940              		.cfi_endproc
 941              	.LFE251:
 943              		.section	.text.HAL_HCD_PortDisabled_Callback,"ax",%progbits
 944              		.align	1
 945              		.weak	HAL_HCD_PortDisabled_Callback
 946              		.syntax unified
 947              		.thumb
 948              		.thumb_func
ARM GAS  /tmp/ccPw2T3W.s 			page 55


 950              	HAL_HCD_PortDisabled_Callback:
 951              	.LVL79:
 952              	.LFB252:
 733:Drivers/STM32F4xx_HAL_Driver/Src/stm32f4xx_hal_hcd.c ****   /* Prevent unused argument(s) compilation warning */
 953              		.loc 1 733 1 is_stmt 1 view -0
 954              		.cfi_startproc
 955              		@ args = 0, pretend = 0, frame = 0
 956              		@ frame_needed = 0, uses_anonymous_args = 0
 957              		@ link register save eliminated.
 735:Drivers/STM32F4xx_HAL_Driver/Src/stm32f4xx_hal_hcd.c **** 
 958              		.loc 1 735 3 view .LVU279
 740:Drivers/STM32F4xx_HAL_Driver/Src/stm32f4xx_hal_hcd.c **** 
 959              		.loc 1 740 1 is_stmt 0 view .LVU280
 960 0000 7047     		bx	lr
 961              		.cfi_endproc
 962              	.LFE252:
 964              		.section	.text.HCD_Port_IRQHandler,"ax",%progbits
 965              		.align	1
 966              		.syntax unified
 967              		.thumb
 968              		.thumb_func
 970              	HCD_Port_IRQHandler:
 971              	.LVL80:
 972              	.LFB268:
1900:Drivers/STM32F4xx_HAL_Driver/Src/stm32f4xx_hal_hcd.c **** 
1901:Drivers/STM32F4xx_HAL_Driver/Src/stm32f4xx_hal_hcd.c **** /**
1902:Drivers/STM32F4xx_HAL_Driver/Src/stm32f4xx_hal_hcd.c ****   * @brief  Handle Host Port interrupt requests.
1903:Drivers/STM32F4xx_HAL_Driver/Src/stm32f4xx_hal_hcd.c ****   * @param  hhcd HCD handle
1904:Drivers/STM32F4xx_HAL_Driver/Src/stm32f4xx_hal_hcd.c ****   * @retval None
1905:Drivers/STM32F4xx_HAL_Driver/Src/stm32f4xx_hal_hcd.c ****   */
1906:Drivers/STM32F4xx_HAL_Driver/Src/stm32f4xx_hal_hcd.c **** static void HCD_Port_IRQHandler(HCD_HandleTypeDef *hhcd)
1907:Drivers/STM32F4xx_HAL_Driver/Src/stm32f4xx_hal_hcd.c **** {
 973              		.loc 1 1907 1 is_stmt 1 view -0
 974              		.cfi_startproc
 975              		@ args = 0, pretend = 0, frame = 8
 976              		@ frame_needed = 0, uses_anonymous_args = 0
 977              		.loc 1 1907 1 is_stmt 0 view .LVU282
 978 0000 30B5     		push	{r4, r5, lr}
 979              	.LCFI11:
 980              		.cfi_def_cfa_offset 12
 981              		.cfi_offset 4, -12
 982              		.cfi_offset 5, -8
 983              		.cfi_offset 14, -4
 984 0002 83B0     		sub	sp, sp, #12
 985              	.LCFI12:
 986              		.cfi_def_cfa_offset 24
 987 0004 0446     		mov	r4, r0
1908:Drivers/STM32F4xx_HAL_Driver/Src/stm32f4xx_hal_hcd.c ****   const USB_OTG_GlobalTypeDef *USBx = hhcd->Instance;
 988              		.loc 1 1908 3 is_stmt 1 view .LVU283
 989              		.loc 1 1908 32 is_stmt 0 view .LVU284
 990 0006 0568     		ldr	r5, [r0]
 991              	.LVL81:
1909:Drivers/STM32F4xx_HAL_Driver/Src/stm32f4xx_hal_hcd.c ****   uint32_t USBx_BASE = (uint32_t)USBx;
 992              		.loc 1 1909 3 is_stmt 1 view .LVU285
1910:Drivers/STM32F4xx_HAL_Driver/Src/stm32f4xx_hal_hcd.c ****   __IO uint32_t hprt0;
 993              		.loc 1 1910 3 view .LVU286
1911:Drivers/STM32F4xx_HAL_Driver/Src/stm32f4xx_hal_hcd.c ****   __IO uint32_t hprt0_dup;
ARM GAS  /tmp/ccPw2T3W.s 			page 56


 994              		.loc 1 1911 3 view .LVU287
1912:Drivers/STM32F4xx_HAL_Driver/Src/stm32f4xx_hal_hcd.c **** 
1913:Drivers/STM32F4xx_HAL_Driver/Src/stm32f4xx_hal_hcd.c ****   /* Handle Host Port Interrupts */
1914:Drivers/STM32F4xx_HAL_Driver/Src/stm32f4xx_hal_hcd.c ****   hprt0 = USBx_HPRT0;
 995              		.loc 1 1914 3 view .LVU288
 996              		.loc 1 1914 11 is_stmt 0 view .LVU289
 997 0008 D5F84034 		ldr	r3, [r5, #1088]
 998              		.loc 1 1914 9 view .LVU290
 999 000c 0193     		str	r3, [sp, #4]
1915:Drivers/STM32F4xx_HAL_Driver/Src/stm32f4xx_hal_hcd.c ****   hprt0_dup = USBx_HPRT0;
 1000              		.loc 1 1915 3 is_stmt 1 view .LVU291
 1001              		.loc 1 1915 15 is_stmt 0 view .LVU292
 1002 000e D5F84034 		ldr	r3, [r5, #1088]
 1003              		.loc 1 1915 13 view .LVU293
 1004 0012 0093     		str	r3, [sp]
1916:Drivers/STM32F4xx_HAL_Driver/Src/stm32f4xx_hal_hcd.c **** 
1917:Drivers/STM32F4xx_HAL_Driver/Src/stm32f4xx_hal_hcd.c ****   hprt0_dup &= ~(USB_OTG_HPRT_PENA | USB_OTG_HPRT_PCDET | \
 1005              		.loc 1 1917 3 is_stmt 1 view .LVU294
 1006              		.loc 1 1917 13 is_stmt 0 view .LVU295
 1007 0014 009B     		ldr	r3, [sp]
 1008 0016 23F02E03 		bic	r3, r3, #46
 1009 001a 0093     		str	r3, [sp]
1918:Drivers/STM32F4xx_HAL_Driver/Src/stm32f4xx_hal_hcd.c ****                  USB_OTG_HPRT_PENCHNG | USB_OTG_HPRT_POCCHNG);
1919:Drivers/STM32F4xx_HAL_Driver/Src/stm32f4xx_hal_hcd.c **** 
1920:Drivers/STM32F4xx_HAL_Driver/Src/stm32f4xx_hal_hcd.c ****   /* Check whether Port Connect detected */
1921:Drivers/STM32F4xx_HAL_Driver/Src/stm32f4xx_hal_hcd.c ****   if ((hprt0 & USB_OTG_HPRT_PCDET) == USB_OTG_HPRT_PCDET)
 1010              		.loc 1 1921 3 is_stmt 1 view .LVU296
 1011              		.loc 1 1921 14 is_stmt 0 view .LVU297
 1012 001c 019B     		ldr	r3, [sp, #4]
 1013              		.loc 1 1921 6 view .LVU298
 1014 001e 13F0020F 		tst	r3, #2
 1015 0022 07D0     		beq	.L68
1922:Drivers/STM32F4xx_HAL_Driver/Src/stm32f4xx_hal_hcd.c ****   {
1923:Drivers/STM32F4xx_HAL_Driver/Src/stm32f4xx_hal_hcd.c ****     if ((hprt0 & USB_OTG_HPRT_PCSTS) == USB_OTG_HPRT_PCSTS)
 1016              		.loc 1 1923 5 is_stmt 1 view .LVU299
 1017              		.loc 1 1923 16 is_stmt 0 view .LVU300
 1018 0024 019B     		ldr	r3, [sp, #4]
 1019              		.loc 1 1923 8 view .LVU301
 1020 0026 13F0010F 		tst	r3, #1
 1021 002a 25D1     		bne	.L77
 1022              	.LVL82:
 1023              	.L69:
1924:Drivers/STM32F4xx_HAL_Driver/Src/stm32f4xx_hal_hcd.c ****     {
1925:Drivers/STM32F4xx_HAL_Driver/Src/stm32f4xx_hal_hcd.c **** #if (USE_HAL_HCD_REGISTER_CALLBACKS == 1U)
1926:Drivers/STM32F4xx_HAL_Driver/Src/stm32f4xx_hal_hcd.c ****       hhcd->ConnectCallback(hhcd);
1927:Drivers/STM32F4xx_HAL_Driver/Src/stm32f4xx_hal_hcd.c **** #else
1928:Drivers/STM32F4xx_HAL_Driver/Src/stm32f4xx_hal_hcd.c ****       HAL_HCD_Connect_Callback(hhcd);
1929:Drivers/STM32F4xx_HAL_Driver/Src/stm32f4xx_hal_hcd.c **** #endif /* USE_HAL_HCD_REGISTER_CALLBACKS */
1930:Drivers/STM32F4xx_HAL_Driver/Src/stm32f4xx_hal_hcd.c ****     }
1931:Drivers/STM32F4xx_HAL_Driver/Src/stm32f4xx_hal_hcd.c ****     hprt0_dup |= USB_OTG_HPRT_PCDET;
 1024              		.loc 1 1931 5 is_stmt 1 view .LVU302
 1025              		.loc 1 1931 15 is_stmt 0 view .LVU303
 1026 002c 009B     		ldr	r3, [sp]
 1027 002e 43F00203 		orr	r3, r3, #2
 1028 0032 0093     		str	r3, [sp]
 1029              	.L68:
1932:Drivers/STM32F4xx_HAL_Driver/Src/stm32f4xx_hal_hcd.c ****   }
ARM GAS  /tmp/ccPw2T3W.s 			page 57


1933:Drivers/STM32F4xx_HAL_Driver/Src/stm32f4xx_hal_hcd.c **** 
1934:Drivers/STM32F4xx_HAL_Driver/Src/stm32f4xx_hal_hcd.c ****   /* Check whether Port Enable Changed */
1935:Drivers/STM32F4xx_HAL_Driver/Src/stm32f4xx_hal_hcd.c ****   if ((hprt0 & USB_OTG_HPRT_PENCHNG) == USB_OTG_HPRT_PENCHNG)
 1030              		.loc 1 1935 3 is_stmt 1 view .LVU304
 1031              		.loc 1 1935 14 is_stmt 0 view .LVU305
 1032 0034 019B     		ldr	r3, [sp, #4]
 1033              		.loc 1 1935 6 view .LVU306
 1034 0036 13F0080F 		tst	r3, #8
 1035 003a 10D0     		beq	.L70
1936:Drivers/STM32F4xx_HAL_Driver/Src/stm32f4xx_hal_hcd.c ****   {
1937:Drivers/STM32F4xx_HAL_Driver/Src/stm32f4xx_hal_hcd.c ****     hprt0_dup |= USB_OTG_HPRT_PENCHNG;
 1036              		.loc 1 1937 5 is_stmt 1 view .LVU307
 1037              		.loc 1 1937 15 is_stmt 0 view .LVU308
 1038 003c 009B     		ldr	r3, [sp]
 1039 003e 43F00803 		orr	r3, r3, #8
 1040 0042 0093     		str	r3, [sp]
1938:Drivers/STM32F4xx_HAL_Driver/Src/stm32f4xx_hal_hcd.c **** 
1939:Drivers/STM32F4xx_HAL_Driver/Src/stm32f4xx_hal_hcd.c ****     if ((hprt0 & USB_OTG_HPRT_PENA) == USB_OTG_HPRT_PENA)
 1041              		.loc 1 1939 5 is_stmt 1 view .LVU309
 1042              		.loc 1 1939 16 is_stmt 0 view .LVU310
 1043 0044 019B     		ldr	r3, [sp, #4]
 1044              		.loc 1 1939 8 view .LVU311
 1045 0046 13F0040F 		tst	r3, #4
 1046 004a 2DD0     		beq	.L71
1940:Drivers/STM32F4xx_HAL_Driver/Src/stm32f4xx_hal_hcd.c ****     {
1941:Drivers/STM32F4xx_HAL_Driver/Src/stm32f4xx_hal_hcd.c ****       if (hhcd->Init.phy_itface == USB_OTG_EMBEDDED_PHY)
 1047              		.loc 1 1941 7 is_stmt 1 view .LVU312
 1048              		.loc 1 1941 21 is_stmt 0 view .LVU313
 1049 004c 637A     		ldrb	r3, [r4, #9]	@ zero_extendqisi2
 1050              		.loc 1 1941 10 view .LVU314
 1051 004e 022B     		cmp	r3, #2
 1052 0050 15D0     		beq	.L78
1942:Drivers/STM32F4xx_HAL_Driver/Src/stm32f4xx_hal_hcd.c ****       {
1943:Drivers/STM32F4xx_HAL_Driver/Src/stm32f4xx_hal_hcd.c ****         if ((hprt0 & USB_OTG_HPRT_PSPD) == (HPRT0_PRTSPD_LOW_SPEED << 17))
1944:Drivers/STM32F4xx_HAL_Driver/Src/stm32f4xx_hal_hcd.c ****         {
1945:Drivers/STM32F4xx_HAL_Driver/Src/stm32f4xx_hal_hcd.c ****           (void)USB_InitFSLSPClkSel(hhcd->Instance, HCFG_6_MHZ);
1946:Drivers/STM32F4xx_HAL_Driver/Src/stm32f4xx_hal_hcd.c ****         }
1947:Drivers/STM32F4xx_HAL_Driver/Src/stm32f4xx_hal_hcd.c ****         else
1948:Drivers/STM32F4xx_HAL_Driver/Src/stm32f4xx_hal_hcd.c ****         {
1949:Drivers/STM32F4xx_HAL_Driver/Src/stm32f4xx_hal_hcd.c ****           (void)USB_InitFSLSPClkSel(hhcd->Instance, HCFG_48_MHZ);
1950:Drivers/STM32F4xx_HAL_Driver/Src/stm32f4xx_hal_hcd.c ****         }
1951:Drivers/STM32F4xx_HAL_Driver/Src/stm32f4xx_hal_hcd.c ****       }
1952:Drivers/STM32F4xx_HAL_Driver/Src/stm32f4xx_hal_hcd.c ****       else
1953:Drivers/STM32F4xx_HAL_Driver/Src/stm32f4xx_hal_hcd.c ****       {
1954:Drivers/STM32F4xx_HAL_Driver/Src/stm32f4xx_hal_hcd.c ****         if (hhcd->Init.speed == HCD_SPEED_FULL)
 1053              		.loc 1 1954 9 is_stmt 1 view .LVU315
 1054              		.loc 1 1954 23 is_stmt 0 view .LVU316
 1055 0052 E379     		ldrb	r3, [r4, #7]	@ zero_extendqisi2
 1056              		.loc 1 1954 12 view .LVU317
 1057 0054 012B     		cmp	r3, #1
 1058 0056 22D0     		beq	.L79
 1059              	.L74:
1955:Drivers/STM32F4xx_HAL_Driver/Src/stm32f4xx_hal_hcd.c ****         {
1956:Drivers/STM32F4xx_HAL_Driver/Src/stm32f4xx_hal_hcd.c ****           USBx_HOST->HFIR = HFIR_60_MHZ;
1957:Drivers/STM32F4xx_HAL_Driver/Src/stm32f4xx_hal_hcd.c ****         }
1958:Drivers/STM32F4xx_HAL_Driver/Src/stm32f4xx_hal_hcd.c ****       }
1959:Drivers/STM32F4xx_HAL_Driver/Src/stm32f4xx_hal_hcd.c **** #if (USE_HAL_HCD_REGISTER_CALLBACKS == 1U)
ARM GAS  /tmp/ccPw2T3W.s 			page 58


1960:Drivers/STM32F4xx_HAL_Driver/Src/stm32f4xx_hal_hcd.c ****       hhcd->PortEnabledCallback(hhcd);
1961:Drivers/STM32F4xx_HAL_Driver/Src/stm32f4xx_hal_hcd.c **** #else
1962:Drivers/STM32F4xx_HAL_Driver/Src/stm32f4xx_hal_hcd.c ****       HAL_HCD_PortEnabled_Callback(hhcd);
 1060              		.loc 1 1962 7 is_stmt 1 view .LVU318
 1061 0058 2046     		mov	r0, r4
 1062 005a FFF7FEFF 		bl	HAL_HCD_PortEnabled_Callback
 1063              	.LVL83:
 1064              	.L70:
1963:Drivers/STM32F4xx_HAL_Driver/Src/stm32f4xx_hal_hcd.c **** #endif /* USE_HAL_HCD_REGISTER_CALLBACKS */
1964:Drivers/STM32F4xx_HAL_Driver/Src/stm32f4xx_hal_hcd.c **** 
1965:Drivers/STM32F4xx_HAL_Driver/Src/stm32f4xx_hal_hcd.c ****     }
1966:Drivers/STM32F4xx_HAL_Driver/Src/stm32f4xx_hal_hcd.c ****     else
1967:Drivers/STM32F4xx_HAL_Driver/Src/stm32f4xx_hal_hcd.c ****     {
1968:Drivers/STM32F4xx_HAL_Driver/Src/stm32f4xx_hal_hcd.c **** #if (USE_HAL_HCD_REGISTER_CALLBACKS == 1U)
1969:Drivers/STM32F4xx_HAL_Driver/Src/stm32f4xx_hal_hcd.c ****       hhcd->PortDisabledCallback(hhcd);
1970:Drivers/STM32F4xx_HAL_Driver/Src/stm32f4xx_hal_hcd.c **** #else
1971:Drivers/STM32F4xx_HAL_Driver/Src/stm32f4xx_hal_hcd.c ****       HAL_HCD_PortDisabled_Callback(hhcd);
1972:Drivers/STM32F4xx_HAL_Driver/Src/stm32f4xx_hal_hcd.c **** #endif /* USE_HAL_HCD_REGISTER_CALLBACKS */
1973:Drivers/STM32F4xx_HAL_Driver/Src/stm32f4xx_hal_hcd.c ****     }
1974:Drivers/STM32F4xx_HAL_Driver/Src/stm32f4xx_hal_hcd.c ****   }
1975:Drivers/STM32F4xx_HAL_Driver/Src/stm32f4xx_hal_hcd.c **** 
1976:Drivers/STM32F4xx_HAL_Driver/Src/stm32f4xx_hal_hcd.c ****   /* Check for an overcurrent */
1977:Drivers/STM32F4xx_HAL_Driver/Src/stm32f4xx_hal_hcd.c ****   if ((hprt0 & USB_OTG_HPRT_POCCHNG) == USB_OTG_HPRT_POCCHNG)
 1065              		.loc 1 1977 3 view .LVU319
 1066              		.loc 1 1977 14 is_stmt 0 view .LVU320
 1067 005e 019B     		ldr	r3, [sp, #4]
 1068              		.loc 1 1977 6 view .LVU321
 1069 0060 13F0200F 		tst	r3, #32
 1070 0064 03D0     		beq	.L75
1978:Drivers/STM32F4xx_HAL_Driver/Src/stm32f4xx_hal_hcd.c ****   {
1979:Drivers/STM32F4xx_HAL_Driver/Src/stm32f4xx_hal_hcd.c ****     hprt0_dup |= USB_OTG_HPRT_POCCHNG;
 1071              		.loc 1 1979 5 is_stmt 1 view .LVU322
 1072              		.loc 1 1979 15 is_stmt 0 view .LVU323
 1073 0066 009B     		ldr	r3, [sp]
 1074 0068 43F02003 		orr	r3, r3, #32
 1075 006c 0093     		str	r3, [sp]
 1076              	.L75:
1980:Drivers/STM32F4xx_HAL_Driver/Src/stm32f4xx_hal_hcd.c ****   }
1981:Drivers/STM32F4xx_HAL_Driver/Src/stm32f4xx_hal_hcd.c **** 
1982:Drivers/STM32F4xx_HAL_Driver/Src/stm32f4xx_hal_hcd.c ****   /* Clear Port Interrupts */
1983:Drivers/STM32F4xx_HAL_Driver/Src/stm32f4xx_hal_hcd.c ****   USBx_HPRT0 = hprt0_dup;
 1077              		.loc 1 1983 3 is_stmt 1 view .LVU324
 1078              		.loc 1 1983 14 is_stmt 0 view .LVU325
 1079 006e 009B     		ldr	r3, [sp]
 1080 0070 C5F84034 		str	r3, [r5, #1088]
1984:Drivers/STM32F4xx_HAL_Driver/Src/stm32f4xx_hal_hcd.c **** }
 1081              		.loc 1 1984 1 view .LVU326
 1082 0074 03B0     		add	sp, sp, #12
 1083              	.LCFI13:
 1084              		.cfi_remember_state
 1085              		.cfi_def_cfa_offset 12
 1086              		@ sp needed
 1087 0076 30BD     		pop	{r4, r5, pc}
 1088              	.LVL84:
 1089              	.L77:
 1090              	.LCFI14:
 1091              		.cfi_restore_state
ARM GAS  /tmp/ccPw2T3W.s 			page 59


1928:Drivers/STM32F4xx_HAL_Driver/Src/stm32f4xx_hal_hcd.c **** #endif /* USE_HAL_HCD_REGISTER_CALLBACKS */
 1092              		.loc 1 1928 7 is_stmt 1 view .LVU327
 1093 0078 FFF7FEFF 		bl	HAL_HCD_Connect_Callback
 1094              	.LVL85:
1928:Drivers/STM32F4xx_HAL_Driver/Src/stm32f4xx_hal_hcd.c **** #endif /* USE_HAL_HCD_REGISTER_CALLBACKS */
 1095              		.loc 1 1928 7 is_stmt 0 view .LVU328
 1096 007c D6E7     		b	.L69
 1097              	.L78:
1943:Drivers/STM32F4xx_HAL_Driver/Src/stm32f4xx_hal_hcd.c ****         {
 1098              		.loc 1 1943 9 is_stmt 1 view .LVU329
1943:Drivers/STM32F4xx_HAL_Driver/Src/stm32f4xx_hal_hcd.c ****         {
 1099              		.loc 1 1943 20 is_stmt 0 view .LVU330
 1100 007e 019B     		ldr	r3, [sp, #4]
 1101 0080 03F4C023 		and	r3, r3, #393216
1943:Drivers/STM32F4xx_HAL_Driver/Src/stm32f4xx_hal_hcd.c ****         {
 1102              		.loc 1 1943 12 view .LVU331
 1103 0084 B3F5802F 		cmp	r3, #262144
 1104 0088 04D0     		beq	.L80
1949:Drivers/STM32F4xx_HAL_Driver/Src/stm32f4xx_hal_hcd.c ****         }
 1105              		.loc 1 1949 11 is_stmt 1 view .LVU332
1949:Drivers/STM32F4xx_HAL_Driver/Src/stm32f4xx_hal_hcd.c ****         }
 1106              		.loc 1 1949 17 is_stmt 0 view .LVU333
 1107 008a 0121     		movs	r1, #1
 1108 008c 2068     		ldr	r0, [r4]
 1109 008e FFF7FEFF 		bl	USB_InitFSLSPClkSel
 1110              	.LVL86:
 1111 0092 E1E7     		b	.L74
 1112              	.L80:
1945:Drivers/STM32F4xx_HAL_Driver/Src/stm32f4xx_hal_hcd.c ****         }
 1113              		.loc 1 1945 11 is_stmt 1 view .LVU334
1945:Drivers/STM32F4xx_HAL_Driver/Src/stm32f4xx_hal_hcd.c ****         }
 1114              		.loc 1 1945 17 is_stmt 0 view .LVU335
 1115 0094 0221     		movs	r1, #2
 1116 0096 2068     		ldr	r0, [r4]
 1117 0098 FFF7FEFF 		bl	USB_InitFSLSPClkSel
 1118              	.LVL87:
 1119 009c DCE7     		b	.L74
 1120              	.L79:
1956:Drivers/STM32F4xx_HAL_Driver/Src/stm32f4xx_hal_hcd.c ****         }
 1121              		.loc 1 1956 11 is_stmt 1 view .LVU336
1956:Drivers/STM32F4xx_HAL_Driver/Src/stm32f4xx_hal_hcd.c ****         }
 1122              		.loc 1 1956 27 is_stmt 0 view .LVU337
 1123 009e 4EF66022 		movw	r2, #60000
 1124 00a2 C5F80424 		str	r2, [r5, #1028]
 1125 00a6 D7E7     		b	.L74
 1126              	.L71:
1971:Drivers/STM32F4xx_HAL_Driver/Src/stm32f4xx_hal_hcd.c **** #endif /* USE_HAL_HCD_REGISTER_CALLBACKS */
 1127              		.loc 1 1971 7 is_stmt 1 view .LVU338
 1128 00a8 2046     		mov	r0, r4
 1129 00aa FFF7FEFF 		bl	HAL_HCD_PortDisabled_Callback
 1130              	.LVL88:
 1131 00ae D6E7     		b	.L70
 1132              		.cfi_endproc
 1133              	.LFE268:
 1135              		.section	.text.HAL_HCD_HC_NotifyURBChange_Callback,"ax",%progbits
 1136              		.align	1
 1137              		.weak	HAL_HCD_HC_NotifyURBChange_Callback
ARM GAS  /tmp/ccPw2T3W.s 			page 60


 1138              		.syntax unified
 1139              		.thumb
 1140              		.thumb_func
 1142              	HAL_HCD_HC_NotifyURBChange_Callback:
 1143              	.LVL89:
 1144              	.LFB253:
 758:Drivers/STM32F4xx_HAL_Driver/Src/stm32f4xx_hal_hcd.c ****   /* Prevent unused argument(s) compilation warning */
 1145              		.loc 1 758 1 view -0
 1146              		.cfi_startproc
 1147              		@ args = 0, pretend = 0, frame = 0
 1148              		@ frame_needed = 0, uses_anonymous_args = 0
 1149              		@ link register save eliminated.
 760:Drivers/STM32F4xx_HAL_Driver/Src/stm32f4xx_hal_hcd.c ****   UNUSED(chnum);
 1150              		.loc 1 760 3 view .LVU340
 761:Drivers/STM32F4xx_HAL_Driver/Src/stm32f4xx_hal_hcd.c ****   UNUSED(urb_state);
 1151              		.loc 1 761 3 view .LVU341
 762:Drivers/STM32F4xx_HAL_Driver/Src/stm32f4xx_hal_hcd.c **** 
 1152              		.loc 1 762 3 view .LVU342
 767:Drivers/STM32F4xx_HAL_Driver/Src/stm32f4xx_hal_hcd.c **** 
 1153              		.loc 1 767 1 is_stmt 0 view .LVU343
 1154 0000 7047     		bx	lr
 1155              		.cfi_endproc
 1156              	.LFE253:
 1158              		.section	.text.HCD_HC_IN_IRQHandler,"ax",%progbits
 1159              		.align	1
 1160              		.syntax unified
 1161              		.thumb
 1162              		.thumb_func
 1164              	HCD_HC_IN_IRQHandler:
 1165              	.LVL90:
 1166              	.LFB265:
1281:Drivers/STM32F4xx_HAL_Driver/Src/stm32f4xx_hal_hcd.c ****   const USB_OTG_GlobalTypeDef *USBx = hhcd->Instance;
 1167              		.loc 1 1281 1 is_stmt 1 view -0
 1168              		.cfi_startproc
 1169              		@ args = 0, pretend = 0, frame = 0
 1170              		@ frame_needed = 0, uses_anonymous_args = 0
1281:Drivers/STM32F4xx_HAL_Driver/Src/stm32f4xx_hal_hcd.c ****   const USB_OTG_GlobalTypeDef *USBx = hhcd->Instance;
 1171              		.loc 1 1281 1 is_stmt 0 view .LVU345
 1172 0000 F8B5     		push	{r3, r4, r5, r6, r7, lr}
 1173              	.LCFI15:
 1174              		.cfi_def_cfa_offset 24
 1175              		.cfi_offset 3, -24
 1176              		.cfi_offset 4, -20
 1177              		.cfi_offset 5, -16
 1178              		.cfi_offset 6, -12
 1179              		.cfi_offset 7, -8
 1180              		.cfi_offset 14, -4
 1181 0002 0546     		mov	r5, r0
 1182 0004 0C46     		mov	r4, r1
1282:Drivers/STM32F4xx_HAL_Driver/Src/stm32f4xx_hal_hcd.c ****   uint32_t USBx_BASE = (uint32_t)USBx;
 1183              		.loc 1 1282 3 is_stmt 1 view .LVU346
1282:Drivers/STM32F4xx_HAL_Driver/Src/stm32f4xx_hal_hcd.c ****   uint32_t USBx_BASE = (uint32_t)USBx;
 1184              		.loc 1 1282 32 is_stmt 0 view .LVU347
 1185 0006 0668     		ldr	r6, [r0]
 1186              	.LVL91:
1283:Drivers/STM32F4xx_HAL_Driver/Src/stm32f4xx_hal_hcd.c ****   uint32_t tmpreg;
 1187              		.loc 1 1283 3 is_stmt 1 view .LVU348
ARM GAS  /tmp/ccPw2T3W.s 			page 61


1284:Drivers/STM32F4xx_HAL_Driver/Src/stm32f4xx_hal_hcd.c **** 
 1188              		.loc 1 1284 3 view .LVU349
1286:Drivers/STM32F4xx_HAL_Driver/Src/stm32f4xx_hal_hcd.c ****   {
 1189              		.loc 1 1286 3 view .LVU350
1286:Drivers/STM32F4xx_HAL_Driver/Src/stm32f4xx_hal_hcd.c ****   {
 1190              		.loc 1 1286 7 is_stmt 0 view .LVU351
 1191 0008 3046     		mov	r0, r6
 1192              	.LVL92:
1286:Drivers/STM32F4xx_HAL_Driver/Src/stm32f4xx_hal_hcd.c ****   {
 1193              		.loc 1 1286 7 view .LVU352
 1194 000a FFF7FEFF 		bl	USB_ReadChInterrupts
 1195              	.LVL93:
1286:Drivers/STM32F4xx_HAL_Driver/Src/stm32f4xx_hal_hcd.c ****   {
 1196              		.loc 1 1286 6 discriminator 1 view .LVU353
 1197 000e 10F0040F 		tst	r0, #4
 1198 0012 21D0     		beq	.L83
1288:Drivers/STM32F4xx_HAL_Driver/Src/stm32f4xx_hal_hcd.c ****     hhcd->hc[chnum].state = HC_XACTERR;
 1199              		.loc 1 1288 5 is_stmt 1 view .LVU354
 1200 0014 06EB4413 		add	r3, r6, r4, lsl #5
 1201 0018 0422     		movs	r2, #4
 1202 001a C3F80825 		str	r2, [r3, #1288]
1289:Drivers/STM32F4xx_HAL_Driver/Src/stm32f4xx_hal_hcd.c ****     (void)USB_HC_Halt(hhcd->Instance, chnum);
 1203              		.loc 1 1289 5 view .LVU355
1289:Drivers/STM32F4xx_HAL_Driver/Src/stm32f4xx_hal_hcd.c ****     (void)USB_HC_Halt(hhcd->Instance, chnum);
 1204              		.loc 1 1289 27 is_stmt 0 view .LVU356
 1205 001e C4EB0413 		rsb	r3, r4, r4, lsl #4
 1206 0022 05EB8303 		add	r3, r5, r3, lsl #2
 1207 0026 0722     		movs	r2, #7
 1208 0028 83F84D20 		strb	r2, [r3, #77]
1290:Drivers/STM32F4xx_HAL_Driver/Src/stm32f4xx_hal_hcd.c ****   }
 1209              		.loc 1 1290 5 is_stmt 1 view .LVU357
1290:Drivers/STM32F4xx_HAL_Driver/Src/stm32f4xx_hal_hcd.c ****   }
 1210              		.loc 1 1290 11 is_stmt 0 view .LVU358
 1211 002c 2146     		mov	r1, r4
 1212 002e 2868     		ldr	r0, [r5]
 1213 0030 FFF7FEFF 		bl	USB_HC_Halt
 1214              	.LVL94:
 1215              	.L84:
1319:Drivers/STM32F4xx_HAL_Driver/Src/stm32f4xx_hal_hcd.c **** 
 1216              		.loc 1 1319 3 is_stmt 1 view .LVU359
1321:Drivers/STM32F4xx_HAL_Driver/Src/stm32f4xx_hal_hcd.c ****   {
 1217              		.loc 1 1321 3 view .LVU360
1321:Drivers/STM32F4xx_HAL_Driver/Src/stm32f4xx_hal_hcd.c ****   {
 1218              		.loc 1 1321 7 is_stmt 0 view .LVU361
 1219 0034 2146     		mov	r1, r4
 1220 0036 2868     		ldr	r0, [r5]
 1221 0038 FFF7FEFF 		bl	USB_ReadChInterrupts
 1222              	.LVL95:
1321:Drivers/STM32F4xx_HAL_Driver/Src/stm32f4xx_hal_hcd.c ****   {
 1223              		.loc 1 1321 6 discriminator 1 view .LVU362
 1224 003c 10F4007F 		tst	r0, #512
 1225 0040 6CD0     		beq	.L88
1323:Drivers/STM32F4xx_HAL_Driver/Src/stm32f4xx_hal_hcd.c ****     __HAL_HCD_CLEAR_HC_INT(chnum, USB_OTG_HCINT_FRMOR);
 1226              		.loc 1 1323 5 is_stmt 1 view .LVU363
1323:Drivers/STM32F4xx_HAL_Driver/Src/stm32f4xx_hal_hcd.c ****     __HAL_HCD_CLEAR_HC_INT(chnum, USB_OTG_HCINT_FRMOR);
 1227              		.loc 1 1323 11 is_stmt 0 view .LVU364
 1228 0042 2146     		mov	r1, r4
ARM GAS  /tmp/ccPw2T3W.s 			page 62


 1229 0044 2868     		ldr	r0, [r5]
 1230 0046 FFF7FEFF 		bl	USB_HC_Halt
 1231              	.LVL96:
1324:Drivers/STM32F4xx_HAL_Driver/Src/stm32f4xx_hal_hcd.c ****   }
 1232              		.loc 1 1324 5 is_stmt 1 view .LVU365
 1233 004a 06EB4416 		add	r6, r6, r4, lsl #5
 1234              	.LVL97:
1324:Drivers/STM32F4xx_HAL_Driver/Src/stm32f4xx_hal_hcd.c ****   }
 1235              		.loc 1 1324 5 is_stmt 0 view .LVU366
 1236 004e 4FF40073 		mov	r3, #512
 1237 0052 C6F80835 		str	r3, [r6, #1288]
 1238              	.LVL98:
 1239              	.L82:
1590:Drivers/STM32F4xx_HAL_Driver/Src/stm32f4xx_hal_hcd.c **** 
 1240              		.loc 1 1590 1 view .LVU367
 1241 0056 F8BD     		pop	{r3, r4, r5, r6, r7, pc}
 1242              	.LVL99:
 1243              	.L83:
1292:Drivers/STM32F4xx_HAL_Driver/Src/stm32f4xx_hal_hcd.c ****   {
 1244              		.loc 1 1292 8 is_stmt 1 view .LVU368
1292:Drivers/STM32F4xx_HAL_Driver/Src/stm32f4xx_hal_hcd.c ****   {
 1245              		.loc 1 1292 12 is_stmt 0 view .LVU369
 1246 0058 2146     		mov	r1, r4
 1247 005a 2868     		ldr	r0, [r5]
 1248 005c FFF7FEFF 		bl	USB_ReadChInterrupts
 1249              	.LVL100:
1292:Drivers/STM32F4xx_HAL_Driver/Src/stm32f4xx_hal_hcd.c ****   {
 1250              		.loc 1 1292 11 discriminator 1 view .LVU370
 1251 0060 10F4807F 		tst	r0, #256
 1252 0064 11D0     		beq	.L85
1294:Drivers/STM32F4xx_HAL_Driver/Src/stm32f4xx_hal_hcd.c ****     hhcd->hc[chnum].state = HC_BBLERR;
 1253              		.loc 1 1294 5 is_stmt 1 view .LVU371
 1254 0066 06EB4413 		add	r3, r6, r4, lsl #5
 1255 006a 4FF48072 		mov	r2, #256
 1256 006e C3F80825 		str	r2, [r3, #1288]
1295:Drivers/STM32F4xx_HAL_Driver/Src/stm32f4xx_hal_hcd.c ****     (void)USB_HC_Halt(hhcd->Instance, chnum);
 1257              		.loc 1 1295 5 view .LVU372
1295:Drivers/STM32F4xx_HAL_Driver/Src/stm32f4xx_hal_hcd.c ****     (void)USB_HC_Halt(hhcd->Instance, chnum);
 1258              		.loc 1 1295 27 is_stmt 0 view .LVU373
 1259 0072 C4EB0413 		rsb	r3, r4, r4, lsl #4
 1260 0076 05EB8303 		add	r3, r5, r3, lsl #2
 1261 007a 0822     		movs	r2, #8
 1262 007c 83F84D20 		strb	r2, [r3, #77]
1296:Drivers/STM32F4xx_HAL_Driver/Src/stm32f4xx_hal_hcd.c ****   }
 1263              		.loc 1 1296 5 is_stmt 1 view .LVU374
1296:Drivers/STM32F4xx_HAL_Driver/Src/stm32f4xx_hal_hcd.c ****   }
 1264              		.loc 1 1296 11 is_stmt 0 view .LVU375
 1265 0080 2146     		mov	r1, r4
 1266 0082 2868     		ldr	r0, [r5]
 1267 0084 FFF7FEFF 		bl	USB_HC_Halt
 1268              	.LVL101:
 1269 0088 D4E7     		b	.L84
 1270              	.L85:
1298:Drivers/STM32F4xx_HAL_Driver/Src/stm32f4xx_hal_hcd.c ****   {
 1271              		.loc 1 1298 8 is_stmt 1 view .LVU376
1298:Drivers/STM32F4xx_HAL_Driver/Src/stm32f4xx_hal_hcd.c ****   {
 1272              		.loc 1 1298 12 is_stmt 0 view .LVU377
ARM GAS  /tmp/ccPw2T3W.s 			page 63


 1273 008a 2146     		mov	r1, r4
 1274 008c 2868     		ldr	r0, [r5]
 1275 008e FFF7FEFF 		bl	USB_ReadChInterrupts
 1276              	.LVL102:
1298:Drivers/STM32F4xx_HAL_Driver/Src/stm32f4xx_hal_hcd.c ****   {
 1277              		.loc 1 1298 11 discriminator 1 view .LVU378
 1278 0092 10F0080F 		tst	r0, #8
 1279 0096 10D0     		beq	.L86
1300:Drivers/STM32F4xx_HAL_Driver/Src/stm32f4xx_hal_hcd.c ****     hhcd->hc[chnum].state = HC_STALL;
 1280              		.loc 1 1300 5 is_stmt 1 view .LVU379
 1281 0098 06EB4413 		add	r3, r6, r4, lsl #5
 1282 009c 0822     		movs	r2, #8
 1283 009e C3F80825 		str	r2, [r3, #1288]
1301:Drivers/STM32F4xx_HAL_Driver/Src/stm32f4xx_hal_hcd.c ****     (void)USB_HC_Halt(hhcd->Instance, chnum);
 1284              		.loc 1 1301 5 view .LVU380
1301:Drivers/STM32F4xx_HAL_Driver/Src/stm32f4xx_hal_hcd.c ****     (void)USB_HC_Halt(hhcd->Instance, chnum);
 1285              		.loc 1 1301 27 is_stmt 0 view .LVU381
 1286 00a2 C4EB0413 		rsb	r3, r4, r4, lsl #4
 1287 00a6 05EB8303 		add	r3, r5, r3, lsl #2
 1288 00aa 0622     		movs	r2, #6
 1289 00ac 83F84D20 		strb	r2, [r3, #77]
1302:Drivers/STM32F4xx_HAL_Driver/Src/stm32f4xx_hal_hcd.c ****   }
 1290              		.loc 1 1302 5 is_stmt 1 view .LVU382
1302:Drivers/STM32F4xx_HAL_Driver/Src/stm32f4xx_hal_hcd.c ****   }
 1291              		.loc 1 1302 11 is_stmt 0 view .LVU383
 1292 00b0 2146     		mov	r1, r4
 1293 00b2 2868     		ldr	r0, [r5]
 1294 00b4 FFF7FEFF 		bl	USB_HC_Halt
 1295              	.LVL103:
 1296 00b8 BCE7     		b	.L84
 1297              	.L86:
1304:Drivers/STM32F4xx_HAL_Driver/Src/stm32f4xx_hal_hcd.c ****   {
 1298              		.loc 1 1304 8 is_stmt 1 view .LVU384
1304:Drivers/STM32F4xx_HAL_Driver/Src/stm32f4xx_hal_hcd.c ****   {
 1299              		.loc 1 1304 12 is_stmt 0 view .LVU385
 1300 00ba 2146     		mov	r1, r4
 1301 00bc 2868     		ldr	r0, [r5]
 1302 00be FFF7FEFF 		bl	USB_ReadChInterrupts
 1303              	.LVL104:
1304:Drivers/STM32F4xx_HAL_Driver/Src/stm32f4xx_hal_hcd.c ****   {
 1304              		.loc 1 1304 11 discriminator 1 view .LVU386
 1305 00c2 10F4806F 		tst	r0, #1024
 1306 00c6 11D0     		beq	.L87
1306:Drivers/STM32F4xx_HAL_Driver/Src/stm32f4xx_hal_hcd.c ****     hhcd->hc[chnum].state = HC_DATATGLERR;
 1307              		.loc 1 1306 5 is_stmt 1 view .LVU387
 1308 00c8 06EB4413 		add	r3, r6, r4, lsl #5
 1309 00cc 4FF48062 		mov	r2, #1024
 1310 00d0 C3F80825 		str	r2, [r3, #1288]
1307:Drivers/STM32F4xx_HAL_Driver/Src/stm32f4xx_hal_hcd.c ****     (void)USB_HC_Halt(hhcd->Instance, chnum);
 1311              		.loc 1 1307 5 view .LVU388
1307:Drivers/STM32F4xx_HAL_Driver/Src/stm32f4xx_hal_hcd.c ****     (void)USB_HC_Halt(hhcd->Instance, chnum);
 1312              		.loc 1 1307 27 is_stmt 0 view .LVU389
 1313 00d4 C4EB0413 		rsb	r3, r4, r4, lsl #4
 1314 00d8 05EB8303 		add	r3, r5, r3, lsl #2
 1315 00dc 0922     		movs	r2, #9
 1316 00de 83F84D20 		strb	r2, [r3, #77]
1308:Drivers/STM32F4xx_HAL_Driver/Src/stm32f4xx_hal_hcd.c ****   }
ARM GAS  /tmp/ccPw2T3W.s 			page 64


 1317              		.loc 1 1308 5 is_stmt 1 view .LVU390
1308:Drivers/STM32F4xx_HAL_Driver/Src/stm32f4xx_hal_hcd.c ****   }
 1318              		.loc 1 1308 11 is_stmt 0 view .LVU391
 1319 00e2 2146     		mov	r1, r4
 1320 00e4 2868     		ldr	r0, [r5]
 1321 00e6 FFF7FEFF 		bl	USB_HC_Halt
 1322              	.LVL105:
 1323 00ea A3E7     		b	.L84
 1324              	.L87:
1310:Drivers/STM32F4xx_HAL_Driver/Src/stm32f4xx_hal_hcd.c ****   {
 1325              		.loc 1 1310 8 is_stmt 1 view .LVU392
1310:Drivers/STM32F4xx_HAL_Driver/Src/stm32f4xx_hal_hcd.c ****   {
 1326              		.loc 1 1310 12 is_stmt 0 view .LVU393
 1327 00ec 2146     		mov	r1, r4
 1328 00ee 2868     		ldr	r0, [r5]
 1329 00f0 FFF7FEFF 		bl	USB_ReadChInterrupts
 1330              	.LVL106:
1310:Drivers/STM32F4xx_HAL_Driver/Src/stm32f4xx_hal_hcd.c ****   {
 1331              		.loc 1 1310 11 discriminator 1 view .LVU394
 1332 00f4 10F0800F 		tst	r0, #128
 1333 00f8 9CD0     		beq	.L84
1312:Drivers/STM32F4xx_HAL_Driver/Src/stm32f4xx_hal_hcd.c ****     hhcd->hc[chnum].state = HC_XACTERR;
 1334              		.loc 1 1312 5 is_stmt 1 view .LVU395
 1335 00fa 06EB4413 		add	r3, r6, r4, lsl #5
 1336 00fe 8022     		movs	r2, #128
 1337 0100 C3F80825 		str	r2, [r3, #1288]
1313:Drivers/STM32F4xx_HAL_Driver/Src/stm32f4xx_hal_hcd.c ****     (void)USB_HC_Halt(hhcd->Instance, chnum);
 1338              		.loc 1 1313 5 view .LVU396
1313:Drivers/STM32F4xx_HAL_Driver/Src/stm32f4xx_hal_hcd.c ****     (void)USB_HC_Halt(hhcd->Instance, chnum);
 1339              		.loc 1 1313 27 is_stmt 0 view .LVU397
 1340 0104 C4EB0413 		rsb	r3, r4, r4, lsl #4
 1341 0108 05EB8303 		add	r3, r5, r3, lsl #2
 1342 010c 0722     		movs	r2, #7
 1343 010e 83F84D20 		strb	r2, [r3, #77]
1314:Drivers/STM32F4xx_HAL_Driver/Src/stm32f4xx_hal_hcd.c ****   }
 1344              		.loc 1 1314 5 is_stmt 1 view .LVU398
1314:Drivers/STM32F4xx_HAL_Driver/Src/stm32f4xx_hal_hcd.c ****   }
 1345              		.loc 1 1314 11 is_stmt 0 view .LVU399
 1346 0112 2146     		mov	r1, r4
 1347 0114 2868     		ldr	r0, [r5]
 1348 0116 FFF7FEFF 		bl	USB_HC_Halt
 1349              	.LVL107:
 1350 011a 8BE7     		b	.L84
 1351              	.L88:
1326:Drivers/STM32F4xx_HAL_Driver/Src/stm32f4xx_hal_hcd.c ****   {
 1352              		.loc 1 1326 8 is_stmt 1 view .LVU400
1326:Drivers/STM32F4xx_HAL_Driver/Src/stm32f4xx_hal_hcd.c ****   {
 1353              		.loc 1 1326 12 is_stmt 0 view .LVU401
 1354 011c 2146     		mov	r1, r4
 1355 011e 2868     		ldr	r0, [r5]
 1356 0120 FFF7FEFF 		bl	USB_ReadChInterrupts
 1357              	.LVL108:
1326:Drivers/STM32F4xx_HAL_Driver/Src/stm32f4xx_hal_hcd.c ****   {
 1358              		.loc 1 1326 11 discriminator 1 view .LVU402
 1359 0124 10F0010F 		tst	r0, #1
 1360 0128 7CD0     		beq	.L90
1329:Drivers/STM32F4xx_HAL_Driver/Src/stm32f4xx_hal_hcd.c **** 
ARM GAS  /tmp/ccPw2T3W.s 			page 65


 1361              		.loc 1 1329 5 is_stmt 1 view .LVU403
 1362 012a 06EB4416 		add	r6, r6, r4, lsl #5
 1363              	.LVL109:
1329:Drivers/STM32F4xx_HAL_Driver/Src/stm32f4xx_hal_hcd.c **** 
 1364              		.loc 1 1329 5 is_stmt 0 view .LVU404
 1365 012e 06F5A067 		add	r7, r6, #1280
 1366 0132 2023     		movs	r3, #32
 1367 0134 BB60     		str	r3, [r7, #8]
1331:Drivers/STM32F4xx_HAL_Driver/Src/stm32f4xx_hal_hcd.c ****     {
 1368              		.loc 1 1331 5 is_stmt 1 view .LVU405
1331:Drivers/STM32F4xx_HAL_Driver/Src/stm32f4xx_hal_hcd.c ****     {
 1369              		.loc 1 1331 24 is_stmt 0 view .LVU406
 1370 0136 C4EB0413 		rsb	r3, r4, r4, lsl #4
 1371 013a 05EB8303 		add	r3, r5, r3, lsl #2
 1372 013e DB7E     		ldrb	r3, [r3, #27]	@ zero_extendqisi2
1331:Drivers/STM32F4xx_HAL_Driver/Src/stm32f4xx_hal_hcd.c ****     {
 1373              		.loc 1 1331 8 view .LVU407
 1374 0140 012B     		cmp	r3, #1
 1375 0142 1DD0     		beq	.L130
 1376              	.L91:
1337:Drivers/STM32F4xx_HAL_Driver/Src/stm32f4xx_hal_hcd.c ****     {
 1377              		.loc 1 1337 5 is_stmt 1 view .LVU408
1337:Drivers/STM32F4xx_HAL_Driver/Src/stm32f4xx_hal_hcd.c ****     {
 1378              		.loc 1 1337 19 is_stmt 0 view .LVU409
 1379 0144 AB79     		ldrb	r3, [r5, #6]	@ zero_extendqisi2
1337:Drivers/STM32F4xx_HAL_Driver/Src/stm32f4xx_hal_hcd.c ****     {
 1380              		.loc 1 1337 8 view .LVU410
 1381 0146 4BB1     		cbz	r3, .L92
1339:Drivers/STM32F4xx_HAL_Driver/Src/stm32f4xx_hal_hcd.c ****     }
 1382              		.loc 1 1339 7 is_stmt 1 view .LVU411
1339:Drivers/STM32F4xx_HAL_Driver/Src/stm32f4xx_hal_hcd.c ****     }
 1383              		.loc 1 1339 51 is_stmt 0 view .LVU412
 1384 0148 C4EB0413 		rsb	r3, r4, r4, lsl #4
 1385 014c 05EB8303 		add	r3, r5, r3, lsl #2
 1386 0150 1A6B     		ldr	r2, [r3, #48]
1339:Drivers/STM32F4xx_HAL_Driver/Src/stm32f4xx_hal_hcd.c ****     }
 1387              		.loc 1 1339 78 view .LVU413
 1388 0152 3969     		ldr	r1, [r7, #16]
1339:Drivers/STM32F4xx_HAL_Driver/Src/stm32f4xx_hal_hcd.c ****     }
 1389              		.loc 1 1339 87 view .LVU414
 1390 0154 C1F31201 		ubfx	r1, r1, #0, #19
1339:Drivers/STM32F4xx_HAL_Driver/Src/stm32f4xx_hal_hcd.c ****     }
 1391              		.loc 1 1339 61 view .LVU415
 1392 0158 521A     		subs	r2, r2, r1
1339:Drivers/STM32F4xx_HAL_Driver/Src/stm32f4xx_hal_hcd.c ****     }
 1393              		.loc 1 1339 34 view .LVU416
 1394 015a 9A63     		str	r2, [r3, #56]
 1395              	.L92:
1342:Drivers/STM32F4xx_HAL_Driver/Src/stm32f4xx_hal_hcd.c ****     hhcd->hc[chnum].ErrCnt = 0U;
 1396              		.loc 1 1342 5 is_stmt 1 view .LVU417
1342:Drivers/STM32F4xx_HAL_Driver/Src/stm32f4xx_hal_hcd.c ****     hhcd->hc[chnum].ErrCnt = 0U;
 1397              		.loc 1 1342 27 is_stmt 0 view .LVU418
 1398 015c C4EB0413 		rsb	r3, r4, r4, lsl #4
 1399 0160 05EB8303 		add	r3, r5, r3, lsl #2
 1400 0164 0122     		movs	r2, #1
 1401 0166 83F84D20 		strb	r2, [r3, #77]
1343:Drivers/STM32F4xx_HAL_Driver/Src/stm32f4xx_hal_hcd.c ****     __HAL_HCD_CLEAR_HC_INT(chnum, USB_OTG_HCINT_XFRC);
ARM GAS  /tmp/ccPw2T3W.s 			page 66


 1402              		.loc 1 1343 5 is_stmt 1 view .LVU419
1343:Drivers/STM32F4xx_HAL_Driver/Src/stm32f4xx_hal_hcd.c ****     __HAL_HCD_CLEAR_HC_INT(chnum, USB_OTG_HCINT_XFRC);
 1403              		.loc 1 1343 28 is_stmt 0 view .LVU420
 1404 016a 0021     		movs	r1, #0
 1405 016c 5964     		str	r1, [r3, #68]
1344:Drivers/STM32F4xx_HAL_Driver/Src/stm32f4xx_hal_hcd.c **** 
 1406              		.loc 1 1344 5 is_stmt 1 view .LVU421
 1407 016e BA60     		str	r2, [r7, #8]
1346:Drivers/STM32F4xx_HAL_Driver/Src/stm32f4xx_hal_hcd.c ****         (hhcd->hc[chnum].ep_type == EP_TYPE_BULK))
 1408              		.loc 1 1346 5 view .LVU422
1346:Drivers/STM32F4xx_HAL_Driver/Src/stm32f4xx_hal_hcd.c ****         (hhcd->hc[chnum].ep_type == EP_TYPE_BULK))
 1409              		.loc 1 1346 25 is_stmt 0 view .LVU423
 1410 0170 93F82630 		ldrb	r3, [r3, #38]	@ zero_extendqisi2
 1411 0174 032B     		cmp	r3, #3
 1412 0176 14D8     		bhi	.L93
 1413 0178 DFE803F0 		tbb	[pc, r3]
 1414              	.L95:
 1415 017c 0D       		.byte	(.L96-.L95)/2
 1416 017d 25       		.byte	(.L94-.L95)/2
 1417 017e 0D       		.byte	(.L96-.L95)/2
 1418 017f 25       		.byte	(.L94-.L95)/2
 1419              		.p2align 1
 1420              	.L130:
1333:Drivers/STM32F4xx_HAL_Driver/Src/stm32f4xx_hal_hcd.c ****       __HAL_HCD_CLEAR_HC_CSPLT(chnum);
 1421              		.loc 1 1333 7 is_stmt 1 view .LVU424
1333:Drivers/STM32F4xx_HAL_Driver/Src/stm32f4xx_hal_hcd.c ****       __HAL_HCD_CLEAR_HC_CSPLT(chnum);
 1422              		.loc 1 1333 33 is_stmt 0 view .LVU425
 1423 0180 C4EB0413 		rsb	r3, r4, r4, lsl #4
 1424 0184 05EB8303 		add	r3, r5, r3, lsl #2
 1425 0188 0022     		movs	r2, #0
 1426 018a DA76     		strb	r2, [r3, #27]
1334:Drivers/STM32F4xx_HAL_Driver/Src/stm32f4xx_hal_hcd.c ****     }
 1427              		.loc 1 1334 7 is_stmt 1 view .LVU426
 1428 018c 7B68     		ldr	r3, [r7, #4]
 1429 018e 23F48033 		bic	r3, r3, #65536
 1430 0192 7B60     		str	r3, [r7, #4]
 1431 0194 D6E7     		b	.L91
 1432              	.L96:
1349:Drivers/STM32F4xx_HAL_Driver/Src/stm32f4xx_hal_hcd.c ****       __HAL_HCD_CLEAR_HC_INT(chnum, USB_OTG_HCINT_NAK);
 1433              		.loc 1 1349 7 view .LVU427
1349:Drivers/STM32F4xx_HAL_Driver/Src/stm32f4xx_hal_hcd.c ****       __HAL_HCD_CLEAR_HC_INT(chnum, USB_OTG_HCINT_NAK);
 1434              		.loc 1 1349 13 is_stmt 0 view .LVU428
 1435 0196 2146     		mov	r1, r4
 1436 0198 2868     		ldr	r0, [r5]
 1437 019a FFF7FEFF 		bl	USB_HC_Halt
 1438              	.LVL110:
1350:Drivers/STM32F4xx_HAL_Driver/Src/stm32f4xx_hal_hcd.c ****     }
 1439              		.loc 1 1350 7 is_stmt 1 view .LVU429
 1440 019e 1023     		movs	r3, #16
 1441 01a0 BB60     		str	r3, [r7, #8]
 1442              	.L93:
1369:Drivers/STM32F4xx_HAL_Driver/Src/stm32f4xx_hal_hcd.c ****     {
 1443              		.loc 1 1369 5 view .LVU430
1369:Drivers/STM32F4xx_HAL_Driver/Src/stm32f4xx_hal_hcd.c ****     {
 1444              		.loc 1 1369 19 is_stmt 0 view .LVU431
 1445 01a2 AB79     		ldrb	r3, [r5, #6]	@ zero_extendqisi2
1369:Drivers/STM32F4xx_HAL_Driver/Src/stm32f4xx_hal_hcd.c ****     {
ARM GAS  /tmp/ccPw2T3W.s 			page 67


 1446              		.loc 1 1369 8 view .LVU432
 1447 01a4 012B     		cmp	r3, #1
 1448 01a6 20D0     		beq	.L131
1378:Drivers/STM32F4xx_HAL_Driver/Src/stm32f4xx_hal_hcd.c ****     }
 1449              		.loc 1 1378 7 is_stmt 1 view .LVU433
1378:Drivers/STM32F4xx_HAL_Driver/Src/stm32f4xx_hal_hcd.c ****     }
 1450              		.loc 1 1378 22 is_stmt 0 view .LVU434
 1451 01a8 C4EB0413 		rsb	r3, r4, r4, lsl #4
 1452 01ac 05EB8303 		add	r3, r5, r3, lsl #2
 1453 01b0 93F83C30 		ldrb	r3, [r3, #60]	@ zero_extendqisi2
1378:Drivers/STM32F4xx_HAL_Driver/Src/stm32f4xx_hal_hcd.c ****     }
 1454              		.loc 1 1378 33 view .LVU435
 1455 01b4 C4EB0414 		rsb	r4, r4, r4, lsl #4
 1456 01b8 05EB8404 		add	r4, r5, r4, lsl #2
 1457 01bc 83F00103 		eor	r3, r3, #1
 1458 01c0 84F83C30 		strb	r3, [r4, #60]
 1459 01c4 47E7     		b	.L82
 1460              	.L94:
1355:Drivers/STM32F4xx_HAL_Driver/Src/stm32f4xx_hal_hcd.c ****       hhcd->hc[chnum].urb_state = URB_DONE;
 1461              		.loc 1 1355 7 is_stmt 1 view .LVU436
1355:Drivers/STM32F4xx_HAL_Driver/Src/stm32f4xx_hal_hcd.c ****       hhcd->hc[chnum].urb_state = URB_DONE;
 1462              		.loc 1 1355 21 is_stmt 0 view .LVU437
 1463 01c6 D6F80035 		ldr	r3, [r6, #1280]
1355:Drivers/STM32F4xx_HAL_Driver/Src/stm32f4xx_hal_hcd.c ****       hhcd->hc[chnum].urb_state = URB_DONE;
 1464              		.loc 1 1355 30 view .LVU438
 1465 01ca 43F00053 		orr	r3, r3, #536870912
 1466 01ce C6F80035 		str	r3, [r6, #1280]
1356:Drivers/STM32F4xx_HAL_Driver/Src/stm32f4xx_hal_hcd.c **** 
 1467              		.loc 1 1356 7 is_stmt 1 view .LVU439
1356:Drivers/STM32F4xx_HAL_Driver/Src/stm32f4xx_hal_hcd.c **** 
 1468              		.loc 1 1356 33 is_stmt 0 view .LVU440
 1469 01d2 C4EB0413 		rsb	r3, r4, r4, lsl #4
 1470 01d6 05EB8303 		add	r3, r5, r3, lsl #2
 1471 01da 0122     		movs	r2, #1
 1472 01dc 83F84C20 		strb	r2, [r3, #76]
1361:Drivers/STM32F4xx_HAL_Driver/Src/stm32f4xx_hal_hcd.c **** #endif /* USE_HAL_HCD_REGISTER_CALLBACKS */
 1473              		.loc 1 1361 7 is_stmt 1 view .LVU441
 1474 01e0 2146     		mov	r1, r4
 1475 01e2 2846     		mov	r0, r5
 1476 01e4 FFF7FEFF 		bl	HAL_HCD_HC_NotifyURBChange_Callback
 1477              	.LVL111:
 1478 01e8 DBE7     		b	.L93
 1479              	.L131:
1371:Drivers/STM32F4xx_HAL_Driver/Src/stm32f4xx_hal_hcd.c ****       {
 1480              		.loc 1 1371 7 view .LVU442
1371:Drivers/STM32F4xx_HAL_Driver/Src/stm32f4xx_hal_hcd.c ****       {
 1481              		.loc 1 1371 29 is_stmt 0 view .LVU443
 1482 01ea C4EB0412 		rsb	r2, r4, r4, lsl #4
 1483 01ee 05EB8202 		add	r2, r5, r2, lsl #2
 1484 01f2 936B     		ldr	r3, [r2, #56]
1371:Drivers/STM32F4xx_HAL_Driver/Src/stm32f4xx_hal_hcd.c ****       {
 1485              		.loc 1 1371 58 view .LVU444
 1486 01f4 128D     		ldrh	r2, [r2, #40]
1371:Drivers/STM32F4xx_HAL_Driver/Src/stm32f4xx_hal_hcd.c ****       {
 1487              		.loc 1 1371 41 view .LVU445
 1488 01f6 1344     		add	r3, r3, r2
1371:Drivers/STM32F4xx_HAL_Driver/Src/stm32f4xx_hal_hcd.c ****       {
ARM GAS  /tmp/ccPw2T3W.s 			page 68


 1489              		.loc 1 1371 70 view .LVU446
 1490 01f8 013B     		subs	r3, r3, #1
1371:Drivers/STM32F4xx_HAL_Driver/Src/stm32f4xx_hal_hcd.c ****       {
 1491              		.loc 1 1371 76 view .LVU447
 1492 01fa B3FBF2F3 		udiv	r3, r3, r2
1371:Drivers/STM32F4xx_HAL_Driver/Src/stm32f4xx_hal_hcd.c ****       {
 1493              		.loc 1 1371 10 view .LVU448
 1494 01fe 13F0010F 		tst	r3, #1
 1495 0202 3FF428AF 		beq	.L82
1373:Drivers/STM32F4xx_HAL_Driver/Src/stm32f4xx_hal_hcd.c ****       }
 1496              		.loc 1 1373 9 is_stmt 1 view .LVU449
1373:Drivers/STM32F4xx_HAL_Driver/Src/stm32f4xx_hal_hcd.c ****       }
 1497              		.loc 1 1373 24 is_stmt 0 view .LVU450
 1498 0206 C4EB0413 		rsb	r3, r4, r4, lsl #4
 1499 020a 05EB8303 		add	r3, r5, r3, lsl #2
 1500 020e 93F83C30 		ldrb	r3, [r3, #60]	@ zero_extendqisi2
1373:Drivers/STM32F4xx_HAL_Driver/Src/stm32f4xx_hal_hcd.c ****       }
 1501              		.loc 1 1373 35 view .LVU451
 1502 0212 C4EB0414 		rsb	r4, r4, r4, lsl #4
 1503 0216 05EB8404 		add	r4, r5, r4, lsl #2
 1504 021a 83F00103 		eor	r3, r3, #1
 1505 021e 84F83C30 		strb	r3, [r4, #60]
 1506 0222 18E7     		b	.L82
 1507              	.LVL112:
 1508              	.L90:
1381:Drivers/STM32F4xx_HAL_Driver/Src/stm32f4xx_hal_hcd.c ****   {
 1509              		.loc 1 1381 8 is_stmt 1 view .LVU452
1381:Drivers/STM32F4xx_HAL_Driver/Src/stm32f4xx_hal_hcd.c ****   {
 1510              		.loc 1 1381 12 is_stmt 0 view .LVU453
 1511 0224 2146     		mov	r1, r4
 1512 0226 2868     		ldr	r0, [r5]
 1513 0228 FFF7FEFF 		bl	USB_ReadChInterrupts
 1514              	.LVL113:
1381:Drivers/STM32F4xx_HAL_Driver/Src/stm32f4xx_hal_hcd.c ****   {
 1515              		.loc 1 1381 11 discriminator 1 view .LVU454
 1516 022c 10F0200F 		tst	r0, #32
 1517 0230 1ED0     		beq	.L98
1383:Drivers/STM32F4xx_HAL_Driver/Src/stm32f4xx_hal_hcd.c **** 
 1518              		.loc 1 1383 5 is_stmt 1 view .LVU455
 1519 0232 06EB4416 		add	r6, r6, r4, lsl #5
 1520              	.LVL114:
1383:Drivers/STM32F4xx_HAL_Driver/Src/stm32f4xx_hal_hcd.c **** 
 1521              		.loc 1 1383 5 is_stmt 0 view .LVU456
 1522 0236 2023     		movs	r3, #32
 1523 0238 C6F80835 		str	r3, [r6, #1288]
1385:Drivers/STM32F4xx_HAL_Driver/Src/stm32f4xx_hal_hcd.c ****     {
 1524              		.loc 1 1385 5 is_stmt 1 view .LVU457
1385:Drivers/STM32F4xx_HAL_Driver/Src/stm32f4xx_hal_hcd.c ****     {
 1525              		.loc 1 1385 24 is_stmt 0 view .LVU458
 1526 023c C4EB0413 		rsb	r3, r4, r4, lsl #4
 1527 0240 05EB8303 		add	r3, r5, r3, lsl #2
 1528 0244 9B7E     		ldrb	r3, [r3, #26]	@ zero_extendqisi2
1385:Drivers/STM32F4xx_HAL_Driver/Src/stm32f4xx_hal_hcd.c ****     {
 1529              		.loc 1 1385 8 view .LVU459
 1530 0246 012B     		cmp	r3, #1
 1531 0248 7FF405AF 		bne	.L82
1387:Drivers/STM32F4xx_HAL_Driver/Src/stm32f4xx_hal_hcd.c ****       hhcd->hc[chnum].state = HC_ACK;
ARM GAS  /tmp/ccPw2T3W.s 			page 69


 1532              		.loc 1 1387 7 is_stmt 1 view .LVU460
1387:Drivers/STM32F4xx_HAL_Driver/Src/stm32f4xx_hal_hcd.c ****       hhcd->hc[chnum].state = HC_ACK;
 1533              		.loc 1 1387 33 is_stmt 0 view .LVU461
 1534 024c C4EB0413 		rsb	r3, r4, r4, lsl #4
 1535 0250 05EB8303 		add	r3, r5, r3, lsl #2
 1536 0254 0122     		movs	r2, #1
 1537 0256 DA76     		strb	r2, [r3, #27]
1388:Drivers/STM32F4xx_HAL_Driver/Src/stm32f4xx_hal_hcd.c **** 
 1538              		.loc 1 1388 7 is_stmt 1 view .LVU462
1388:Drivers/STM32F4xx_HAL_Driver/Src/stm32f4xx_hal_hcd.c **** 
 1539              		.loc 1 1388 29 is_stmt 0 view .LVU463
 1540 0258 C4EB0413 		rsb	r3, r4, r4, lsl #4
 1541 025c 05EB8303 		add	r3, r5, r3, lsl #2
 1542 0260 0322     		movs	r2, #3
 1543 0262 83F84D20 		strb	r2, [r3, #77]
1390:Drivers/STM32F4xx_HAL_Driver/Src/stm32f4xx_hal_hcd.c ****     }
 1544              		.loc 1 1390 7 is_stmt 1 view .LVU464
1390:Drivers/STM32F4xx_HAL_Driver/Src/stm32f4xx_hal_hcd.c ****     }
 1545              		.loc 1 1390 13 is_stmt 0 view .LVU465
 1546 0266 2146     		mov	r1, r4
 1547 0268 2868     		ldr	r0, [r5]
 1548 026a FFF7FEFF 		bl	USB_HC_Halt
 1549              	.LVL115:
 1550 026e F2E6     		b	.L82
 1551              	.LVL116:
 1552              	.L98:
1393:Drivers/STM32F4xx_HAL_Driver/Src/stm32f4xx_hal_hcd.c ****   {
 1553              		.loc 1 1393 8 is_stmt 1 view .LVU466
1393:Drivers/STM32F4xx_HAL_Driver/Src/stm32f4xx_hal_hcd.c ****   {
 1554              		.loc 1 1393 12 is_stmt 0 view .LVU467
 1555 0270 2146     		mov	r1, r4
 1556 0272 2868     		ldr	r0, [r5]
 1557 0274 FFF7FEFF 		bl	USB_ReadChInterrupts
 1558              	.LVL117:
1393:Drivers/STM32F4xx_HAL_Driver/Src/stm32f4xx_hal_hcd.c ****   {
 1559              		.loc 1 1393 11 discriminator 1 view .LVU468
 1560 0278 10F0020F 		tst	r0, #2
 1561 027c 00F02381 		beq	.L99
1395:Drivers/STM32F4xx_HAL_Driver/Src/stm32f4xx_hal_hcd.c **** 
 1562              		.loc 1 1395 5 is_stmt 1 view .LVU469
 1563 0280 06EB4416 		add	r6, r6, r4, lsl #5
 1564              	.LVL118:
1395:Drivers/STM32F4xx_HAL_Driver/Src/stm32f4xx_hal_hcd.c **** 
 1565              		.loc 1 1395 5 is_stmt 0 view .LVU470
 1566 0284 06F5A062 		add	r2, r6, #1280
 1567 0288 0223     		movs	r3, #2
 1568 028a 9360     		str	r3, [r2, #8]
1397:Drivers/STM32F4xx_HAL_Driver/Src/stm32f4xx_hal_hcd.c ****     {
 1569              		.loc 1 1397 5 is_stmt 1 view .LVU471
1397:Drivers/STM32F4xx_HAL_Driver/Src/stm32f4xx_hal_hcd.c ****     {
 1570              		.loc 1 1397 24 is_stmt 0 view .LVU472
 1571 028c C4EB0413 		rsb	r3, r4, r4, lsl #4
 1572 0290 05EB8303 		add	r3, r5, r3, lsl #2
 1573 0294 93F84D30 		ldrb	r3, [r3, #77]	@ zero_extendqisi2
 1574 0298 013B     		subs	r3, r3, #1
 1575 029a 082B     		cmp	r3, #8
 1576 029c 1ED8     		bhi	.L100
ARM GAS  /tmp/ccPw2T3W.s 			page 70


 1577 029e 01A1     		adr	r1, .L102
 1578 02a0 51F823F0 		ldr	pc, [r1, r3, lsl #2]
 1579              		.p2align 2
 1580              	.L102:
 1581 02a4 C9020000 		.word	.L108+1
 1582 02a8 57000000 		.word	.L82+1
 1583 02ac 23040000 		.word	.L107+1
 1584 02b0 7B040000 		.word	.L106+1
 1585 02b4 83030000 		.word	.L105+1
 1586 02b8 F3020000 		.word	.L104+1
 1587 02bc 09030000 		.word	.L101+1
 1588 02c0 AB040000 		.word	.L103+1
 1589 02c4 09030000 		.word	.L101+1
 1590              		.p2align 1
 1591              	.L108:
1399:Drivers/STM32F4xx_HAL_Driver/Src/stm32f4xx_hal_hcd.c ****       hhcd->hc[chnum].urb_state = URB_DONE;
 1592              		.loc 1 1399 7 is_stmt 1 view .LVU473
1399:Drivers/STM32F4xx_HAL_Driver/Src/stm32f4xx_hal_hcd.c ****       hhcd->hc[chnum].urb_state = URB_DONE;
 1593              		.loc 1 1399 29 is_stmt 0 view .LVU474
 1594 02c8 C4EB0413 		rsb	r3, r4, r4, lsl #4
 1595 02cc 05EB8303 		add	r3, r5, r3, lsl #2
 1596 02d0 0222     		movs	r2, #2
 1597 02d2 83F84D20 		strb	r2, [r3, #77]
1400:Drivers/STM32F4xx_HAL_Driver/Src/stm32f4xx_hal_hcd.c ****     }
 1598              		.loc 1 1400 7 is_stmt 1 view .LVU475
1400:Drivers/STM32F4xx_HAL_Driver/Src/stm32f4xx_hal_hcd.c ****     }
 1599              		.loc 1 1400 33 is_stmt 0 view .LVU476
 1600 02d6 0122     		movs	r2, #1
 1601 02d8 83F84C20 		strb	r2, [r3, #76]
 1602              	.L100:
1538:Drivers/STM32F4xx_HAL_Driver/Src/stm32f4xx_hal_hcd.c **** #endif /* USE_HAL_HCD_REGISTER_CALLBACKS */
 1603              		.loc 1 1538 5 is_stmt 1 view .LVU477
1538:Drivers/STM32F4xx_HAL_Driver/Src/stm32f4xx_hal_hcd.c **** #endif /* USE_HAL_HCD_REGISTER_CALLBACKS */
 1604              		.loc 1 1538 69 is_stmt 0 view .LVU478
 1605 02dc C4EB0413 		rsb	r3, r4, r4, lsl #4
 1606 02e0 05EB8303 		add	r3, r5, r3, lsl #2
1538:Drivers/STM32F4xx_HAL_Driver/Src/stm32f4xx_hal_hcd.c **** #endif /* USE_HAL_HCD_REGISTER_CALLBACKS */
 1607              		.loc 1 1538 5 view .LVU479
 1608 02e4 93F84C20 		ldrb	r2, [r3, #76]	@ zero_extendqisi2
 1609 02e8 2146     		mov	r1, r4
 1610 02ea 2846     		mov	r0, r5
 1611 02ec FFF7FEFF 		bl	HAL_HCD_HC_NotifyURBChange_Callback
 1612              	.LVL119:
 1613 02f0 B1E6     		b	.L82
 1614              	.L104:
1404:Drivers/STM32F4xx_HAL_Driver/Src/stm32f4xx_hal_hcd.c ****       hhcd->hc[chnum].urb_state = URB_STALL;
 1615              		.loc 1 1404 7 is_stmt 1 view .LVU480
1404:Drivers/STM32F4xx_HAL_Driver/Src/stm32f4xx_hal_hcd.c ****       hhcd->hc[chnum].urb_state = URB_STALL;
 1616              		.loc 1 1404 29 is_stmt 0 view .LVU481
 1617 02f2 C4EB0413 		rsb	r3, r4, r4, lsl #4
 1618 02f6 05EB8303 		add	r3, r5, r3, lsl #2
 1619 02fa 0222     		movs	r2, #2
 1620 02fc 83F84D20 		strb	r2, [r3, #77]
1405:Drivers/STM32F4xx_HAL_Driver/Src/stm32f4xx_hal_hcd.c ****     }
 1621              		.loc 1 1405 7 is_stmt 1 view .LVU482
1405:Drivers/STM32F4xx_HAL_Driver/Src/stm32f4xx_hal_hcd.c ****     }
 1622              		.loc 1 1405 33 is_stmt 0 view .LVU483
ARM GAS  /tmp/ccPw2T3W.s 			page 71


 1623 0300 0522     		movs	r2, #5
 1624 0302 83F84C20 		strb	r2, [r3, #76]
 1625 0306 E9E7     		b	.L100
 1626              	.L101:
1410:Drivers/STM32F4xx_HAL_Driver/Src/stm32f4xx_hal_hcd.c ****       hhcd->hc[chnum].ErrCnt++;
 1627              		.loc 1 1410 7 is_stmt 1 view .LVU484
1410:Drivers/STM32F4xx_HAL_Driver/Src/stm32f4xx_hal_hcd.c ****       hhcd->hc[chnum].ErrCnt++;
 1628              		.loc 1 1410 29 is_stmt 0 view .LVU485
 1629 0308 C4EB0413 		rsb	r3, r4, r4, lsl #4
 1630 030c 05EB8303 		add	r3, r5, r3, lsl #2
 1631 0310 0221     		movs	r1, #2
 1632 0312 83F84D10 		strb	r1, [r3, #77]
1411:Drivers/STM32F4xx_HAL_Driver/Src/stm32f4xx_hal_hcd.c ****       if (hhcd->hc[chnum].ErrCnt > 2U)
 1633              		.loc 1 1411 7 is_stmt 1 view .LVU486
1411:Drivers/STM32F4xx_HAL_Driver/Src/stm32f4xx_hal_hcd.c ****       if (hhcd->hc[chnum].ErrCnt > 2U)
 1634              		.loc 1 1411 22 is_stmt 0 view .LVU487
 1635 0316 596C     		ldr	r1, [r3, #68]
1411:Drivers/STM32F4xx_HAL_Driver/Src/stm32f4xx_hal_hcd.c ****       if (hhcd->hc[chnum].ErrCnt > 2U)
 1636              		.loc 1 1411 29 view .LVU488
 1637 0318 0131     		adds	r1, r1, #1
 1638 031a 5964     		str	r1, [r3, #68]
1412:Drivers/STM32F4xx_HAL_Driver/Src/stm32f4xx_hal_hcd.c ****       {
 1639              		.loc 1 1412 7 is_stmt 1 view .LVU489
1412:Drivers/STM32F4xx_HAL_Driver/Src/stm32f4xx_hal_hcd.c ****       {
 1640              		.loc 1 1412 10 is_stmt 0 view .LVU490
 1641 031c 0229     		cmp	r1, #2
 1642 031e 1BD9     		bls	.L109
1414:Drivers/STM32F4xx_HAL_Driver/Src/stm32f4xx_hal_hcd.c **** 
 1643              		.loc 1 1414 9 is_stmt 1 view .LVU491
1414:Drivers/STM32F4xx_HAL_Driver/Src/stm32f4xx_hal_hcd.c **** 
 1644              		.loc 1 1414 32 is_stmt 0 view .LVU492
 1645 0320 C4EB0413 		rsb	r3, r4, r4, lsl #4
 1646 0324 05EB8303 		add	r3, r5, r3, lsl #2
 1647 0328 0021     		movs	r1, #0
 1648 032a 5964     		str	r1, [r3, #68]
1416:Drivers/STM32F4xx_HAL_Driver/Src/stm32f4xx_hal_hcd.c ****         {
 1649              		.loc 1 1416 9 is_stmt 1 view .LVU493
1416:Drivers/STM32F4xx_HAL_Driver/Src/stm32f4xx_hal_hcd.c ****         {
 1650              		.loc 1 1416 28 is_stmt 0 view .LVU494
 1651 032c 9B7E     		ldrb	r3, [r3, #26]	@ zero_extendqisi2
1416:Drivers/STM32F4xx_HAL_Driver/Src/stm32f4xx_hal_hcd.c ****         {
 1652              		.loc 1 1416 12 view .LVU495
 1653 032e 012B     		cmp	r3, #1
 1654 0330 07D0     		beq	.L132
 1655              	.L110:
1423:Drivers/STM32F4xx_HAL_Driver/Src/stm32f4xx_hal_hcd.c ****       }
 1656              		.loc 1 1423 9 is_stmt 1 view .LVU496
1423:Drivers/STM32F4xx_HAL_Driver/Src/stm32f4xx_hal_hcd.c ****       }
 1657              		.loc 1 1423 35 is_stmt 0 view .LVU497
 1658 0332 C4EB0413 		rsb	r3, r4, r4, lsl #4
 1659 0336 05EB8303 		add	r3, r5, r3, lsl #2
 1660 033a 0422     		movs	r2, #4
 1661 033c 83F84C20 		strb	r2, [r3, #76]
 1662 0340 CCE7     		b	.L100
 1663              	.L132:
1418:Drivers/STM32F4xx_HAL_Driver/Src/stm32f4xx_hal_hcd.c ****           hhcd->hc[chnum].ep_ss_schedule = 0U;
 1664              		.loc 1 1418 11 is_stmt 1 view .LVU498
ARM GAS  /tmp/ccPw2T3W.s 			page 72


1418:Drivers/STM32F4xx_HAL_Driver/Src/stm32f4xx_hal_hcd.c ****           hhcd->hc[chnum].ep_ss_schedule = 0U;
 1665              		.loc 1 1418 37 is_stmt 0 view .LVU499
 1666 0342 C4EB0413 		rsb	r3, r4, r4, lsl #4
 1667 0346 05EB8303 		add	r3, r5, r3, lsl #2
 1668 034a D976     		strb	r1, [r3, #27]
1419:Drivers/STM32F4xx_HAL_Driver/Src/stm32f4xx_hal_hcd.c ****           __HAL_HCD_CLEAR_HC_CSPLT(chnum);
 1669              		.loc 1 1419 11 is_stmt 1 view .LVU500
1419:Drivers/STM32F4xx_HAL_Driver/Src/stm32f4xx_hal_hcd.c ****           __HAL_HCD_CLEAR_HC_CSPLT(chnum);
 1670              		.loc 1 1419 42 is_stmt 0 view .LVU501
 1671 034c 1977     		strb	r1, [r3, #28]
1420:Drivers/STM32F4xx_HAL_Driver/Src/stm32f4xx_hal_hcd.c ****         }
 1672              		.loc 1 1420 11 is_stmt 1 view .LVU502
 1673 034e 5368     		ldr	r3, [r2, #4]
 1674 0350 23F48033 		bic	r3, r3, #65536
 1675 0354 5360     		str	r3, [r2, #4]
 1676 0356 ECE7     		b	.L110
 1677              	.L109:
1427:Drivers/STM32F4xx_HAL_Driver/Src/stm32f4xx_hal_hcd.c **** 
 1678              		.loc 1 1427 9 view .LVU503
1427:Drivers/STM32F4xx_HAL_Driver/Src/stm32f4xx_hal_hcd.c **** 
 1679              		.loc 1 1427 35 is_stmt 0 view .LVU504
 1680 0358 C4EB0413 		rsb	r3, r4, r4, lsl #4
 1681 035c 05EB8303 		add	r3, r5, r3, lsl #2
 1682 0360 0222     		movs	r2, #2
 1683 0362 83F84C20 		strb	r2, [r3, #76]
1429:Drivers/STM32F4xx_HAL_Driver/Src/stm32f4xx_hal_hcd.c ****             (hhcd->hc[chnum].ep_type == EP_TYPE_BULK))
 1684              		.loc 1 1429 9 is_stmt 1 view .LVU505
1429:Drivers/STM32F4xx_HAL_Driver/Src/stm32f4xx_hal_hcd.c ****             (hhcd->hc[chnum].ep_type == EP_TYPE_BULK))
 1685              		.loc 1 1429 29 is_stmt 0 view .LVU506
 1686 0366 93F82630 		ldrb	r3, [r3, #38]	@ zero_extendqisi2
1429:Drivers/STM32F4xx_HAL_Driver/Src/stm32f4xx_hal_hcd.c ****             (hhcd->hc[chnum].ep_type == EP_TYPE_BULK))
 1687              		.loc 1 1429 12 view .LVU507
 1688 036a 0BB1     		cbz	r3, .L111
1429:Drivers/STM32F4xx_HAL_Driver/Src/stm32f4xx_hal_hcd.c ****             (hhcd->hc[chnum].ep_type == EP_TYPE_BULK))
 1689              		.loc 1 1429 55 discriminator 1 view .LVU508
 1690 036c 9342     		cmp	r3, r2
 1691 036e B5D1     		bne	.L100
 1692              	.L111:
1433:Drivers/STM32F4xx_HAL_Driver/Src/stm32f4xx_hal_hcd.c ****           tmpreg &= ~USB_OTG_HCCHAR_CHDIS;
 1693              		.loc 1 1433 11 is_stmt 1 view .LVU509
1433:Drivers/STM32F4xx_HAL_Driver/Src/stm32f4xx_hal_hcd.c ****           tmpreg &= ~USB_OTG_HCCHAR_CHDIS;
 1694              		.loc 1 1433 18 is_stmt 0 view .LVU510
 1695 0370 D6F80035 		ldr	r3, [r6, #1280]
 1696              	.LVL120:
1434:Drivers/STM32F4xx_HAL_Driver/Src/stm32f4xx_hal_hcd.c ****           tmpreg |= USB_OTG_HCCHAR_CHENA;
 1697              		.loc 1 1434 11 is_stmt 1 view .LVU511
1434:Drivers/STM32F4xx_HAL_Driver/Src/stm32f4xx_hal_hcd.c ****           tmpreg |= USB_OTG_HCCHAR_CHENA;
 1698              		.loc 1 1434 18 is_stmt 0 view .LVU512
 1699 0374 23F08043 		bic	r3, r3, #1073741824
 1700              	.LVL121:
1435:Drivers/STM32F4xx_HAL_Driver/Src/stm32f4xx_hal_hcd.c ****           USBx_HC(chnum)->HCCHAR = tmpreg;
 1701              		.loc 1 1435 11 is_stmt 1 view .LVU513
1435:Drivers/STM32F4xx_HAL_Driver/Src/stm32f4xx_hal_hcd.c ****           USBx_HC(chnum)->HCCHAR = tmpreg;
 1702              		.loc 1 1435 18 is_stmt 0 view .LVU514
 1703 0378 43F00043 		orr	r3, r3, #-2147483648
 1704              	.LVL122:
1436:Drivers/STM32F4xx_HAL_Driver/Src/stm32f4xx_hal_hcd.c ****         }
ARM GAS  /tmp/ccPw2T3W.s 			page 73


 1705              		.loc 1 1436 11 is_stmt 1 view .LVU515
1436:Drivers/STM32F4xx_HAL_Driver/Src/stm32f4xx_hal_hcd.c ****         }
 1706              		.loc 1 1436 34 is_stmt 0 view .LVU516
 1707 037c C6F80035 		str	r3, [r6, #1280]
 1708 0380 ACE7     		b	.L100
 1709              	.LVL123:
 1710              	.L105:
1442:Drivers/STM32F4xx_HAL_Driver/Src/stm32f4xx_hal_hcd.c **** 
 1711              		.loc 1 1442 7 is_stmt 1 view .LVU517
1442:Drivers/STM32F4xx_HAL_Driver/Src/stm32f4xx_hal_hcd.c **** 
 1712              		.loc 1 1442 29 is_stmt 0 view .LVU518
 1713 0382 C4EB0413 		rsb	r3, r4, r4, lsl #4
 1714 0386 05EB8303 		add	r3, r5, r3, lsl #2
 1715 038a 0221     		movs	r1, #2
 1716 038c 83F84D10 		strb	r1, [r3, #77]
1444:Drivers/STM32F4xx_HAL_Driver/Src/stm32f4xx_hal_hcd.c ****       {
 1717              		.loc 1 1444 7 is_stmt 1 view .LVU519
1444:Drivers/STM32F4xx_HAL_Driver/Src/stm32f4xx_hal_hcd.c ****       {
 1718              		.loc 1 1444 26 is_stmt 0 view .LVU520
 1719 0390 DB7E     		ldrb	r3, [r3, #27]	@ zero_extendqisi2
1444:Drivers/STM32F4xx_HAL_Driver/Src/stm32f4xx_hal_hcd.c ****       {
 1720              		.loc 1 1444 10 view .LVU521
 1721 0392 012B     		cmp	r3, #1
 1722 0394 A2D1     		bne	.L100
1446:Drivers/STM32F4xx_HAL_Driver/Src/stm32f4xx_hal_hcd.c ****         {
 1723              		.loc 1 1446 9 is_stmt 1 view .LVU522
1446:Drivers/STM32F4xx_HAL_Driver/Src/stm32f4xx_hal_hcd.c ****         {
 1724              		.loc 1 1446 28 is_stmt 0 view .LVU523
 1725 0396 C4EB0413 		rsb	r3, r4, r4, lsl #4
 1726 039a 05EB8303 		add	r3, r5, r3, lsl #2
 1727 039e 93F82630 		ldrb	r3, [r3, #38]	@ zero_extendqisi2
1446:Drivers/STM32F4xx_HAL_Driver/Src/stm32f4xx_hal_hcd.c ****         {
 1728              		.loc 1 1446 12 view .LVU524
 1729 03a2 032B     		cmp	r3, #3
 1730 03a4 17D0     		beq	.L133
1468:Drivers/STM32F4xx_HAL_Driver/Src/stm32f4xx_hal_hcd.c ****         }
 1731              		.loc 1 1468 11 is_stmt 1 view .LVU525
1468:Drivers/STM32F4xx_HAL_Driver/Src/stm32f4xx_hal_hcd.c ****         }
 1732              		.loc 1 1468 37 is_stmt 0 view .LVU526
 1733 03a6 3C23     		movs	r3, #60
 1734 03a8 03FB0453 		mla	r3, r3, r4, r5
 1735 03ac 0222     		movs	r2, #2
 1736 03ae 83F84C20 		strb	r2, [r3, #76]
 1737              	.L115:
1471:Drivers/STM32F4xx_HAL_Driver/Src/stm32f4xx_hal_hcd.c ****             (hhcd->hc[chnum].ep_type == EP_TYPE_BULK))
 1738              		.loc 1 1471 9 is_stmt 1 view .LVU527
1471:Drivers/STM32F4xx_HAL_Driver/Src/stm32f4xx_hal_hcd.c ****             (hhcd->hc[chnum].ep_type == EP_TYPE_BULK))
 1739              		.loc 1 1471 29 is_stmt 0 view .LVU528
 1740 03b2 C4EB0413 		rsb	r3, r4, r4, lsl #4
 1741 03b6 05EB8303 		add	r3, r5, r3, lsl #2
 1742 03ba 93F82630 		ldrb	r3, [r3, #38]	@ zero_extendqisi2
1471:Drivers/STM32F4xx_HAL_Driver/Src/stm32f4xx_hal_hcd.c ****             (hhcd->hc[chnum].ep_type == EP_TYPE_BULK))
 1743              		.loc 1 1471 12 view .LVU529
 1744 03be 0BB1     		cbz	r3, .L116
1471:Drivers/STM32F4xx_HAL_Driver/Src/stm32f4xx_hal_hcd.c ****             (hhcd->hc[chnum].ep_type == EP_TYPE_BULK))
 1745              		.loc 1 1471 55 discriminator 1 view .LVU530
 1746 03c0 022B     		cmp	r3, #2
ARM GAS  /tmp/ccPw2T3W.s 			page 74


 1747 03c2 8BD1     		bne	.L100
 1748              	.L116:
1475:Drivers/STM32F4xx_HAL_Driver/Src/stm32f4xx_hal_hcd.c ****           tmpreg &= ~USB_OTG_HCCHAR_CHDIS;
 1749              		.loc 1 1475 11 is_stmt 1 view .LVU531
1475:Drivers/STM32F4xx_HAL_Driver/Src/stm32f4xx_hal_hcd.c ****           tmpreg &= ~USB_OTG_HCCHAR_CHDIS;
 1750              		.loc 1 1475 18 is_stmt 0 view .LVU532
 1751 03c4 D6F80035 		ldr	r3, [r6, #1280]
 1752              	.LVL124:
1476:Drivers/STM32F4xx_HAL_Driver/Src/stm32f4xx_hal_hcd.c ****           tmpreg |= USB_OTG_HCCHAR_CHENA;
 1753              		.loc 1 1476 11 is_stmt 1 view .LVU533
1476:Drivers/STM32F4xx_HAL_Driver/Src/stm32f4xx_hal_hcd.c ****           tmpreg |= USB_OTG_HCCHAR_CHENA;
 1754              		.loc 1 1476 18 is_stmt 0 view .LVU534
 1755 03c8 23F08043 		bic	r3, r3, #1073741824
 1756              	.LVL125:
1477:Drivers/STM32F4xx_HAL_Driver/Src/stm32f4xx_hal_hcd.c ****           USBx_HC(chnum)->HCCHAR = tmpreg;
 1757              		.loc 1 1477 11 is_stmt 1 view .LVU535
1477:Drivers/STM32F4xx_HAL_Driver/Src/stm32f4xx_hal_hcd.c ****           USBx_HC(chnum)->HCCHAR = tmpreg;
 1758              		.loc 1 1477 18 is_stmt 0 view .LVU536
 1759 03cc 43F00043 		orr	r3, r3, #-2147483648
 1760              	.LVL126:
1478:Drivers/STM32F4xx_HAL_Driver/Src/stm32f4xx_hal_hcd.c ****         }
 1761              		.loc 1 1478 11 is_stmt 1 view .LVU537
1478:Drivers/STM32F4xx_HAL_Driver/Src/stm32f4xx_hal_hcd.c ****         }
 1762              		.loc 1 1478 34 is_stmt 0 view .LVU538
 1763 03d0 C6F80035 		str	r3, [r6, #1280]
 1764 03d4 82E7     		b	.L100
 1765              	.LVL127:
 1766              	.L133:
1448:Drivers/STM32F4xx_HAL_Driver/Src/stm32f4xx_hal_hcd.c ****           if (hhcd->hc[chnum].NyetErrCnt > 2U)
 1767              		.loc 1 1448 11 is_stmt 1 view .LVU539
1448:Drivers/STM32F4xx_HAL_Driver/Src/stm32f4xx_hal_hcd.c ****           if (hhcd->hc[chnum].NyetErrCnt > 2U)
 1768              		.loc 1 1448 26 is_stmt 0 view .LVU540
 1769 03d6 3C21     		movs	r1, #60
 1770 03d8 01FB0451 		mla	r1, r1, r4, r5
 1771 03dc 8B6C     		ldr	r3, [r1, #72]
1448:Drivers/STM32F4xx_HAL_Driver/Src/stm32f4xx_hal_hcd.c ****           if (hhcd->hc[chnum].NyetErrCnt > 2U)
 1772              		.loc 1 1448 37 view .LVU541
 1773 03de 0133     		adds	r3, r3, #1
 1774 03e0 8B64     		str	r3, [r1, #72]
1449:Drivers/STM32F4xx_HAL_Driver/Src/stm32f4xx_hal_hcd.c ****           {
 1775              		.loc 1 1449 11 is_stmt 1 view .LVU542
1449:Drivers/STM32F4xx_HAL_Driver/Src/stm32f4xx_hal_hcd.c ****           {
 1776              		.loc 1 1449 14 is_stmt 0 view .LVU543
 1777 03e2 022B     		cmp	r3, #2
 1778 03e4 16D9     		bls	.L113
1451:Drivers/STM32F4xx_HAL_Driver/Src/stm32f4xx_hal_hcd.c ****             hhcd->hc[chnum].do_csplit = 0U;
 1779              		.loc 1 1451 13 is_stmt 1 view .LVU544
1451:Drivers/STM32F4xx_HAL_Driver/Src/stm32f4xx_hal_hcd.c ****             hhcd->hc[chnum].do_csplit = 0U;
 1780              		.loc 1 1451 40 is_stmt 0 view .LVU545
 1781 03e6 0B46     		mov	r3, r1
 1782 03e8 0021     		movs	r1, #0
 1783 03ea 9964     		str	r1, [r3, #72]
1452:Drivers/STM32F4xx_HAL_Driver/Src/stm32f4xx_hal_hcd.c **** 
 1784              		.loc 1 1452 13 is_stmt 1 view .LVU546
1452:Drivers/STM32F4xx_HAL_Driver/Src/stm32f4xx_hal_hcd.c **** 
 1785              		.loc 1 1452 39 is_stmt 0 view .LVU547
 1786 03ec D976     		strb	r1, [r3, #27]
ARM GAS  /tmp/ccPw2T3W.s 			page 75


1454:Drivers/STM32F4xx_HAL_Driver/Src/stm32f4xx_hal_hcd.c ****             {
 1787              		.loc 1 1454 13 is_stmt 1 view .LVU548
1454:Drivers/STM32F4xx_HAL_Driver/Src/stm32f4xx_hal_hcd.c ****             {
 1788              		.loc 1 1454 32 is_stmt 0 view .LVU549
 1789 03ee 5B6C     		ldr	r3, [r3, #68]
1454:Drivers/STM32F4xx_HAL_Driver/Src/stm32f4xx_hal_hcd.c ****             {
 1790              		.loc 1 1454 16 view .LVU550
 1791 03f0 022B     		cmp	r3, #2
 1792 03f2 04D8     		bhi	.L114
1456:Drivers/STM32F4xx_HAL_Driver/Src/stm32f4xx_hal_hcd.c ****             }
 1793              		.loc 1 1456 15 is_stmt 1 view .LVU551
1456:Drivers/STM32F4xx_HAL_Driver/Src/stm32f4xx_hal_hcd.c ****             }
 1794              		.loc 1 1456 46 is_stmt 0 view .LVU552
 1795 03f4 3C23     		movs	r3, #60
 1796 03f6 03FB0453 		mla	r3, r3, r4, r5
 1797 03fa 0121     		movs	r1, #1
 1798 03fc 1977     		strb	r1, [r3, #28]
 1799              	.L114:
1458:Drivers/STM32F4xx_HAL_Driver/Src/stm32f4xx_hal_hcd.c ****             hhcd->hc[chnum].urb_state = URB_ERROR;
 1800              		.loc 1 1458 13 is_stmt 1 view .LVU553
 1801 03fe 5368     		ldr	r3, [r2, #4]
 1802 0400 23F48033 		bic	r3, r3, #65536
 1803 0404 5360     		str	r3, [r2, #4]
1459:Drivers/STM32F4xx_HAL_Driver/Src/stm32f4xx_hal_hcd.c ****           }
 1804              		.loc 1 1459 13 view .LVU554
1459:Drivers/STM32F4xx_HAL_Driver/Src/stm32f4xx_hal_hcd.c ****           }
 1805              		.loc 1 1459 39 is_stmt 0 view .LVU555
 1806 0406 3C23     		movs	r3, #60
 1807 0408 03FB0453 		mla	r3, r3, r4, r5
 1808 040c 0422     		movs	r2, #4
 1809 040e 83F84C20 		strb	r2, [r3, #76]
 1810 0412 CEE7     		b	.L115
 1811              	.L113:
1463:Drivers/STM32F4xx_HAL_Driver/Src/stm32f4xx_hal_hcd.c ****           }
 1812              		.loc 1 1463 13 is_stmt 1 view .LVU556
1463:Drivers/STM32F4xx_HAL_Driver/Src/stm32f4xx_hal_hcd.c ****           }
 1813              		.loc 1 1463 39 is_stmt 0 view .LVU557
 1814 0414 3C23     		movs	r3, #60
 1815 0416 03FB0453 		mla	r3, r3, r4, r5
 1816 041a 0222     		movs	r2, #2
 1817 041c 83F84C20 		strb	r2, [r3, #76]
 1818 0420 C7E7     		b	.L115
 1819              	.L107:
1484:Drivers/STM32F4xx_HAL_Driver/Src/stm32f4xx_hal_hcd.c **** 
 1820              		.loc 1 1484 7 is_stmt 1 view .LVU558
1484:Drivers/STM32F4xx_HAL_Driver/Src/stm32f4xx_hal_hcd.c **** 
 1821              		.loc 1 1484 29 is_stmt 0 view .LVU559
 1822 0422 C4EB0413 		rsb	r3, r4, r4, lsl #4
 1823 0426 05EB8303 		add	r3, r5, r3, lsl #2
 1824 042a 0221     		movs	r1, #2
 1825 042c 83F84D10 		strb	r1, [r3, #77]
1486:Drivers/STM32F4xx_HAL_Driver/Src/stm32f4xx_hal_hcd.c ****       {
 1826              		.loc 1 1486 7 is_stmt 1 view .LVU560
1486:Drivers/STM32F4xx_HAL_Driver/Src/stm32f4xx_hal_hcd.c ****       {
 1827              		.loc 1 1486 26 is_stmt 0 view .LVU561
 1828 0430 DB7E     		ldrb	r3, [r3, #27]	@ zero_extendqisi2
1486:Drivers/STM32F4xx_HAL_Driver/Src/stm32f4xx_hal_hcd.c ****       {
ARM GAS  /tmp/ccPw2T3W.s 			page 76


 1829              		.loc 1 1486 10 view .LVU562
 1830 0432 012B     		cmp	r3, #1
 1831 0434 7FF452AF 		bne	.L100
1488:Drivers/STM32F4xx_HAL_Driver/Src/stm32f4xx_hal_hcd.c **** 
 1832              		.loc 1 1488 9 is_stmt 1 view .LVU563
1488:Drivers/STM32F4xx_HAL_Driver/Src/stm32f4xx_hal_hcd.c **** 
 1833              		.loc 1 1488 35 is_stmt 0 view .LVU564
 1834 0438 C4EB0413 		rsb	r3, r4, r4, lsl #4
 1835 043c 05EB8303 		add	r3, r5, r3, lsl #2
 1836 0440 83F84C10 		strb	r1, [r3, #76]
1491:Drivers/STM32F4xx_HAL_Driver/Src/stm32f4xx_hal_hcd.c ****         USBx_HC(chnum)->HCINTMSK |= USB_OTG_HCINTMSK_NYET;
 1837              		.loc 1 1491 9 is_stmt 1 view .LVU565
1491:Drivers/STM32F4xx_HAL_Driver/Src/stm32f4xx_hal_hcd.c ****         USBx_HC(chnum)->HCINTMSK |= USB_OTG_HCINTMSK_NYET;
 1838              		.loc 1 1491 23 is_stmt 0 view .LVU566
 1839 0444 5168     		ldr	r1, [r2, #4]
1491:Drivers/STM32F4xx_HAL_Driver/Src/stm32f4xx_hal_hcd.c ****         USBx_HC(chnum)->HCINTMSK |= USB_OTG_HCINTMSK_NYET;
 1840              		.loc 1 1491 32 view .LVU567
 1841 0446 41F48031 		orr	r1, r1, #65536
 1842 044a 5160     		str	r1, [r2, #4]
1492:Drivers/STM32F4xx_HAL_Driver/Src/stm32f4xx_hal_hcd.c ****         USBx_HC(chnum)->HCINTMSK &= ~USB_OTG_HCINT_ACK;
 1843              		.loc 1 1492 9 is_stmt 1 view .LVU568
1492:Drivers/STM32F4xx_HAL_Driver/Src/stm32f4xx_hal_hcd.c ****         USBx_HC(chnum)->HCINTMSK &= ~USB_OTG_HCINT_ACK;
 1844              		.loc 1 1492 23 is_stmt 0 view .LVU569
 1845 044c D168     		ldr	r1, [r2, #12]
1492:Drivers/STM32F4xx_HAL_Driver/Src/stm32f4xx_hal_hcd.c ****         USBx_HC(chnum)->HCINTMSK &= ~USB_OTG_HCINT_ACK;
 1846              		.loc 1 1492 34 view .LVU570
 1847 044e 41F04001 		orr	r1, r1, #64
 1848 0452 D160     		str	r1, [r2, #12]
1493:Drivers/STM32F4xx_HAL_Driver/Src/stm32f4xx_hal_hcd.c **** 
 1849              		.loc 1 1493 9 is_stmt 1 view .LVU571
1493:Drivers/STM32F4xx_HAL_Driver/Src/stm32f4xx_hal_hcd.c **** 
 1850              		.loc 1 1493 23 is_stmt 0 view .LVU572
 1851 0454 D168     		ldr	r1, [r2, #12]
1493:Drivers/STM32F4xx_HAL_Driver/Src/stm32f4xx_hal_hcd.c **** 
 1852              		.loc 1 1493 34 view .LVU573
 1853 0456 21F02001 		bic	r1, r1, #32
 1854 045a D160     		str	r1, [r2, #12]
1495:Drivers/STM32F4xx_HAL_Driver/Src/stm32f4xx_hal_hcd.c ****             (hhcd->hc[chnum].ep_type == EP_TYPE_BULK))
 1855              		.loc 1 1495 9 is_stmt 1 view .LVU574
1495:Drivers/STM32F4xx_HAL_Driver/Src/stm32f4xx_hal_hcd.c ****             (hhcd->hc[chnum].ep_type == EP_TYPE_BULK))
 1856              		.loc 1 1495 29 is_stmt 0 view .LVU575
 1857 045c 93F82630 		ldrb	r3, [r3, #38]	@ zero_extendqisi2
1495:Drivers/STM32F4xx_HAL_Driver/Src/stm32f4xx_hal_hcd.c ****             (hhcd->hc[chnum].ep_type == EP_TYPE_BULK))
 1858              		.loc 1 1495 12 view .LVU576
 1859 0460 13B1     		cbz	r3, .L117
1495:Drivers/STM32F4xx_HAL_Driver/Src/stm32f4xx_hal_hcd.c ****             (hhcd->hc[chnum].ep_type == EP_TYPE_BULK))
 1860              		.loc 1 1495 55 discriminator 1 view .LVU577
 1861 0462 022B     		cmp	r3, #2
 1862 0464 7FF43AAF 		bne	.L100
 1863              	.L117:
1499:Drivers/STM32F4xx_HAL_Driver/Src/stm32f4xx_hal_hcd.c ****           tmpreg &= ~USB_OTG_HCCHAR_CHDIS;
 1864              		.loc 1 1499 11 is_stmt 1 view .LVU578
1499:Drivers/STM32F4xx_HAL_Driver/Src/stm32f4xx_hal_hcd.c ****           tmpreg &= ~USB_OTG_HCCHAR_CHDIS;
 1865              		.loc 1 1499 18 is_stmt 0 view .LVU579
 1866 0468 D6F80035 		ldr	r3, [r6, #1280]
 1867              	.LVL128:
1500:Drivers/STM32F4xx_HAL_Driver/Src/stm32f4xx_hal_hcd.c ****           tmpreg |= USB_OTG_HCCHAR_CHENA;
ARM GAS  /tmp/ccPw2T3W.s 			page 77


 1868              		.loc 1 1500 11 is_stmt 1 view .LVU580
1500:Drivers/STM32F4xx_HAL_Driver/Src/stm32f4xx_hal_hcd.c ****           tmpreg |= USB_OTG_HCCHAR_CHENA;
 1869              		.loc 1 1500 18 is_stmt 0 view .LVU581
 1870 046c 23F08043 		bic	r3, r3, #1073741824
 1871              	.LVL129:
1501:Drivers/STM32F4xx_HAL_Driver/Src/stm32f4xx_hal_hcd.c ****           USBx_HC(chnum)->HCCHAR = tmpreg;
 1872              		.loc 1 1501 11 is_stmt 1 view .LVU582
1501:Drivers/STM32F4xx_HAL_Driver/Src/stm32f4xx_hal_hcd.c ****           USBx_HC(chnum)->HCCHAR = tmpreg;
 1873              		.loc 1 1501 18 is_stmt 0 view .LVU583
 1874 0470 43F00043 		orr	r3, r3, #-2147483648
 1875              	.LVL130:
1502:Drivers/STM32F4xx_HAL_Driver/Src/stm32f4xx_hal_hcd.c ****         }
 1876              		.loc 1 1502 11 is_stmt 1 view .LVU584
1502:Drivers/STM32F4xx_HAL_Driver/Src/stm32f4xx_hal_hcd.c ****         }
 1877              		.loc 1 1502 34 is_stmt 0 view .LVU585
 1878 0474 C6F80035 		str	r3, [r6, #1280]
 1879 0478 30E7     		b	.L100
 1880              	.LVL131:
 1881              	.L106:
1508:Drivers/STM32F4xx_HAL_Driver/Src/stm32f4xx_hal_hcd.c ****       hhcd->hc[chnum].urb_state = URB_NOTREADY;
 1882              		.loc 1 1508 7 is_stmt 1 view .LVU586
1508:Drivers/STM32F4xx_HAL_Driver/Src/stm32f4xx_hal_hcd.c ****       hhcd->hc[chnum].urb_state = URB_NOTREADY;
 1883              		.loc 1 1508 29 is_stmt 0 view .LVU587
 1884 047a C4EB0413 		rsb	r3, r4, r4, lsl #4
 1885 047e 05EB8303 		add	r3, r5, r3, lsl #2
 1886 0482 0222     		movs	r2, #2
 1887 0484 83F84D20 		strb	r2, [r3, #77]
1509:Drivers/STM32F4xx_HAL_Driver/Src/stm32f4xx_hal_hcd.c **** 
 1888              		.loc 1 1509 7 is_stmt 1 view .LVU588
1509:Drivers/STM32F4xx_HAL_Driver/Src/stm32f4xx_hal_hcd.c **** 
 1889              		.loc 1 1509 33 is_stmt 0 view .LVU589
 1890 0488 83F84C20 		strb	r2, [r3, #76]
1511:Drivers/STM32F4xx_HAL_Driver/Src/stm32f4xx_hal_hcd.c ****           (hhcd->hc[chnum].ep_type == EP_TYPE_BULK))
 1891              		.loc 1 1511 7 is_stmt 1 view .LVU590
1511:Drivers/STM32F4xx_HAL_Driver/Src/stm32f4xx_hal_hcd.c ****           (hhcd->hc[chnum].ep_type == EP_TYPE_BULK))
 1892              		.loc 1 1511 27 is_stmt 0 view .LVU591
 1893 048c 93F82630 		ldrb	r3, [r3, #38]	@ zero_extendqisi2
1511:Drivers/STM32F4xx_HAL_Driver/Src/stm32f4xx_hal_hcd.c ****           (hhcd->hc[chnum].ep_type == EP_TYPE_BULK))
 1894              		.loc 1 1511 10 view .LVU592
 1895 0490 13B1     		cbz	r3, .L118
1511:Drivers/STM32F4xx_HAL_Driver/Src/stm32f4xx_hal_hcd.c ****           (hhcd->hc[chnum].ep_type == EP_TYPE_BULK))
 1896              		.loc 1 1511 53 discriminator 1 view .LVU593
 1897 0492 9342     		cmp	r3, r2
 1898 0494 7FF422AF 		bne	.L100
 1899              	.L118:
1515:Drivers/STM32F4xx_HAL_Driver/Src/stm32f4xx_hal_hcd.c ****         tmpreg &= ~USB_OTG_HCCHAR_CHDIS;
 1900              		.loc 1 1515 9 is_stmt 1 view .LVU594
1515:Drivers/STM32F4xx_HAL_Driver/Src/stm32f4xx_hal_hcd.c ****         tmpreg &= ~USB_OTG_HCCHAR_CHDIS;
 1901              		.loc 1 1515 16 is_stmt 0 view .LVU595
 1902 0498 D6F80035 		ldr	r3, [r6, #1280]
 1903              	.LVL132:
1516:Drivers/STM32F4xx_HAL_Driver/Src/stm32f4xx_hal_hcd.c ****         tmpreg |= USB_OTG_HCCHAR_CHENA;
 1904              		.loc 1 1516 9 is_stmt 1 view .LVU596
1516:Drivers/STM32F4xx_HAL_Driver/Src/stm32f4xx_hal_hcd.c ****         tmpreg |= USB_OTG_HCCHAR_CHENA;
 1905              		.loc 1 1516 16 is_stmt 0 view .LVU597
 1906 049c 23F08043 		bic	r3, r3, #1073741824
 1907              	.LVL133:
ARM GAS  /tmp/ccPw2T3W.s 			page 78


1517:Drivers/STM32F4xx_HAL_Driver/Src/stm32f4xx_hal_hcd.c ****         USBx_HC(chnum)->HCCHAR = tmpreg;
 1908              		.loc 1 1517 9 is_stmt 1 view .LVU598
1517:Drivers/STM32F4xx_HAL_Driver/Src/stm32f4xx_hal_hcd.c ****         USBx_HC(chnum)->HCCHAR = tmpreg;
 1909              		.loc 1 1517 16 is_stmt 0 view .LVU599
 1910 04a0 43F00043 		orr	r3, r3, #-2147483648
 1911              	.LVL134:
1518:Drivers/STM32F4xx_HAL_Driver/Src/stm32f4xx_hal_hcd.c ****       }
 1912              		.loc 1 1518 9 is_stmt 1 view .LVU600
1518:Drivers/STM32F4xx_HAL_Driver/Src/stm32f4xx_hal_hcd.c ****       }
 1913              		.loc 1 1518 32 is_stmt 0 view .LVU601
 1914 04a4 C6F80035 		str	r3, [r6, #1280]
 1915 04a8 18E7     		b	.L100
 1916              	.LVL135:
 1917              	.L103:
1523:Drivers/STM32F4xx_HAL_Driver/Src/stm32f4xx_hal_hcd.c ****       hhcd->hc[chnum].ErrCnt++;
 1918              		.loc 1 1523 7 is_stmt 1 view .LVU602
1523:Drivers/STM32F4xx_HAL_Driver/Src/stm32f4xx_hal_hcd.c ****       hhcd->hc[chnum].ErrCnt++;
 1919              		.loc 1 1523 29 is_stmt 0 view .LVU603
 1920 04aa C4EB0413 		rsb	r3, r4, r4, lsl #4
 1921 04ae 05EB8303 		add	r3, r5, r3, lsl #2
 1922 04b2 0222     		movs	r2, #2
 1923 04b4 83F84D20 		strb	r2, [r3, #77]
1524:Drivers/STM32F4xx_HAL_Driver/Src/stm32f4xx_hal_hcd.c ****       hhcd->hc[chnum].urb_state = URB_ERROR;
 1924              		.loc 1 1524 7 is_stmt 1 view .LVU604
1524:Drivers/STM32F4xx_HAL_Driver/Src/stm32f4xx_hal_hcd.c ****       hhcd->hc[chnum].urb_state = URB_ERROR;
 1925              		.loc 1 1524 22 is_stmt 0 view .LVU605
 1926 04b8 5A6C     		ldr	r2, [r3, #68]
1524:Drivers/STM32F4xx_HAL_Driver/Src/stm32f4xx_hal_hcd.c ****       hhcd->hc[chnum].urb_state = URB_ERROR;
 1927              		.loc 1 1524 29 view .LVU606
 1928 04ba 0132     		adds	r2, r2, #1
 1929 04bc 5A64     		str	r2, [r3, #68]
1525:Drivers/STM32F4xx_HAL_Driver/Src/stm32f4xx_hal_hcd.c ****     }
 1930              		.loc 1 1525 7 is_stmt 1 view .LVU607
1525:Drivers/STM32F4xx_HAL_Driver/Src/stm32f4xx_hal_hcd.c ****     }
 1931              		.loc 1 1525 33 is_stmt 0 view .LVU608
 1932 04be 0422     		movs	r2, #4
 1933 04c0 83F84C20 		strb	r2, [r3, #76]
 1934 04c4 0AE7     		b	.L100
 1935              	.LVL136:
 1936              	.L99:
1541:Drivers/STM32F4xx_HAL_Driver/Src/stm32f4xx_hal_hcd.c ****   {
 1937              		.loc 1 1541 8 is_stmt 1 view .LVU609
1541:Drivers/STM32F4xx_HAL_Driver/Src/stm32f4xx_hal_hcd.c ****   {
 1938              		.loc 1 1541 12 is_stmt 0 view .LVU610
 1939 04c6 2146     		mov	r1, r4
 1940 04c8 2868     		ldr	r0, [r5]
 1941 04ca FFF7FEFF 		bl	USB_ReadChInterrupts
 1942              	.LVL137:
1541:Drivers/STM32F4xx_HAL_Driver/Src/stm32f4xx_hal_hcd.c ****   {
 1943              		.loc 1 1541 11 discriminator 1 view .LVU611
 1944 04ce 10F0400F 		tst	r0, #64
 1945 04d2 18D0     		beq	.L119
1543:Drivers/STM32F4xx_HAL_Driver/Src/stm32f4xx_hal_hcd.c ****     hhcd->hc[chnum].state = HC_NYET;
 1946              		.loc 1 1543 5 is_stmt 1 view .LVU612
 1947 04d4 06EB4413 		add	r3, r6, r4, lsl #5
 1948 04d8 4022     		movs	r2, #64
 1949 04da C3F80825 		str	r2, [r3, #1288]
ARM GAS  /tmp/ccPw2T3W.s 			page 79


1544:Drivers/STM32F4xx_HAL_Driver/Src/stm32f4xx_hal_hcd.c **** 
 1950              		.loc 1 1544 5 view .LVU613
1544:Drivers/STM32F4xx_HAL_Driver/Src/stm32f4xx_hal_hcd.c **** 
 1951              		.loc 1 1544 27 is_stmt 0 view .LVU614
 1952 04de C4EB0413 		rsb	r3, r4, r4, lsl #4
 1953 04e2 05EB8303 		add	r3, r5, r3, lsl #2
 1954 04e6 0522     		movs	r2, #5
 1955 04e8 83F84D20 		strb	r2, [r3, #77]
1546:Drivers/STM32F4xx_HAL_Driver/Src/stm32f4xx_hal_hcd.c ****     {
 1956              		.loc 1 1546 5 is_stmt 1 view .LVU615
1546:Drivers/STM32F4xx_HAL_Driver/Src/stm32f4xx_hal_hcd.c ****     {
 1957              		.loc 1 1546 24 is_stmt 0 view .LVU616
 1958 04ec 9B7E     		ldrb	r3, [r3, #26]	@ zero_extendqisi2
1546:Drivers/STM32F4xx_HAL_Driver/Src/stm32f4xx_hal_hcd.c ****     {
 1959              		.loc 1 1546 8 view .LVU617
 1960 04ee 2BB9     		cbnz	r3, .L120
1548:Drivers/STM32F4xx_HAL_Driver/Src/stm32f4xx_hal_hcd.c ****     }
 1961              		.loc 1 1548 7 is_stmt 1 view .LVU618
1548:Drivers/STM32F4xx_HAL_Driver/Src/stm32f4xx_hal_hcd.c ****     }
 1962              		.loc 1 1548 30 is_stmt 0 view .LVU619
 1963 04f0 C4EB0413 		rsb	r3, r4, r4, lsl #4
 1964 04f4 05EB8303 		add	r3, r5, r3, lsl #2
 1965 04f8 0022     		movs	r2, #0
 1966 04fa 5A64     		str	r2, [r3, #68]
 1967              	.L120:
1551:Drivers/STM32F4xx_HAL_Driver/Src/stm32f4xx_hal_hcd.c ****   }
 1968              		.loc 1 1551 5 is_stmt 1 view .LVU620
1551:Drivers/STM32F4xx_HAL_Driver/Src/stm32f4xx_hal_hcd.c ****   }
 1969              		.loc 1 1551 11 is_stmt 0 view .LVU621
 1970 04fc 2146     		mov	r1, r4
 1971 04fe 2868     		ldr	r0, [r5]
 1972 0500 FFF7FEFF 		bl	USB_HC_Halt
 1973              	.LVL138:
 1974 0504 A7E5     		b	.L82
 1975              	.L119:
1553:Drivers/STM32F4xx_HAL_Driver/Src/stm32f4xx_hal_hcd.c ****   {
 1976              		.loc 1 1553 8 is_stmt 1 view .LVU622
1553:Drivers/STM32F4xx_HAL_Driver/Src/stm32f4xx_hal_hcd.c ****   {
 1977              		.loc 1 1553 12 is_stmt 0 view .LVU623
 1978 0506 2146     		mov	r1, r4
 1979 0508 2868     		ldr	r0, [r5]
 1980 050a FFF7FEFF 		bl	USB_ReadChInterrupts
 1981              	.LVL139:
1553:Drivers/STM32F4xx_HAL_Driver/Src/stm32f4xx_hal_hcd.c ****   {
 1982              		.loc 1 1553 11 discriminator 1 view .LVU624
 1983 050e 10F0100F 		tst	r0, #16
 1984 0512 3FF4A0AD 		beq	.L82
1555:Drivers/STM32F4xx_HAL_Driver/Src/stm32f4xx_hal_hcd.c ****     {
 1985              		.loc 1 1555 5 is_stmt 1 view .LVU625
1555:Drivers/STM32F4xx_HAL_Driver/Src/stm32f4xx_hal_hcd.c ****     {
 1986              		.loc 1 1555 24 is_stmt 0 view .LVU626
 1987 0516 C4EB0413 		rsb	r3, r4, r4, lsl #4
 1988 051a 05EB8303 		add	r3, r5, r3, lsl #2
 1989 051e 93F82630 		ldrb	r3, [r3, #38]	@ zero_extendqisi2
1555:Drivers/STM32F4xx_HAL_Driver/Src/stm32f4xx_hal_hcd.c ****     {
 1990              		.loc 1 1555 8 view .LVU627
 1991 0522 032B     		cmp	r3, #3
ARM GAS  /tmp/ccPw2T3W.s 			page 80


 1992 0524 28D0     		beq	.L134
1561:Drivers/STM32F4xx_HAL_Driver/Src/stm32f4xx_hal_hcd.c ****              (hhcd->hc[chnum].ep_type == EP_TYPE_BULK))
 1993              		.loc 1 1561 10 is_stmt 1 view .LVU628
1561:Drivers/STM32F4xx_HAL_Driver/Src/stm32f4xx_hal_hcd.c ****              (hhcd->hc[chnum].ep_type == EP_TYPE_BULK))
 1994              		.loc 1 1561 13 is_stmt 0 view .LVU629
 1995 0526 0BB1     		cbz	r3, .L123
1561:Drivers/STM32F4xx_HAL_Driver/Src/stm32f4xx_hal_hcd.c ****              (hhcd->hc[chnum].ep_type == EP_TYPE_BULK))
 1996              		.loc 1 1561 56 discriminator 1 view .LVU630
 1997 0528 022B     		cmp	r3, #2
 1998 052a 18D1     		bne	.L122
 1999              	.L123:
1564:Drivers/STM32F4xx_HAL_Driver/Src/stm32f4xx_hal_hcd.c **** 
 2000              		.loc 1 1564 7 is_stmt 1 view .LVU631
1564:Drivers/STM32F4xx_HAL_Driver/Src/stm32f4xx_hal_hcd.c **** 
 2001              		.loc 1 1564 30 is_stmt 0 view .LVU632
 2002 052c C4EB0413 		rsb	r3, r4, r4, lsl #4
 2003 0530 05EB8303 		add	r3, r5, r3, lsl #2
 2004 0534 0022     		movs	r2, #0
 2005 0536 5A64     		str	r2, [r3, #68]
1566:Drivers/STM32F4xx_HAL_Driver/Src/stm32f4xx_hal_hcd.c ****       {
 2006              		.loc 1 1566 7 is_stmt 1 view .LVU633
1566:Drivers/STM32F4xx_HAL_Driver/Src/stm32f4xx_hal_hcd.c ****       {
 2007              		.loc 1 1566 22 is_stmt 0 view .LVU634
 2008 0538 AB79     		ldrb	r3, [r5, #6]	@ zero_extendqisi2
1566:Drivers/STM32F4xx_HAL_Driver/Src/stm32f4xx_hal_hcd.c ****       {
 2009              		.loc 1 1566 10 view .LVU635
 2010 053a 33B1     		cbz	r3, .L124
1566:Drivers/STM32F4xx_HAL_Driver/Src/stm32f4xx_hal_hcd.c ****       {
 2011              		.loc 1 1566 60 discriminator 1 view .LVU636
 2012 053c C4EB0413 		rsb	r3, r4, r4, lsl #4
 2013 0540 05EB8303 		add	r3, r5, r3, lsl #2
 2014 0544 DB7E     		ldrb	r3, [r3, #27]	@ zero_extendqisi2
1566:Drivers/STM32F4xx_HAL_Driver/Src/stm32f4xx_hal_hcd.c ****       {
 2015              		.loc 1 1566 41 discriminator 1 view .LVU637
 2016 0546 012B     		cmp	r3, #1
 2017 0548 09D1     		bne	.L122
 2018              	.L124:
1568:Drivers/STM32F4xx_HAL_Driver/Src/stm32f4xx_hal_hcd.c ****         (void)USB_HC_Halt(hhcd->Instance, chnum);
 2019              		.loc 1 1568 9 is_stmt 1 view .LVU638
1568:Drivers/STM32F4xx_HAL_Driver/Src/stm32f4xx_hal_hcd.c ****         (void)USB_HC_Halt(hhcd->Instance, chnum);
 2020              		.loc 1 1568 31 is_stmt 0 view .LVU639
 2021 054a 3C23     		movs	r3, #60
 2022 054c 03FB0453 		mla	r3, r3, r4, r5
 2023 0550 0422     		movs	r2, #4
 2024 0552 83F84D20 		strb	r2, [r3, #77]
1569:Drivers/STM32F4xx_HAL_Driver/Src/stm32f4xx_hal_hcd.c ****       }
 2025              		.loc 1 1569 9 is_stmt 1 view .LVU640
1569:Drivers/STM32F4xx_HAL_Driver/Src/stm32f4xx_hal_hcd.c ****       }
 2026              		.loc 1 1569 15 is_stmt 0 view .LVU641
 2027 0556 2146     		mov	r1, r4
 2028 0558 2868     		ldr	r0, [r5]
 2029 055a FFF7FEFF 		bl	USB_HC_Halt
 2030              	.LVL140:
 2031              	.L122:
1577:Drivers/STM32F4xx_HAL_Driver/Src/stm32f4xx_hal_hcd.c ****     {
 2032              		.loc 1 1577 5 is_stmt 1 view .LVU642
1577:Drivers/STM32F4xx_HAL_Driver/Src/stm32f4xx_hal_hcd.c ****     {
ARM GAS  /tmp/ccPw2T3W.s 			page 81


 2033              		.loc 1 1577 24 is_stmt 0 view .LVU643
 2034 055e C4EB0413 		rsb	r3, r4, r4, lsl #4
 2035 0562 05EB8303 		add	r3, r5, r3, lsl #2
 2036 0566 DB7E     		ldrb	r3, [r3, #27]	@ zero_extendqisi2
1577:Drivers/STM32F4xx_HAL_Driver/Src/stm32f4xx_hal_hcd.c ****     {
 2037              		.loc 1 1577 8 view .LVU644
 2038 0568 012B     		cmp	r3, #1
 2039 056a 12D0     		beq	.L135
 2040              	.LVL141:
 2041              	.L125:
1584:Drivers/STM32F4xx_HAL_Driver/Src/stm32f4xx_hal_hcd.c ****   }
 2042              		.loc 1 1584 5 is_stmt 1 view .LVU645
 2043 056c 06EB4413 		add	r3, r6, r4, lsl #5
 2044 0570 1022     		movs	r2, #16
 2045 0572 C3F80825 		str	r2, [r3, #1288]
1589:Drivers/STM32F4xx_HAL_Driver/Src/stm32f4xx_hal_hcd.c **** }
 2046              		.loc 1 1589 3 view .LVU646
 2047 0576 6EE5     		b	.L82
 2048              	.LVL142:
 2049              	.L134:
1557:Drivers/STM32F4xx_HAL_Driver/Src/stm32f4xx_hal_hcd.c ****       hhcd->hc[chnum].state = HC_NAK;
 2050              		.loc 1 1557 7 view .LVU647
1557:Drivers/STM32F4xx_HAL_Driver/Src/stm32f4xx_hal_hcd.c ****       hhcd->hc[chnum].state = HC_NAK;
 2051              		.loc 1 1557 30 is_stmt 0 view .LVU648
 2052 0578 3C23     		movs	r3, #60
 2053 057a 03FB0453 		mla	r3, r3, r4, r5
 2054 057e 0022     		movs	r2, #0
 2055 0580 5A64     		str	r2, [r3, #68]
1558:Drivers/STM32F4xx_HAL_Driver/Src/stm32f4xx_hal_hcd.c ****       (void)USB_HC_Halt(hhcd->Instance, chnum);
 2056              		.loc 1 1558 7 is_stmt 1 view .LVU649
1558:Drivers/STM32F4xx_HAL_Driver/Src/stm32f4xx_hal_hcd.c ****       (void)USB_HC_Halt(hhcd->Instance, chnum);
 2057              		.loc 1 1558 29 is_stmt 0 view .LVU650
 2058 0582 0422     		movs	r2, #4
 2059 0584 83F84D20 		strb	r2, [r3, #77]
1559:Drivers/STM32F4xx_HAL_Driver/Src/stm32f4xx_hal_hcd.c ****     }
 2060              		.loc 1 1559 7 is_stmt 1 view .LVU651
1559:Drivers/STM32F4xx_HAL_Driver/Src/stm32f4xx_hal_hcd.c ****     }
 2061              		.loc 1 1559 13 is_stmt 0 view .LVU652
 2062 0588 2146     		mov	r1, r4
 2063 058a 2868     		ldr	r0, [r5]
 2064 058c FFF7FEFF 		bl	USB_HC_Halt
 2065              	.LVL143:
 2066 0590 E5E7     		b	.L122
 2067              	.L135:
1579:Drivers/STM32F4xx_HAL_Driver/Src/stm32f4xx_hal_hcd.c ****       __HAL_HCD_CLEAR_HC_CSPLT(chnum);
 2068              		.loc 1 1579 7 is_stmt 1 view .LVU653
1579:Drivers/STM32F4xx_HAL_Driver/Src/stm32f4xx_hal_hcd.c ****       __HAL_HCD_CLEAR_HC_CSPLT(chnum);
 2069              		.loc 1 1579 33 is_stmt 0 view .LVU654
 2070 0592 C4EB0413 		rsb	r3, r4, r4, lsl #4
 2071 0596 05EB8305 		add	r5, r5, r3, lsl #2
 2072              	.LVL144:
1579:Drivers/STM32F4xx_HAL_Driver/Src/stm32f4xx_hal_hcd.c ****       __HAL_HCD_CLEAR_HC_CSPLT(chnum);
 2073              		.loc 1 1579 33 view .LVU655
 2074 059a 0023     		movs	r3, #0
 2075 059c EB76     		strb	r3, [r5, #27]
1580:Drivers/STM32F4xx_HAL_Driver/Src/stm32f4xx_hal_hcd.c ****       __HAL_HCD_UNMASK_ACK_HC_INT(chnum);
 2076              		.loc 1 1580 7 is_stmt 1 view .LVU656
ARM GAS  /tmp/ccPw2T3W.s 			page 82


 2077 059e 06EB4413 		add	r3, r6, r4, lsl #5
 2078 05a2 D3F80425 		ldr	r2, [r3, #1284]
 2079 05a6 22F48032 		bic	r2, r2, #65536
 2080 05aa C3F80425 		str	r2, [r3, #1284]
1581:Drivers/STM32F4xx_HAL_Driver/Src/stm32f4xx_hal_hcd.c ****     }
 2081              		.loc 1 1581 7 view .LVU657
 2082 05ae D3F80C25 		ldr	r2, [r3, #1292]
 2083 05b2 42F02002 		orr	r2, r2, #32
 2084 05b6 C3F80C25 		str	r2, [r3, #1292]
 2085 05ba D7E7     		b	.L125
 2086              		.cfi_endproc
 2087              	.LFE265:
 2089              		.section	.text.HCD_HC_OUT_IRQHandler,"ax",%progbits
 2090              		.align	1
 2091              		.syntax unified
 2092              		.thumb
 2093              		.thumb_func
 2095              	HCD_HC_OUT_IRQHandler:
 2096              	.LVL145:
 2097              	.LFB266:
1600:Drivers/STM32F4xx_HAL_Driver/Src/stm32f4xx_hal_hcd.c ****   const USB_OTG_GlobalTypeDef *USBx = hhcd->Instance;
 2098              		.loc 1 1600 1 view -0
 2099              		.cfi_startproc
 2100              		@ args = 0, pretend = 0, frame = 0
 2101              		@ frame_needed = 0, uses_anonymous_args = 0
1600:Drivers/STM32F4xx_HAL_Driver/Src/stm32f4xx_hal_hcd.c ****   const USB_OTG_GlobalTypeDef *USBx = hhcd->Instance;
 2102              		.loc 1 1600 1 is_stmt 0 view .LVU659
 2103 0000 70B5     		push	{r4, r5, r6, lr}
 2104              	.LCFI16:
 2105              		.cfi_def_cfa_offset 16
 2106              		.cfi_offset 4, -16
 2107              		.cfi_offset 5, -12
 2108              		.cfi_offset 6, -8
 2109              		.cfi_offset 14, -4
 2110 0002 0546     		mov	r5, r0
 2111 0004 0C46     		mov	r4, r1
1601:Drivers/STM32F4xx_HAL_Driver/Src/stm32f4xx_hal_hcd.c ****   uint32_t USBx_BASE = (uint32_t)USBx;
 2112              		.loc 1 1601 3 is_stmt 1 view .LVU660
1601:Drivers/STM32F4xx_HAL_Driver/Src/stm32f4xx_hal_hcd.c ****   uint32_t USBx_BASE = (uint32_t)USBx;
 2113              		.loc 1 1601 32 is_stmt 0 view .LVU661
 2114 0006 0668     		ldr	r6, [r0]
 2115              	.LVL146:
1602:Drivers/STM32F4xx_HAL_Driver/Src/stm32f4xx_hal_hcd.c ****   uint32_t tmpreg;
 2116              		.loc 1 1602 3 is_stmt 1 view .LVU662
1603:Drivers/STM32F4xx_HAL_Driver/Src/stm32f4xx_hal_hcd.c ****   uint32_t num_packets;
 2117              		.loc 1 1603 3 view .LVU663
1604:Drivers/STM32F4xx_HAL_Driver/Src/stm32f4xx_hal_hcd.c **** 
 2118              		.loc 1 1604 3 view .LVU664
1606:Drivers/STM32F4xx_HAL_Driver/Src/stm32f4xx_hal_hcd.c ****   {
 2119              		.loc 1 1606 3 view .LVU665
1606:Drivers/STM32F4xx_HAL_Driver/Src/stm32f4xx_hal_hcd.c ****   {
 2120              		.loc 1 1606 7 is_stmt 0 view .LVU666
 2121 0008 3046     		mov	r0, r6
 2122              	.LVL147:
1606:Drivers/STM32F4xx_HAL_Driver/Src/stm32f4xx_hal_hcd.c ****   {
 2123              		.loc 1 1606 7 view .LVU667
 2124 000a FFF7FEFF 		bl	USB_ReadChInterrupts
ARM GAS  /tmp/ccPw2T3W.s 			page 83


 2125              	.LVL148:
1606:Drivers/STM32F4xx_HAL_Driver/Src/stm32f4xx_hal_hcd.c ****   {
 2126              		.loc 1 1606 6 discriminator 1 view .LVU668
 2127 000e 10F0040F 		tst	r0, #4
 2128 0012 10D0     		beq	.L137
1608:Drivers/STM32F4xx_HAL_Driver/Src/stm32f4xx_hal_hcd.c ****     hhcd->hc[chnum].state = HC_XACTERR;
 2129              		.loc 1 1608 5 is_stmt 1 view .LVU669
 2130 0014 06EB4416 		add	r6, r6, r4, lsl #5
 2131              	.LVL149:
1608:Drivers/STM32F4xx_HAL_Driver/Src/stm32f4xx_hal_hcd.c ****     hhcd->hc[chnum].state = HC_XACTERR;
 2132              		.loc 1 1608 5 is_stmt 0 view .LVU670
 2133 0018 0423     		movs	r3, #4
 2134 001a C6F80835 		str	r3, [r6, #1288]
1609:Drivers/STM32F4xx_HAL_Driver/Src/stm32f4xx_hal_hcd.c ****     (void)USB_HC_Halt(hhcd->Instance, chnum);
 2135              		.loc 1 1609 5 is_stmt 1 view .LVU671
1609:Drivers/STM32F4xx_HAL_Driver/Src/stm32f4xx_hal_hcd.c ****     (void)USB_HC_Halt(hhcd->Instance, chnum);
 2136              		.loc 1 1609 27 is_stmt 0 view .LVU672
 2137 001e C4EB0413 		rsb	r3, r4, r4, lsl #4
 2138 0022 05EB8303 		add	r3, r5, r3, lsl #2
 2139 0026 0722     		movs	r2, #7
 2140 0028 83F84D20 		strb	r2, [r3, #77]
1610:Drivers/STM32F4xx_HAL_Driver/Src/stm32f4xx_hal_hcd.c ****   }
 2141              		.loc 1 1610 5 is_stmt 1 view .LVU673
1610:Drivers/STM32F4xx_HAL_Driver/Src/stm32f4xx_hal_hcd.c ****   }
 2142              		.loc 1 1610 11 is_stmt 0 view .LVU674
 2143 002c 2146     		mov	r1, r4
 2144 002e 2868     		ldr	r0, [r5]
 2145 0030 FFF7FEFF 		bl	USB_HC_Halt
 2146              	.LVL150:
 2147              	.L136:
1833:Drivers/STM32F4xx_HAL_Driver/Src/stm32f4xx_hal_hcd.c **** 
 2148              		.loc 1 1833 1 view .LVU675
 2149 0034 70BD     		pop	{r4, r5, r6, pc}
 2150              	.LVL151:
 2151              	.L137:
1612:Drivers/STM32F4xx_HAL_Driver/Src/stm32f4xx_hal_hcd.c ****   {
 2152              		.loc 1 1612 8 is_stmt 1 view .LVU676
1612:Drivers/STM32F4xx_HAL_Driver/Src/stm32f4xx_hal_hcd.c ****   {
 2153              		.loc 1 1612 12 is_stmt 0 view .LVU677
 2154 0036 2146     		mov	r1, r4
 2155 0038 2868     		ldr	r0, [r5]
 2156 003a FFF7FEFF 		bl	USB_ReadChInterrupts
 2157              	.LVL152:
1612:Drivers/STM32F4xx_HAL_Driver/Src/stm32f4xx_hal_hcd.c ****   {
 2158              		.loc 1 1612 11 discriminator 1 view .LVU678
 2159 003e 10F0200F 		tst	r0, #32
 2160 0042 4AD0     		beq	.L139
1614:Drivers/STM32F4xx_HAL_Driver/Src/stm32f4xx_hal_hcd.c **** 
 2161              		.loc 1 1614 5 is_stmt 1 view .LVU679
 2162 0044 06EB4416 		add	r6, r6, r4, lsl #5
 2163              	.LVL153:
1614:Drivers/STM32F4xx_HAL_Driver/Src/stm32f4xx_hal_hcd.c **** 
 2164              		.loc 1 1614 5 is_stmt 0 view .LVU680
 2165 0048 2023     		movs	r3, #32
 2166 004a C6F80835 		str	r3, [r6, #1288]
1616:Drivers/STM32F4xx_HAL_Driver/Src/stm32f4xx_hal_hcd.c ****     {
 2167              		.loc 1 1616 5 is_stmt 1 view .LVU681
ARM GAS  /tmp/ccPw2T3W.s 			page 84


1616:Drivers/STM32F4xx_HAL_Driver/Src/stm32f4xx_hal_hcd.c ****     {
 2168              		.loc 1 1616 24 is_stmt 0 view .LVU682
 2169 004e C4EB0413 		rsb	r3, r4, r4, lsl #4
 2170 0052 05EB8303 		add	r3, r5, r3, lsl #2
 2171 0056 5B7E     		ldrb	r3, [r3, #25]	@ zero_extendqisi2
1616:Drivers/STM32F4xx_HAL_Driver/Src/stm32f4xx_hal_hcd.c ****     {
 2172              		.loc 1 1616 8 view .LVU683
 2173 0058 012B     		cmp	r3, #1
 2174 005a 2DD0     		beq	.L168
 2175              	.L140:
1624:Drivers/STM32F4xx_HAL_Driver/Src/stm32f4xx_hal_hcd.c ****     {
 2176              		.loc 1 1624 5 is_stmt 1 view .LVU684
1624:Drivers/STM32F4xx_HAL_Driver/Src/stm32f4xx_hal_hcd.c ****     {
 2177              		.loc 1 1624 25 is_stmt 0 view .LVU685
 2178 005c C4EB0413 		rsb	r3, r4, r4, lsl #4
 2179 0060 05EB8303 		add	r3, r5, r3, lsl #2
 2180 0064 9B7E     		ldrb	r3, [r3, #26]	@ zero_extendqisi2
1624:Drivers/STM32F4xx_HAL_Driver/Src/stm32f4xx_hal_hcd.c ****     {
 2181              		.loc 1 1624 8 view .LVU686
 2182 0066 012B     		cmp	r3, #1
 2183 0068 E4D1     		bne	.L136
1624:Drivers/STM32F4xx_HAL_Driver/Src/stm32f4xx_hal_hcd.c ****     {
 2184              		.loc 1 1624 62 discriminator 1 view .LVU687
 2185 006a C4EB0413 		rsb	r3, r4, r4, lsl #4
 2186 006e 05EB8303 		add	r3, r5, r3, lsl #2
 2187 0072 DB7E     		ldrb	r3, [r3, #27]	@ zero_extendqisi2
1624:Drivers/STM32F4xx_HAL_Driver/Src/stm32f4xx_hal_hcd.c ****     {
 2188              		.loc 1 1624 43 discriminator 1 view .LVU688
 2189 0074 002B     		cmp	r3, #0
 2190 0076 DDD1     		bne	.L136
1626:Drivers/STM32F4xx_HAL_Driver/Src/stm32f4xx_hal_hcd.c ****       {
 2191              		.loc 1 1626 7 is_stmt 1 view .LVU689
1626:Drivers/STM32F4xx_HAL_Driver/Src/stm32f4xx_hal_hcd.c ****       {
 2192              		.loc 1 1626 26 is_stmt 0 view .LVU690
 2193 0078 C4EB0413 		rsb	r3, r4, r4, lsl #4
 2194 007c 05EB8303 		add	r3, r5, r3, lsl #2
 2195 0080 93F82630 		ldrb	r3, [r3, #38]	@ zero_extendqisi2
1626:Drivers/STM32F4xx_HAL_Driver/Src/stm32f4xx_hal_hcd.c ****       {
 2196              		.loc 1 1626 10 view .LVU691
 2197 0084 012B     		cmp	r3, #1
 2198 0086 05D0     		beq	.L141
1628:Drivers/STM32F4xx_HAL_Driver/Src/stm32f4xx_hal_hcd.c ****       }
 2199              		.loc 1 1628 9 is_stmt 1 view .LVU692
1628:Drivers/STM32F4xx_HAL_Driver/Src/stm32f4xx_hal_hcd.c ****       }
 2200              		.loc 1 1628 35 is_stmt 0 view .LVU693
 2201 0088 C4EB0413 		rsb	r3, r4, r4, lsl #4
 2202 008c 05EB8303 		add	r3, r5, r3, lsl #2
 2203 0090 0122     		movs	r2, #1
 2204 0092 DA76     		strb	r2, [r3, #27]
 2205              	.L141:
1631:Drivers/STM32F4xx_HAL_Driver/Src/stm32f4xx_hal_hcd.c ****       (void)USB_HC_Halt(hhcd->Instance, chnum);
 2206              		.loc 1 1631 7 is_stmt 1 view .LVU694
1631:Drivers/STM32F4xx_HAL_Driver/Src/stm32f4xx_hal_hcd.c ****       (void)USB_HC_Halt(hhcd->Instance, chnum);
 2207              		.loc 1 1631 29 is_stmt 0 view .LVU695
 2208 0094 2601     		lsls	r6, r4, #4
 2209 0096 C4EB0413 		rsb	r3, r4, r4, lsl #4
 2210 009a 05EB8303 		add	r3, r5, r3, lsl #2
ARM GAS  /tmp/ccPw2T3W.s 			page 85


 2211 009e 0322     		movs	r2, #3
 2212 00a0 83F84D20 		strb	r2, [r3, #77]
1632:Drivers/STM32F4xx_HAL_Driver/Src/stm32f4xx_hal_hcd.c **** 
 2213              		.loc 1 1632 7 is_stmt 1 view .LVU696
1632:Drivers/STM32F4xx_HAL_Driver/Src/stm32f4xx_hal_hcd.c **** 
 2214              		.loc 1 1632 13 is_stmt 0 view .LVU697
 2215 00a4 2146     		mov	r1, r4
 2216 00a6 2868     		ldr	r0, [r5]
 2217 00a8 FFF7FEFF 		bl	USB_HC_Halt
 2218              	.LVL154:
1635:Drivers/STM32F4xx_HAL_Driver/Src/stm32f4xx_hal_hcd.c ****     }
 2219              		.loc 1 1635 7 is_stmt 1 view .LVU698
1635:Drivers/STM32F4xx_HAL_Driver/Src/stm32f4xx_hal_hcd.c ****     }
 2220              		.loc 1 1635 30 is_stmt 0 view .LVU699
 2221 00ac 361B     		subs	r6, r6, r4
 2222 00ae 05EB8606 		add	r6, r5, r6, lsl #2
 2223 00b2 0023     		movs	r3, #0
 2224 00b4 7364     		str	r3, [r6, #68]
 2225 00b6 BDE7     		b	.L136
 2226              	.L168:
1618:Drivers/STM32F4xx_HAL_Driver/Src/stm32f4xx_hal_hcd.c ****       hhcd->hc[chnum].urb_state = URB_NOTREADY;
 2227              		.loc 1 1618 7 is_stmt 1 view .LVU700
1618:Drivers/STM32F4xx_HAL_Driver/Src/stm32f4xx_hal_hcd.c ****       hhcd->hc[chnum].urb_state = URB_NOTREADY;
 2228              		.loc 1 1618 31 is_stmt 0 view .LVU701
 2229 00b8 C4EB0413 		rsb	r3, r4, r4, lsl #4
 2230 00bc 05EB8303 		add	r3, r5, r3, lsl #2
 2231 00c0 0022     		movs	r2, #0
 2232 00c2 5A76     		strb	r2, [r3, #25]
1619:Drivers/STM32F4xx_HAL_Driver/Src/stm32f4xx_hal_hcd.c ****       hhcd->hc[chnum].state = HC_ACK;
 2233              		.loc 1 1619 7 is_stmt 1 view .LVU702
1619:Drivers/STM32F4xx_HAL_Driver/Src/stm32f4xx_hal_hcd.c ****       hhcd->hc[chnum].state = HC_ACK;
 2234              		.loc 1 1619 33 is_stmt 0 view .LVU703
 2235 00c4 0222     		movs	r2, #2
 2236 00c6 83F84C20 		strb	r2, [r3, #76]
1620:Drivers/STM32F4xx_HAL_Driver/Src/stm32f4xx_hal_hcd.c ****       (void)USB_HC_Halt(hhcd->Instance, chnum);
 2237              		.loc 1 1620 7 is_stmt 1 view .LVU704
1620:Drivers/STM32F4xx_HAL_Driver/Src/stm32f4xx_hal_hcd.c ****       (void)USB_HC_Halt(hhcd->Instance, chnum);
 2238              		.loc 1 1620 29 is_stmt 0 view .LVU705
 2239 00ca 0322     		movs	r2, #3
 2240 00cc 83F84D20 		strb	r2, [r3, #77]
1621:Drivers/STM32F4xx_HAL_Driver/Src/stm32f4xx_hal_hcd.c ****     }
 2241              		.loc 1 1621 7 is_stmt 1 view .LVU706
1621:Drivers/STM32F4xx_HAL_Driver/Src/stm32f4xx_hal_hcd.c ****     }
 2242              		.loc 1 1621 13 is_stmt 0 view .LVU707
 2243 00d0 2146     		mov	r1, r4
 2244 00d2 2868     		ldr	r0, [r5]
 2245 00d4 FFF7FEFF 		bl	USB_HC_Halt
 2246              	.LVL155:
 2247 00d8 C0E7     		b	.L140
 2248              	.LVL156:
 2249              	.L139:
1638:Drivers/STM32F4xx_HAL_Driver/Src/stm32f4xx_hal_hcd.c ****   {
 2250              		.loc 1 1638 8 is_stmt 1 view .LVU708
1638:Drivers/STM32F4xx_HAL_Driver/Src/stm32f4xx_hal_hcd.c ****   {
 2251              		.loc 1 1638 12 is_stmt 0 view .LVU709
 2252 00da 2146     		mov	r1, r4
 2253 00dc 2868     		ldr	r0, [r5]
ARM GAS  /tmp/ccPw2T3W.s 			page 86


 2254 00de FFF7FEFF 		bl	USB_ReadChInterrupts
 2255              	.LVL157:
1638:Drivers/STM32F4xx_HAL_Driver/Src/stm32f4xx_hal_hcd.c ****   {
 2256              		.loc 1 1638 11 discriminator 1 view .LVU710
 2257 00e2 10F4007F 		tst	r0, #512
 2258 00e6 0AD0     		beq	.L142
1640:Drivers/STM32F4xx_HAL_Driver/Src/stm32f4xx_hal_hcd.c ****     (void)USB_HC_Halt(hhcd->Instance, chnum);
 2259              		.loc 1 1640 5 is_stmt 1 view .LVU711
 2260 00e8 06EB4416 		add	r6, r6, r4, lsl #5
 2261              	.LVL158:
1640:Drivers/STM32F4xx_HAL_Driver/Src/stm32f4xx_hal_hcd.c ****     (void)USB_HC_Halt(hhcd->Instance, chnum);
 2262              		.loc 1 1640 5 is_stmt 0 view .LVU712
 2263 00ec 4FF40073 		mov	r3, #512
 2264 00f0 C6F80835 		str	r3, [r6, #1288]
1641:Drivers/STM32F4xx_HAL_Driver/Src/stm32f4xx_hal_hcd.c ****   }
 2265              		.loc 1 1641 5 is_stmt 1 view .LVU713
1641:Drivers/STM32F4xx_HAL_Driver/Src/stm32f4xx_hal_hcd.c ****   }
 2266              		.loc 1 1641 11 is_stmt 0 view .LVU714
 2267 00f4 2146     		mov	r1, r4
 2268 00f6 2868     		ldr	r0, [r5]
 2269 00f8 FFF7FEFF 		bl	USB_HC_Halt
 2270              	.LVL159:
 2271 00fc 9AE7     		b	.L136
 2272              	.LVL160:
 2273              	.L142:
1643:Drivers/STM32F4xx_HAL_Driver/Src/stm32f4xx_hal_hcd.c ****   {
 2274              		.loc 1 1643 8 is_stmt 1 view .LVU715
1643:Drivers/STM32F4xx_HAL_Driver/Src/stm32f4xx_hal_hcd.c ****   {
 2275              		.loc 1 1643 12 is_stmt 0 view .LVU716
 2276 00fe 2146     		mov	r1, r4
 2277 0100 2868     		ldr	r0, [r5]
 2278 0102 FFF7FEFF 		bl	USB_ReadChInterrupts
 2279              	.LVL161:
1643:Drivers/STM32F4xx_HAL_Driver/Src/stm32f4xx_hal_hcd.c ****   {
 2280              		.loc 1 1643 11 discriminator 1 view .LVU717
 2281 0106 10F0010F 		tst	r0, #1
 2282 010a 3BD0     		beq	.L143
1645:Drivers/STM32F4xx_HAL_Driver/Src/stm32f4xx_hal_hcd.c **** 
 2283              		.loc 1 1645 5 is_stmt 1 view .LVU718
1645:Drivers/STM32F4xx_HAL_Driver/Src/stm32f4xx_hal_hcd.c **** 
 2284              		.loc 1 1645 28 is_stmt 0 view .LVU719
 2285 010c C4EB0413 		rsb	r3, r4, r4, lsl #4
 2286 0110 05EB8303 		add	r3, r5, r3, lsl #2
 2287 0114 0022     		movs	r2, #0
 2288 0116 5A64     		str	r2, [r3, #68]
1648:Drivers/STM32F4xx_HAL_Driver/Src/stm32f4xx_hal_hcd.c ****     {
 2289              		.loc 1 1648 5 is_stmt 1 view .LVU720
1648:Drivers/STM32F4xx_HAL_Driver/Src/stm32f4xx_hal_hcd.c ****     {
 2290              		.loc 1 1648 9 is_stmt 0 view .LVU721
 2291 0118 2146     		mov	r1, r4
 2292 011a 2868     		ldr	r0, [r5]
 2293 011c FFF7FEFF 		bl	USB_ReadChInterrupts
 2294              	.LVL162:
1648:Drivers/STM32F4xx_HAL_Driver/Src/stm32f4xx_hal_hcd.c ****     {
 2295              		.loc 1 1648 8 discriminator 1 view .LVU722
 2296 0120 10F0400F 		tst	r0, #64
 2297 0124 0AD0     		beq	.L144
ARM GAS  /tmp/ccPw2T3W.s 			page 87


1650:Drivers/STM32F4xx_HAL_Driver/Src/stm32f4xx_hal_hcd.c ****       __HAL_HCD_CLEAR_HC_INT(chnum, USB_OTG_HCINT_NYET);
 2298              		.loc 1 1650 7 is_stmt 1 view .LVU723
1650:Drivers/STM32F4xx_HAL_Driver/Src/stm32f4xx_hal_hcd.c ****       __HAL_HCD_CLEAR_HC_INT(chnum, USB_OTG_HCINT_NYET);
 2299              		.loc 1 1650 31 is_stmt 0 view .LVU724
 2300 0126 C4EB0413 		rsb	r3, r4, r4, lsl #4
 2301 012a 05EB8303 		add	r3, r5, r3, lsl #2
 2302 012e 0122     		movs	r2, #1
 2303 0130 5A76     		strb	r2, [r3, #25]
1651:Drivers/STM32F4xx_HAL_Driver/Src/stm32f4xx_hal_hcd.c ****     }
 2304              		.loc 1 1651 7 is_stmt 1 view .LVU725
 2305 0132 06EB4413 		add	r3, r6, r4, lsl #5
 2306 0136 4022     		movs	r2, #64
 2307 0138 C3F80825 		str	r2, [r3, #1288]
 2308              	.L144:
1654:Drivers/STM32F4xx_HAL_Driver/Src/stm32f4xx_hal_hcd.c ****     {
 2309              		.loc 1 1654 5 view .LVU726
1654:Drivers/STM32F4xx_HAL_Driver/Src/stm32f4xx_hal_hcd.c ****     {
 2310              		.loc 1 1654 24 is_stmt 0 view .LVU727
 2311 013c C4EB0413 		rsb	r3, r4, r4, lsl #4
 2312 0140 05EB8303 		add	r3, r5, r3, lsl #2
 2313 0144 DB7E     		ldrb	r3, [r3, #27]	@ zero_extendqisi2
1654:Drivers/STM32F4xx_HAL_Driver/Src/stm32f4xx_hal_hcd.c ****     {
 2314              		.loc 1 1654 8 view .LVU728
 2315 0146 6BB1     		cbz	r3, .L145
1656:Drivers/STM32F4xx_HAL_Driver/Src/stm32f4xx_hal_hcd.c ****       __HAL_HCD_CLEAR_HC_CSPLT(chnum);
 2316              		.loc 1 1656 7 is_stmt 1 view .LVU729
1656:Drivers/STM32F4xx_HAL_Driver/Src/stm32f4xx_hal_hcd.c ****       __HAL_HCD_CLEAR_HC_CSPLT(chnum);
 2317              		.loc 1 1656 33 is_stmt 0 view .LVU730
 2318 0148 C4EB0413 		rsb	r3, r4, r4, lsl #4
 2319 014c 05EB8303 		add	r3, r5, r3, lsl #2
 2320 0150 0022     		movs	r2, #0
 2321 0152 DA76     		strb	r2, [r3, #27]
1657:Drivers/STM32F4xx_HAL_Driver/Src/stm32f4xx_hal_hcd.c ****     }
 2322              		.loc 1 1657 7 is_stmt 1 view .LVU731
 2323 0154 06EB4413 		add	r3, r6, r4, lsl #5
 2324 0158 D3F80425 		ldr	r2, [r3, #1284]
 2325 015c 22F48032 		bic	r2, r2, #65536
 2326 0160 C3F80425 		str	r2, [r3, #1284]
 2327              	.L145:
1660:Drivers/STM32F4xx_HAL_Driver/Src/stm32f4xx_hal_hcd.c ****     hhcd->hc[chnum].state = HC_XFRC;
 2328              		.loc 1 1660 5 view .LVU732
 2329 0164 06EB4416 		add	r6, r6, r4, lsl #5
 2330              	.LVL163:
1660:Drivers/STM32F4xx_HAL_Driver/Src/stm32f4xx_hal_hcd.c ****     hhcd->hc[chnum].state = HC_XFRC;
 2331              		.loc 1 1660 5 is_stmt 0 view .LVU733
 2332 0168 0122     		movs	r2, #1
 2333 016a C6F80825 		str	r2, [r6, #1288]
1661:Drivers/STM32F4xx_HAL_Driver/Src/stm32f4xx_hal_hcd.c ****     (void)USB_HC_Halt(hhcd->Instance, chnum);
 2334              		.loc 1 1661 5 is_stmt 1 view .LVU734
1661:Drivers/STM32F4xx_HAL_Driver/Src/stm32f4xx_hal_hcd.c ****     (void)USB_HC_Halt(hhcd->Instance, chnum);
 2335              		.loc 1 1661 27 is_stmt 0 view .LVU735
 2336 016e C4EB0413 		rsb	r3, r4, r4, lsl #4
 2337 0172 05EB8303 		add	r3, r5, r3, lsl #2
 2338 0176 83F84D20 		strb	r2, [r3, #77]
1662:Drivers/STM32F4xx_HAL_Driver/Src/stm32f4xx_hal_hcd.c ****   }
 2339              		.loc 1 1662 5 is_stmt 1 view .LVU736
1662:Drivers/STM32F4xx_HAL_Driver/Src/stm32f4xx_hal_hcd.c ****   }
ARM GAS  /tmp/ccPw2T3W.s 			page 88


 2340              		.loc 1 1662 11 is_stmt 0 view .LVU737
 2341 017a 2146     		mov	r1, r4
 2342 017c 2868     		ldr	r0, [r5]
 2343 017e FFF7FEFF 		bl	USB_HC_Halt
 2344              	.LVL164:
 2345 0182 57E7     		b	.L136
 2346              	.LVL165:
 2347              	.L143:
1664:Drivers/STM32F4xx_HAL_Driver/Src/stm32f4xx_hal_hcd.c ****   {
 2348              		.loc 1 1664 8 is_stmt 1 view .LVU738
1664:Drivers/STM32F4xx_HAL_Driver/Src/stm32f4xx_hal_hcd.c ****   {
 2349              		.loc 1 1664 12 is_stmt 0 view .LVU739
 2350 0184 2146     		mov	r1, r4
 2351 0186 2868     		ldr	r0, [r5]
 2352 0188 FFF7FEFF 		bl	USB_ReadChInterrupts
 2353              	.LVL166:
1664:Drivers/STM32F4xx_HAL_Driver/Src/stm32f4xx_hal_hcd.c ****   {
 2354              		.loc 1 1664 11 discriminator 1 view .LVU740
 2355 018c 10F0400F 		tst	r0, #64
 2356 0190 1ED0     		beq	.L146
1666:Drivers/STM32F4xx_HAL_Driver/Src/stm32f4xx_hal_hcd.c **** 
 2357              		.loc 1 1666 5 is_stmt 1 view .LVU741
1666:Drivers/STM32F4xx_HAL_Driver/Src/stm32f4xx_hal_hcd.c **** 
 2358              		.loc 1 1666 27 is_stmt 0 view .LVU742
 2359 0192 C4EB0413 		rsb	r3, r4, r4, lsl #4
 2360 0196 05EB8303 		add	r3, r5, r3, lsl #2
 2361 019a 0522     		movs	r2, #5
 2362 019c 83F84D20 		strb	r2, [r3, #77]
1668:Drivers/STM32F4xx_HAL_Driver/Src/stm32f4xx_hal_hcd.c ****     {
 2363              		.loc 1 1668 5 is_stmt 1 view .LVU743
1668:Drivers/STM32F4xx_HAL_Driver/Src/stm32f4xx_hal_hcd.c ****     {
 2364              		.loc 1 1668 24 is_stmt 0 view .LVU744
 2365 01a0 9B7E     		ldrb	r3, [r3, #26]	@ zero_extendqisi2
1668:Drivers/STM32F4xx_HAL_Driver/Src/stm32f4xx_hal_hcd.c ****     {
 2366              		.loc 1 1668 8 view .LVU745
 2367 01a2 2BB9     		cbnz	r3, .L147
1670:Drivers/STM32F4xx_HAL_Driver/Src/stm32f4xx_hal_hcd.c ****     }
 2368              		.loc 1 1670 7 is_stmt 1 view .LVU746
1670:Drivers/STM32F4xx_HAL_Driver/Src/stm32f4xx_hal_hcd.c ****     }
 2369              		.loc 1 1670 31 is_stmt 0 view .LVU747
 2370 01a4 C4EB0413 		rsb	r3, r4, r4, lsl #4
 2371 01a8 05EB8303 		add	r3, r5, r3, lsl #2
 2372 01ac 0122     		movs	r2, #1
 2373 01ae 5A76     		strb	r2, [r3, #25]
 2374              	.L147:
1673:Drivers/STM32F4xx_HAL_Driver/Src/stm32f4xx_hal_hcd.c ****     (void)USB_HC_Halt(hhcd->Instance, chnum);
 2375              		.loc 1 1673 5 is_stmt 1 view .LVU748
1673:Drivers/STM32F4xx_HAL_Driver/Src/stm32f4xx_hal_hcd.c ****     (void)USB_HC_Halt(hhcd->Instance, chnum);
 2376              		.loc 1 1673 28 is_stmt 0 view .LVU749
 2377 01b0 C4EB0413 		rsb	r3, r4, r4, lsl #4
 2378 01b4 05EB8303 		add	r3, r5, r3, lsl #2
 2379 01b8 0022     		movs	r2, #0
 2380 01ba 5A64     		str	r2, [r3, #68]
1674:Drivers/STM32F4xx_HAL_Driver/Src/stm32f4xx_hal_hcd.c ****     __HAL_HCD_CLEAR_HC_INT(chnum, USB_OTG_HCINT_NYET);
 2381              		.loc 1 1674 5 is_stmt 1 view .LVU750
1674:Drivers/STM32F4xx_HAL_Driver/Src/stm32f4xx_hal_hcd.c ****     __HAL_HCD_CLEAR_HC_INT(chnum, USB_OTG_HCINT_NYET);
 2382              		.loc 1 1674 11 is_stmt 0 view .LVU751
ARM GAS  /tmp/ccPw2T3W.s 			page 89


 2383 01bc 2146     		mov	r1, r4
 2384 01be 2868     		ldr	r0, [r5]
 2385 01c0 FFF7FEFF 		bl	USB_HC_Halt
 2386              	.LVL167:
1675:Drivers/STM32F4xx_HAL_Driver/Src/stm32f4xx_hal_hcd.c ****   }
 2387              		.loc 1 1675 5 is_stmt 1 view .LVU752
 2388 01c4 06EB4416 		add	r6, r6, r4, lsl #5
 2389              	.LVL168:
1675:Drivers/STM32F4xx_HAL_Driver/Src/stm32f4xx_hal_hcd.c ****   }
 2390              		.loc 1 1675 5 is_stmt 0 view .LVU753
 2391 01c8 4023     		movs	r3, #64
 2392 01ca C6F80835 		str	r3, [r6, #1288]
 2393 01ce 31E7     		b	.L136
 2394              	.LVL169:
 2395              	.L146:
1677:Drivers/STM32F4xx_HAL_Driver/Src/stm32f4xx_hal_hcd.c ****   {
 2396              		.loc 1 1677 8 is_stmt 1 view .LVU754
1677:Drivers/STM32F4xx_HAL_Driver/Src/stm32f4xx_hal_hcd.c ****   {
 2397              		.loc 1 1677 12 is_stmt 0 view .LVU755
 2398 01d0 2146     		mov	r1, r4
 2399 01d2 2868     		ldr	r0, [r5]
 2400 01d4 FFF7FEFF 		bl	USB_ReadChInterrupts
 2401              	.LVL170:
1677:Drivers/STM32F4xx_HAL_Driver/Src/stm32f4xx_hal_hcd.c ****   {
 2402              		.loc 1 1677 11 discriminator 1 view .LVU756
 2403 01d8 10F0080F 		tst	r0, #8
 2404 01dc 10D0     		beq	.L148
1679:Drivers/STM32F4xx_HAL_Driver/Src/stm32f4xx_hal_hcd.c ****     hhcd->hc[chnum].state = HC_STALL;
 2405              		.loc 1 1679 5 is_stmt 1 view .LVU757
 2406 01de 06EB4413 		add	r3, r6, r4, lsl #5
 2407 01e2 0822     		movs	r2, #8
 2408 01e4 C3F80825 		str	r2, [r3, #1288]
1680:Drivers/STM32F4xx_HAL_Driver/Src/stm32f4xx_hal_hcd.c ****     (void)USB_HC_Halt(hhcd->Instance, chnum);
 2409              		.loc 1 1680 5 view .LVU758
1680:Drivers/STM32F4xx_HAL_Driver/Src/stm32f4xx_hal_hcd.c ****     (void)USB_HC_Halt(hhcd->Instance, chnum);
 2410              		.loc 1 1680 27 is_stmt 0 view .LVU759
 2411 01e8 C4EB0413 		rsb	r3, r4, r4, lsl #4
 2412 01ec 05EB8303 		add	r3, r5, r3, lsl #2
 2413 01f0 0622     		movs	r2, #6
 2414 01f2 83F84D20 		strb	r2, [r3, #77]
1681:Drivers/STM32F4xx_HAL_Driver/Src/stm32f4xx_hal_hcd.c ****   }
 2415              		.loc 1 1681 5 is_stmt 1 view .LVU760
1681:Drivers/STM32F4xx_HAL_Driver/Src/stm32f4xx_hal_hcd.c ****   }
 2416              		.loc 1 1681 11 is_stmt 0 view .LVU761
 2417 01f6 2146     		mov	r1, r4
 2418 01f8 2868     		ldr	r0, [r5]
 2419 01fa FFF7FEFF 		bl	USB_HC_Halt
 2420              	.LVL171:
 2421 01fe 19E7     		b	.L136
 2422              	.L148:
1683:Drivers/STM32F4xx_HAL_Driver/Src/stm32f4xx_hal_hcd.c ****   {
 2423              		.loc 1 1683 8 is_stmt 1 view .LVU762
1683:Drivers/STM32F4xx_HAL_Driver/Src/stm32f4xx_hal_hcd.c ****   {
 2424              		.loc 1 1683 12 is_stmt 0 view .LVU763
 2425 0200 2146     		mov	r1, r4
 2426 0202 2868     		ldr	r0, [r5]
 2427 0204 FFF7FEFF 		bl	USB_ReadChInterrupts
ARM GAS  /tmp/ccPw2T3W.s 			page 90


 2428              	.LVL172:
1683:Drivers/STM32F4xx_HAL_Driver/Src/stm32f4xx_hal_hcd.c ****   {
 2429              		.loc 1 1683 11 discriminator 1 view .LVU764
 2430 0208 10F0100F 		tst	r0, #16
 2431 020c 20D0     		beq	.L149
1685:Drivers/STM32F4xx_HAL_Driver/Src/stm32f4xx_hal_hcd.c ****     hhcd->hc[chnum].state = HC_NAK;
 2432              		.loc 1 1685 5 is_stmt 1 view .LVU765
1685:Drivers/STM32F4xx_HAL_Driver/Src/stm32f4xx_hal_hcd.c ****     hhcd->hc[chnum].state = HC_NAK;
 2433              		.loc 1 1685 28 is_stmt 0 view .LVU766
 2434 020e C4EB0413 		rsb	r3, r4, r4, lsl #4
 2435 0212 05EB8303 		add	r3, r5, r3, lsl #2
 2436 0216 0022     		movs	r2, #0
 2437 0218 5A64     		str	r2, [r3, #68]
1686:Drivers/STM32F4xx_HAL_Driver/Src/stm32f4xx_hal_hcd.c **** 
 2438              		.loc 1 1686 5 is_stmt 1 view .LVU767
1686:Drivers/STM32F4xx_HAL_Driver/Src/stm32f4xx_hal_hcd.c **** 
 2439              		.loc 1 1686 27 is_stmt 0 view .LVU768
 2440 021a 0422     		movs	r2, #4
 2441 021c 83F84D20 		strb	r2, [r3, #77]
1688:Drivers/STM32F4xx_HAL_Driver/Src/stm32f4xx_hal_hcd.c ****     {
 2442              		.loc 1 1688 5 is_stmt 1 view .LVU769
1688:Drivers/STM32F4xx_HAL_Driver/Src/stm32f4xx_hal_hcd.c ****     {
 2443              		.loc 1 1688 24 is_stmt 0 view .LVU770
 2444 0220 5B7E     		ldrb	r3, [r3, #25]	@ zero_extendqisi2
1688:Drivers/STM32F4xx_HAL_Driver/Src/stm32f4xx_hal_hcd.c ****     {
 2445              		.loc 1 1688 8 view .LVU771
 2446 0222 5BB9     		cbnz	r3, .L150
1690:Drivers/STM32F4xx_HAL_Driver/Src/stm32f4xx_hal_hcd.c ****       {
 2447              		.loc 1 1690 7 is_stmt 1 view .LVU772
1690:Drivers/STM32F4xx_HAL_Driver/Src/stm32f4xx_hal_hcd.c ****       {
 2448              		.loc 1 1690 26 is_stmt 0 view .LVU773
 2449 0224 C4EB0413 		rsb	r3, r4, r4, lsl #4
 2450 0228 05EB8303 		add	r3, r5, r3, lsl #2
 2451 022c 1B7E     		ldrb	r3, [r3, #24]	@ zero_extendqisi2
1690:Drivers/STM32F4xx_HAL_Driver/Src/stm32f4xx_hal_hcd.c ****       {
 2452              		.loc 1 1690 10 view .LVU774
 2453 022e 2BB9     		cbnz	r3, .L150
1692:Drivers/STM32F4xx_HAL_Driver/Src/stm32f4xx_hal_hcd.c ****       }
 2454              		.loc 1 1692 9 is_stmt 1 view .LVU775
1692:Drivers/STM32F4xx_HAL_Driver/Src/stm32f4xx_hal_hcd.c ****       }
 2455              		.loc 1 1692 33 is_stmt 0 view .LVU776
 2456 0230 C4EB0413 		rsb	r3, r4, r4, lsl #4
 2457 0234 05EB8303 		add	r3, r5, r3, lsl #2
 2458 0238 0122     		movs	r2, #1
 2459 023a 5A76     		strb	r2, [r3, #25]
 2460              	.L150:
1696:Drivers/STM32F4xx_HAL_Driver/Src/stm32f4xx_hal_hcd.c ****     __HAL_HCD_CLEAR_HC_INT(chnum, USB_OTG_HCINT_NAK);
 2461              		.loc 1 1696 5 is_stmt 1 view .LVU777
1696:Drivers/STM32F4xx_HAL_Driver/Src/stm32f4xx_hal_hcd.c ****     __HAL_HCD_CLEAR_HC_INT(chnum, USB_OTG_HCINT_NAK);
 2462              		.loc 1 1696 11 is_stmt 0 view .LVU778
 2463 023c 2146     		mov	r1, r4
 2464 023e 2868     		ldr	r0, [r5]
 2465 0240 FFF7FEFF 		bl	USB_HC_Halt
 2466              	.LVL173:
1697:Drivers/STM32F4xx_HAL_Driver/Src/stm32f4xx_hal_hcd.c ****   }
 2467              		.loc 1 1697 5 is_stmt 1 view .LVU779
 2468 0244 06EB4413 		add	r3, r6, r4, lsl #5
ARM GAS  /tmp/ccPw2T3W.s 			page 91


 2469 0248 1022     		movs	r2, #16
 2470 024a C3F80825 		str	r2, [r3, #1288]
 2471 024e F1E6     		b	.L136
 2472              	.L149:
1699:Drivers/STM32F4xx_HAL_Driver/Src/stm32f4xx_hal_hcd.c ****   {
 2473              		.loc 1 1699 8 view .LVU780
1699:Drivers/STM32F4xx_HAL_Driver/Src/stm32f4xx_hal_hcd.c ****   {
 2474              		.loc 1 1699 12 is_stmt 0 view .LVU781
 2475 0250 2146     		mov	r1, r4
 2476 0252 2868     		ldr	r0, [r5]
 2477 0254 FFF7FEFF 		bl	USB_ReadChInterrupts
 2478              	.LVL174:
1699:Drivers/STM32F4xx_HAL_Driver/Src/stm32f4xx_hal_hcd.c ****   {
 2479              		.loc 1 1699 11 discriminator 1 view .LVU782
 2480 0258 10F0800F 		tst	r0, #128
 2481 025c 38D0     		beq	.L151
1701:Drivers/STM32F4xx_HAL_Driver/Src/stm32f4xx_hal_hcd.c ****     {
 2482              		.loc 1 1701 5 is_stmt 1 view .LVU783
1701:Drivers/STM32F4xx_HAL_Driver/Src/stm32f4xx_hal_hcd.c ****     {
 2483              		.loc 1 1701 19 is_stmt 0 view .LVU784
 2484 025e AB79     		ldrb	r3, [r5, #6]	@ zero_extendqisi2
1701:Drivers/STM32F4xx_HAL_Driver/Src/stm32f4xx_hal_hcd.c ****     {
 2485              		.loc 1 1701 8 view .LVU785
 2486 0260 F3B1     		cbz	r3, .L169
1708:Drivers/STM32F4xx_HAL_Driver/Src/stm32f4xx_hal_hcd.c ****       if (hhcd->hc[chnum].ErrCnt > 2U)
 2487              		.loc 1 1708 7 is_stmt 1 view .LVU786
1708:Drivers/STM32F4xx_HAL_Driver/Src/stm32f4xx_hal_hcd.c ****       if (hhcd->hc[chnum].ErrCnt > 2U)
 2488              		.loc 1 1708 22 is_stmt 0 view .LVU787
 2489 0262 C4EB0412 		rsb	r2, r4, r4, lsl #4
 2490 0266 05EB8202 		add	r2, r5, r2, lsl #2
 2491 026a 536C     		ldr	r3, [r2, #68]
1708:Drivers/STM32F4xx_HAL_Driver/Src/stm32f4xx_hal_hcd.c ****       if (hhcd->hc[chnum].ErrCnt > 2U)
 2492              		.loc 1 1708 29 view .LVU788
 2493 026c 0133     		adds	r3, r3, #1
 2494 026e 5364     		str	r3, [r2, #68]
1709:Drivers/STM32F4xx_HAL_Driver/Src/stm32f4xx_hal_hcd.c ****       {
 2495              		.loc 1 1709 7 is_stmt 1 view .LVU789
1709:Drivers/STM32F4xx_HAL_Driver/Src/stm32f4xx_hal_hcd.c ****       {
 2496              		.loc 1 1709 10 is_stmt 0 view .LVU790
 2497 0270 022B     		cmp	r3, #2
 2498 0272 20D8     		bhi	.L170
1722:Drivers/STM32F4xx_HAL_Driver/Src/stm32f4xx_hal_hcd.c **** 
 2499              		.loc 1 1722 9 is_stmt 1 view .LVU791
1722:Drivers/STM32F4xx_HAL_Driver/Src/stm32f4xx_hal_hcd.c **** 
 2500              		.loc 1 1722 35 is_stmt 0 view .LVU792
 2501 0274 3C23     		movs	r3, #60
 2502 0276 03FB0453 		mla	r3, r3, r4, r5
 2503 027a 0222     		movs	r2, #2
 2504 027c 83F84C20 		strb	r2, [r3, #76]
1725:Drivers/STM32F4xx_HAL_Driver/Src/stm32f4xx_hal_hcd.c ****         tmpreg &= ~USB_OTG_HCCHAR_CHDIS;
 2505              		.loc 1 1725 9 is_stmt 1 view .LVU793
1725:Drivers/STM32F4xx_HAL_Driver/Src/stm32f4xx_hal_hcd.c ****         tmpreg &= ~USB_OTG_HCCHAR_CHDIS;
 2506              		.loc 1 1725 18 is_stmt 0 view .LVU794
 2507 0280 06EB4412 		add	r2, r6, r4, lsl #5
1725:Drivers/STM32F4xx_HAL_Driver/Src/stm32f4xx_hal_hcd.c ****         tmpreg &= ~USB_OTG_HCCHAR_CHDIS;
 2508              		.loc 1 1725 16 view .LVU795
 2509 0284 D2F80035 		ldr	r3, [r2, #1280]
ARM GAS  /tmp/ccPw2T3W.s 			page 92


 2510              	.LVL175:
1726:Drivers/STM32F4xx_HAL_Driver/Src/stm32f4xx_hal_hcd.c ****         tmpreg |= USB_OTG_HCCHAR_CHENA;
 2511              		.loc 1 1726 9 is_stmt 1 view .LVU796
1726:Drivers/STM32F4xx_HAL_Driver/Src/stm32f4xx_hal_hcd.c ****         tmpreg |= USB_OTG_HCCHAR_CHENA;
 2512              		.loc 1 1726 16 is_stmt 0 view .LVU797
 2513 0288 23F08043 		bic	r3, r3, #1073741824
 2514              	.LVL176:
1727:Drivers/STM32F4xx_HAL_Driver/Src/stm32f4xx_hal_hcd.c ****         USBx_HC(chnum)->HCCHAR = tmpreg;
 2515              		.loc 1 1727 9 is_stmt 1 view .LVU798
1727:Drivers/STM32F4xx_HAL_Driver/Src/stm32f4xx_hal_hcd.c ****         USBx_HC(chnum)->HCCHAR = tmpreg;
 2516              		.loc 1 1727 16 is_stmt 0 view .LVU799
 2517 028c 43F00043 		orr	r3, r3, #-2147483648
 2518              	.LVL177:
1728:Drivers/STM32F4xx_HAL_Driver/Src/stm32f4xx_hal_hcd.c ****       }
 2519              		.loc 1 1728 9 is_stmt 1 view .LVU800
1728:Drivers/STM32F4xx_HAL_Driver/Src/stm32f4xx_hal_hcd.c ****       }
 2520              		.loc 1 1728 32 is_stmt 0 view .LVU801
 2521 0290 C2F80035 		str	r3, [r2, #1280]
 2522              	.LVL178:
 2523              	.L153:
1731:Drivers/STM32F4xx_HAL_Driver/Src/stm32f4xx_hal_hcd.c ****   }
 2524              		.loc 1 1731 5 is_stmt 1 view .LVU802
 2525 0294 06EB4413 		add	r3, r6, r4, lsl #5
 2526 0298 8022     		movs	r2, #128
 2527 029a C3F80825 		str	r2, [r3, #1288]
 2528 029e C9E6     		b	.L136
 2529              	.L169:
1703:Drivers/STM32F4xx_HAL_Driver/Src/stm32f4xx_hal_hcd.c ****       (void)USB_HC_Halt(hhcd->Instance, chnum);
 2530              		.loc 1 1703 7 view .LVU803
1703:Drivers/STM32F4xx_HAL_Driver/Src/stm32f4xx_hal_hcd.c ****       (void)USB_HC_Halt(hhcd->Instance, chnum);
 2531              		.loc 1 1703 29 is_stmt 0 view .LVU804
 2532 02a0 3C23     		movs	r3, #60
 2533 02a2 03FB0453 		mla	r3, r3, r4, r5
 2534 02a6 0722     		movs	r2, #7
 2535 02a8 83F84D20 		strb	r2, [r3, #77]
1704:Drivers/STM32F4xx_HAL_Driver/Src/stm32f4xx_hal_hcd.c ****     }
 2536              		.loc 1 1704 7 is_stmt 1 view .LVU805
1704:Drivers/STM32F4xx_HAL_Driver/Src/stm32f4xx_hal_hcd.c ****     }
 2537              		.loc 1 1704 13 is_stmt 0 view .LVU806
 2538 02ac 2146     		mov	r1, r4
 2539 02ae 2868     		ldr	r0, [r5]
 2540 02b0 FFF7FEFF 		bl	USB_HC_Halt
 2541              	.LVL179:
 2542 02b4 EEE7     		b	.L153
 2543              	.L170:
1711:Drivers/STM32F4xx_HAL_Driver/Src/stm32f4xx_hal_hcd.c ****         hhcd->hc[chnum].urb_state = URB_ERROR;
 2544              		.loc 1 1711 9 is_stmt 1 view .LVU807
1711:Drivers/STM32F4xx_HAL_Driver/Src/stm32f4xx_hal_hcd.c ****         hhcd->hc[chnum].urb_state = URB_ERROR;
 2545              		.loc 1 1711 32 is_stmt 0 view .LVU808
 2546 02b6 3C23     		movs	r3, #60
 2547 02b8 03FB0453 		mla	r3, r3, r4, r5
 2548 02bc 0022     		movs	r2, #0
 2549 02be 5A64     		str	r2, [r3, #68]
1712:Drivers/STM32F4xx_HAL_Driver/Src/stm32f4xx_hal_hcd.c **** 
 2550              		.loc 1 1712 9 is_stmt 1 view .LVU809
1712:Drivers/STM32F4xx_HAL_Driver/Src/stm32f4xx_hal_hcd.c **** 
 2551              		.loc 1 1712 35 is_stmt 0 view .LVU810
ARM GAS  /tmp/ccPw2T3W.s 			page 93


 2552 02c0 0422     		movs	r2, #4
 2553 02c2 83F84C20 		strb	r2, [r3, #76]
1717:Drivers/STM32F4xx_HAL_Driver/Src/stm32f4xx_hal_hcd.c **** #endif /* USE_HAL_HCD_REGISTER_CALLBACKS */
 2554              		.loc 1 1717 9 is_stmt 1 view .LVU811
 2555 02c6 2146     		mov	r1, r4
 2556 02c8 2846     		mov	r0, r5
 2557 02ca FFF7FEFF 		bl	HAL_HCD_HC_NotifyURBChange_Callback
 2558              	.LVL180:
 2559 02ce E1E7     		b	.L153
 2560              	.L151:
1733:Drivers/STM32F4xx_HAL_Driver/Src/stm32f4xx_hal_hcd.c ****   {
 2561              		.loc 1 1733 8 view .LVU812
1733:Drivers/STM32F4xx_HAL_Driver/Src/stm32f4xx_hal_hcd.c ****   {
 2562              		.loc 1 1733 12 is_stmt 0 view .LVU813
 2563 02d0 2146     		mov	r1, r4
 2564 02d2 2868     		ldr	r0, [r5]
 2565 02d4 FFF7FEFF 		bl	USB_ReadChInterrupts
 2566              	.LVL181:
1733:Drivers/STM32F4xx_HAL_Driver/Src/stm32f4xx_hal_hcd.c ****   {
 2567              		.loc 1 1733 11 discriminator 1 view .LVU814
 2568 02d8 10F4806F 		tst	r0, #1024
 2569 02dc 10D0     		beq	.L155
1735:Drivers/STM32F4xx_HAL_Driver/Src/stm32f4xx_hal_hcd.c ****     (void)USB_HC_Halt(hhcd->Instance, chnum);
 2570              		.loc 1 1735 5 is_stmt 1 view .LVU815
1735:Drivers/STM32F4xx_HAL_Driver/Src/stm32f4xx_hal_hcd.c ****     (void)USB_HC_Halt(hhcd->Instance, chnum);
 2571              		.loc 1 1735 27 is_stmt 0 view .LVU816
 2572 02de 3C23     		movs	r3, #60
 2573 02e0 03FB0453 		mla	r3, r3, r4, r5
 2574 02e4 0922     		movs	r2, #9
 2575 02e6 83F84D20 		strb	r2, [r3, #77]
1736:Drivers/STM32F4xx_HAL_Driver/Src/stm32f4xx_hal_hcd.c ****     __HAL_HCD_CLEAR_HC_INT(chnum, USB_OTG_HCINT_DTERR);
 2576              		.loc 1 1736 5 is_stmt 1 view .LVU817
1736:Drivers/STM32F4xx_HAL_Driver/Src/stm32f4xx_hal_hcd.c ****     __HAL_HCD_CLEAR_HC_INT(chnum, USB_OTG_HCINT_DTERR);
 2577              		.loc 1 1736 11 is_stmt 0 view .LVU818
 2578 02ea 2146     		mov	r1, r4
 2579 02ec 2868     		ldr	r0, [r5]
 2580 02ee FFF7FEFF 		bl	USB_HC_Halt
 2581              	.LVL182:
1737:Drivers/STM32F4xx_HAL_Driver/Src/stm32f4xx_hal_hcd.c ****   }
 2582              		.loc 1 1737 5 is_stmt 1 view .LVU819
 2583 02f2 06EB4413 		add	r3, r6, r4, lsl #5
 2584 02f6 4FF48062 		mov	r2, #1024
 2585 02fa C3F80825 		str	r2, [r3, #1288]
 2586 02fe 99E6     		b	.L136
 2587              	.L155:
1739:Drivers/STM32F4xx_HAL_Driver/Src/stm32f4xx_hal_hcd.c ****   {
 2588              		.loc 1 1739 8 view .LVU820
1739:Drivers/STM32F4xx_HAL_Driver/Src/stm32f4xx_hal_hcd.c ****   {
 2589              		.loc 1 1739 12 is_stmt 0 view .LVU821
 2590 0300 2146     		mov	r1, r4
 2591 0302 2868     		ldr	r0, [r5]
 2592 0304 FFF7FEFF 		bl	USB_ReadChInterrupts
 2593              	.LVL183:
1739:Drivers/STM32F4xx_HAL_Driver/Src/stm32f4xx_hal_hcd.c ****   {
 2594              		.loc 1 1739 11 discriminator 1 view .LVU822
 2595 0308 10F0020F 		tst	r0, #2
 2596 030c 3FF492AE 		beq	.L136
ARM GAS  /tmp/ccPw2T3W.s 			page 94


1741:Drivers/STM32F4xx_HAL_Driver/Src/stm32f4xx_hal_hcd.c **** 
 2597              		.loc 1 1741 5 is_stmt 1 view .LVU823
 2598 0310 06EB4416 		add	r6, r6, r4, lsl #5
 2599              	.LVL184:
1741:Drivers/STM32F4xx_HAL_Driver/Src/stm32f4xx_hal_hcd.c **** 
 2600              		.loc 1 1741 5 is_stmt 0 view .LVU824
 2601 0314 06F5A062 		add	r2, r6, #1280
 2602 0318 0223     		movs	r3, #2
 2603 031a 9360     		str	r3, [r2, #8]
1743:Drivers/STM32F4xx_HAL_Driver/Src/stm32f4xx_hal_hcd.c ****     {
 2604              		.loc 1 1743 5 is_stmt 1 view .LVU825
1743:Drivers/STM32F4xx_HAL_Driver/Src/stm32f4xx_hal_hcd.c ****     {
 2605              		.loc 1 1743 24 is_stmt 0 view .LVU826
 2606 031c 3C23     		movs	r3, #60
 2607 031e 03FB0453 		mla	r3, r3, r4, r5
 2608 0322 93F84D30 		ldrb	r3, [r3, #77]	@ zero_extendqisi2
 2609 0326 013B     		subs	r3, r3, #1
 2610 0328 082B     		cmp	r3, #8
 2611 032a 3FF683AE 		bhi	.L136
 2612 032e 01A1     		adr	r1, .L157
 2613 0330 51F823F0 		ldr	pc, [r1, r3, lsl #2]
 2614              		.p2align 2
 2615              	.L157:
 2616 0334 59030000 		.word	.L162+1
 2617 0338 35000000 		.word	.L136+1
 2618 033c C7030000 		.word	.L161+1
 2619 0340 E5030000 		.word	.L160+1
 2620 0344 0F040000 		.word	.L159+1
 2621 0348 33040000 		.word	.L158+1
 2622 034c 47040000 		.word	.L156+1
 2623 0350 35000000 		.word	.L136+1
 2624 0354 47040000 		.word	.L156+1
 2625              		.p2align 1
 2626              	.L162:
1745:Drivers/STM32F4xx_HAL_Driver/Src/stm32f4xx_hal_hcd.c ****       hhcd->hc[chnum].urb_state = URB_DONE;
 2627              		.loc 1 1745 7 is_stmt 1 view .LVU827
1745:Drivers/STM32F4xx_HAL_Driver/Src/stm32f4xx_hal_hcd.c ****       hhcd->hc[chnum].urb_state = URB_DONE;
 2628              		.loc 1 1745 29 is_stmt 0 view .LVU828
 2629 0358 3C23     		movs	r3, #60
 2630 035a 03FB0453 		mla	r3, r3, r4, r5
 2631 035e 0222     		movs	r2, #2
 2632 0360 83F84D20 		strb	r2, [r3, #77]
1746:Drivers/STM32F4xx_HAL_Driver/Src/stm32f4xx_hal_hcd.c **** 
 2633              		.loc 1 1746 7 is_stmt 1 view .LVU829
1746:Drivers/STM32F4xx_HAL_Driver/Src/stm32f4xx_hal_hcd.c **** 
 2634              		.loc 1 1746 33 is_stmt 0 view .LVU830
 2635 0364 0122     		movs	r2, #1
 2636 0366 83F84C20 		strb	r2, [r3, #76]
1748:Drivers/STM32F4xx_HAL_Driver/Src/stm32f4xx_hal_hcd.c ****           (hhcd->hc[chnum].ep_type == EP_TYPE_INTR))
 2637              		.loc 1 1748 7 is_stmt 1 view .LVU831
1748:Drivers/STM32F4xx_HAL_Driver/Src/stm32f4xx_hal_hcd.c ****           (hhcd->hc[chnum].ep_type == EP_TYPE_INTR))
 2638              		.loc 1 1748 27 is_stmt 0 view .LVU832
 2639 036a 93F82630 		ldrb	r3, [r3, #38]	@ zero_extendqisi2
1748:Drivers/STM32F4xx_HAL_Driver/Src/stm32f4xx_hal_hcd.c ****           (hhcd->hc[chnum].ep_type == EP_TYPE_INTR))
 2640              		.loc 1 1748 53 view .LVU833
 2641 036e 023B     		subs	r3, r3, #2
 2642 0370 DBB2     		uxtb	r3, r3
ARM GAS  /tmp/ccPw2T3W.s 			page 95


1748:Drivers/STM32F4xx_HAL_Driver/Src/stm32f4xx_hal_hcd.c ****           (hhcd->hc[chnum].ep_type == EP_TYPE_INTR))
 2643              		.loc 1 1748 10 view .LVU834
 2644 0372 9342     		cmp	r3, r2
 2645 0374 53D8     		bhi	.L163
1751:Drivers/STM32F4xx_HAL_Driver/Src/stm32f4xx_hal_hcd.c ****         {
 2646              		.loc 1 1751 9 is_stmt 1 view .LVU835
1751:Drivers/STM32F4xx_HAL_Driver/Src/stm32f4xx_hal_hcd.c ****         {
 2647              		.loc 1 1751 23 is_stmt 0 view .LVU836
 2648 0376 A979     		ldrb	r1, [r5, #6]	@ zero_extendqisi2
1751:Drivers/STM32F4xx_HAL_Driver/Src/stm32f4xx_hal_hcd.c ****         {
 2649              		.loc 1 1751 12 view .LVU837
 2650 0378 41B9     		cbnz	r1, .L164
1753:Drivers/STM32F4xx_HAL_Driver/Src/stm32f4xx_hal_hcd.c ****         }
 2651              		.loc 1 1753 11 is_stmt 1 view .LVU838
1753:Drivers/STM32F4xx_HAL_Driver/Src/stm32f4xx_hal_hcd.c ****         }
 2652              		.loc 1 1753 26 is_stmt 0 view .LVU839
 2653 037a 3C23     		movs	r3, #60
 2654 037c 03FB0453 		mla	r3, r3, r4, r5
 2655 0380 93F83D20 		ldrb	r2, [r3, #61]	@ zero_extendqisi2
1753:Drivers/STM32F4xx_HAL_Driver/Src/stm32f4xx_hal_hcd.c ****         }
 2656              		.loc 1 1753 38 view .LVU840
 2657 0384 82F00102 		eor	r2, r2, #1
 2658 0388 83F83D20 		strb	r2, [r3, #61]
 2659              	.L164:
1756:Drivers/STM32F4xx_HAL_Driver/Src/stm32f4xx_hal_hcd.c ****         {
 2660              		.loc 1 1756 9 is_stmt 1 view .LVU841
1756:Drivers/STM32F4xx_HAL_Driver/Src/stm32f4xx_hal_hcd.c ****         {
 2661              		.loc 1 1756 12 is_stmt 0 view .LVU842
 2662 038c 0129     		cmp	r1, #1
 2663 038e 46D1     		bne	.L163
1756:Drivers/STM32F4xx_HAL_Driver/Src/stm32f4xx_hal_hcd.c ****         {
 2664              		.loc 1 1756 62 discriminator 1 view .LVU843
 2665 0390 3C23     		movs	r3, #60
 2666 0392 03FB0453 		mla	r3, r3, r4, r5
 2667 0396 5B6B     		ldr	r3, [r3, #52]
1756:Drivers/STM32F4xx_HAL_Driver/Src/stm32f4xx_hal_hcd.c ****         {
 2668              		.loc 1 1756 43 discriminator 1 view .LVU844
 2669 0398 002B     		cmp	r3, #0
 2670 039a 40D0     		beq	.L163
1758:Drivers/STM32F4xx_HAL_Driver/Src/stm32f4xx_hal_hcd.c **** 
 2671              		.loc 1 1758 11 is_stmt 1 view .LVU845
1758:Drivers/STM32F4xx_HAL_Driver/Src/stm32f4xx_hal_hcd.c **** 
 2672              		.loc 1 1758 68 is_stmt 0 view .LVU846
 2673 039c 3C22     		movs	r2, #60
 2674 039e 02FB0452 		mla	r2, r2, r4, r5
 2675 03a2 128D     		ldrh	r2, [r2, #40]
1758:Drivers/STM32F4xx_HAL_Driver/Src/stm32f4xx_hal_hcd.c **** 
 2676              		.loc 1 1758 51 view .LVU847
 2677 03a4 1344     		add	r3, r3, r2
1758:Drivers/STM32F4xx_HAL_Driver/Src/stm32f4xx_hal_hcd.c **** 
 2678              		.loc 1 1758 80 view .LVU848
 2679 03a6 013B     		subs	r3, r3, #1
1758:Drivers/STM32F4xx_HAL_Driver/Src/stm32f4xx_hal_hcd.c **** 
 2680              		.loc 1 1758 23 view .LVU849
 2681 03a8 B3FBF2F3 		udiv	r3, r3, r2
 2682              	.LVL185:
1760:Drivers/STM32F4xx_HAL_Driver/Src/stm32f4xx_hal_hcd.c ****           {
ARM GAS  /tmp/ccPw2T3W.s 			page 96


 2683              		.loc 1 1760 11 is_stmt 1 view .LVU850
1760:Drivers/STM32F4xx_HAL_Driver/Src/stm32f4xx_hal_hcd.c ****           {
 2684              		.loc 1 1760 14 is_stmt 0 view .LVU851
 2685 03ac 13F0010F 		tst	r3, #1
 2686 03b0 35D0     		beq	.L163
1762:Drivers/STM32F4xx_HAL_Driver/Src/stm32f4xx_hal_hcd.c ****           }
 2687              		.loc 1 1762 13 is_stmt 1 view .LVU852
1762:Drivers/STM32F4xx_HAL_Driver/Src/stm32f4xx_hal_hcd.c ****           }
 2688              		.loc 1 1762 28 is_stmt 0 view .LVU853
 2689 03b2 3C23     		movs	r3, #60
 2690              	.LVL186:
1762:Drivers/STM32F4xx_HAL_Driver/Src/stm32f4xx_hal_hcd.c ****           }
 2691              		.loc 1 1762 28 view .LVU854
 2692 03b4 03FB0453 		mla	r3, r3, r4, r5
 2693              	.LVL187:
1762:Drivers/STM32F4xx_HAL_Driver/Src/stm32f4xx_hal_hcd.c ****           }
 2694              		.loc 1 1762 28 view .LVU855
 2695 03b8 93F83D20 		ldrb	r2, [r3, #61]	@ zero_extendqisi2
 2696              	.LVL188:
1762:Drivers/STM32F4xx_HAL_Driver/Src/stm32f4xx_hal_hcd.c ****           }
 2697              		.loc 1 1762 40 view .LVU856
 2698 03bc 82F00102 		eor	r2, r2, #1
 2699 03c0 83F83D20 		strb	r2, [r3, #61]
 2700 03c4 2BE0     		b	.L163
 2701              	.LVL189:
 2702              	.L161:
1769:Drivers/STM32F4xx_HAL_Driver/Src/stm32f4xx_hal_hcd.c **** 
 2703              		.loc 1 1769 7 is_stmt 1 view .LVU857
1769:Drivers/STM32F4xx_HAL_Driver/Src/stm32f4xx_hal_hcd.c **** 
 2704              		.loc 1 1769 29 is_stmt 0 view .LVU858
 2705 03c6 3C23     		movs	r3, #60
 2706 03c8 03FB0453 		mla	r3, r3, r4, r5
 2707 03cc 0222     		movs	r2, #2
 2708 03ce 83F84D20 		strb	r2, [r3, #77]
1771:Drivers/STM32F4xx_HAL_Driver/Src/stm32f4xx_hal_hcd.c ****       {
 2709              		.loc 1 1771 7 is_stmt 1 view .LVU859
1771:Drivers/STM32F4xx_HAL_Driver/Src/stm32f4xx_hal_hcd.c ****       {
 2710              		.loc 1 1771 26 is_stmt 0 view .LVU860
 2711 03d2 DB7E     		ldrb	r3, [r3, #27]	@ zero_extendqisi2
1771:Drivers/STM32F4xx_HAL_Driver/Src/stm32f4xx_hal_hcd.c ****       {
 2712              		.loc 1 1771 10 view .LVU861
 2713 03d4 012B     		cmp	r3, #1
 2714 03d6 22D1     		bne	.L163
1773:Drivers/STM32F4xx_HAL_Driver/Src/stm32f4xx_hal_hcd.c ****       }
 2715              		.loc 1 1773 9 is_stmt 1 view .LVU862
1773:Drivers/STM32F4xx_HAL_Driver/Src/stm32f4xx_hal_hcd.c ****       }
 2716              		.loc 1 1773 35 is_stmt 0 view .LVU863
 2717 03d8 3C23     		movs	r3, #60
 2718 03da 03FB0453 		mla	r3, r3, r4, r5
 2719 03de 83F84C20 		strb	r2, [r3, #76]
 2720 03e2 1CE0     		b	.L163
 2721              	.L160:
1778:Drivers/STM32F4xx_HAL_Driver/Src/stm32f4xx_hal_hcd.c ****       hhcd->hc[chnum].urb_state = URB_NOTREADY;
 2722              		.loc 1 1778 7 is_stmt 1 view .LVU864
1778:Drivers/STM32F4xx_HAL_Driver/Src/stm32f4xx_hal_hcd.c ****       hhcd->hc[chnum].urb_state = URB_NOTREADY;
 2723              		.loc 1 1778 29 is_stmt 0 view .LVU865
 2724 03e4 3C23     		movs	r3, #60
ARM GAS  /tmp/ccPw2T3W.s 			page 97


 2725 03e6 03FB0453 		mla	r3, r3, r4, r5
 2726 03ea 0221     		movs	r1, #2
 2727 03ec 83F84D10 		strb	r1, [r3, #77]
1779:Drivers/STM32F4xx_HAL_Driver/Src/stm32f4xx_hal_hcd.c **** 
 2728              		.loc 1 1779 7 is_stmt 1 view .LVU866
1779:Drivers/STM32F4xx_HAL_Driver/Src/stm32f4xx_hal_hcd.c **** 
 2729              		.loc 1 1779 33 is_stmt 0 view .LVU867
 2730 03f0 83F84C10 		strb	r1, [r3, #76]
1781:Drivers/STM32F4xx_HAL_Driver/Src/stm32f4xx_hal_hcd.c ****       {
 2731              		.loc 1 1781 7 is_stmt 1 view .LVU868
1781:Drivers/STM32F4xx_HAL_Driver/Src/stm32f4xx_hal_hcd.c ****       {
 2732              		.loc 1 1781 26 is_stmt 0 view .LVU869
 2733 03f4 DB7E     		ldrb	r3, [r3, #27]	@ zero_extendqisi2
1781:Drivers/STM32F4xx_HAL_Driver/Src/stm32f4xx_hal_hcd.c ****       {
 2734              		.loc 1 1781 10 view .LVU870
 2735 03f6 012B     		cmp	r3, #1
 2736 03f8 11D1     		bne	.L163
1783:Drivers/STM32F4xx_HAL_Driver/Src/stm32f4xx_hal_hcd.c ****         __HAL_HCD_CLEAR_HC_CSPLT(chnum);
 2737              		.loc 1 1783 9 is_stmt 1 view .LVU871
1783:Drivers/STM32F4xx_HAL_Driver/Src/stm32f4xx_hal_hcd.c ****         __HAL_HCD_CLEAR_HC_CSPLT(chnum);
 2738              		.loc 1 1783 35 is_stmt 0 view .LVU872
 2739 03fa 3C23     		movs	r3, #60
 2740 03fc 03FB0453 		mla	r3, r3, r4, r5
 2741 0400 0021     		movs	r1, #0
 2742 0402 D976     		strb	r1, [r3, #27]
1784:Drivers/STM32F4xx_HAL_Driver/Src/stm32f4xx_hal_hcd.c ****       }
 2743              		.loc 1 1784 9 is_stmt 1 view .LVU873
 2744 0404 5368     		ldr	r3, [r2, #4]
 2745 0406 23F48033 		bic	r3, r3, #65536
 2746 040a 5360     		str	r3, [r2, #4]
 2747 040c 07E0     		b	.L163
 2748              	.L159:
1789:Drivers/STM32F4xx_HAL_Driver/Src/stm32f4xx_hal_hcd.c ****       hhcd->hc[chnum].urb_state  = URB_NOTREADY;
 2749              		.loc 1 1789 7 view .LVU874
1789:Drivers/STM32F4xx_HAL_Driver/Src/stm32f4xx_hal_hcd.c ****       hhcd->hc[chnum].urb_state  = URB_NOTREADY;
 2750              		.loc 1 1789 29 is_stmt 0 view .LVU875
 2751 040e 3C23     		movs	r3, #60
 2752 0410 03FB0453 		mla	r3, r3, r4, r5
 2753 0414 0222     		movs	r2, #2
 2754 0416 83F84D20 		strb	r2, [r3, #77]
1790:Drivers/STM32F4xx_HAL_Driver/Src/stm32f4xx_hal_hcd.c ****     }
 2755              		.loc 1 1790 7 is_stmt 1 view .LVU876
1790:Drivers/STM32F4xx_HAL_Driver/Src/stm32f4xx_hal_hcd.c ****     }
 2756              		.loc 1 1790 34 is_stmt 0 view .LVU877
 2757 041a 83F84C20 		strb	r2, [r3, #76]
 2758              	.L163:
1826:Drivers/STM32F4xx_HAL_Driver/Src/stm32f4xx_hal_hcd.c **** #endif /* USE_HAL_HCD_REGISTER_CALLBACKS */
 2759              		.loc 1 1826 5 is_stmt 1 view .LVU878
1826:Drivers/STM32F4xx_HAL_Driver/Src/stm32f4xx_hal_hcd.c **** #endif /* USE_HAL_HCD_REGISTER_CALLBACKS */
 2760              		.loc 1 1826 69 is_stmt 0 view .LVU879
 2761 041e 3C23     		movs	r3, #60
 2762 0420 03FB0453 		mla	r3, r3, r4, r5
1826:Drivers/STM32F4xx_HAL_Driver/Src/stm32f4xx_hal_hcd.c **** #endif /* USE_HAL_HCD_REGISTER_CALLBACKS */
 2763              		.loc 1 1826 5 view .LVU880
 2764 0424 93F84C20 		ldrb	r2, [r3, #76]	@ zero_extendqisi2
 2765 0428 2146     		mov	r1, r4
 2766 042a 2846     		mov	r0, r5
ARM GAS  /tmp/ccPw2T3W.s 			page 98


 2767 042c FFF7FEFF 		bl	HAL_HCD_HC_NotifyURBChange_Callback
 2768              	.LVL190:
 2769 0430 00E6     		b	.L136
 2770              	.L158:
1794:Drivers/STM32F4xx_HAL_Driver/Src/stm32f4xx_hal_hcd.c ****       hhcd->hc[chnum].urb_state  = URB_STALL;
 2771              		.loc 1 1794 7 is_stmt 1 view .LVU881
1794:Drivers/STM32F4xx_HAL_Driver/Src/stm32f4xx_hal_hcd.c ****       hhcd->hc[chnum].urb_state  = URB_STALL;
 2772              		.loc 1 1794 29 is_stmt 0 view .LVU882
 2773 0432 3C23     		movs	r3, #60
 2774 0434 03FB0453 		mla	r3, r3, r4, r5
 2775 0438 0222     		movs	r2, #2
 2776 043a 83F84D20 		strb	r2, [r3, #77]
1795:Drivers/STM32F4xx_HAL_Driver/Src/stm32f4xx_hal_hcd.c ****     }
 2777              		.loc 1 1795 7 is_stmt 1 view .LVU883
1795:Drivers/STM32F4xx_HAL_Driver/Src/stm32f4xx_hal_hcd.c ****     }
 2778              		.loc 1 1795 34 is_stmt 0 view .LVU884
 2779 043e 0522     		movs	r2, #5
 2780 0440 83F84C20 		strb	r2, [r3, #76]
 2781 0444 EBE7     		b	.L163
 2782              	.L156:
1800:Drivers/STM32F4xx_HAL_Driver/Src/stm32f4xx_hal_hcd.c ****       hhcd->hc[chnum].ErrCnt++;
 2783              		.loc 1 1800 7 is_stmt 1 view .LVU885
1800:Drivers/STM32F4xx_HAL_Driver/Src/stm32f4xx_hal_hcd.c ****       hhcd->hc[chnum].ErrCnt++;
 2784              		.loc 1 1800 29 is_stmt 0 view .LVU886
 2785 0446 3C23     		movs	r3, #60
 2786 0448 03FB0453 		mla	r3, r3, r4, r5
 2787 044c 0222     		movs	r2, #2
 2788 044e 83F84D20 		strb	r2, [r3, #77]
1801:Drivers/STM32F4xx_HAL_Driver/Src/stm32f4xx_hal_hcd.c ****       if (hhcd->hc[chnum].ErrCnt > 2U)
 2789              		.loc 1 1801 7 is_stmt 1 view .LVU887
1801:Drivers/STM32F4xx_HAL_Driver/Src/stm32f4xx_hal_hcd.c ****       if (hhcd->hc[chnum].ErrCnt > 2U)
 2790              		.loc 1 1801 22 is_stmt 0 view .LVU888
 2791 0452 5A6C     		ldr	r2, [r3, #68]
1801:Drivers/STM32F4xx_HAL_Driver/Src/stm32f4xx_hal_hcd.c ****       if (hhcd->hc[chnum].ErrCnt > 2U)
 2792              		.loc 1 1801 29 view .LVU889
 2793 0454 0132     		adds	r2, r2, #1
 2794 0456 5A64     		str	r2, [r3, #68]
1802:Drivers/STM32F4xx_HAL_Driver/Src/stm32f4xx_hal_hcd.c ****       {
 2795              		.loc 1 1802 7 is_stmt 1 view .LVU890
1802:Drivers/STM32F4xx_HAL_Driver/Src/stm32f4xx_hal_hcd.c ****       {
 2796              		.loc 1 1802 10 is_stmt 0 view .LVU891
 2797 0458 022A     		cmp	r2, #2
 2798 045a 08D9     		bls	.L165
1804:Drivers/STM32F4xx_HAL_Driver/Src/stm32f4xx_hal_hcd.c ****         hhcd->hc[chnum].urb_state = URB_ERROR;
 2799              		.loc 1 1804 9 is_stmt 1 view .LVU892
1804:Drivers/STM32F4xx_HAL_Driver/Src/stm32f4xx_hal_hcd.c ****         hhcd->hc[chnum].urb_state = URB_ERROR;
 2800              		.loc 1 1804 32 is_stmt 0 view .LVU893
 2801 045c 3C23     		movs	r3, #60
 2802 045e 03FB0453 		mla	r3, r3, r4, r5
 2803 0462 0022     		movs	r2, #0
 2804 0464 5A64     		str	r2, [r3, #68]
1805:Drivers/STM32F4xx_HAL_Driver/Src/stm32f4xx_hal_hcd.c ****       }
 2805              		.loc 1 1805 9 is_stmt 1 view .LVU894
1805:Drivers/STM32F4xx_HAL_Driver/Src/stm32f4xx_hal_hcd.c ****       }
 2806              		.loc 1 1805 35 is_stmt 0 view .LVU895
 2807 0466 0422     		movs	r2, #4
 2808 0468 83F84C20 		strb	r2, [r3, #76]
ARM GAS  /tmp/ccPw2T3W.s 			page 99


 2809 046c D7E7     		b	.L163
 2810              	.L165:
1809:Drivers/STM32F4xx_HAL_Driver/Src/stm32f4xx_hal_hcd.c **** 
 2811              		.loc 1 1809 9 is_stmt 1 view .LVU896
1809:Drivers/STM32F4xx_HAL_Driver/Src/stm32f4xx_hal_hcd.c **** 
 2812              		.loc 1 1809 35 is_stmt 0 view .LVU897
 2813 046e 3C23     		movs	r3, #60
 2814 0470 03FB0453 		mla	r3, r3, r4, r5
 2815 0474 0222     		movs	r2, #2
 2816 0476 83F84C20 		strb	r2, [r3, #76]
1812:Drivers/STM32F4xx_HAL_Driver/Src/stm32f4xx_hal_hcd.c ****         tmpreg &= ~USB_OTG_HCCHAR_CHDIS;
 2817              		.loc 1 1812 9 is_stmt 1 view .LVU898
1812:Drivers/STM32F4xx_HAL_Driver/Src/stm32f4xx_hal_hcd.c ****         tmpreg &= ~USB_OTG_HCCHAR_CHDIS;
 2818              		.loc 1 1812 16 is_stmt 0 view .LVU899
 2819 047a D6F80035 		ldr	r3, [r6, #1280]
 2820              	.LVL191:
1813:Drivers/STM32F4xx_HAL_Driver/Src/stm32f4xx_hal_hcd.c ****         tmpreg |= USB_OTG_HCCHAR_CHENA;
 2821              		.loc 1 1813 9 is_stmt 1 view .LVU900
1813:Drivers/STM32F4xx_HAL_Driver/Src/stm32f4xx_hal_hcd.c ****         tmpreg |= USB_OTG_HCCHAR_CHENA;
 2822              		.loc 1 1813 16 is_stmt 0 view .LVU901
 2823 047e 23F08043 		bic	r3, r3, #1073741824
 2824              	.LVL192:
1814:Drivers/STM32F4xx_HAL_Driver/Src/stm32f4xx_hal_hcd.c ****         USBx_HC(chnum)->HCCHAR = tmpreg;
 2825              		.loc 1 1814 9 is_stmt 1 view .LVU902
1814:Drivers/STM32F4xx_HAL_Driver/Src/stm32f4xx_hal_hcd.c ****         USBx_HC(chnum)->HCCHAR = tmpreg;
 2826              		.loc 1 1814 16 is_stmt 0 view .LVU903
 2827 0482 43F00043 		orr	r3, r3, #-2147483648
 2828              	.LVL193:
1815:Drivers/STM32F4xx_HAL_Driver/Src/stm32f4xx_hal_hcd.c ****       }
 2829              		.loc 1 1815 9 is_stmt 1 view .LVU904
1815:Drivers/STM32F4xx_HAL_Driver/Src/stm32f4xx_hal_hcd.c ****       }
 2830              		.loc 1 1815 32 is_stmt 0 view .LVU905
 2831 0486 C6F80035 		str	r3, [r6, #1280]
 2832 048a C8E7     		b	.L163
 2833              		.cfi_endproc
 2834              	.LFE266:
 2836              		.section	.text.HAL_HCD_IRQHandler,"ax",%progbits
 2837              		.align	1
 2838              		.global	HAL_HCD_IRQHandler
 2839              		.syntax unified
 2840              		.thumb
 2841              		.thumb_func
 2843              	HAL_HCD_IRQHandler:
 2844              	.LVL194:
 2845              	.LFB246:
 539:Drivers/STM32F4xx_HAL_Driver/Src/stm32f4xx_hal_hcd.c ****   USB_OTG_GlobalTypeDef *USBx = hhcd->Instance;
 2846              		.loc 1 539 1 is_stmt 1 view -0
 2847              		.cfi_startproc
 2848              		@ args = 0, pretend = 0, frame = 0
 2849              		@ frame_needed = 0, uses_anonymous_args = 0
 539:Drivers/STM32F4xx_HAL_Driver/Src/stm32f4xx_hal_hcd.c ****   USB_OTG_GlobalTypeDef *USBx = hhcd->Instance;
 2850              		.loc 1 539 1 is_stmt 0 view .LVU907
 2851 0000 F8B5     		push	{r3, r4, r5, r6, r7, lr}
 2852              	.LCFI17:
 2853              		.cfi_def_cfa_offset 24
 2854              		.cfi_offset 3, -24
 2855              		.cfi_offset 4, -20
ARM GAS  /tmp/ccPw2T3W.s 			page 100


 2856              		.cfi_offset 5, -16
 2857              		.cfi_offset 6, -12
 2858              		.cfi_offset 7, -8
 2859              		.cfi_offset 14, -4
 2860 0002 0446     		mov	r4, r0
 540:Drivers/STM32F4xx_HAL_Driver/Src/stm32f4xx_hal_hcd.c ****   uint32_t USBx_BASE = (uint32_t)USBx;
 2861              		.loc 1 540 3 is_stmt 1 view .LVU908
 540:Drivers/STM32F4xx_HAL_Driver/Src/stm32f4xx_hal_hcd.c ****   uint32_t USBx_BASE = (uint32_t)USBx;
 2862              		.loc 1 540 26 is_stmt 0 view .LVU909
 2863 0004 0568     		ldr	r5, [r0]
 2864              	.LVL195:
 541:Drivers/STM32F4xx_HAL_Driver/Src/stm32f4xx_hal_hcd.c ****   uint32_t i;
 2865              		.loc 1 541 3 is_stmt 1 view .LVU910
 542:Drivers/STM32F4xx_HAL_Driver/Src/stm32f4xx_hal_hcd.c ****   uint32_t interrupt;
 2866              		.loc 1 542 3 view .LVU911
 543:Drivers/STM32F4xx_HAL_Driver/Src/stm32f4xx_hal_hcd.c **** 
 2867              		.loc 1 543 3 view .LVU912
 546:Drivers/STM32F4xx_HAL_Driver/Src/stm32f4xx_hal_hcd.c ****   {
 2868              		.loc 1 546 3 view .LVU913
 546:Drivers/STM32F4xx_HAL_Driver/Src/stm32f4xx_hal_hcd.c ****   {
 2869              		.loc 1 546 7 is_stmt 0 view .LVU914
 2870 0006 2846     		mov	r0, r5
 2871              	.LVL196:
 546:Drivers/STM32F4xx_HAL_Driver/Src/stm32f4xx_hal_hcd.c ****   {
 2872              		.loc 1 546 7 view .LVU915
 2873 0008 FFF7FEFF 		bl	USB_GetMode
 2874              	.LVL197:
 546:Drivers/STM32F4xx_HAL_Driver/Src/stm32f4xx_hal_hcd.c ****   {
 2875              		.loc 1 546 6 discriminator 1 view .LVU916
 2876 000c 0128     		cmp	r0, #1
 2877 000e 00D0     		beq	.L187
 2878              	.L171:
 653:Drivers/STM32F4xx_HAL_Driver/Src/stm32f4xx_hal_hcd.c **** 
 2879              		.loc 1 653 1 view .LVU917
 2880 0010 F8BD     		pop	{r3, r4, r5, r6, r7, pc}
 2881              	.LVL198:
 2882              	.L187:
 549:Drivers/STM32F4xx_HAL_Driver/Src/stm32f4xx_hal_hcd.c ****     {
 2883              		.loc 1 549 5 is_stmt 1 view .LVU918
 549:Drivers/STM32F4xx_HAL_Driver/Src/stm32f4xx_hal_hcd.c ****     {
 2884              		.loc 1 549 9 is_stmt 0 view .LVU919
 2885 0012 2068     		ldr	r0, [r4]
 2886 0014 FFF7FEFF 		bl	USB_ReadInterrupts
 2887              	.LVL199:
 549:Drivers/STM32F4xx_HAL_Driver/Src/stm32f4xx_hal_hcd.c ****     {
 2888              		.loc 1 549 8 discriminator 1 view .LVU920
 2889 0018 0028     		cmp	r0, #0
 2890 001a F9D0     		beq	.L171
 554:Drivers/STM32F4xx_HAL_Driver/Src/stm32f4xx_hal_hcd.c ****     {
 2891              		.loc 1 554 5 is_stmt 1 view .LVU921
 554:Drivers/STM32F4xx_HAL_Driver/Src/stm32f4xx_hal_hcd.c ****     {
 2892              		.loc 1 554 9 is_stmt 0 view .LVU922
 2893 001c 2068     		ldr	r0, [r4]
 2894 001e FFF7FEFF 		bl	USB_ReadInterrupts
 2895              	.LVL200:
 554:Drivers/STM32F4xx_HAL_Driver/Src/stm32f4xx_hal_hcd.c ****     {
 2896              		.loc 1 554 8 discriminator 1 view .LVU923
ARM GAS  /tmp/ccPw2T3W.s 			page 101


 2897 0022 10F4001F 		tst	r0, #2097152
 2898 0026 03D0     		beq	.L173
 557:Drivers/STM32F4xx_HAL_Driver/Src/stm32f4xx_hal_hcd.c ****     }
 2899              		.loc 1 557 7 is_stmt 1 view .LVU924
 2900 0028 2368     		ldr	r3, [r4]
 2901 002a 4FF40012 		mov	r2, #2097152
 2902 002e 5A61     		str	r2, [r3, #20]
 2903              	.L173:
 560:Drivers/STM32F4xx_HAL_Driver/Src/stm32f4xx_hal_hcd.c ****     {
 2904              		.loc 1 560 5 view .LVU925
 560:Drivers/STM32F4xx_HAL_Driver/Src/stm32f4xx_hal_hcd.c ****     {
 2905              		.loc 1 560 9 is_stmt 0 view .LVU926
 2906 0030 2068     		ldr	r0, [r4]
 2907 0032 FFF7FEFF 		bl	USB_ReadInterrupts
 2908              	.LVL201:
 560:Drivers/STM32F4xx_HAL_Driver/Src/stm32f4xx_hal_hcd.c ****     {
 2909              		.loc 1 560 8 discriminator 1 view .LVU927
 2910 0036 10F4801F 		tst	r0, #1048576
 2911 003a 03D0     		beq	.L174
 563:Drivers/STM32F4xx_HAL_Driver/Src/stm32f4xx_hal_hcd.c ****     }
 2912              		.loc 1 563 7 is_stmt 1 view .LVU928
 2913 003c 2368     		ldr	r3, [r4]
 2914 003e 4FF48012 		mov	r2, #1048576
 2915 0042 5A61     		str	r2, [r3, #20]
 2916              	.L174:
 566:Drivers/STM32F4xx_HAL_Driver/Src/stm32f4xx_hal_hcd.c ****     {
 2917              		.loc 1 566 5 view .LVU929
 566:Drivers/STM32F4xx_HAL_Driver/Src/stm32f4xx_hal_hcd.c ****     {
 2918              		.loc 1 566 9 is_stmt 0 view .LVU930
 2919 0044 2068     		ldr	r0, [r4]
 2920 0046 FFF7FEFF 		bl	USB_ReadInterrupts
 2921              	.LVL202:
 566:Drivers/STM32F4xx_HAL_Driver/Src/stm32f4xx_hal_hcd.c ****     {
 2922              		.loc 1 566 8 discriminator 1 view .LVU931
 2923 004a 10F0806F 		tst	r0, #67108864
 2924 004e 03D0     		beq	.L175
 569:Drivers/STM32F4xx_HAL_Driver/Src/stm32f4xx_hal_hcd.c ****     }
 2925              		.loc 1 569 7 is_stmt 1 view .LVU932
 2926 0050 2368     		ldr	r3, [r4]
 2927 0052 4FF08062 		mov	r2, #67108864
 2928 0056 5A61     		str	r2, [r3, #20]
 2929              	.L175:
 572:Drivers/STM32F4xx_HAL_Driver/Src/stm32f4xx_hal_hcd.c ****     {
 2930              		.loc 1 572 5 view .LVU933
 572:Drivers/STM32F4xx_HAL_Driver/Src/stm32f4xx_hal_hcd.c ****     {
 2931              		.loc 1 572 9 is_stmt 0 view .LVU934
 2932 0058 2068     		ldr	r0, [r4]
 2933 005a FFF7FEFF 		bl	USB_ReadInterrupts
 2934              	.LVL203:
 572:Drivers/STM32F4xx_HAL_Driver/Src/stm32f4xx_hal_hcd.c ****     {
 2935              		.loc 1 572 8 discriminator 1 view .LVU935
 2936 005e 10F0020F 		tst	r0, #2
 2937 0062 02D0     		beq	.L176
 575:Drivers/STM32F4xx_HAL_Driver/Src/stm32f4xx_hal_hcd.c ****     }
 2938              		.loc 1 575 7 is_stmt 1 view .LVU936
 2939 0064 2368     		ldr	r3, [r4]
 2940 0066 0222     		movs	r2, #2
ARM GAS  /tmp/ccPw2T3W.s 			page 102


 2941 0068 5A61     		str	r2, [r3, #20]
 2942              	.L176:
 579:Drivers/STM32F4xx_HAL_Driver/Src/stm32f4xx_hal_hcd.c ****     {
 2943              		.loc 1 579 5 view .LVU937
 579:Drivers/STM32F4xx_HAL_Driver/Src/stm32f4xx_hal_hcd.c ****     {
 2944              		.loc 1 579 9 is_stmt 0 view .LVU938
 2945 006a 2068     		ldr	r0, [r4]
 2946 006c FFF7FEFF 		bl	USB_ReadInterrupts
 2947              	.LVL204:
 579:Drivers/STM32F4xx_HAL_Driver/Src/stm32f4xx_hal_hcd.c ****     {
 2948              		.loc 1 579 8 discriminator 1 view .LVU939
 2949 0070 10F0005F 		tst	r0, #536870912
 2950 0074 08D0     		beq	.L177
 581:Drivers/STM32F4xx_HAL_Driver/Src/stm32f4xx_hal_hcd.c **** 
 2951              		.loc 1 581 7 is_stmt 1 view .LVU940
 2952 0076 2368     		ldr	r3, [r4]
 2953 0078 4FF00052 		mov	r2, #536870912
 2954 007c 5A61     		str	r2, [r3, #20]
 583:Drivers/STM32F4xx_HAL_Driver/Src/stm32f4xx_hal_hcd.c ****       {
 2955              		.loc 1 583 7 view .LVU941
 583:Drivers/STM32F4xx_HAL_Driver/Src/stm32f4xx_hal_hcd.c ****       {
 2956              		.loc 1 583 12 is_stmt 0 view .LVU942
 2957 007e D5F84034 		ldr	r3, [r5, #1088]
 583:Drivers/STM32F4xx_HAL_Driver/Src/stm32f4xx_hal_hcd.c ****       {
 2958              		.loc 1 583 10 view .LVU943
 2959 0082 13F0010F 		tst	r3, #1
 2960 0086 25D0     		beq	.L188
 2961              	.L177:
 605:Drivers/STM32F4xx_HAL_Driver/Src/stm32f4xx_hal_hcd.c ****     {
 2962              		.loc 1 605 5 is_stmt 1 view .LVU944
 605:Drivers/STM32F4xx_HAL_Driver/Src/stm32f4xx_hal_hcd.c ****     {
 2963              		.loc 1 605 9 is_stmt 0 view .LVU945
 2964 0088 2068     		ldr	r0, [r4]
 2965 008a FFF7FEFF 		bl	USB_ReadInterrupts
 2966              	.LVL205:
 605:Drivers/STM32F4xx_HAL_Driver/Src/stm32f4xx_hal_hcd.c ****     {
 2967              		.loc 1 605 8 discriminator 1 view .LVU946
 2968 008e 10F0807F 		tst	r0, #16777216
 2969 0092 32D1     		bne	.L189
 2970              	.L179:
 611:Drivers/STM32F4xx_HAL_Driver/Src/stm32f4xx_hal_hcd.c ****     {
 2971              		.loc 1 611 5 is_stmt 1 view .LVU947
 611:Drivers/STM32F4xx_HAL_Driver/Src/stm32f4xx_hal_hcd.c ****     {
 2972              		.loc 1 611 9 is_stmt 0 view .LVU948
 2973 0094 2068     		ldr	r0, [r4]
 2974 0096 FFF7FEFF 		bl	USB_ReadInterrupts
 2975              	.LVL206:
 611:Drivers/STM32F4xx_HAL_Driver/Src/stm32f4xx_hal_hcd.c ****     {
 2976              		.loc 1 611 8 discriminator 1 view .LVU949
 2977 009a 10F0080F 		tst	r0, #8
 2978 009e 30D1     		bne	.L190
 2979              	.L180:
 623:Drivers/STM32F4xx_HAL_Driver/Src/stm32f4xx_hal_hcd.c ****     {
 2980              		.loc 1 623 5 is_stmt 1 view .LVU950
 623:Drivers/STM32F4xx_HAL_Driver/Src/stm32f4xx_hal_hcd.c ****     {
 2981              		.loc 1 623 9 is_stmt 0 view .LVU951
 2982 00a0 2068     		ldr	r0, [r4]
ARM GAS  /tmp/ccPw2T3W.s 			page 103


 2983 00a2 FFF7FEFF 		bl	USB_ReadInterrupts
 2984              	.LVL207:
 623:Drivers/STM32F4xx_HAL_Driver/Src/stm32f4xx_hal_hcd.c ****     {
 2985              		.loc 1 623 8 discriminator 1 view .LVU952
 2986 00a6 10F0007F 		tst	r0, #33554432
 2987 00aa 31D1     		bne	.L191
 2988              	.L181:
 644:Drivers/STM32F4xx_HAL_Driver/Src/stm32f4xx_hal_hcd.c ****     {
 2989              		.loc 1 644 5 is_stmt 1 view .LVU953
 644:Drivers/STM32F4xx_HAL_Driver/Src/stm32f4xx_hal_hcd.c ****     {
 2990              		.loc 1 644 10 is_stmt 0 view .LVU954
 2991 00ac 2068     		ldr	r0, [r4]
 2992 00ae FFF7FEFF 		bl	USB_ReadInterrupts
 2993              	.LVL208:
 644:Drivers/STM32F4xx_HAL_Driver/Src/stm32f4xx_hal_hcd.c ****     {
 2994              		.loc 1 644 60 discriminator 1 view .LVU955
 2995 00b2 10F0100F 		tst	r0, #16
 2996 00b6 ABD0     		beq	.L171
 646:Drivers/STM32F4xx_HAL_Driver/Src/stm32f4xx_hal_hcd.c **** 
 2997              		.loc 1 646 7 is_stmt 1 view .LVU956
 2998 00b8 2268     		ldr	r2, [r4]
 2999 00ba 9369     		ldr	r3, [r2, #24]
 3000 00bc 23F01003 		bic	r3, r3, #16
 3001 00c0 9361     		str	r3, [r2, #24]
 648:Drivers/STM32F4xx_HAL_Driver/Src/stm32f4xx_hal_hcd.c **** 
 3002              		.loc 1 648 7 view .LVU957
 3003 00c2 2046     		mov	r0, r4
 3004 00c4 FFF7FEFF 		bl	HCD_RXQLVL_IRQHandler
 3005              	.LVL209:
 650:Drivers/STM32F4xx_HAL_Driver/Src/stm32f4xx_hal_hcd.c ****     }
 3006              		.loc 1 650 7 view .LVU958
 3007 00c8 2268     		ldr	r2, [r4]
 3008 00ca 9369     		ldr	r3, [r2, #24]
 3009 00cc 43F01003 		orr	r3, r3, #16
 3010 00d0 9361     		str	r3, [r2, #24]
 3011 00d2 9DE7     		b	.L171
 3012              	.L188:
 586:Drivers/STM32F4xx_HAL_Driver/Src/stm32f4xx_hal_hcd.c ****         (void)USB_FlushRxFifo(USBx);
 3013              		.loc 1 586 9 view .LVU959
 586:Drivers/STM32F4xx_HAL_Driver/Src/stm32f4xx_hal_hcd.c ****         (void)USB_FlushRxFifo(USBx);
 3014              		.loc 1 586 15 is_stmt 0 view .LVU960
 3015 00d4 1021     		movs	r1, #16
 3016 00d6 2846     		mov	r0, r5
 3017 00d8 FFF7FEFF 		bl	USB_FlushTxFifo
 3018              	.LVL210:
 587:Drivers/STM32F4xx_HAL_Driver/Src/stm32f4xx_hal_hcd.c **** 
 3019              		.loc 1 587 9 is_stmt 1 view .LVU961
 587:Drivers/STM32F4xx_HAL_Driver/Src/stm32f4xx_hal_hcd.c **** 
 3020              		.loc 1 587 15 is_stmt 0 view .LVU962
 3021 00dc 2846     		mov	r0, r5
 3022 00de FFF7FEFF 		bl	USB_FlushRxFifo
 3023              	.LVL211:
 589:Drivers/STM32F4xx_HAL_Driver/Src/stm32f4xx_hal_hcd.c ****         {
 3024              		.loc 1 589 9 is_stmt 1 view .LVU963
 589:Drivers/STM32F4xx_HAL_Driver/Src/stm32f4xx_hal_hcd.c ****         {
 3025              		.loc 1 589 23 is_stmt 0 view .LVU964
 3026 00e2 637A     		ldrb	r3, [r4, #9]	@ zero_extendqisi2
ARM GAS  /tmp/ccPw2T3W.s 			page 104


 589:Drivers/STM32F4xx_HAL_Driver/Src/stm32f4xx_hal_hcd.c ****         {
 3027              		.loc 1 589 12 view .LVU965
 3028 00e4 022B     		cmp	r3, #2
 3029 00e6 03D0     		beq	.L192
 3030              	.L178:
 599:Drivers/STM32F4xx_HAL_Driver/Src/stm32f4xx_hal_hcd.c **** #endif /* USE_HAL_HCD_REGISTER_CALLBACKS */
 3031              		.loc 1 599 9 is_stmt 1 view .LVU966
 3032 00e8 2046     		mov	r0, r4
 3033 00ea FFF7FEFF 		bl	HAL_HCD_Disconnect_Callback
 3034              	.LVL212:
 3035 00ee CBE7     		b	.L177
 3036              	.L192:
 592:Drivers/STM32F4xx_HAL_Driver/Src/stm32f4xx_hal_hcd.c ****         }
 3037              		.loc 1 592 11 view .LVU967
 592:Drivers/STM32F4xx_HAL_Driver/Src/stm32f4xx_hal_hcd.c ****         }
 3038              		.loc 1 592 17 is_stmt 0 view .LVU968
 3039 00f0 0121     		movs	r1, #1
 3040 00f2 2068     		ldr	r0, [r4]
 3041 00f4 FFF7FEFF 		bl	USB_InitFSLSPClkSel
 3042              	.LVL213:
 3043 00f8 F6E7     		b	.L178
 3044              	.L189:
 607:Drivers/STM32F4xx_HAL_Driver/Src/stm32f4xx_hal_hcd.c ****     }
 3045              		.loc 1 607 7 is_stmt 1 view .LVU969
 3046 00fa 2046     		mov	r0, r4
 3047 00fc FFF7FEFF 		bl	HCD_Port_IRQHandler
 3048              	.LVL214:
 3049 0100 C8E7     		b	.L179
 3050              	.L190:
 616:Drivers/STM32F4xx_HAL_Driver/Src/stm32f4xx_hal_hcd.c **** #endif /* USE_HAL_HCD_REGISTER_CALLBACKS */
 3051              		.loc 1 616 7 view .LVU970
 3052 0102 2046     		mov	r0, r4
 3053 0104 FFF7FEFF 		bl	HAL_HCD_SOF_Callback
 3054              	.LVL215:
 619:Drivers/STM32F4xx_HAL_Driver/Src/stm32f4xx_hal_hcd.c ****     }
 3055              		.loc 1 619 7 view .LVU971
 3056 0108 2368     		ldr	r3, [r4]
 3057 010a 0822     		movs	r2, #8
 3058 010c 5A61     		str	r2, [r3, #20]
 3059 010e C7E7     		b	.L180
 3060              	.L191:
 625:Drivers/STM32F4xx_HAL_Driver/Src/stm32f4xx_hal_hcd.c ****       for (i = 0U; i < hhcd->Init.Host_channels; i++)
 3061              		.loc 1 625 7 view .LVU972
 625:Drivers/STM32F4xx_HAL_Driver/Src/stm32f4xx_hal_hcd.c ****       for (i = 0U; i < hhcd->Init.Host_channels; i++)
 3062              		.loc 1 625 19 is_stmt 0 view .LVU973
 3063 0110 2068     		ldr	r0, [r4]
 3064 0112 FFF7FEFF 		bl	USB_HC_ReadInterrupt
 3065              	.LVL216:
 3066 0116 0746     		mov	r7, r0
 3067              	.LVL217:
 626:Drivers/STM32F4xx_HAL_Driver/Src/stm32f4xx_hal_hcd.c ****       {
 3068              		.loc 1 626 7 is_stmt 1 view .LVU974
 626:Drivers/STM32F4xx_HAL_Driver/Src/stm32f4xx_hal_hcd.c ****       {
 3069              		.loc 1 626 14 is_stmt 0 view .LVU975
 3070 0118 0026     		movs	r6, #0
 626:Drivers/STM32F4xx_HAL_Driver/Src/stm32f4xx_hal_hcd.c ****       {
 3071              		.loc 1 626 7 view .LVU976
ARM GAS  /tmp/ccPw2T3W.s 			page 105


 3072 011a 04E0     		b	.L182
 3073              	.LVL218:
 3074              	.L184:
 636:Drivers/STM32F4xx_HAL_Driver/Src/stm32f4xx_hal_hcd.c ****           }
 3075              		.loc 1 636 13 is_stmt 1 view .LVU977
 3076 011c F1B2     		uxtb	r1, r6
 3077 011e 2046     		mov	r0, r4
 3078 0120 FFF7FEFF 		bl	HCD_HC_OUT_IRQHandler
 3079              	.LVL219:
 3080              	.L183:
 626:Drivers/STM32F4xx_HAL_Driver/Src/stm32f4xx_hal_hcd.c ****       {
 3081              		.loc 1 626 51 discriminator 2 view .LVU978
 3082 0124 0136     		adds	r6, r6, #1
 3083              	.LVL220:
 3084              	.L182:
 626:Drivers/STM32F4xx_HAL_Driver/Src/stm32f4xx_hal_hcd.c ****       {
 3085              		.loc 1 626 22 discriminator 1 view .LVU979
 626:Drivers/STM32F4xx_HAL_Driver/Src/stm32f4xx_hal_hcd.c ****       {
 3086              		.loc 1 626 34 is_stmt 0 discriminator 1 view .LVU980
 3087 0126 6379     		ldrb	r3, [r4, #5]	@ zero_extendqisi2
 626:Drivers/STM32F4xx_HAL_Driver/Src/stm32f4xx_hal_hcd.c ****       {
 3088              		.loc 1 626 22 discriminator 1 view .LVU981
 3089 0128 B342     		cmp	r3, r6
 3090 012a 12D9     		bls	.L193
 628:Drivers/STM32F4xx_HAL_Driver/Src/stm32f4xx_hal_hcd.c ****         {
 3091              		.loc 1 628 9 is_stmt 1 view .LVU982
 628:Drivers/STM32F4xx_HAL_Driver/Src/stm32f4xx_hal_hcd.c ****         {
 3092              		.loc 1 628 37 is_stmt 0 view .LVU983
 3093 012c 06F00F03 		and	r3, r6, #15
 628:Drivers/STM32F4xx_HAL_Driver/Src/stm32f4xx_hal_hcd.c ****         {
 3094              		.loc 1 628 47 view .LVU984
 3095 0130 27FA03F3 		lsr	r3, r7, r3
 628:Drivers/STM32F4xx_HAL_Driver/Src/stm32f4xx_hal_hcd.c ****         {
 3096              		.loc 1 628 12 view .LVU985
 3097 0134 13F0010F 		tst	r3, #1
 3098 0138 F4D0     		beq	.L183
 630:Drivers/STM32F4xx_HAL_Driver/Src/stm32f4xx_hal_hcd.c ****           {
 3099              		.loc 1 630 11 is_stmt 1 view .LVU986
 630:Drivers/STM32F4xx_HAL_Driver/Src/stm32f4xx_hal_hcd.c ****           {
 3100              		.loc 1 630 16 is_stmt 0 view .LVU987
 3101 013a 05EB4613 		add	r3, r5, r6, lsl #5
 630:Drivers/STM32F4xx_HAL_Driver/Src/stm32f4xx_hal_hcd.c ****           {
 3102              		.loc 1 630 26 view .LVU988
 3103 013e D3F80035 		ldr	r3, [r3, #1280]
 630:Drivers/STM32F4xx_HAL_Driver/Src/stm32f4xx_hal_hcd.c ****           {
 3104              		.loc 1 630 14 view .LVU989
 3105 0142 13F4004F 		tst	r3, #32768
 3106 0146 E9D0     		beq	.L184
 632:Drivers/STM32F4xx_HAL_Driver/Src/stm32f4xx_hal_hcd.c ****           }
 3107              		.loc 1 632 13 is_stmt 1 view .LVU990
 3108 0148 F1B2     		uxtb	r1, r6
 3109 014a 2046     		mov	r0, r4
 3110 014c FFF7FEFF 		bl	HCD_HC_IN_IRQHandler
 3111              	.LVL221:
 3112 0150 E8E7     		b	.L183
 3113              	.L193:
 640:Drivers/STM32F4xx_HAL_Driver/Src/stm32f4xx_hal_hcd.c ****     }
ARM GAS  /tmp/ccPw2T3W.s 			page 106


 3114              		.loc 1 640 7 view .LVU991
 3115 0152 2368     		ldr	r3, [r4]
 3116 0154 4FF00072 		mov	r2, #33554432
 3117 0158 5A61     		str	r2, [r3, #20]
 3118 015a A7E7     		b	.L181
 3119              		.cfi_endproc
 3120              	.LFE246:
 3122              		.section	.text.HAL_HCD_Start,"ax",%progbits
 3123              		.align	1
 3124              		.global	HAL_HCD_Start
 3125              		.syntax unified
 3126              		.thumb
 3127              		.thumb_func
 3129              	HAL_HCD_Start:
 3130              	.LVL222:
 3131              	.LFB254:
1074:Drivers/STM32F4xx_HAL_Driver/Src/stm32f4xx_hal_hcd.c ****   __HAL_LOCK(hhcd);
 3132              		.loc 1 1074 1 view -0
 3133              		.cfi_startproc
 3134              		@ args = 0, pretend = 0, frame = 0
 3135              		@ frame_needed = 0, uses_anonymous_args = 0
1075:Drivers/STM32F4xx_HAL_Driver/Src/stm32f4xx_hal_hcd.c ****   /* Enable port power */
 3136              		.loc 1 1075 3 view .LVU993
1075:Drivers/STM32F4xx_HAL_Driver/Src/stm32f4xx_hal_hcd.c ****   /* Enable port power */
 3137              		.loc 1 1075 3 view .LVU994
 3138 0000 90F8D433 		ldrb	r3, [r0, #980]	@ zero_extendqisi2
 3139 0004 012B     		cmp	r3, #1
 3140 0006 0ED0     		beq	.L196
1074:Drivers/STM32F4xx_HAL_Driver/Src/stm32f4xx_hal_hcd.c ****   __HAL_LOCK(hhcd);
 3141              		.loc 1 1074 1 is_stmt 0 view .LVU995
 3142 0008 10B5     		push	{r4, lr}
 3143              	.LCFI18:
 3144              		.cfi_def_cfa_offset 8
 3145              		.cfi_offset 4, -8
 3146              		.cfi_offset 14, -4
 3147 000a 0446     		mov	r4, r0
1075:Drivers/STM32F4xx_HAL_Driver/Src/stm32f4xx_hal_hcd.c ****   /* Enable port power */
 3148              		.loc 1 1075 3 is_stmt 1 discriminator 2 view .LVU996
 3149 000c 0121     		movs	r1, #1
 3150 000e 80F8D413 		strb	r1, [r0, #980]
1075:Drivers/STM32F4xx_HAL_Driver/Src/stm32f4xx_hal_hcd.c ****   /* Enable port power */
 3151              		.loc 1 1075 3 view .LVU997
1077:Drivers/STM32F4xx_HAL_Driver/Src/stm32f4xx_hal_hcd.c **** 
 3152              		.loc 1 1077 3 view .LVU998
1077:Drivers/STM32F4xx_HAL_Driver/Src/stm32f4xx_hal_hcd.c **** 
 3153              		.loc 1 1077 9 is_stmt 0 view .LVU999
 3154 0012 0068     		ldr	r0, [r0]
 3155              	.LVL223:
1077:Drivers/STM32F4xx_HAL_Driver/Src/stm32f4xx_hal_hcd.c **** 
 3156              		.loc 1 1077 9 view .LVU1000
 3157 0014 FFF7FEFF 		bl	USB_DriveVbus
 3158              	.LVL224:
1080:Drivers/STM32F4xx_HAL_Driver/Src/stm32f4xx_hal_hcd.c ****   __HAL_UNLOCK(hhcd);
 3159              		.loc 1 1080 3 is_stmt 1 view .LVU1001
 3160 0018 2068     		ldr	r0, [r4]
 3161 001a FFF7FEFF 		bl	USB_EnableGlobalInt
 3162              	.LVL225:
ARM GAS  /tmp/ccPw2T3W.s 			page 107


1081:Drivers/STM32F4xx_HAL_Driver/Src/stm32f4xx_hal_hcd.c **** 
 3163              		.loc 1 1081 3 view .LVU1002
1081:Drivers/STM32F4xx_HAL_Driver/Src/stm32f4xx_hal_hcd.c **** 
 3164              		.loc 1 1081 3 view .LVU1003
 3165 001e 0020     		movs	r0, #0
 3166 0020 84F8D403 		strb	r0, [r4, #980]
1081:Drivers/STM32F4xx_HAL_Driver/Src/stm32f4xx_hal_hcd.c **** 
 3167              		.loc 1 1081 3 view .LVU1004
1083:Drivers/STM32F4xx_HAL_Driver/Src/stm32f4xx_hal_hcd.c **** }
 3168              		.loc 1 1083 3 view .LVU1005
1084:Drivers/STM32F4xx_HAL_Driver/Src/stm32f4xx_hal_hcd.c **** 
 3169              		.loc 1 1084 1 is_stmt 0 view .LVU1006
 3170 0024 10BD     		pop	{r4, pc}
 3171              	.LVL226:
 3172              	.L196:
 3173              	.LCFI19:
 3174              		.cfi_def_cfa_offset 0
 3175              		.cfi_restore 4
 3176              		.cfi_restore 14
1075:Drivers/STM32F4xx_HAL_Driver/Src/stm32f4xx_hal_hcd.c ****   /* Enable port power */
 3177              		.loc 1 1075 3 discriminator 1 view .LVU1007
 3178 0026 0220     		movs	r0, #2
 3179              	.LVL227:
1084:Drivers/STM32F4xx_HAL_Driver/Src/stm32f4xx_hal_hcd.c **** 
 3180              		.loc 1 1084 1 view .LVU1008
 3181 0028 7047     		bx	lr
 3182              		.cfi_endproc
 3183              	.LFE254:
 3185              		.section	.text.HAL_HCD_Stop,"ax",%progbits
 3186              		.align	1
 3187              		.global	HAL_HCD_Stop
 3188              		.syntax unified
 3189              		.thumb
 3190              		.thumb_func
 3192              	HAL_HCD_Stop:
 3193              	.LVL228:
 3194              	.LFB255:
1093:Drivers/STM32F4xx_HAL_Driver/Src/stm32f4xx_hal_hcd.c ****   __HAL_LOCK(hhcd);
 3195              		.loc 1 1093 1 is_stmt 1 view -0
 3196              		.cfi_startproc
 3197              		@ args = 0, pretend = 0, frame = 0
 3198              		@ frame_needed = 0, uses_anonymous_args = 0
1094:Drivers/STM32F4xx_HAL_Driver/Src/stm32f4xx_hal_hcd.c ****   (void)USB_StopHost(hhcd->Instance);
 3199              		.loc 1 1094 3 view .LVU1010
1094:Drivers/STM32F4xx_HAL_Driver/Src/stm32f4xx_hal_hcd.c ****   (void)USB_StopHost(hhcd->Instance);
 3200              		.loc 1 1094 3 view .LVU1011
 3201 0000 90F8D433 		ldrb	r3, [r0, #980]	@ zero_extendqisi2
 3202 0004 012B     		cmp	r3, #1
 3203 0006 0BD0     		beq	.L203
1093:Drivers/STM32F4xx_HAL_Driver/Src/stm32f4xx_hal_hcd.c ****   __HAL_LOCK(hhcd);
 3204              		.loc 1 1093 1 is_stmt 0 view .LVU1012
 3205 0008 10B5     		push	{r4, lr}
 3206              	.LCFI20:
 3207              		.cfi_def_cfa_offset 8
 3208              		.cfi_offset 4, -8
 3209              		.cfi_offset 14, -4
 3210 000a 0446     		mov	r4, r0
ARM GAS  /tmp/ccPw2T3W.s 			page 108


1094:Drivers/STM32F4xx_HAL_Driver/Src/stm32f4xx_hal_hcd.c ****   (void)USB_StopHost(hhcd->Instance);
 3211              		.loc 1 1094 3 is_stmt 1 discriminator 2 view .LVU1013
 3212 000c 0123     		movs	r3, #1
 3213 000e 80F8D433 		strb	r3, [r0, #980]
1094:Drivers/STM32F4xx_HAL_Driver/Src/stm32f4xx_hal_hcd.c ****   (void)USB_StopHost(hhcd->Instance);
 3214              		.loc 1 1094 3 view .LVU1014
1095:Drivers/STM32F4xx_HAL_Driver/Src/stm32f4xx_hal_hcd.c ****   __HAL_UNLOCK(hhcd);
 3215              		.loc 1 1095 3 view .LVU1015
1095:Drivers/STM32F4xx_HAL_Driver/Src/stm32f4xx_hal_hcd.c ****   __HAL_UNLOCK(hhcd);
 3216              		.loc 1 1095 9 is_stmt 0 view .LVU1016
 3217 0012 0068     		ldr	r0, [r0]
 3218              	.LVL229:
1095:Drivers/STM32F4xx_HAL_Driver/Src/stm32f4xx_hal_hcd.c ****   __HAL_UNLOCK(hhcd);
 3219              		.loc 1 1095 9 view .LVU1017
 3220 0014 FFF7FEFF 		bl	USB_StopHost
 3221              	.LVL230:
1096:Drivers/STM32F4xx_HAL_Driver/Src/stm32f4xx_hal_hcd.c **** 
 3222              		.loc 1 1096 3 is_stmt 1 view .LVU1018
1096:Drivers/STM32F4xx_HAL_Driver/Src/stm32f4xx_hal_hcd.c **** 
 3223              		.loc 1 1096 3 view .LVU1019
 3224 0018 0020     		movs	r0, #0
 3225 001a 84F8D403 		strb	r0, [r4, #980]
1096:Drivers/STM32F4xx_HAL_Driver/Src/stm32f4xx_hal_hcd.c **** 
 3226              		.loc 1 1096 3 view .LVU1020
1098:Drivers/STM32F4xx_HAL_Driver/Src/stm32f4xx_hal_hcd.c **** }
 3227              		.loc 1 1098 3 view .LVU1021
1099:Drivers/STM32F4xx_HAL_Driver/Src/stm32f4xx_hal_hcd.c **** 
 3228              		.loc 1 1099 1 is_stmt 0 view .LVU1022
 3229 001e 10BD     		pop	{r4, pc}
 3230              	.LVL231:
 3231              	.L203:
 3232              	.LCFI21:
 3233              		.cfi_def_cfa_offset 0
 3234              		.cfi_restore 4
 3235              		.cfi_restore 14
1094:Drivers/STM32F4xx_HAL_Driver/Src/stm32f4xx_hal_hcd.c ****   (void)USB_StopHost(hhcd->Instance);
 3236              		.loc 1 1094 3 discriminator 1 view .LVU1023
 3237 0020 0220     		movs	r0, #2
 3238              	.LVL232:
1099:Drivers/STM32F4xx_HAL_Driver/Src/stm32f4xx_hal_hcd.c **** 
 3239              		.loc 1 1099 1 view .LVU1024
 3240 0022 7047     		bx	lr
 3241              		.cfi_endproc
 3242              	.LFE255:
 3244              		.section	.text.HAL_HCD_ResetPort,"ax",%progbits
 3245              		.align	1
 3246              		.global	HAL_HCD_ResetPort
 3247              		.syntax unified
 3248              		.thumb
 3249              		.thumb_func
 3251              	HAL_HCD_ResetPort:
 3252              	.LVL233:
 3253              	.LFB256:
1107:Drivers/STM32F4xx_HAL_Driver/Src/stm32f4xx_hal_hcd.c ****   return (USB_ResetPort(hhcd->Instance));
 3254              		.loc 1 1107 1 is_stmt 1 view -0
 3255              		.cfi_startproc
 3256              		@ args = 0, pretend = 0, frame = 0
ARM GAS  /tmp/ccPw2T3W.s 			page 109


 3257              		@ frame_needed = 0, uses_anonymous_args = 0
1107:Drivers/STM32F4xx_HAL_Driver/Src/stm32f4xx_hal_hcd.c ****   return (USB_ResetPort(hhcd->Instance));
 3258              		.loc 1 1107 1 is_stmt 0 view .LVU1026
 3259 0000 08B5     		push	{r3, lr}
 3260              	.LCFI22:
 3261              		.cfi_def_cfa_offset 8
 3262              		.cfi_offset 3, -8
 3263              		.cfi_offset 14, -4
1108:Drivers/STM32F4xx_HAL_Driver/Src/stm32f4xx_hal_hcd.c **** }
 3264              		.loc 1 1108 3 is_stmt 1 view .LVU1027
1108:Drivers/STM32F4xx_HAL_Driver/Src/stm32f4xx_hal_hcd.c **** }
 3265              		.loc 1 1108 11 is_stmt 0 view .LVU1028
 3266 0002 0068     		ldr	r0, [r0]
 3267              	.LVL234:
1108:Drivers/STM32F4xx_HAL_Driver/Src/stm32f4xx_hal_hcd.c **** }
 3268              		.loc 1 1108 11 view .LVU1029
 3269 0004 FFF7FEFF 		bl	USB_ResetPort
 3270              	.LVL235:
1109:Drivers/STM32F4xx_HAL_Driver/Src/stm32f4xx_hal_hcd.c **** 
 3271              		.loc 1 1109 1 view .LVU1030
 3272 0008 08BD     		pop	{r3, pc}
 3273              		.cfi_endproc
 3274              	.LFE256:
 3276              		.section	.text.HAL_HCD_GetState,"ax",%progbits
 3277              		.align	1
 3278              		.global	HAL_HCD_GetState
 3279              		.syntax unified
 3280              		.thumb
 3281              		.thumb_func
 3283              	HAL_HCD_GetState:
 3284              	.LVL236:
 3285              	.LFB257:
1136:Drivers/STM32F4xx_HAL_Driver/Src/stm32f4xx_hal_hcd.c ****   return hhcd->State;
 3286              		.loc 1 1136 1 is_stmt 1 view -0
 3287              		.cfi_startproc
 3288              		@ args = 0, pretend = 0, frame = 0
 3289              		@ frame_needed = 0, uses_anonymous_args = 0
 3290              		@ link register save eliminated.
1137:Drivers/STM32F4xx_HAL_Driver/Src/stm32f4xx_hal_hcd.c **** }
 3291              		.loc 1 1137 3 view .LVU1032
1137:Drivers/STM32F4xx_HAL_Driver/Src/stm32f4xx_hal_hcd.c **** }
 3292              		.loc 1 1137 14 is_stmt 0 view .LVU1033
 3293 0000 90F8D503 		ldrb	r0, [r0, #981]	@ zero_extendqisi2
 3294              	.LVL237:
1138:Drivers/STM32F4xx_HAL_Driver/Src/stm32f4xx_hal_hcd.c **** 
 3295              		.loc 1 1138 1 view .LVU1034
 3296 0004 7047     		bx	lr
 3297              		.cfi_endproc
 3298              	.LFE257:
 3300              		.section	.text.HAL_HCD_HC_GetURBState,"ax",%progbits
 3301              		.align	1
 3302              		.global	HAL_HCD_HC_GetURBState
 3303              		.syntax unified
 3304              		.thumb
 3305              		.thumb_func
 3307              	HAL_HCD_HC_GetURBState:
 3308              	.LVL238:
ARM GAS  /tmp/ccPw2T3W.s 			page 110


 3309              	.LFB258:
1155:Drivers/STM32F4xx_HAL_Driver/Src/stm32f4xx_hal_hcd.c ****   return hhcd->hc[chnum].urb_state;
 3310              		.loc 1 1155 1 is_stmt 1 view -0
 3311              		.cfi_startproc
 3312              		@ args = 0, pretend = 0, frame = 0
 3313              		@ frame_needed = 0, uses_anonymous_args = 0
 3314              		@ link register save eliminated.
1156:Drivers/STM32F4xx_HAL_Driver/Src/stm32f4xx_hal_hcd.c **** }
 3315              		.loc 1 1156 3 view .LVU1036
1156:Drivers/STM32F4xx_HAL_Driver/Src/stm32f4xx_hal_hcd.c **** }
 3316              		.loc 1 1156 25 is_stmt 0 view .LVU1037
 3317 0000 C1EB0111 		rsb	r1, r1, r1, lsl #4
 3318              	.LVL239:
1156:Drivers/STM32F4xx_HAL_Driver/Src/stm32f4xx_hal_hcd.c **** }
 3319              		.loc 1 1156 25 view .LVU1038
 3320 0004 00EB8100 		add	r0, r0, r1, lsl #2
 3321              	.LVL240:
1157:Drivers/STM32F4xx_HAL_Driver/Src/stm32f4xx_hal_hcd.c **** 
 3322              		.loc 1 1157 1 view .LVU1039
 3323 0008 90F84C00 		ldrb	r0, [r0, #76]	@ zero_extendqisi2
 3324 000c 7047     		bx	lr
 3325              		.cfi_endproc
 3326              	.LFE258:
 3328              		.section	.text.HAL_HCD_HC_GetXferCount,"ax",%progbits
 3329              		.align	1
 3330              		.global	HAL_HCD_HC_GetXferCount
 3331              		.syntax unified
 3332              		.thumb
 3333              		.thumb_func
 3335              	HAL_HCD_HC_GetXferCount:
 3336              	.LVL241:
 3337              	.LFB259:
1168:Drivers/STM32F4xx_HAL_Driver/Src/stm32f4xx_hal_hcd.c ****   return hhcd->hc[chnum].xfer_count;
 3338              		.loc 1 1168 1 is_stmt 1 view -0
 3339              		.cfi_startproc
 3340              		@ args = 0, pretend = 0, frame = 0
 3341              		@ frame_needed = 0, uses_anonymous_args = 0
 3342              		@ link register save eliminated.
1169:Drivers/STM32F4xx_HAL_Driver/Src/stm32f4xx_hal_hcd.c **** }
 3343              		.loc 1 1169 3 view .LVU1041
1169:Drivers/STM32F4xx_HAL_Driver/Src/stm32f4xx_hal_hcd.c **** }
 3344              		.loc 1 1169 25 is_stmt 0 view .LVU1042
 3345 0000 C1EB0111 		rsb	r1, r1, r1, lsl #4
 3346              	.LVL242:
1169:Drivers/STM32F4xx_HAL_Driver/Src/stm32f4xx_hal_hcd.c **** }
 3347              		.loc 1 1169 25 view .LVU1043
 3348 0004 00EB8100 		add	r0, r0, r1, lsl #2
 3349              	.LVL243:
1170:Drivers/STM32F4xx_HAL_Driver/Src/stm32f4xx_hal_hcd.c **** 
 3350              		.loc 1 1170 1 view .LVU1044
 3351 0008 806B     		ldr	r0, [r0, #56]
 3352 000a 7047     		bx	lr
 3353              		.cfi_endproc
 3354              	.LFE259:
 3356              		.section	.text.HAL_HCD_HC_GetState,"ax",%progbits
 3357              		.align	1
 3358              		.global	HAL_HCD_HC_GetState
ARM GAS  /tmp/ccPw2T3W.s 			page 111


 3359              		.syntax unified
 3360              		.thumb
 3361              		.thumb_func
 3363              	HAL_HCD_HC_GetState:
 3364              	.LVL244:
 3365              	.LFB260:
1190:Drivers/STM32F4xx_HAL_Driver/Src/stm32f4xx_hal_hcd.c ****   return hhcd->hc[chnum].state;
 3366              		.loc 1 1190 1 is_stmt 1 view -0
 3367              		.cfi_startproc
 3368              		@ args = 0, pretend = 0, frame = 0
 3369              		@ frame_needed = 0, uses_anonymous_args = 0
 3370              		@ link register save eliminated.
1191:Drivers/STM32F4xx_HAL_Driver/Src/stm32f4xx_hal_hcd.c **** }
 3371              		.loc 1 1191 3 view .LVU1046
1191:Drivers/STM32F4xx_HAL_Driver/Src/stm32f4xx_hal_hcd.c **** }
 3372              		.loc 1 1191 25 is_stmt 0 view .LVU1047
 3373 0000 C1EB0111 		rsb	r1, r1, r1, lsl #4
 3374              	.LVL245:
1191:Drivers/STM32F4xx_HAL_Driver/Src/stm32f4xx_hal_hcd.c **** }
 3375              		.loc 1 1191 25 view .LVU1048
 3376 0004 00EB8100 		add	r0, r0, r1, lsl #2
 3377              	.LVL246:
1192:Drivers/STM32F4xx_HAL_Driver/Src/stm32f4xx_hal_hcd.c **** 
 3378              		.loc 1 1192 1 view .LVU1049
 3379 0008 90F84D00 		ldrb	r0, [r0, #77]	@ zero_extendqisi2
 3380 000c 7047     		bx	lr
 3381              		.cfi_endproc
 3382              	.LFE260:
 3384              		.section	.text.HAL_HCD_GetCurrentFrame,"ax",%progbits
 3385              		.align	1
 3386              		.global	HAL_HCD_GetCurrentFrame
 3387              		.syntax unified
 3388              		.thumb
 3389              		.thumb_func
 3391              	HAL_HCD_GetCurrentFrame:
 3392              	.LVL247:
 3393              	.LFB261:
1200:Drivers/STM32F4xx_HAL_Driver/Src/stm32f4xx_hal_hcd.c ****   return (USB_GetCurrentFrame(hhcd->Instance));
 3394              		.loc 1 1200 1 is_stmt 1 view -0
 3395              		.cfi_startproc
 3396              		@ args = 0, pretend = 0, frame = 0
 3397              		@ frame_needed = 0, uses_anonymous_args = 0
1200:Drivers/STM32F4xx_HAL_Driver/Src/stm32f4xx_hal_hcd.c ****   return (USB_GetCurrentFrame(hhcd->Instance));
 3398              		.loc 1 1200 1 is_stmt 0 view .LVU1051
 3399 0000 08B5     		push	{r3, lr}
 3400              	.LCFI23:
 3401              		.cfi_def_cfa_offset 8
 3402              		.cfi_offset 3, -8
 3403              		.cfi_offset 14, -4
1201:Drivers/STM32F4xx_HAL_Driver/Src/stm32f4xx_hal_hcd.c **** }
 3404              		.loc 1 1201 3 is_stmt 1 view .LVU1052
1201:Drivers/STM32F4xx_HAL_Driver/Src/stm32f4xx_hal_hcd.c **** }
 3405              		.loc 1 1201 11 is_stmt 0 view .LVU1053
 3406 0002 0068     		ldr	r0, [r0]
 3407              	.LVL248:
1201:Drivers/STM32F4xx_HAL_Driver/Src/stm32f4xx_hal_hcd.c **** }
 3408              		.loc 1 1201 11 view .LVU1054
ARM GAS  /tmp/ccPw2T3W.s 			page 112


 3409 0004 FFF7FEFF 		bl	USB_GetCurrentFrame
 3410              	.LVL249:
1202:Drivers/STM32F4xx_HAL_Driver/Src/stm32f4xx_hal_hcd.c **** 
 3411              		.loc 1 1202 1 view .LVU1055
 3412 0008 08BD     		pop	{r3, pc}
 3413              		.cfi_endproc
 3414              	.LFE261:
 3416              		.section	.text.HAL_HCD_GetCurrentSpeed,"ax",%progbits
 3417              		.align	1
 3418              		.global	HAL_HCD_GetCurrentSpeed
 3419              		.syntax unified
 3420              		.thumb
 3421              		.thumb_func
 3423              	HAL_HCD_GetCurrentSpeed:
 3424              	.LVL250:
 3425              	.LFB262:
1210:Drivers/STM32F4xx_HAL_Driver/Src/stm32f4xx_hal_hcd.c ****   return (USB_GetHostSpeed(hhcd->Instance));
 3426              		.loc 1 1210 1 is_stmt 1 view -0
 3427              		.cfi_startproc
 3428              		@ args = 0, pretend = 0, frame = 0
 3429              		@ frame_needed = 0, uses_anonymous_args = 0
1210:Drivers/STM32F4xx_HAL_Driver/Src/stm32f4xx_hal_hcd.c ****   return (USB_GetHostSpeed(hhcd->Instance));
 3430              		.loc 1 1210 1 is_stmt 0 view .LVU1057
 3431 0000 08B5     		push	{r3, lr}
 3432              	.LCFI24:
 3433              		.cfi_def_cfa_offset 8
 3434              		.cfi_offset 3, -8
 3435              		.cfi_offset 14, -4
1211:Drivers/STM32F4xx_HAL_Driver/Src/stm32f4xx_hal_hcd.c **** }
 3436              		.loc 1 1211 3 is_stmt 1 view .LVU1058
1211:Drivers/STM32F4xx_HAL_Driver/Src/stm32f4xx_hal_hcd.c **** }
 3437              		.loc 1 1211 11 is_stmt 0 view .LVU1059
 3438 0002 0068     		ldr	r0, [r0]
 3439              	.LVL251:
1211:Drivers/STM32F4xx_HAL_Driver/Src/stm32f4xx_hal_hcd.c **** }
 3440              		.loc 1 1211 11 view .LVU1060
 3441 0004 FFF7FEFF 		bl	USB_GetHostSpeed
 3442              	.LVL252:
1212:Drivers/STM32F4xx_HAL_Driver/Src/stm32f4xx_hal_hcd.c **** 
 3443              		.loc 1 1212 1 view .LVU1061
 3444 0008 08BD     		pop	{r3, pc}
 3445              		.cfi_endproc
 3446              	.LFE262:
 3448              		.section	.text.HAL_HCD_HC_SetHubInfo,"ax",%progbits
 3449              		.align	1
 3450              		.global	HAL_HCD_HC_SetHubInfo
 3451              		.syntax unified
 3452              		.thumb
 3453              		.thumb_func
 3455              	HAL_HCD_HC_SetHubInfo:
 3456              	.LVL253:
 3457              	.LFB263:
1225:Drivers/STM32F4xx_HAL_Driver/Src/stm32f4xx_hal_hcd.c ****   uint32_t HostCoreSpeed = USB_GetHostSpeed(hhcd->Instance);
 3458              		.loc 1 1225 1 is_stmt 1 view -0
 3459              		.cfi_startproc
 3460              		@ args = 0, pretend = 0, frame = 0
 3461              		@ frame_needed = 0, uses_anonymous_args = 0
ARM GAS  /tmp/ccPw2T3W.s 			page 113


1225:Drivers/STM32F4xx_HAL_Driver/Src/stm32f4xx_hal_hcd.c ****   uint32_t HostCoreSpeed = USB_GetHostSpeed(hhcd->Instance);
 3462              		.loc 1 1225 1 is_stmt 0 view .LVU1063
 3463 0000 F8B5     		push	{r3, r4, r5, r6, r7, lr}
 3464              	.LCFI25:
 3465              		.cfi_def_cfa_offset 24
 3466              		.cfi_offset 3, -24
 3467              		.cfi_offset 4, -20
 3468              		.cfi_offset 5, -16
 3469              		.cfi_offset 6, -12
 3470              		.cfi_offset 7, -8
 3471              		.cfi_offset 14, -4
 3472 0002 0546     		mov	r5, r0
 3473 0004 0C46     		mov	r4, r1
 3474 0006 1746     		mov	r7, r2
 3475 0008 1E46     		mov	r6, r3
1226:Drivers/STM32F4xx_HAL_Driver/Src/stm32f4xx_hal_hcd.c **** 
 3476              		.loc 1 1226 3 is_stmt 1 view .LVU1064
1226:Drivers/STM32F4xx_HAL_Driver/Src/stm32f4xx_hal_hcd.c **** 
 3477              		.loc 1 1226 28 is_stmt 0 view .LVU1065
 3478 000a 0068     		ldr	r0, [r0]
 3479              	.LVL254:
1226:Drivers/STM32F4xx_HAL_Driver/Src/stm32f4xx_hal_hcd.c **** 
 3480              		.loc 1 1226 28 view .LVU1066
 3481 000c FFF7FEFF 		bl	USB_GetHostSpeed
 3482              	.LVL255:
1229:Drivers/STM32F4xx_HAL_Driver/Src/stm32f4xx_hal_hcd.c ****   {
 3483              		.loc 1 1229 3 is_stmt 1 view .LVU1067
1229:Drivers/STM32F4xx_HAL_Driver/Src/stm32f4xx_hal_hcd.c ****   {
 3484              		.loc 1 1229 24 is_stmt 0 view .LVU1068
 3485 0010 C4EB0413 		rsb	r3, r4, r4, lsl #4
 3486 0014 05EB8303 		add	r3, r5, r3, lsl #2
 3487 0018 1B7E     		ldrb	r3, [r3, #24]	@ zero_extendqisi2
1229:Drivers/STM32F4xx_HAL_Driver/Src/stm32f4xx_hal_hcd.c ****   {
 3488              		.loc 1 1229 6 view .LVU1069
 3489 001a ABB1     		cbz	r3, .L219
1229:Drivers/STM32F4xx_HAL_Driver/Src/stm32f4xx_hal_hcd.c ****   {
 3490              		.loc 1 1229 57 discriminator 1 view .LVU1070
 3491 001c A0B9     		cbnz	r0, .L219
1231:Drivers/STM32F4xx_HAL_Driver/Src/stm32f4xx_hal_hcd.c **** 
 3492              		.loc 1 1231 5 is_stmt 1 view .LVU1071
1231:Drivers/STM32F4xx_HAL_Driver/Src/stm32f4xx_hal_hcd.c **** 
 3493              		.loc 1 1231 32 is_stmt 0 view .LVU1072
 3494 001e C4EB0413 		rsb	r3, r4, r4, lsl #4
 3495 0022 05EB8303 		add	r3, r5, r3, lsl #2
 3496 0026 0122     		movs	r2, #1
 3497 0028 9A76     		strb	r2, [r3, #26]
1233:Drivers/STM32F4xx_HAL_Driver/Src/stm32f4xx_hal_hcd.c ****     {
 3498              		.loc 1 1233 5 is_stmt 1 view .LVU1073
1233:Drivers/STM32F4xx_HAL_Driver/Src/stm32f4xx_hal_hcd.c ****     {
 3499              		.loc 1 1233 26 is_stmt 0 view .LVU1074
 3500 002a 93F82630 		ldrb	r3, [r3, #38]	@ zero_extendqisi2
1233:Drivers/STM32F4xx_HAL_Driver/Src/stm32f4xx_hal_hcd.c ****     {
 3501              		.loc 1 1233 8 view .LVU1075
 3502 002e 5BB9     		cbnz	r3, .L219
1233:Drivers/STM32F4xx_HAL_Driver/Src/stm32f4xx_hal_hcd.c ****     {
 3503              		.loc 1 1233 72 discriminator 1 view .LVU1076
 3504 0030 C4EB0413 		rsb	r3, r4, r4, lsl #4
ARM GAS  /tmp/ccPw2T3W.s 			page 114


 3505 0034 05EB8303 		add	r3, r5, r3, lsl #2
 3506 0038 DB7D     		ldrb	r3, [r3, #23]	@ zero_extendqisi2
1233:Drivers/STM32F4xx_HAL_Driver/Src/stm32f4xx_hal_hcd.c ****     {
 3507              		.loc 1 1233 52 discriminator 1 view .LVU1077
 3508 003a 2BB1     		cbz	r3, .L219
1235:Drivers/STM32F4xx_HAL_Driver/Src/stm32f4xx_hal_hcd.c ****     }
 3509              		.loc 1 1235 7 is_stmt 1 view .LVU1078
1235:Drivers/STM32F4xx_HAL_Driver/Src/stm32f4xx_hal_hcd.c ****     }
 3510              		.loc 1 1235 34 is_stmt 0 view .LVU1079
 3511 003c C4EB0413 		rsb	r3, r4, r4, lsl #4
 3512 0040 05EB8303 		add	r3, r5, r3, lsl #2
 3513 0044 83F83C20 		strb	r2, [r3, #60]
 3514              	.L219:
1239:Drivers/STM32F4xx_HAL_Driver/Src/stm32f4xx_hal_hcd.c ****   hhcd->hc[ch_num].hub_port_nbr = PortNbr;
 3515              		.loc 1 1239 3 is_stmt 1 view .LVU1080
1239:Drivers/STM32F4xx_HAL_Driver/Src/stm32f4xx_hal_hcd.c ****   hhcd->hc[ch_num].hub_port_nbr = PortNbr;
 3516              		.loc 1 1239 29 is_stmt 0 view .LVU1081
 3517 0048 C4EB0413 		rsb	r3, r4, r4, lsl #4
 3518 004c 05EB8303 		add	r3, r5, r3, lsl #2
 3519 0050 83F82570 		strb	r7, [r3, #37]
1240:Drivers/STM32F4xx_HAL_Driver/Src/stm32f4xx_hal_hcd.c **** 
 3520              		.loc 1 1240 3 is_stmt 1 view .LVU1082
1240:Drivers/STM32F4xx_HAL_Driver/Src/stm32f4xx_hal_hcd.c **** 
 3521              		.loc 1 1240 33 is_stmt 0 view .LVU1083
 3522 0054 83F82460 		strb	r6, [r3, #36]
1242:Drivers/STM32F4xx_HAL_Driver/Src/stm32f4xx_hal_hcd.c **** }
 3523              		.loc 1 1242 3 is_stmt 1 view .LVU1084
1243:Drivers/STM32F4xx_HAL_Driver/Src/stm32f4xx_hal_hcd.c **** 
 3524              		.loc 1 1243 1 is_stmt 0 view .LVU1085
 3525 0058 0020     		movs	r0, #0
 3526              	.LVL256:
1243:Drivers/STM32F4xx_HAL_Driver/Src/stm32f4xx_hal_hcd.c **** 
 3527              		.loc 1 1243 1 view .LVU1086
 3528 005a F8BD     		pop	{r3, r4, r5, r6, r7, pc}
1243:Drivers/STM32F4xx_HAL_Driver/Src/stm32f4xx_hal_hcd.c **** 
 3529              		.loc 1 1243 1 view .LVU1087
 3530              		.cfi_endproc
 3531              	.LFE263:
 3533              		.section	.text.HAL_HCD_HC_ClearHubInfo,"ax",%progbits
 3534              		.align	1
 3535              		.global	HAL_HCD_HC_ClearHubInfo
 3536              		.syntax unified
 3537              		.thumb
 3538              		.thumb_func
 3540              	HAL_HCD_HC_ClearHubInfo:
 3541              	.LVL257:
 3542              	.LFB264:
1254:Drivers/STM32F4xx_HAL_Driver/Src/stm32f4xx_hal_hcd.c ****   hhcd->hc[ch_num].do_ssplit = 0U;
 3543              		.loc 1 1254 1 is_stmt 1 view -0
 3544              		.cfi_startproc
 3545              		@ args = 0, pretend = 0, frame = 0
 3546              		@ frame_needed = 0, uses_anonymous_args = 0
 3547              		@ link register save eliminated.
1255:Drivers/STM32F4xx_HAL_Driver/Src/stm32f4xx_hal_hcd.c ****   hhcd->hc[ch_num].do_csplit = 0U;
 3548              		.loc 1 1255 3 view .LVU1089
1255:Drivers/STM32F4xx_HAL_Driver/Src/stm32f4xx_hal_hcd.c ****   hhcd->hc[ch_num].do_csplit = 0U;
 3549              		.loc 1 1255 30 is_stmt 0 view .LVU1090
ARM GAS  /tmp/ccPw2T3W.s 			page 115


 3550 0000 C1EB0112 		rsb	r2, r1, r1, lsl #4
 3551 0004 00EB8202 		add	r2, r0, r2, lsl #2
 3552 0008 0020     		movs	r0, #0
 3553              	.LVL258:
1255:Drivers/STM32F4xx_HAL_Driver/Src/stm32f4xx_hal_hcd.c ****   hhcd->hc[ch_num].do_csplit = 0U;
 3554              		.loc 1 1255 30 view .LVU1091
 3555 000a 9076     		strb	r0, [r2, #26]
1256:Drivers/STM32F4xx_HAL_Driver/Src/stm32f4xx_hal_hcd.c ****   hhcd->hc[ch_num].hub_addr = 0U;
 3556              		.loc 1 1256 3 is_stmt 1 view .LVU1092
1256:Drivers/STM32F4xx_HAL_Driver/Src/stm32f4xx_hal_hcd.c ****   hhcd->hc[ch_num].hub_addr = 0U;
 3557              		.loc 1 1256 30 is_stmt 0 view .LVU1093
 3558 000c D076     		strb	r0, [r2, #27]
1257:Drivers/STM32F4xx_HAL_Driver/Src/stm32f4xx_hal_hcd.c ****   hhcd->hc[ch_num].hub_port_nbr = 0U;
 3559              		.loc 1 1257 3 is_stmt 1 view .LVU1094
1257:Drivers/STM32F4xx_HAL_Driver/Src/stm32f4xx_hal_hcd.c ****   hhcd->hc[ch_num].hub_port_nbr = 0U;
 3560              		.loc 1 1257 29 is_stmt 0 view .LVU1095
 3561 000e 82F82500 		strb	r0, [r2, #37]
1258:Drivers/STM32F4xx_HAL_Driver/Src/stm32f4xx_hal_hcd.c **** 
 3562              		.loc 1 1258 3 is_stmt 1 view .LVU1096
1258:Drivers/STM32F4xx_HAL_Driver/Src/stm32f4xx_hal_hcd.c **** 
 3563              		.loc 1 1258 33 is_stmt 0 view .LVU1097
 3564 0012 82F82400 		strb	r0, [r2, #36]
1260:Drivers/STM32F4xx_HAL_Driver/Src/stm32f4xx_hal_hcd.c **** }
 3565              		.loc 1 1260 3 is_stmt 1 view .LVU1098
1261:Drivers/STM32F4xx_HAL_Driver/Src/stm32f4xx_hal_hcd.c **** /**
 3566              		.loc 1 1261 1 is_stmt 0 view .LVU1099
 3567 0016 7047     		bx	lr
 3568              		.cfi_endproc
 3569              	.LFE264:
 3571              		.section	.text.HAL_HCD_HC_Init,"ax",%progbits
 3572              		.align	1
 3573              		.global	HAL_HCD_HC_Init
 3574              		.syntax unified
 3575              		.thumb
 3576              		.thumb_func
 3578              	HAL_HCD_HC_Init:
 3579              	.LVL259:
 3580              	.LFB240:
 220:Drivers/STM32F4xx_HAL_Driver/Src/stm32f4xx_hal_hcd.c ****   HAL_StatusTypeDef status;
 3581              		.loc 1 220 1 is_stmt 1 view -0
 3582              		.cfi_startproc
 3583              		@ args = 12, pretend = 0, frame = 0
 3584              		@ frame_needed = 0, uses_anonymous_args = 0
 220:Drivers/STM32F4xx_HAL_Driver/Src/stm32f4xx_hal_hcd.c ****   HAL_StatusTypeDef status;
 3585              		.loc 1 220 1 is_stmt 0 view .LVU1101
 3586 0000 2DE9F04F 		push	{r4, r5, r6, r7, r8, r9, r10, fp, lr}
 3587              	.LCFI26:
 3588              		.cfi_def_cfa_offset 36
 3589              		.cfi_offset 4, -36
 3590              		.cfi_offset 5, -32
 3591              		.cfi_offset 6, -28
 3592              		.cfi_offset 7, -24
 3593              		.cfi_offset 8, -20
 3594              		.cfi_offset 9, -16
 3595              		.cfi_offset 10, -12
 3596              		.cfi_offset 11, -8
 3597              		.cfi_offset 14, -4
ARM GAS  /tmp/ccPw2T3W.s 			page 116


 3598 0004 85B0     		sub	sp, sp, #20
 3599              	.LCFI27:
 3600              		.cfi_def_cfa_offset 56
 3601 0006 1F46     		mov	r7, r3
 3602 0008 9DF838A0 		ldrb	r10, [sp, #56]	@ zero_extendqisi2
 3603 000c 9DF83C90 		ldrb	r9, [sp, #60]	@ zero_extendqisi2
 3604 0010 BDF840B0 		ldrh	fp, [sp, #64]
 221:Drivers/STM32F4xx_HAL_Driver/Src/stm32f4xx_hal_hcd.c ****   uint32_t HostCoreSpeed;
 3605              		.loc 1 221 3 is_stmt 1 view .LVU1102
 222:Drivers/STM32F4xx_HAL_Driver/Src/stm32f4xx_hal_hcd.c ****   uint32_t HCcharMps = mps;
 3606              		.loc 1 222 3 view .LVU1103
 223:Drivers/STM32F4xx_HAL_Driver/Src/stm32f4xx_hal_hcd.c **** 
 3607              		.loc 1 223 3 view .LVU1104
 3608              	.LVL260:
 225:Drivers/STM32F4xx_HAL_Driver/Src/stm32f4xx_hal_hcd.c ****   hhcd->hc[ch_num].do_ping = 0U;
 3609              		.loc 1 225 3 view .LVU1105
 225:Drivers/STM32F4xx_HAL_Driver/Src/stm32f4xx_hal_hcd.c ****   hhcd->hc[ch_num].do_ping = 0U;
 3610              		.loc 1 225 3 view .LVU1106
 3611 0014 90F8D433 		ldrb	r3, [r0, #980]	@ zero_extendqisi2
 3612              	.LVL261:
 225:Drivers/STM32F4xx_HAL_Driver/Src/stm32f4xx_hal_hcd.c ****   hhcd->hc[ch_num].do_ping = 0U;
 3613              		.loc 1 225 3 is_stmt 0 view .LVU1107
 3614 0018 012B     		cmp	r3, #1
 3615 001a 54D0     		beq	.L227
 3616 001c 0546     		mov	r5, r0
 3617 001e 0C46     		mov	r4, r1
 3618 0020 1646     		mov	r6, r2
 3619 0022 D846     		mov	r8, fp
 225:Drivers/STM32F4xx_HAL_Driver/Src/stm32f4xx_hal_hcd.c ****   hhcd->hc[ch_num].do_ping = 0U;
 3620              		.loc 1 225 3 is_stmt 1 discriminator 2 view .LVU1108
 3621 0024 0123     		movs	r3, #1
 3622 0026 80F8D433 		strb	r3, [r0, #980]
 225:Drivers/STM32F4xx_HAL_Driver/Src/stm32f4xx_hal_hcd.c ****   hhcd->hc[ch_num].do_ping = 0U;
 3623              		.loc 1 225 3 view .LVU1109
 226:Drivers/STM32F4xx_HAL_Driver/Src/stm32f4xx_hal_hcd.c ****   hhcd->hc[ch_num].dev_addr = dev_address;
 3624              		.loc 1 226 3 view .LVU1110
 226:Drivers/STM32F4xx_HAL_Driver/Src/stm32f4xx_hal_hcd.c ****   hhcd->hc[ch_num].dev_addr = dev_address;
 3625              		.loc 1 226 28 is_stmt 0 view .LVU1111
 3626 002a C1EB0113 		rsb	r3, r1, r1, lsl #4
 3627 002e 00EB8303 		add	r3, r0, r3, lsl #2
 3628 0032 0022     		movs	r2, #0
 3629              	.LVL262:
 226:Drivers/STM32F4xx_HAL_Driver/Src/stm32f4xx_hal_hcd.c ****   hhcd->hc[ch_num].dev_addr = dev_address;
 3630              		.loc 1 226 28 view .LVU1112
 3631 0034 5A76     		strb	r2, [r3, #25]
 227:Drivers/STM32F4xx_HAL_Driver/Src/stm32f4xx_hal_hcd.c ****   hhcd->hc[ch_num].ch_num = ch_num;
 3632              		.loc 1 227 3 is_stmt 1 view .LVU1113
 227:Drivers/STM32F4xx_HAL_Driver/Src/stm32f4xx_hal_hcd.c ****   hhcd->hc[ch_num].ch_num = ch_num;
 3633              		.loc 1 227 29 is_stmt 0 view .LVU1114
 3634 0036 1F75     		strb	r7, [r3, #20]
 228:Drivers/STM32F4xx_HAL_Driver/Src/stm32f4xx_hal_hcd.c ****   hhcd->hc[ch_num].ep_type = ep_type;
 3635              		.loc 1 228 3 is_stmt 1 view .LVU1115
 228:Drivers/STM32F4xx_HAL_Driver/Src/stm32f4xx_hal_hcd.c ****   hhcd->hc[ch_num].ep_type = ep_type;
 3636              		.loc 1 228 27 is_stmt 0 view .LVU1116
 3637 0038 5975     		strb	r1, [r3, #21]
 229:Drivers/STM32F4xx_HAL_Driver/Src/stm32f4xx_hal_hcd.c ****   hhcd->hc[ch_num].ep_num = epnum & 0x7FU;
 3638              		.loc 1 229 3 is_stmt 1 view .LVU1117
ARM GAS  /tmp/ccPw2T3W.s 			page 117


 229:Drivers/STM32F4xx_HAL_Driver/Src/stm32f4xx_hal_hcd.c ****   hhcd->hc[ch_num].ep_num = epnum & 0x7FU;
 3639              		.loc 1 229 28 is_stmt 0 view .LVU1118
 3640 003a 83F82690 		strb	r9, [r3, #38]
 230:Drivers/STM32F4xx_HAL_Driver/Src/stm32f4xx_hal_hcd.c **** 
 3641              		.loc 1 230 3 is_stmt 1 view .LVU1119
 230:Drivers/STM32F4xx_HAL_Driver/Src/stm32f4xx_hal_hcd.c **** 
 3642              		.loc 1 230 35 is_stmt 0 view .LVU1120
 3643 003e 06F07F02 		and	r2, r6, #127
 230:Drivers/STM32F4xx_HAL_Driver/Src/stm32f4xx_hal_hcd.c **** 
 3644              		.loc 1 230 27 view .LVU1121
 3645 0042 9A75     		strb	r2, [r3, #22]
 232:Drivers/STM32F4xx_HAL_Driver/Src/stm32f4xx_hal_hcd.c **** 
 3646              		.loc 1 232 3 is_stmt 1 view .LVU1122
 232:Drivers/STM32F4xx_HAL_Driver/Src/stm32f4xx_hal_hcd.c **** 
 3647              		.loc 1 232 9 is_stmt 0 view .LVU1123
 3648 0044 FFF7FEFF 		bl	HAL_HCD_HC_ClearHubInfo
 3649              	.LVL263:
 234:Drivers/STM32F4xx_HAL_Driver/Src/stm32f4xx_hal_hcd.c ****   {
 3650              		.loc 1 234 3 is_stmt 1 view .LVU1124
 234:Drivers/STM32F4xx_HAL_Driver/Src/stm32f4xx_hal_hcd.c ****   {
 3651              		.loc 1 234 6 is_stmt 0 view .LVU1125
 3652 0048 16F0800F 		tst	r6, #128
 3653 004c 29D1     		bne	.L230
 240:Drivers/STM32F4xx_HAL_Driver/Src/stm32f4xx_hal_hcd.c ****   }
 3654              		.loc 1 240 5 is_stmt 1 view .LVU1126
 240:Drivers/STM32F4xx_HAL_Driver/Src/stm32f4xx_hal_hcd.c ****   }
 3655              		.loc 1 240 31 is_stmt 0 view .LVU1127
 3656 004e C4EB0413 		rsb	r3, r4, r4, lsl #4
 3657 0052 05EB8303 		add	r3, r5, r3, lsl #2
 3658 0056 0022     		movs	r2, #0
 3659 0058 DA75     		strb	r2, [r3, #23]
 3660              	.L225:
 243:Drivers/STM32F4xx_HAL_Driver/Src/stm32f4xx_hal_hcd.c **** 
 3661              		.loc 1 243 3 is_stmt 1 view .LVU1128
 243:Drivers/STM32F4xx_HAL_Driver/Src/stm32f4xx_hal_hcd.c **** 
 3662              		.loc 1 243 19 is_stmt 0 view .LVU1129
 3663 005a 2868     		ldr	r0, [r5]
 3664 005c FFF7FEFF 		bl	USB_GetHostSpeed
 3665              	.LVL264:
 245:Drivers/STM32F4xx_HAL_Driver/Src/stm32f4xx_hal_hcd.c ****   {
 3666              		.loc 1 245 3 is_stmt 1 view .LVU1130
 245:Drivers/STM32F4xx_HAL_Driver/Src/stm32f4xx_hal_hcd.c ****   {
 3667              		.loc 1 245 6 is_stmt 0 view .LVU1131
 3668 0060 B9F1010F 		cmp	r9, #1
 3669 0064 24D0     		beq	.L231
 3670              	.L226:
 3671              	.LVL265:
 258:Drivers/STM32F4xx_HAL_Driver/Src/stm32f4xx_hal_hcd.c ****   hhcd->hc[ch_num].max_packet = (uint16_t)HCcharMps;
 3672              		.loc 1 258 3 is_stmt 1 view .LVU1132
 258:Drivers/STM32F4xx_HAL_Driver/Src/stm32f4xx_hal_hcd.c ****   hhcd->hc[ch_num].max_packet = (uint16_t)HCcharMps;
 3673              		.loc 1 258 26 is_stmt 0 view .LVU1133
 3674 0066 C4EB0413 		rsb	r3, r4, r4, lsl #4
 3675 006a 05EB8303 		add	r3, r5, r3, lsl #2
 3676 006e 83F818A0 		strb	r10, [r3, #24]
 259:Drivers/STM32F4xx_HAL_Driver/Src/stm32f4xx_hal_hcd.c **** 
 3677              		.loc 1 259 3 is_stmt 1 view .LVU1134
 259:Drivers/STM32F4xx_HAL_Driver/Src/stm32f4xx_hal_hcd.c **** 
ARM GAS  /tmp/ccPw2T3W.s 			page 118


 3678              		.loc 1 259 33 is_stmt 0 view .LVU1135
 3679 0072 1FFA88F3 		uxth	r3, r8
 259:Drivers/STM32F4xx_HAL_Driver/Src/stm32f4xx_hal_hcd.c **** 
 3680              		.loc 1 259 31 view .LVU1136
 3681 0076 C4EB0412 		rsb	r2, r4, r4, lsl #4
 3682 007a 05EB8202 		add	r2, r5, r2, lsl #2
 3683 007e 1385     		strh	r3, [r2, #40]	@ movhi
 261:Drivers/STM32F4xx_HAL_Driver/Src/stm32f4xx_hal_hcd.c ****                         dev_address, speed, ep_type, (uint16_t)HCcharMps);
 3684              		.loc 1 261 3 is_stmt 1 view .LVU1137
 261:Drivers/STM32F4xx_HAL_Driver/Src/stm32f4xx_hal_hcd.c ****                         dev_address, speed, ep_type, (uint16_t)HCcharMps);
 3685              		.loc 1 261 13 is_stmt 0 view .LVU1138
 3686 0080 0293     		str	r3, [sp, #8]
 3687 0082 CDF80490 		str	r9, [sp, #4]
 3688 0086 CDF800A0 		str	r10, [sp]
 3689 008a 3B46     		mov	r3, r7
 3690 008c 3246     		mov	r2, r6
 3691 008e 2146     		mov	r1, r4
 3692 0090 2868     		ldr	r0, [r5]
 3693              	.LVL266:
 261:Drivers/STM32F4xx_HAL_Driver/Src/stm32f4xx_hal_hcd.c ****                         dev_address, speed, ep_type, (uint16_t)HCcharMps);
 3694              		.loc 1 261 13 view .LVU1139
 3695 0092 FFF7FEFF 		bl	USB_HC_Init
 3696              	.LVL267:
 264:Drivers/STM32F4xx_HAL_Driver/Src/stm32f4xx_hal_hcd.c **** 
 3697              		.loc 1 264 3 is_stmt 1 view .LVU1140
 264:Drivers/STM32F4xx_HAL_Driver/Src/stm32f4xx_hal_hcd.c **** 
 3698              		.loc 1 264 3 view .LVU1141
 3699 0096 0023     		movs	r3, #0
 3700 0098 85F8D433 		strb	r3, [r5, #980]
 264:Drivers/STM32F4xx_HAL_Driver/Src/stm32f4xx_hal_hcd.c **** 
 3701              		.loc 1 264 3 view .LVU1142
 266:Drivers/STM32F4xx_HAL_Driver/Src/stm32f4xx_hal_hcd.c **** }
 3702              		.loc 1 266 3 view .LVU1143
 3703              	.LVL268:
 3704              	.L223:
 267:Drivers/STM32F4xx_HAL_Driver/Src/stm32f4xx_hal_hcd.c **** 
 3705              		.loc 1 267 1 is_stmt 0 view .LVU1144
 3706 009c 05B0     		add	sp, sp, #20
 3707              	.LCFI28:
 3708              		.cfi_remember_state
 3709              		.cfi_def_cfa_offset 36
 3710              		@ sp needed
 3711 009e BDE8F08F 		pop	{r4, r5, r6, r7, r8, r9, r10, fp, pc}
 3712              	.LVL269:
 3713              	.L230:
 3714              	.LCFI29:
 3715              		.cfi_restore_state
 236:Drivers/STM32F4xx_HAL_Driver/Src/stm32f4xx_hal_hcd.c ****   }
 3716              		.loc 1 236 5 is_stmt 1 view .LVU1145
 236:Drivers/STM32F4xx_HAL_Driver/Src/stm32f4xx_hal_hcd.c ****   }
 3717              		.loc 1 236 31 is_stmt 0 view .LVU1146
 3718 00a2 C4EB0413 		rsb	r3, r4, r4, lsl #4
 3719 00a6 05EB8303 		add	r3, r5, r3, lsl #2
 3720 00aa 0122     		movs	r2, #1
 3721 00ac DA75     		strb	r2, [r3, #23]
 3722 00ae D4E7     		b	.L225
 3723              	.LVL270:
ARM GAS  /tmp/ccPw2T3W.s 			page 119


 3724              	.L231:
 248:Drivers/STM32F4xx_HAL_Driver/Src/stm32f4xx_hal_hcd.c ****     {
 3725              		.loc 1 248 5 is_stmt 1 view .LVU1147
 248:Drivers/STM32F4xx_HAL_Driver/Src/stm32f4xx_hal_hcd.c ****     {
 3726              		.loc 1 248 8 is_stmt 0 view .LVU1148
 3727 00b0 BAF1010F 		cmp	r10, #1
 3728 00b4 D7D1     		bne	.L226
 248:Drivers/STM32F4xx_HAL_Driver/Src/stm32f4xx_hal_hcd.c ****     {
 3729              		.loc 1 248 42 discriminator 1 view .LVU1149
 3730 00b6 0028     		cmp	r0, #0
 3731 00b8 D5D1     		bne	.L226
 250:Drivers/STM32F4xx_HAL_Driver/Src/stm32f4xx_hal_hcd.c ****       {
 3732              		.loc 1 250 7 is_stmt 1 view .LVU1150
 250:Drivers/STM32F4xx_HAL_Driver/Src/stm32f4xx_hal_hcd.c ****       {
 3733              		.loc 1 250 10 is_stmt 0 view .LVU1151
 3734 00ba BBF1BC0F 		cmp	fp, #188
 3735 00be D2D9     		bls	.L226
 253:Drivers/STM32F4xx_HAL_Driver/Src/stm32f4xx_hal_hcd.c ****       }
 3736              		.loc 1 253 19 view .LVU1152
 3737 00c0 4FF0BC08 		mov	r8, #188
 3738              	.LVL271:
 253:Drivers/STM32F4xx_HAL_Driver/Src/stm32f4xx_hal_hcd.c ****       }
 3739              		.loc 1 253 19 view .LVU1153
 3740 00c4 CFE7     		b	.L226
 3741              	.LVL272:
 3742              	.L227:
 225:Drivers/STM32F4xx_HAL_Driver/Src/stm32f4xx_hal_hcd.c ****   hhcd->hc[ch_num].do_ping = 0U;
 3743              		.loc 1 225 3 discriminator 1 view .LVU1154
 3744 00c6 0220     		movs	r0, #2
 3745              	.LVL273:
 225:Drivers/STM32F4xx_HAL_Driver/Src/stm32f4xx_hal_hcd.c ****   hhcd->hc[ch_num].do_ping = 0U;
 3746              		.loc 1 225 3 discriminator 1 view .LVU1155
 3747 00c8 E8E7     		b	.L223
 3748              		.cfi_endproc
 3749              	.LFE240:
 3751              		.text
 3752              	.Letext0:
 3753              		.file 2 "/opt/st/stm32cubeclt_1.21.0/GNU-tools-for-STM32/arm-none-eabi/include/machine/_default_ty
 3754              		.file 3 "/opt/st/stm32cubeclt_1.21.0/GNU-tools-for-STM32/arm-none-eabi/include/sys/_stdint.h"
 3755              		.file 4 "Drivers/CMSIS/Device/ST/STM32F4xx/Include/stm32f407xx.h"
 3756              		.file 5 "Drivers/STM32F4xx_HAL_Driver/Inc/stm32f4xx_hal_def.h"
 3757              		.file 6 "Drivers/STM32F4xx_HAL_Driver/Inc/stm32f4xx_ll_usb.h"
 3758              		.file 7 "Drivers/STM32F4xx_HAL_Driver/Inc/stm32f4xx_hal_hcd.h"
ARM GAS  /tmp/ccPw2T3W.s 			page 120


DEFINED SYMBOLS
                            *ABS*:00000000 stm32f4xx_hal_hcd.c
     /tmp/ccPw2T3W.s:21     .text.HCD_RXQLVL_IRQHandler:00000000 $t
     /tmp/ccPw2T3W.s:26     .text.HCD_RXQLVL_IRQHandler:00000000 HCD_RXQLVL_IRQHandler
     /tmp/ccPw2T3W.s:190    .text.HCD_RXQLVL_IRQHandler:000000a8 $d
     /tmp/ccPw2T3W.s:195    .text.HAL_HCD_HC_Halt:00000000 $t
     /tmp/ccPw2T3W.s:201    .text.HAL_HCD_HC_Halt:00000000 HAL_HCD_HC_Halt
     /tmp/ccPw2T3W.s:255    .text.HAL_HCD_MspInit:00000000 $t
     /tmp/ccPw2T3W.s:261    .text.HAL_HCD_MspInit:00000000 HAL_HCD_MspInit
     /tmp/ccPw2T3W.s:276    .text.HAL_HCD_Init:00000000 $t
     /tmp/ccPw2T3W.s:282    .text.HAL_HCD_Init:00000000 HAL_HCD_Init
     /tmp/ccPw2T3W.s:435    .text.HAL_HCD_MspDeInit:00000000 $t
     /tmp/ccPw2T3W.s:441    .text.HAL_HCD_MspDeInit:00000000 HAL_HCD_MspDeInit
     /tmp/ccPw2T3W.s:456    .text.HAL_HCD_DeInit:00000000 $t
     /tmp/ccPw2T3W.s:462    .text.HAL_HCD_DeInit:00000000 HAL_HCD_DeInit
     /tmp/ccPw2T3W.s:512    .text.HAL_HCD_HC_SubmitRequest:00000000 $t
     /tmp/ccPw2T3W.s:518    .text.HAL_HCD_HC_SubmitRequest:00000000 HAL_HCD_HC_SubmitRequest
     /tmp/ccPw2T3W.s:562    .text.HAL_HCD_HC_SubmitRequest:0000003e $d
     /tmp/ccPw2T3W.s:566    .text.HAL_HCD_HC_SubmitRequest:00000042 $t
     /tmp/ccPw2T3W.s:839    .text.HAL_HCD_WKUP_IRQHandler:00000000 $t
     /tmp/ccPw2T3W.s:845    .text.HAL_HCD_WKUP_IRQHandler:00000000 HAL_HCD_WKUP_IRQHandler
     /tmp/ccPw2T3W.s:860    .text.HAL_HCD_SOF_Callback:00000000 $t
     /tmp/ccPw2T3W.s:866    .text.HAL_HCD_SOF_Callback:00000000 HAL_HCD_SOF_Callback
     /tmp/ccPw2T3W.s:881    .text.HAL_HCD_Connect_Callback:00000000 $t
     /tmp/ccPw2T3W.s:887    .text.HAL_HCD_Connect_Callback:00000000 HAL_HCD_Connect_Callback
     /tmp/ccPw2T3W.s:902    .text.HAL_HCD_Disconnect_Callback:00000000 $t
     /tmp/ccPw2T3W.s:908    .text.HAL_HCD_Disconnect_Callback:00000000 HAL_HCD_Disconnect_Callback
     /tmp/ccPw2T3W.s:923    .text.HAL_HCD_PortEnabled_Callback:00000000 $t
     /tmp/ccPw2T3W.s:929    .text.HAL_HCD_PortEnabled_Callback:00000000 HAL_HCD_PortEnabled_Callback
     /tmp/ccPw2T3W.s:944    .text.HAL_HCD_PortDisabled_Callback:00000000 $t
     /tmp/ccPw2T3W.s:950    .text.HAL_HCD_PortDisabled_Callback:00000000 HAL_HCD_PortDisabled_Callback
     /tmp/ccPw2T3W.s:965    .text.HCD_Port_IRQHandler:00000000 $t
     /tmp/ccPw2T3W.s:970    .text.HCD_Port_IRQHandler:00000000 HCD_Port_IRQHandler
     /tmp/ccPw2T3W.s:1136   .text.HAL_HCD_HC_NotifyURBChange_Callback:00000000 $t
     /tmp/ccPw2T3W.s:1142   .text.HAL_HCD_HC_NotifyURBChange_Callback:00000000 HAL_HCD_HC_NotifyURBChange_Callback
     /tmp/ccPw2T3W.s:1159   .text.HCD_HC_IN_IRQHandler:00000000 $t
     /tmp/ccPw2T3W.s:1164   .text.HCD_HC_IN_IRQHandler:00000000 HCD_HC_IN_IRQHandler
     /tmp/ccPw2T3W.s:1415   .text.HCD_HC_IN_IRQHandler:0000017c $d
     /tmp/ccPw2T3W.s:1419   .text.HCD_HC_IN_IRQHandler:00000180 $t
     /tmp/ccPw2T3W.s:1581   .text.HCD_HC_IN_IRQHandler:000002a4 $d
     /tmp/ccPw2T3W.s:1590   .text.HCD_HC_IN_IRQHandler:000002c8 $t
     /tmp/ccPw2T3W.s:2090   .text.HCD_HC_OUT_IRQHandler:00000000 $t
     /tmp/ccPw2T3W.s:2095   .text.HCD_HC_OUT_IRQHandler:00000000 HCD_HC_OUT_IRQHandler
     /tmp/ccPw2T3W.s:2616   .text.HCD_HC_OUT_IRQHandler:00000334 $d
     /tmp/ccPw2T3W.s:2625   .text.HCD_HC_OUT_IRQHandler:00000358 $t
     /tmp/ccPw2T3W.s:2837   .text.HAL_HCD_IRQHandler:00000000 $t
     /tmp/ccPw2T3W.s:2843   .text.HAL_HCD_IRQHandler:00000000 HAL_HCD_IRQHandler
     /tmp/ccPw2T3W.s:3123   .text.HAL_HCD_Start:00000000 $t
     /tmp/ccPw2T3W.s:3129   .text.HAL_HCD_Start:00000000 HAL_HCD_Start
     /tmp/ccPw2T3W.s:3186   .text.HAL_HCD_Stop:00000000 $t
     /tmp/ccPw2T3W.s:3192   .text.HAL_HCD_Stop:00000000 HAL_HCD_Stop
     /tmp/ccPw2T3W.s:3245   .text.HAL_HCD_ResetPort:00000000 $t
     /tmp/ccPw2T3W.s:3251   .text.HAL_HCD_ResetPort:00000000 HAL_HCD_ResetPort
     /tmp/ccPw2T3W.s:3277   .text.HAL_HCD_GetState:00000000 $t
     /tmp/ccPw2T3W.s:3283   .text.HAL_HCD_GetState:00000000 HAL_HCD_GetState
     /tmp/ccPw2T3W.s:3301   .text.HAL_HCD_HC_GetURBState:00000000 $t
     /tmp/ccPw2T3W.s:3307   .text.HAL_HCD_HC_GetURBState:00000000 HAL_HCD_HC_GetURBState
ARM GAS  /tmp/ccPw2T3W.s 			page 121


     /tmp/ccPw2T3W.s:3329   .text.HAL_HCD_HC_GetXferCount:00000000 $t
     /tmp/ccPw2T3W.s:3335   .text.HAL_HCD_HC_GetXferCount:00000000 HAL_HCD_HC_GetXferCount
     /tmp/ccPw2T3W.s:3357   .text.HAL_HCD_HC_GetState:00000000 $t
     /tmp/ccPw2T3W.s:3363   .text.HAL_HCD_HC_GetState:00000000 HAL_HCD_HC_GetState
     /tmp/ccPw2T3W.s:3385   .text.HAL_HCD_GetCurrentFrame:00000000 $t
     /tmp/ccPw2T3W.s:3391   .text.HAL_HCD_GetCurrentFrame:00000000 HAL_HCD_GetCurrentFrame
     /tmp/ccPw2T3W.s:3417   .text.HAL_HCD_GetCurrentSpeed:00000000 $t
     /tmp/ccPw2T3W.s:3423   .text.HAL_HCD_GetCurrentSpeed:00000000 HAL_HCD_GetCurrentSpeed
     /tmp/ccPw2T3W.s:3449   .text.HAL_HCD_HC_SetHubInfo:00000000 $t
     /tmp/ccPw2T3W.s:3455   .text.HAL_HCD_HC_SetHubInfo:00000000 HAL_HCD_HC_SetHubInfo
     /tmp/ccPw2T3W.s:3534   .text.HAL_HCD_HC_ClearHubInfo:00000000 $t
     /tmp/ccPw2T3W.s:3540   .text.HAL_HCD_HC_ClearHubInfo:00000000 HAL_HCD_HC_ClearHubInfo
     /tmp/ccPw2T3W.s:3572   .text.HAL_HCD_HC_Init:00000000 $t
     /tmp/ccPw2T3W.s:3578   .text.HAL_HCD_HC_Init:00000000 HAL_HCD_HC_Init

UNDEFINED SYMBOLS
USB_ReadPacket
USB_HC_Halt
USB_DisableGlobalInt
USB_CoreInit
USB_SetCurrentMode
USB_HostInit
USB_HC_StartXfer
USB_InitFSLSPClkSel
USB_ReadChInterrupts
USB_GetMode
USB_ReadInterrupts
USB_FlushTxFifo
USB_FlushRxFifo
USB_HC_ReadInterrupt
USB_DriveVbus
USB_EnableGlobalInt
USB_StopHost
USB_ResetPort
USB_GetCurrentFrame
USB_GetHostSpeed
USB_HC_Init
