ARM GAS  /tmp/cccSJnlz.s 			page 1


   1              		.cpu cortex-m4
   2              		.arch armv7e-m
   3              		.fpu fpv4-sp-d16
   4              		.eabi_attribute 27, 1
   5              		.eabi_attribute 28, 1
   6              		.eabi_attribute 20, 1
   7              		.eabi_attribute 21, 1
   8              		.eabi_attribute 23, 3
   9              		.eabi_attribute 24, 1
  10              		.eabi_attribute 25, 1
  11              		.eabi_attribute 26, 1
  12              		.eabi_attribute 30, 1
  13              		.eabi_attribute 34, 1
  14              		.eabi_attribute 18, 4
  15              		.file	"stm32f4xx_ll_usb.c"
  16              		.text
  17              	.Ltext0:
  18              		.cfi_sections	.debug_frame
  19              		.file 1 "Drivers/STM32F4xx_HAL_Driver/Src/stm32f4xx_ll_usb.c"
  20              		.section	.text.USB_CoreReset,"ax",%progbits
  21              		.align	1
  22              		.syntax unified
  23              		.thumb
  24              		.thumb_func
  26              	USB_CoreReset:
  27              	.LVL0:
  28              	.LFB273:
   1:Drivers/STM32F4xx_HAL_Driver/Src/stm32f4xx_ll_usb.c **** /**
   2:Drivers/STM32F4xx_HAL_Driver/Src/stm32f4xx_ll_usb.c ****   ******************************************************************************
   3:Drivers/STM32F4xx_HAL_Driver/Src/stm32f4xx_ll_usb.c ****   * @file    stm32f4xx_ll_usb.c
   4:Drivers/STM32F4xx_HAL_Driver/Src/stm32f4xx_ll_usb.c ****   * @author  MCD Application Team
   5:Drivers/STM32F4xx_HAL_Driver/Src/stm32f4xx_ll_usb.c ****   * @brief   USB Low Layer HAL module driver.
   6:Drivers/STM32F4xx_HAL_Driver/Src/stm32f4xx_ll_usb.c ****   *
   7:Drivers/STM32F4xx_HAL_Driver/Src/stm32f4xx_ll_usb.c ****   *          This file provides firmware functions to manage the following
   8:Drivers/STM32F4xx_HAL_Driver/Src/stm32f4xx_ll_usb.c ****   *          functionalities of the USB Peripheral Controller:
   9:Drivers/STM32F4xx_HAL_Driver/Src/stm32f4xx_ll_usb.c ****   *           + Initialization/de-initialization functions
  10:Drivers/STM32F4xx_HAL_Driver/Src/stm32f4xx_ll_usb.c ****   *           + I/O operation functions
  11:Drivers/STM32F4xx_HAL_Driver/Src/stm32f4xx_ll_usb.c ****   *           + Peripheral Control functions
  12:Drivers/STM32F4xx_HAL_Driver/Src/stm32f4xx_ll_usb.c ****   *           + Peripheral State functions
  13:Drivers/STM32F4xx_HAL_Driver/Src/stm32f4xx_ll_usb.c ****   *
  14:Drivers/STM32F4xx_HAL_Driver/Src/stm32f4xx_ll_usb.c ****   ******************************************************************************
  15:Drivers/STM32F4xx_HAL_Driver/Src/stm32f4xx_ll_usb.c ****   * @attention
  16:Drivers/STM32F4xx_HAL_Driver/Src/stm32f4xx_ll_usb.c ****   *
  17:Drivers/STM32F4xx_HAL_Driver/Src/stm32f4xx_ll_usb.c ****   * Copyright (c) 2016 STMicroelectronics.
  18:Drivers/STM32F4xx_HAL_Driver/Src/stm32f4xx_ll_usb.c ****   * All rights reserved.
  19:Drivers/STM32F4xx_HAL_Driver/Src/stm32f4xx_ll_usb.c ****   *
  20:Drivers/STM32F4xx_HAL_Driver/Src/stm32f4xx_ll_usb.c ****   * This software is licensed under terms that can be found in the LICENSE file
  21:Drivers/STM32F4xx_HAL_Driver/Src/stm32f4xx_ll_usb.c ****   * in the root directory of this software component.
  22:Drivers/STM32F4xx_HAL_Driver/Src/stm32f4xx_ll_usb.c ****   * If no LICENSE file comes with this software, it is provided AS-IS.
  23:Drivers/STM32F4xx_HAL_Driver/Src/stm32f4xx_ll_usb.c ****   *
  24:Drivers/STM32F4xx_HAL_Driver/Src/stm32f4xx_ll_usb.c ****   ******************************************************************************
  25:Drivers/STM32F4xx_HAL_Driver/Src/stm32f4xx_ll_usb.c ****   @verbatim
  26:Drivers/STM32F4xx_HAL_Driver/Src/stm32f4xx_ll_usb.c ****   ==============================================================================
  27:Drivers/STM32F4xx_HAL_Driver/Src/stm32f4xx_ll_usb.c ****                     ##### How to use this driver #####
  28:Drivers/STM32F4xx_HAL_Driver/Src/stm32f4xx_ll_usb.c ****   ==============================================================================
  29:Drivers/STM32F4xx_HAL_Driver/Src/stm32f4xx_ll_usb.c ****     [..]
  30:Drivers/STM32F4xx_HAL_Driver/Src/stm32f4xx_ll_usb.c ****       (#) Fill parameters of Init structure in USB_CfgTypeDef structure.
ARM GAS  /tmp/cccSJnlz.s 			page 2


  31:Drivers/STM32F4xx_HAL_Driver/Src/stm32f4xx_ll_usb.c **** 
  32:Drivers/STM32F4xx_HAL_Driver/Src/stm32f4xx_ll_usb.c ****       (#) Call USB_CoreInit() API to initialize the USB Core peripheral.
  33:Drivers/STM32F4xx_HAL_Driver/Src/stm32f4xx_ll_usb.c **** 
  34:Drivers/STM32F4xx_HAL_Driver/Src/stm32f4xx_ll_usb.c ****       (#) The upper HAL HCD/PCD driver will call the right routines for its internal processes.
  35:Drivers/STM32F4xx_HAL_Driver/Src/stm32f4xx_ll_usb.c **** 
  36:Drivers/STM32F4xx_HAL_Driver/Src/stm32f4xx_ll_usb.c ****   @endverbatim
  37:Drivers/STM32F4xx_HAL_Driver/Src/stm32f4xx_ll_usb.c **** 
  38:Drivers/STM32F4xx_HAL_Driver/Src/stm32f4xx_ll_usb.c ****   ******************************************************************************
  39:Drivers/STM32F4xx_HAL_Driver/Src/stm32f4xx_ll_usb.c ****   */
  40:Drivers/STM32F4xx_HAL_Driver/Src/stm32f4xx_ll_usb.c **** 
  41:Drivers/STM32F4xx_HAL_Driver/Src/stm32f4xx_ll_usb.c **** /* Includes ------------------------------------------------------------------*/
  42:Drivers/STM32F4xx_HAL_Driver/Src/stm32f4xx_ll_usb.c **** #include "stm32f4xx_hal.h"
  43:Drivers/STM32F4xx_HAL_Driver/Src/stm32f4xx_ll_usb.c **** 
  44:Drivers/STM32F4xx_HAL_Driver/Src/stm32f4xx_ll_usb.c **** /** @addtogroup STM32F4xx_LL_USB_DRIVER
  45:Drivers/STM32F4xx_HAL_Driver/Src/stm32f4xx_ll_usb.c ****   * @{
  46:Drivers/STM32F4xx_HAL_Driver/Src/stm32f4xx_ll_usb.c ****   */
  47:Drivers/STM32F4xx_HAL_Driver/Src/stm32f4xx_ll_usb.c **** 
  48:Drivers/STM32F4xx_HAL_Driver/Src/stm32f4xx_ll_usb.c **** #if defined (HAL_PCD_MODULE_ENABLED) || defined (HAL_HCD_MODULE_ENABLED)
  49:Drivers/STM32F4xx_HAL_Driver/Src/stm32f4xx_ll_usb.c **** #if defined (USB_OTG_FS) || defined (USB_OTG_HS)
  50:Drivers/STM32F4xx_HAL_Driver/Src/stm32f4xx_ll_usb.c **** /* Private typedef -----------------------------------------------------------*/
  51:Drivers/STM32F4xx_HAL_Driver/Src/stm32f4xx_ll_usb.c **** /* Private define ------------------------------------------------------------*/
  52:Drivers/STM32F4xx_HAL_Driver/Src/stm32f4xx_ll_usb.c **** /* Private macro -------------------------------------------------------------*/
  53:Drivers/STM32F4xx_HAL_Driver/Src/stm32f4xx_ll_usb.c **** /* Private variables ---------------------------------------------------------*/
  54:Drivers/STM32F4xx_HAL_Driver/Src/stm32f4xx_ll_usb.c **** /* Private function prototypes -----------------------------------------------*/
  55:Drivers/STM32F4xx_HAL_Driver/Src/stm32f4xx_ll_usb.c **** /* Private functions ---------------------------------------------------------*/
  56:Drivers/STM32F4xx_HAL_Driver/Src/stm32f4xx_ll_usb.c **** #if defined (USB_OTG_FS) || defined (USB_OTG_HS)
  57:Drivers/STM32F4xx_HAL_Driver/Src/stm32f4xx_ll_usb.c **** static HAL_StatusTypeDef USB_CoreReset(USB_OTG_GlobalTypeDef *USBx);
  58:Drivers/STM32F4xx_HAL_Driver/Src/stm32f4xx_ll_usb.c **** 
  59:Drivers/STM32F4xx_HAL_Driver/Src/stm32f4xx_ll_usb.c **** /* Exported functions --------------------------------------------------------*/
  60:Drivers/STM32F4xx_HAL_Driver/Src/stm32f4xx_ll_usb.c **** /** @defgroup USB_LL_Exported_Functions USB Low Layer Exported Functions
  61:Drivers/STM32F4xx_HAL_Driver/Src/stm32f4xx_ll_usb.c ****   * @{
  62:Drivers/STM32F4xx_HAL_Driver/Src/stm32f4xx_ll_usb.c ****   */
  63:Drivers/STM32F4xx_HAL_Driver/Src/stm32f4xx_ll_usb.c **** 
  64:Drivers/STM32F4xx_HAL_Driver/Src/stm32f4xx_ll_usb.c **** /** @defgroup USB_LL_Exported_Functions_Group1 Initialization/de-initialization functions
  65:Drivers/STM32F4xx_HAL_Driver/Src/stm32f4xx_ll_usb.c ****   *  @brief    Initialization and Configuration functions
  66:Drivers/STM32F4xx_HAL_Driver/Src/stm32f4xx_ll_usb.c ****   *
  67:Drivers/STM32F4xx_HAL_Driver/Src/stm32f4xx_ll_usb.c **** @verbatim
  68:Drivers/STM32F4xx_HAL_Driver/Src/stm32f4xx_ll_usb.c ****  ===============================================================================
  69:Drivers/STM32F4xx_HAL_Driver/Src/stm32f4xx_ll_usb.c ****                       ##### Initialization/de-initialization functions #####
  70:Drivers/STM32F4xx_HAL_Driver/Src/stm32f4xx_ll_usb.c ****  ===============================================================================
  71:Drivers/STM32F4xx_HAL_Driver/Src/stm32f4xx_ll_usb.c **** 
  72:Drivers/STM32F4xx_HAL_Driver/Src/stm32f4xx_ll_usb.c **** @endverbatim
  73:Drivers/STM32F4xx_HAL_Driver/Src/stm32f4xx_ll_usb.c ****   * @{
  74:Drivers/STM32F4xx_HAL_Driver/Src/stm32f4xx_ll_usb.c ****   */
  75:Drivers/STM32F4xx_HAL_Driver/Src/stm32f4xx_ll_usb.c **** 
  76:Drivers/STM32F4xx_HAL_Driver/Src/stm32f4xx_ll_usb.c **** /**
  77:Drivers/STM32F4xx_HAL_Driver/Src/stm32f4xx_ll_usb.c ****   * @brief  Initializes the USB Core
  78:Drivers/STM32F4xx_HAL_Driver/Src/stm32f4xx_ll_usb.c ****   * @param  USBx USB Instance
  79:Drivers/STM32F4xx_HAL_Driver/Src/stm32f4xx_ll_usb.c ****   * @param  cfg pointer to a USB_OTG_CfgTypeDef structure that contains
  80:Drivers/STM32F4xx_HAL_Driver/Src/stm32f4xx_ll_usb.c ****   *         the configuration information for the specified USBx peripheral.
  81:Drivers/STM32F4xx_HAL_Driver/Src/stm32f4xx_ll_usb.c ****   * @retval HAL status
  82:Drivers/STM32F4xx_HAL_Driver/Src/stm32f4xx_ll_usb.c ****   */
  83:Drivers/STM32F4xx_HAL_Driver/Src/stm32f4xx_ll_usb.c **** HAL_StatusTypeDef USB_CoreInit(USB_OTG_GlobalTypeDef *USBx, USB_OTG_CfgTypeDef cfg)
  84:Drivers/STM32F4xx_HAL_Driver/Src/stm32f4xx_ll_usb.c **** {
  85:Drivers/STM32F4xx_HAL_Driver/Src/stm32f4xx_ll_usb.c ****   HAL_StatusTypeDef ret;
  86:Drivers/STM32F4xx_HAL_Driver/Src/stm32f4xx_ll_usb.c ****   if (cfg.phy_itface == USB_OTG_ULPI_PHY)
  87:Drivers/STM32F4xx_HAL_Driver/Src/stm32f4xx_ll_usb.c ****   {
ARM GAS  /tmp/cccSJnlz.s 			page 3


  88:Drivers/STM32F4xx_HAL_Driver/Src/stm32f4xx_ll_usb.c ****     USBx->GCCFG &= ~(USB_OTG_GCCFG_PWRDWN);
  89:Drivers/STM32F4xx_HAL_Driver/Src/stm32f4xx_ll_usb.c **** 
  90:Drivers/STM32F4xx_HAL_Driver/Src/stm32f4xx_ll_usb.c ****     /* Init The ULPI Interface */
  91:Drivers/STM32F4xx_HAL_Driver/Src/stm32f4xx_ll_usb.c ****     USBx->GUSBCFG &= ~(USB_OTG_GUSBCFG_TSDPS | USB_OTG_GUSBCFG_ULPIFSLS | USB_OTG_GUSBCFG_PHYSEL);
  92:Drivers/STM32F4xx_HAL_Driver/Src/stm32f4xx_ll_usb.c **** 
  93:Drivers/STM32F4xx_HAL_Driver/Src/stm32f4xx_ll_usb.c ****     /* Select vbus source */
  94:Drivers/STM32F4xx_HAL_Driver/Src/stm32f4xx_ll_usb.c ****     USBx->GUSBCFG &= ~(USB_OTG_GUSBCFG_ULPIEVBUSD | USB_OTG_GUSBCFG_ULPIEVBUSI);
  95:Drivers/STM32F4xx_HAL_Driver/Src/stm32f4xx_ll_usb.c ****     if (cfg.use_external_vbus == 1U)
  96:Drivers/STM32F4xx_HAL_Driver/Src/stm32f4xx_ll_usb.c ****     {
  97:Drivers/STM32F4xx_HAL_Driver/Src/stm32f4xx_ll_usb.c ****       USBx->GUSBCFG |= USB_OTG_GUSBCFG_ULPIEVBUSD;
  98:Drivers/STM32F4xx_HAL_Driver/Src/stm32f4xx_ll_usb.c ****     }
  99:Drivers/STM32F4xx_HAL_Driver/Src/stm32f4xx_ll_usb.c **** 
 100:Drivers/STM32F4xx_HAL_Driver/Src/stm32f4xx_ll_usb.c ****     /* Reset after a PHY select */
 101:Drivers/STM32F4xx_HAL_Driver/Src/stm32f4xx_ll_usb.c ****     ret = USB_CoreReset(USBx);
 102:Drivers/STM32F4xx_HAL_Driver/Src/stm32f4xx_ll_usb.c ****   }
 103:Drivers/STM32F4xx_HAL_Driver/Src/stm32f4xx_ll_usb.c ****   else /* FS interface (embedded Phy) */
 104:Drivers/STM32F4xx_HAL_Driver/Src/stm32f4xx_ll_usb.c ****   {
 105:Drivers/STM32F4xx_HAL_Driver/Src/stm32f4xx_ll_usb.c ****     /* Select FS Embedded PHY */
 106:Drivers/STM32F4xx_HAL_Driver/Src/stm32f4xx_ll_usb.c ****     USBx->GUSBCFG |= USB_OTG_GUSBCFG_PHYSEL;
 107:Drivers/STM32F4xx_HAL_Driver/Src/stm32f4xx_ll_usb.c **** 
 108:Drivers/STM32F4xx_HAL_Driver/Src/stm32f4xx_ll_usb.c ****     /* Reset after a PHY select */
 109:Drivers/STM32F4xx_HAL_Driver/Src/stm32f4xx_ll_usb.c ****     ret = USB_CoreReset(USBx);
 110:Drivers/STM32F4xx_HAL_Driver/Src/stm32f4xx_ll_usb.c **** 
 111:Drivers/STM32F4xx_HAL_Driver/Src/stm32f4xx_ll_usb.c ****     if (cfg.battery_charging_enable == 0U)
 112:Drivers/STM32F4xx_HAL_Driver/Src/stm32f4xx_ll_usb.c ****     {
 113:Drivers/STM32F4xx_HAL_Driver/Src/stm32f4xx_ll_usb.c ****       /* Activate the USB Transceiver */
 114:Drivers/STM32F4xx_HAL_Driver/Src/stm32f4xx_ll_usb.c ****       USBx->GCCFG |= USB_OTG_GCCFG_PWRDWN;
 115:Drivers/STM32F4xx_HAL_Driver/Src/stm32f4xx_ll_usb.c ****     }
 116:Drivers/STM32F4xx_HAL_Driver/Src/stm32f4xx_ll_usb.c ****     else
 117:Drivers/STM32F4xx_HAL_Driver/Src/stm32f4xx_ll_usb.c ****     {
 118:Drivers/STM32F4xx_HAL_Driver/Src/stm32f4xx_ll_usb.c ****       /* Deactivate the USB Transceiver */
 119:Drivers/STM32F4xx_HAL_Driver/Src/stm32f4xx_ll_usb.c ****       USBx->GCCFG &= ~(USB_OTG_GCCFG_PWRDWN);
 120:Drivers/STM32F4xx_HAL_Driver/Src/stm32f4xx_ll_usb.c ****     }
 121:Drivers/STM32F4xx_HAL_Driver/Src/stm32f4xx_ll_usb.c ****   }
 122:Drivers/STM32F4xx_HAL_Driver/Src/stm32f4xx_ll_usb.c **** 
 123:Drivers/STM32F4xx_HAL_Driver/Src/stm32f4xx_ll_usb.c ****   if (cfg.dma_enable == 1U)
 124:Drivers/STM32F4xx_HAL_Driver/Src/stm32f4xx_ll_usb.c ****   {
 125:Drivers/STM32F4xx_HAL_Driver/Src/stm32f4xx_ll_usb.c ****     USBx->GAHBCFG |= USB_OTG_GAHBCFG_HBSTLEN_2;
 126:Drivers/STM32F4xx_HAL_Driver/Src/stm32f4xx_ll_usb.c ****     USBx->GAHBCFG |= USB_OTG_GAHBCFG_DMAEN;
 127:Drivers/STM32F4xx_HAL_Driver/Src/stm32f4xx_ll_usb.c ****   }
 128:Drivers/STM32F4xx_HAL_Driver/Src/stm32f4xx_ll_usb.c **** 
 129:Drivers/STM32F4xx_HAL_Driver/Src/stm32f4xx_ll_usb.c ****   return ret;
 130:Drivers/STM32F4xx_HAL_Driver/Src/stm32f4xx_ll_usb.c **** }
 131:Drivers/STM32F4xx_HAL_Driver/Src/stm32f4xx_ll_usb.c **** 
 132:Drivers/STM32F4xx_HAL_Driver/Src/stm32f4xx_ll_usb.c **** 
 133:Drivers/STM32F4xx_HAL_Driver/Src/stm32f4xx_ll_usb.c **** /**
 134:Drivers/STM32F4xx_HAL_Driver/Src/stm32f4xx_ll_usb.c ****   * @brief  Set the USB turnaround time
 135:Drivers/STM32F4xx_HAL_Driver/Src/stm32f4xx_ll_usb.c ****   * @param  USBx USB Instance
 136:Drivers/STM32F4xx_HAL_Driver/Src/stm32f4xx_ll_usb.c ****   * @param  hclk: AHB clock frequency
 137:Drivers/STM32F4xx_HAL_Driver/Src/stm32f4xx_ll_usb.c ****   * @retval USB turnaround time In PHY Clocks number
 138:Drivers/STM32F4xx_HAL_Driver/Src/stm32f4xx_ll_usb.c ****   */
 139:Drivers/STM32F4xx_HAL_Driver/Src/stm32f4xx_ll_usb.c **** HAL_StatusTypeDef USB_SetTurnaroundTime(USB_OTG_GlobalTypeDef *USBx,
 140:Drivers/STM32F4xx_HAL_Driver/Src/stm32f4xx_ll_usb.c ****                                         uint32_t hclk, uint8_t speed)
 141:Drivers/STM32F4xx_HAL_Driver/Src/stm32f4xx_ll_usb.c **** {
 142:Drivers/STM32F4xx_HAL_Driver/Src/stm32f4xx_ll_usb.c ****   uint32_t UsbTrd;
 143:Drivers/STM32F4xx_HAL_Driver/Src/stm32f4xx_ll_usb.c **** 
 144:Drivers/STM32F4xx_HAL_Driver/Src/stm32f4xx_ll_usb.c ****   /* The USBTRD is configured according to the tables below, depending on AHB frequency
ARM GAS  /tmp/cccSJnlz.s 			page 4


 145:Drivers/STM32F4xx_HAL_Driver/Src/stm32f4xx_ll_usb.c ****   used by application. In the low AHB frequency range it is used to stretch enough the USB response
 146:Drivers/STM32F4xx_HAL_Driver/Src/stm32f4xx_ll_usb.c ****   time to IN tokens, the USB turnaround time, so to compensate for the longer AHB read access
 147:Drivers/STM32F4xx_HAL_Driver/Src/stm32f4xx_ll_usb.c ****   latency to the Data FIFO */
 148:Drivers/STM32F4xx_HAL_Driver/Src/stm32f4xx_ll_usb.c ****   if (speed == USBD_FS_SPEED)
 149:Drivers/STM32F4xx_HAL_Driver/Src/stm32f4xx_ll_usb.c ****   {
 150:Drivers/STM32F4xx_HAL_Driver/Src/stm32f4xx_ll_usb.c ****     if ((hclk >= 14200000U) && (hclk < 15000000U))
 151:Drivers/STM32F4xx_HAL_Driver/Src/stm32f4xx_ll_usb.c ****     {
 152:Drivers/STM32F4xx_HAL_Driver/Src/stm32f4xx_ll_usb.c ****       /* hclk Clock Range between 14.2-15 MHz */
 153:Drivers/STM32F4xx_HAL_Driver/Src/stm32f4xx_ll_usb.c ****       UsbTrd = 0xFU;
 154:Drivers/STM32F4xx_HAL_Driver/Src/stm32f4xx_ll_usb.c ****     }
 155:Drivers/STM32F4xx_HAL_Driver/Src/stm32f4xx_ll_usb.c ****     else if ((hclk >= 15000000U) && (hclk < 16000000U))
 156:Drivers/STM32F4xx_HAL_Driver/Src/stm32f4xx_ll_usb.c ****     {
 157:Drivers/STM32F4xx_HAL_Driver/Src/stm32f4xx_ll_usb.c ****       /* hclk Clock Range between 15-16 MHz */
 158:Drivers/STM32F4xx_HAL_Driver/Src/stm32f4xx_ll_usb.c ****       UsbTrd = 0xEU;
 159:Drivers/STM32F4xx_HAL_Driver/Src/stm32f4xx_ll_usb.c ****     }
 160:Drivers/STM32F4xx_HAL_Driver/Src/stm32f4xx_ll_usb.c ****     else if ((hclk >= 16000000U) && (hclk < 17200000U))
 161:Drivers/STM32F4xx_HAL_Driver/Src/stm32f4xx_ll_usb.c ****     {
 162:Drivers/STM32F4xx_HAL_Driver/Src/stm32f4xx_ll_usb.c ****       /* hclk Clock Range between 16-17.2 MHz */
 163:Drivers/STM32F4xx_HAL_Driver/Src/stm32f4xx_ll_usb.c ****       UsbTrd = 0xDU;
 164:Drivers/STM32F4xx_HAL_Driver/Src/stm32f4xx_ll_usb.c ****     }
 165:Drivers/STM32F4xx_HAL_Driver/Src/stm32f4xx_ll_usb.c ****     else if ((hclk >= 17200000U) && (hclk < 18500000U))
 166:Drivers/STM32F4xx_HAL_Driver/Src/stm32f4xx_ll_usb.c ****     {
 167:Drivers/STM32F4xx_HAL_Driver/Src/stm32f4xx_ll_usb.c ****       /* hclk Clock Range between 17.2-18.5 MHz */
 168:Drivers/STM32F4xx_HAL_Driver/Src/stm32f4xx_ll_usb.c ****       UsbTrd = 0xCU;
 169:Drivers/STM32F4xx_HAL_Driver/Src/stm32f4xx_ll_usb.c ****     }
 170:Drivers/STM32F4xx_HAL_Driver/Src/stm32f4xx_ll_usb.c ****     else if ((hclk >= 18500000U) && (hclk < 20000000U))
 171:Drivers/STM32F4xx_HAL_Driver/Src/stm32f4xx_ll_usb.c ****     {
 172:Drivers/STM32F4xx_HAL_Driver/Src/stm32f4xx_ll_usb.c ****       /* hclk Clock Range between 18.5-20 MHz */
 173:Drivers/STM32F4xx_HAL_Driver/Src/stm32f4xx_ll_usb.c ****       UsbTrd = 0xBU;
 174:Drivers/STM32F4xx_HAL_Driver/Src/stm32f4xx_ll_usb.c ****     }
 175:Drivers/STM32F4xx_HAL_Driver/Src/stm32f4xx_ll_usb.c ****     else if ((hclk >= 20000000U) && (hclk < 21800000U))
 176:Drivers/STM32F4xx_HAL_Driver/Src/stm32f4xx_ll_usb.c ****     {
 177:Drivers/STM32F4xx_HAL_Driver/Src/stm32f4xx_ll_usb.c ****       /* hclk Clock Range between 20-21.8 MHz */
 178:Drivers/STM32F4xx_HAL_Driver/Src/stm32f4xx_ll_usb.c ****       UsbTrd = 0xAU;
 179:Drivers/STM32F4xx_HAL_Driver/Src/stm32f4xx_ll_usb.c ****     }
 180:Drivers/STM32F4xx_HAL_Driver/Src/stm32f4xx_ll_usb.c ****     else if ((hclk >= 21800000U) && (hclk < 24000000U))
 181:Drivers/STM32F4xx_HAL_Driver/Src/stm32f4xx_ll_usb.c ****     {
 182:Drivers/STM32F4xx_HAL_Driver/Src/stm32f4xx_ll_usb.c ****       /* hclk Clock Range between 21.8-24 MHz */
 183:Drivers/STM32F4xx_HAL_Driver/Src/stm32f4xx_ll_usb.c ****       UsbTrd = 0x9U;
 184:Drivers/STM32F4xx_HAL_Driver/Src/stm32f4xx_ll_usb.c ****     }
 185:Drivers/STM32F4xx_HAL_Driver/Src/stm32f4xx_ll_usb.c ****     else if ((hclk >= 24000000U) && (hclk < 27700000U))
 186:Drivers/STM32F4xx_HAL_Driver/Src/stm32f4xx_ll_usb.c ****     {
 187:Drivers/STM32F4xx_HAL_Driver/Src/stm32f4xx_ll_usb.c ****       /* hclk Clock Range between 24-27.7 MHz */
 188:Drivers/STM32F4xx_HAL_Driver/Src/stm32f4xx_ll_usb.c ****       UsbTrd = 0x8U;
 189:Drivers/STM32F4xx_HAL_Driver/Src/stm32f4xx_ll_usb.c ****     }
 190:Drivers/STM32F4xx_HAL_Driver/Src/stm32f4xx_ll_usb.c ****     else if ((hclk >= 27700000U) && (hclk < 32000000U))
 191:Drivers/STM32F4xx_HAL_Driver/Src/stm32f4xx_ll_usb.c ****     {
 192:Drivers/STM32F4xx_HAL_Driver/Src/stm32f4xx_ll_usb.c ****       /* hclk Clock Range between 27.7-32 MHz */
 193:Drivers/STM32F4xx_HAL_Driver/Src/stm32f4xx_ll_usb.c ****       UsbTrd = 0x7U;
 194:Drivers/STM32F4xx_HAL_Driver/Src/stm32f4xx_ll_usb.c ****     }
 195:Drivers/STM32F4xx_HAL_Driver/Src/stm32f4xx_ll_usb.c ****     else /* if(hclk >= 32000000) */
 196:Drivers/STM32F4xx_HAL_Driver/Src/stm32f4xx_ll_usb.c ****     {
 197:Drivers/STM32F4xx_HAL_Driver/Src/stm32f4xx_ll_usb.c ****       /* hclk Clock Range between 32-200 MHz */
 198:Drivers/STM32F4xx_HAL_Driver/Src/stm32f4xx_ll_usb.c ****       UsbTrd = 0x6U;
 199:Drivers/STM32F4xx_HAL_Driver/Src/stm32f4xx_ll_usb.c ****     }
 200:Drivers/STM32F4xx_HAL_Driver/Src/stm32f4xx_ll_usb.c ****   }
 201:Drivers/STM32F4xx_HAL_Driver/Src/stm32f4xx_ll_usb.c ****   else if (speed == USBD_HS_SPEED)
ARM GAS  /tmp/cccSJnlz.s 			page 5


 202:Drivers/STM32F4xx_HAL_Driver/Src/stm32f4xx_ll_usb.c ****   {
 203:Drivers/STM32F4xx_HAL_Driver/Src/stm32f4xx_ll_usb.c ****     UsbTrd = USBD_HS_TRDT_VALUE;
 204:Drivers/STM32F4xx_HAL_Driver/Src/stm32f4xx_ll_usb.c ****   }
 205:Drivers/STM32F4xx_HAL_Driver/Src/stm32f4xx_ll_usb.c ****   else
 206:Drivers/STM32F4xx_HAL_Driver/Src/stm32f4xx_ll_usb.c ****   {
 207:Drivers/STM32F4xx_HAL_Driver/Src/stm32f4xx_ll_usb.c ****     UsbTrd = USBD_DEFAULT_TRDT_VALUE;
 208:Drivers/STM32F4xx_HAL_Driver/Src/stm32f4xx_ll_usb.c ****   }
 209:Drivers/STM32F4xx_HAL_Driver/Src/stm32f4xx_ll_usb.c **** 
 210:Drivers/STM32F4xx_HAL_Driver/Src/stm32f4xx_ll_usb.c ****   USBx->GUSBCFG &= ~USB_OTG_GUSBCFG_TRDT;
 211:Drivers/STM32F4xx_HAL_Driver/Src/stm32f4xx_ll_usb.c ****   USBx->GUSBCFG |= (uint32_t)((UsbTrd << 10) & USB_OTG_GUSBCFG_TRDT);
 212:Drivers/STM32F4xx_HAL_Driver/Src/stm32f4xx_ll_usb.c **** 
 213:Drivers/STM32F4xx_HAL_Driver/Src/stm32f4xx_ll_usb.c ****   return HAL_OK;
 214:Drivers/STM32F4xx_HAL_Driver/Src/stm32f4xx_ll_usb.c **** }
 215:Drivers/STM32F4xx_HAL_Driver/Src/stm32f4xx_ll_usb.c **** 
 216:Drivers/STM32F4xx_HAL_Driver/Src/stm32f4xx_ll_usb.c **** /**
 217:Drivers/STM32F4xx_HAL_Driver/Src/stm32f4xx_ll_usb.c ****   * @brief  USB_EnableGlobalInt
 218:Drivers/STM32F4xx_HAL_Driver/Src/stm32f4xx_ll_usb.c ****   *         Enables the controller's Global Int in the AHB Config reg
 219:Drivers/STM32F4xx_HAL_Driver/Src/stm32f4xx_ll_usb.c ****   * @param  USBx  Selected device
 220:Drivers/STM32F4xx_HAL_Driver/Src/stm32f4xx_ll_usb.c ****   * @retval HAL status
 221:Drivers/STM32F4xx_HAL_Driver/Src/stm32f4xx_ll_usb.c ****   */
 222:Drivers/STM32F4xx_HAL_Driver/Src/stm32f4xx_ll_usb.c **** HAL_StatusTypeDef USB_EnableGlobalInt(USB_OTG_GlobalTypeDef *USBx)
 223:Drivers/STM32F4xx_HAL_Driver/Src/stm32f4xx_ll_usb.c **** {
 224:Drivers/STM32F4xx_HAL_Driver/Src/stm32f4xx_ll_usb.c ****   USBx->GAHBCFG |= USB_OTG_GAHBCFG_GINT;
 225:Drivers/STM32F4xx_HAL_Driver/Src/stm32f4xx_ll_usb.c ****   return HAL_OK;
 226:Drivers/STM32F4xx_HAL_Driver/Src/stm32f4xx_ll_usb.c **** }
 227:Drivers/STM32F4xx_HAL_Driver/Src/stm32f4xx_ll_usb.c **** 
 228:Drivers/STM32F4xx_HAL_Driver/Src/stm32f4xx_ll_usb.c **** /**
 229:Drivers/STM32F4xx_HAL_Driver/Src/stm32f4xx_ll_usb.c ****   * @brief  USB_DisableGlobalInt
 230:Drivers/STM32F4xx_HAL_Driver/Src/stm32f4xx_ll_usb.c ****   *         Disable the controller's Global Int in the AHB Config reg
 231:Drivers/STM32F4xx_HAL_Driver/Src/stm32f4xx_ll_usb.c ****   * @param  USBx  Selected device
 232:Drivers/STM32F4xx_HAL_Driver/Src/stm32f4xx_ll_usb.c ****   * @retval HAL status
 233:Drivers/STM32F4xx_HAL_Driver/Src/stm32f4xx_ll_usb.c ****   */
 234:Drivers/STM32F4xx_HAL_Driver/Src/stm32f4xx_ll_usb.c **** HAL_StatusTypeDef USB_DisableGlobalInt(USB_OTG_GlobalTypeDef *USBx)
 235:Drivers/STM32F4xx_HAL_Driver/Src/stm32f4xx_ll_usb.c **** {
 236:Drivers/STM32F4xx_HAL_Driver/Src/stm32f4xx_ll_usb.c ****   USBx->GAHBCFG &= ~USB_OTG_GAHBCFG_GINT;
 237:Drivers/STM32F4xx_HAL_Driver/Src/stm32f4xx_ll_usb.c ****   return HAL_OK;
 238:Drivers/STM32F4xx_HAL_Driver/Src/stm32f4xx_ll_usb.c **** }
 239:Drivers/STM32F4xx_HAL_Driver/Src/stm32f4xx_ll_usb.c **** 
 240:Drivers/STM32F4xx_HAL_Driver/Src/stm32f4xx_ll_usb.c **** /**
 241:Drivers/STM32F4xx_HAL_Driver/Src/stm32f4xx_ll_usb.c ****   * @brief  USB_SetCurrentMode Set functional mode
 242:Drivers/STM32F4xx_HAL_Driver/Src/stm32f4xx_ll_usb.c ****   * @param  USBx  Selected device
 243:Drivers/STM32F4xx_HAL_Driver/Src/stm32f4xx_ll_usb.c ****   * @param  mode  current core mode
 244:Drivers/STM32F4xx_HAL_Driver/Src/stm32f4xx_ll_usb.c ****   *          This parameter can be one of these values:
 245:Drivers/STM32F4xx_HAL_Driver/Src/stm32f4xx_ll_usb.c ****   *            @arg USB_DEVICE_MODE Peripheral mode
 246:Drivers/STM32F4xx_HAL_Driver/Src/stm32f4xx_ll_usb.c ****   *            @arg USB_HOST_MODE Host mode
 247:Drivers/STM32F4xx_HAL_Driver/Src/stm32f4xx_ll_usb.c ****   * @retval HAL status
 248:Drivers/STM32F4xx_HAL_Driver/Src/stm32f4xx_ll_usb.c ****   */
 249:Drivers/STM32F4xx_HAL_Driver/Src/stm32f4xx_ll_usb.c **** HAL_StatusTypeDef USB_SetCurrentMode(USB_OTG_GlobalTypeDef *USBx, USB_OTG_ModeTypeDef mode)
 250:Drivers/STM32F4xx_HAL_Driver/Src/stm32f4xx_ll_usb.c **** {
 251:Drivers/STM32F4xx_HAL_Driver/Src/stm32f4xx_ll_usb.c ****   uint32_t ms = 0U;
 252:Drivers/STM32F4xx_HAL_Driver/Src/stm32f4xx_ll_usb.c **** 
 253:Drivers/STM32F4xx_HAL_Driver/Src/stm32f4xx_ll_usb.c ****   USBx->GUSBCFG &= ~(USB_OTG_GUSBCFG_FHMOD | USB_OTG_GUSBCFG_FDMOD);
 254:Drivers/STM32F4xx_HAL_Driver/Src/stm32f4xx_ll_usb.c **** 
 255:Drivers/STM32F4xx_HAL_Driver/Src/stm32f4xx_ll_usb.c ****   if (mode == USB_HOST_MODE)
 256:Drivers/STM32F4xx_HAL_Driver/Src/stm32f4xx_ll_usb.c ****   {
 257:Drivers/STM32F4xx_HAL_Driver/Src/stm32f4xx_ll_usb.c ****     USBx->GUSBCFG |= USB_OTG_GUSBCFG_FHMOD;
 258:Drivers/STM32F4xx_HAL_Driver/Src/stm32f4xx_ll_usb.c **** 
ARM GAS  /tmp/cccSJnlz.s 			page 6


 259:Drivers/STM32F4xx_HAL_Driver/Src/stm32f4xx_ll_usb.c ****     do
 260:Drivers/STM32F4xx_HAL_Driver/Src/stm32f4xx_ll_usb.c ****     {
 261:Drivers/STM32F4xx_HAL_Driver/Src/stm32f4xx_ll_usb.c ****       HAL_Delay(10U);
 262:Drivers/STM32F4xx_HAL_Driver/Src/stm32f4xx_ll_usb.c ****       ms += 10U;
 263:Drivers/STM32F4xx_HAL_Driver/Src/stm32f4xx_ll_usb.c ****     } while ((USB_GetMode(USBx) != (uint32_t)USB_HOST_MODE) && (ms < HAL_USB_CURRENT_MODE_MAX_DELAY
 264:Drivers/STM32F4xx_HAL_Driver/Src/stm32f4xx_ll_usb.c ****   }
 265:Drivers/STM32F4xx_HAL_Driver/Src/stm32f4xx_ll_usb.c ****   else if (mode == USB_DEVICE_MODE)
 266:Drivers/STM32F4xx_HAL_Driver/Src/stm32f4xx_ll_usb.c ****   {
 267:Drivers/STM32F4xx_HAL_Driver/Src/stm32f4xx_ll_usb.c ****     USBx->GUSBCFG |= USB_OTG_GUSBCFG_FDMOD;
 268:Drivers/STM32F4xx_HAL_Driver/Src/stm32f4xx_ll_usb.c **** 
 269:Drivers/STM32F4xx_HAL_Driver/Src/stm32f4xx_ll_usb.c ****     do
 270:Drivers/STM32F4xx_HAL_Driver/Src/stm32f4xx_ll_usb.c ****     {
 271:Drivers/STM32F4xx_HAL_Driver/Src/stm32f4xx_ll_usb.c ****       HAL_Delay(10U);
 272:Drivers/STM32F4xx_HAL_Driver/Src/stm32f4xx_ll_usb.c ****       ms += 10U;
 273:Drivers/STM32F4xx_HAL_Driver/Src/stm32f4xx_ll_usb.c ****     } while ((USB_GetMode(USBx) != (uint32_t)USB_DEVICE_MODE) && (ms < HAL_USB_CURRENT_MODE_MAX_DEL
 274:Drivers/STM32F4xx_HAL_Driver/Src/stm32f4xx_ll_usb.c ****   }
 275:Drivers/STM32F4xx_HAL_Driver/Src/stm32f4xx_ll_usb.c ****   else
 276:Drivers/STM32F4xx_HAL_Driver/Src/stm32f4xx_ll_usb.c ****   {
 277:Drivers/STM32F4xx_HAL_Driver/Src/stm32f4xx_ll_usb.c ****     return HAL_ERROR;
 278:Drivers/STM32F4xx_HAL_Driver/Src/stm32f4xx_ll_usb.c ****   }
 279:Drivers/STM32F4xx_HAL_Driver/Src/stm32f4xx_ll_usb.c **** 
 280:Drivers/STM32F4xx_HAL_Driver/Src/stm32f4xx_ll_usb.c ****   if (ms == HAL_USB_CURRENT_MODE_MAX_DELAY_MS)
 281:Drivers/STM32F4xx_HAL_Driver/Src/stm32f4xx_ll_usb.c ****   {
 282:Drivers/STM32F4xx_HAL_Driver/Src/stm32f4xx_ll_usb.c ****     return HAL_ERROR;
 283:Drivers/STM32F4xx_HAL_Driver/Src/stm32f4xx_ll_usb.c ****   }
 284:Drivers/STM32F4xx_HAL_Driver/Src/stm32f4xx_ll_usb.c **** 
 285:Drivers/STM32F4xx_HAL_Driver/Src/stm32f4xx_ll_usb.c ****   return HAL_OK;
 286:Drivers/STM32F4xx_HAL_Driver/Src/stm32f4xx_ll_usb.c **** }
 287:Drivers/STM32F4xx_HAL_Driver/Src/stm32f4xx_ll_usb.c **** 
 288:Drivers/STM32F4xx_HAL_Driver/Src/stm32f4xx_ll_usb.c **** /**
 289:Drivers/STM32F4xx_HAL_Driver/Src/stm32f4xx_ll_usb.c ****   * @brief  USB_DevInit Initializes the USB_OTG controller registers
 290:Drivers/STM32F4xx_HAL_Driver/Src/stm32f4xx_ll_usb.c ****   *         for device mode
 291:Drivers/STM32F4xx_HAL_Driver/Src/stm32f4xx_ll_usb.c ****   * @param  USBx  Selected device
 292:Drivers/STM32F4xx_HAL_Driver/Src/stm32f4xx_ll_usb.c ****   * @param  cfg   pointer to a USB_OTG_CfgTypeDef structure that contains
 293:Drivers/STM32F4xx_HAL_Driver/Src/stm32f4xx_ll_usb.c ****   *         the configuration information for the specified USBx peripheral.
 294:Drivers/STM32F4xx_HAL_Driver/Src/stm32f4xx_ll_usb.c ****   * @retval HAL status
 295:Drivers/STM32F4xx_HAL_Driver/Src/stm32f4xx_ll_usb.c ****   */
 296:Drivers/STM32F4xx_HAL_Driver/Src/stm32f4xx_ll_usb.c **** HAL_StatusTypeDef USB_DevInit(USB_OTG_GlobalTypeDef *USBx, USB_OTG_CfgTypeDef cfg)
 297:Drivers/STM32F4xx_HAL_Driver/Src/stm32f4xx_ll_usb.c **** {
 298:Drivers/STM32F4xx_HAL_Driver/Src/stm32f4xx_ll_usb.c ****   HAL_StatusTypeDef ret = HAL_OK;
 299:Drivers/STM32F4xx_HAL_Driver/Src/stm32f4xx_ll_usb.c ****   uint32_t USBx_BASE = (uint32_t)USBx;
 300:Drivers/STM32F4xx_HAL_Driver/Src/stm32f4xx_ll_usb.c ****   uint32_t i;
 301:Drivers/STM32F4xx_HAL_Driver/Src/stm32f4xx_ll_usb.c **** 
 302:Drivers/STM32F4xx_HAL_Driver/Src/stm32f4xx_ll_usb.c ****   for (i = 0U; i < 15U; i++)
 303:Drivers/STM32F4xx_HAL_Driver/Src/stm32f4xx_ll_usb.c ****   {
 304:Drivers/STM32F4xx_HAL_Driver/Src/stm32f4xx_ll_usb.c ****     USBx->DIEPTXF[i] = 0U;
 305:Drivers/STM32F4xx_HAL_Driver/Src/stm32f4xx_ll_usb.c ****   }
 306:Drivers/STM32F4xx_HAL_Driver/Src/stm32f4xx_ll_usb.c **** 
 307:Drivers/STM32F4xx_HAL_Driver/Src/stm32f4xx_ll_usb.c **** #if defined(STM32F446xx) || defined(STM32F469xx) || defined(STM32F479xx) || defined(STM32F412Zx) \
 308:Drivers/STM32F4xx_HAL_Driver/Src/stm32f4xx_ll_usb.c ****  || defined(STM32F412Vx) || defined(STM32F412Rx) || defined(STM32F412Cx) || defined(STM32F413xx) \
 309:Drivers/STM32F4xx_HAL_Driver/Src/stm32f4xx_ll_usb.c ****  || defined(STM32F423xx)
 310:Drivers/STM32F4xx_HAL_Driver/Src/stm32f4xx_ll_usb.c ****   /* VBUS Sensing setup */
 311:Drivers/STM32F4xx_HAL_Driver/Src/stm32f4xx_ll_usb.c ****   if (cfg.vbus_sensing_enable == 0U)
 312:Drivers/STM32F4xx_HAL_Driver/Src/stm32f4xx_ll_usb.c ****   {
 313:Drivers/STM32F4xx_HAL_Driver/Src/stm32f4xx_ll_usb.c ****     USBx_DEVICE->DCTL |= USB_OTG_DCTL_SDIS;
 314:Drivers/STM32F4xx_HAL_Driver/Src/stm32f4xx_ll_usb.c **** 
 315:Drivers/STM32F4xx_HAL_Driver/Src/stm32f4xx_ll_usb.c ****     /* Deactivate VBUS Sensing B */
ARM GAS  /tmp/cccSJnlz.s 			page 7


 316:Drivers/STM32F4xx_HAL_Driver/Src/stm32f4xx_ll_usb.c ****     USBx->GCCFG &= ~USB_OTG_GCCFG_VBDEN;
 317:Drivers/STM32F4xx_HAL_Driver/Src/stm32f4xx_ll_usb.c **** 
 318:Drivers/STM32F4xx_HAL_Driver/Src/stm32f4xx_ll_usb.c ****     /* B-peripheral session valid override enable */
 319:Drivers/STM32F4xx_HAL_Driver/Src/stm32f4xx_ll_usb.c ****     USBx->GOTGCTL |= USB_OTG_GOTGCTL_BVALOEN;
 320:Drivers/STM32F4xx_HAL_Driver/Src/stm32f4xx_ll_usb.c ****     USBx->GOTGCTL |= USB_OTG_GOTGCTL_BVALOVAL;
 321:Drivers/STM32F4xx_HAL_Driver/Src/stm32f4xx_ll_usb.c ****   }
 322:Drivers/STM32F4xx_HAL_Driver/Src/stm32f4xx_ll_usb.c ****   else
 323:Drivers/STM32F4xx_HAL_Driver/Src/stm32f4xx_ll_usb.c ****   {
 324:Drivers/STM32F4xx_HAL_Driver/Src/stm32f4xx_ll_usb.c ****     /* Enable HW VBUS sensing */
 325:Drivers/STM32F4xx_HAL_Driver/Src/stm32f4xx_ll_usb.c ****     USBx->GCCFG |= USB_OTG_GCCFG_VBDEN;
 326:Drivers/STM32F4xx_HAL_Driver/Src/stm32f4xx_ll_usb.c ****   }
 327:Drivers/STM32F4xx_HAL_Driver/Src/stm32f4xx_ll_usb.c **** #else
 328:Drivers/STM32F4xx_HAL_Driver/Src/stm32f4xx_ll_usb.c ****   /* VBUS Sensing setup */
 329:Drivers/STM32F4xx_HAL_Driver/Src/stm32f4xx_ll_usb.c ****   if (cfg.vbus_sensing_enable == 0U)
 330:Drivers/STM32F4xx_HAL_Driver/Src/stm32f4xx_ll_usb.c ****   {
 331:Drivers/STM32F4xx_HAL_Driver/Src/stm32f4xx_ll_usb.c ****     /*
 332:Drivers/STM32F4xx_HAL_Driver/Src/stm32f4xx_ll_usb.c ****      * Disable HW VBUS sensing. VBUS is internally considered to be always
 333:Drivers/STM32F4xx_HAL_Driver/Src/stm32f4xx_ll_usb.c ****      * at VBUS-Valid level (5V).
 334:Drivers/STM32F4xx_HAL_Driver/Src/stm32f4xx_ll_usb.c ****      */
 335:Drivers/STM32F4xx_HAL_Driver/Src/stm32f4xx_ll_usb.c ****     USBx_DEVICE->DCTL |= USB_OTG_DCTL_SDIS;
 336:Drivers/STM32F4xx_HAL_Driver/Src/stm32f4xx_ll_usb.c ****     USBx->GCCFG |= USB_OTG_GCCFG_NOVBUSSENS;
 337:Drivers/STM32F4xx_HAL_Driver/Src/stm32f4xx_ll_usb.c ****     USBx->GCCFG &= ~USB_OTG_GCCFG_VBUSBSEN;
 338:Drivers/STM32F4xx_HAL_Driver/Src/stm32f4xx_ll_usb.c ****     USBx->GCCFG &= ~USB_OTG_GCCFG_VBUSASEN;
 339:Drivers/STM32F4xx_HAL_Driver/Src/stm32f4xx_ll_usb.c ****   }
 340:Drivers/STM32F4xx_HAL_Driver/Src/stm32f4xx_ll_usb.c ****   else
 341:Drivers/STM32F4xx_HAL_Driver/Src/stm32f4xx_ll_usb.c ****   {
 342:Drivers/STM32F4xx_HAL_Driver/Src/stm32f4xx_ll_usb.c ****     /* Enable HW VBUS sensing */
 343:Drivers/STM32F4xx_HAL_Driver/Src/stm32f4xx_ll_usb.c ****     USBx->GCCFG &= ~USB_OTG_GCCFG_NOVBUSSENS;
 344:Drivers/STM32F4xx_HAL_Driver/Src/stm32f4xx_ll_usb.c ****     USBx->GCCFG |= USB_OTG_GCCFG_VBUSBSEN;
 345:Drivers/STM32F4xx_HAL_Driver/Src/stm32f4xx_ll_usb.c ****   }
 346:Drivers/STM32F4xx_HAL_Driver/Src/stm32f4xx_ll_usb.c **** #endif /* defined(STM32F446xx) || defined(STM32F469xx) || defined(STM32F479xx) || defined(STM32F412
 347:Drivers/STM32F4xx_HAL_Driver/Src/stm32f4xx_ll_usb.c ****           defined(STM32F412Vx) || defined(STM32F412Rx) || defined(STM32F412Cx) || defined(STM32F413
 348:Drivers/STM32F4xx_HAL_Driver/Src/stm32f4xx_ll_usb.c ****           defined(STM32F423xx) */
 349:Drivers/STM32F4xx_HAL_Driver/Src/stm32f4xx_ll_usb.c **** 
 350:Drivers/STM32F4xx_HAL_Driver/Src/stm32f4xx_ll_usb.c ****   /* Restart the Phy Clock */
 351:Drivers/STM32F4xx_HAL_Driver/Src/stm32f4xx_ll_usb.c ****   USBx_PCGCCTL = 0U;
 352:Drivers/STM32F4xx_HAL_Driver/Src/stm32f4xx_ll_usb.c **** 
 353:Drivers/STM32F4xx_HAL_Driver/Src/stm32f4xx_ll_usb.c ****   if (cfg.phy_itface == USB_OTG_ULPI_PHY)
 354:Drivers/STM32F4xx_HAL_Driver/Src/stm32f4xx_ll_usb.c ****   {
 355:Drivers/STM32F4xx_HAL_Driver/Src/stm32f4xx_ll_usb.c ****     if (cfg.speed == USBD_HS_SPEED)
 356:Drivers/STM32F4xx_HAL_Driver/Src/stm32f4xx_ll_usb.c ****     {
 357:Drivers/STM32F4xx_HAL_Driver/Src/stm32f4xx_ll_usb.c ****       /* Set Core speed to High speed mode */
 358:Drivers/STM32F4xx_HAL_Driver/Src/stm32f4xx_ll_usb.c ****       (void)USB_SetDevSpeed(USBx, USB_OTG_SPEED_HIGH);
 359:Drivers/STM32F4xx_HAL_Driver/Src/stm32f4xx_ll_usb.c ****     }
 360:Drivers/STM32F4xx_HAL_Driver/Src/stm32f4xx_ll_usb.c ****     else
 361:Drivers/STM32F4xx_HAL_Driver/Src/stm32f4xx_ll_usb.c ****     {
 362:Drivers/STM32F4xx_HAL_Driver/Src/stm32f4xx_ll_usb.c ****       /* Set Core speed to Full speed mode */
 363:Drivers/STM32F4xx_HAL_Driver/Src/stm32f4xx_ll_usb.c ****       (void)USB_SetDevSpeed(USBx, USB_OTG_SPEED_HIGH_IN_FULL);
 364:Drivers/STM32F4xx_HAL_Driver/Src/stm32f4xx_ll_usb.c ****     }
 365:Drivers/STM32F4xx_HAL_Driver/Src/stm32f4xx_ll_usb.c ****   }
 366:Drivers/STM32F4xx_HAL_Driver/Src/stm32f4xx_ll_usb.c ****   else
 367:Drivers/STM32F4xx_HAL_Driver/Src/stm32f4xx_ll_usb.c ****   {
 368:Drivers/STM32F4xx_HAL_Driver/Src/stm32f4xx_ll_usb.c ****     /* Set Core speed to Full speed mode */
 369:Drivers/STM32F4xx_HAL_Driver/Src/stm32f4xx_ll_usb.c ****     (void)USB_SetDevSpeed(USBx, USB_OTG_SPEED_FULL);
 370:Drivers/STM32F4xx_HAL_Driver/Src/stm32f4xx_ll_usb.c ****   }
 371:Drivers/STM32F4xx_HAL_Driver/Src/stm32f4xx_ll_usb.c **** 
 372:Drivers/STM32F4xx_HAL_Driver/Src/stm32f4xx_ll_usb.c ****   /* Flush the FIFOs */
ARM GAS  /tmp/cccSJnlz.s 			page 8


 373:Drivers/STM32F4xx_HAL_Driver/Src/stm32f4xx_ll_usb.c ****   if (USB_FlushTxFifo(USBx, 0x10U) != HAL_OK) /* all Tx FIFOs */
 374:Drivers/STM32F4xx_HAL_Driver/Src/stm32f4xx_ll_usb.c ****   {
 375:Drivers/STM32F4xx_HAL_Driver/Src/stm32f4xx_ll_usb.c ****     ret = HAL_ERROR;
 376:Drivers/STM32F4xx_HAL_Driver/Src/stm32f4xx_ll_usb.c ****   }
 377:Drivers/STM32F4xx_HAL_Driver/Src/stm32f4xx_ll_usb.c **** 
 378:Drivers/STM32F4xx_HAL_Driver/Src/stm32f4xx_ll_usb.c ****   if (USB_FlushRxFifo(USBx) != HAL_OK)
 379:Drivers/STM32F4xx_HAL_Driver/Src/stm32f4xx_ll_usb.c ****   {
 380:Drivers/STM32F4xx_HAL_Driver/Src/stm32f4xx_ll_usb.c ****     ret = HAL_ERROR;
 381:Drivers/STM32F4xx_HAL_Driver/Src/stm32f4xx_ll_usb.c ****   }
 382:Drivers/STM32F4xx_HAL_Driver/Src/stm32f4xx_ll_usb.c **** 
 383:Drivers/STM32F4xx_HAL_Driver/Src/stm32f4xx_ll_usb.c ****   /* Clear all pending Device Interrupts */
 384:Drivers/STM32F4xx_HAL_Driver/Src/stm32f4xx_ll_usb.c ****   USBx_DEVICE->DIEPMSK = 0U;
 385:Drivers/STM32F4xx_HAL_Driver/Src/stm32f4xx_ll_usb.c ****   USBx_DEVICE->DOEPMSK = 0U;
 386:Drivers/STM32F4xx_HAL_Driver/Src/stm32f4xx_ll_usb.c ****   USBx_DEVICE->DAINTMSK = 0U;
 387:Drivers/STM32F4xx_HAL_Driver/Src/stm32f4xx_ll_usb.c **** 
 388:Drivers/STM32F4xx_HAL_Driver/Src/stm32f4xx_ll_usb.c ****   for (i = 0U; i < cfg.dev_endpoints; i++)
 389:Drivers/STM32F4xx_HAL_Driver/Src/stm32f4xx_ll_usb.c ****   {
 390:Drivers/STM32F4xx_HAL_Driver/Src/stm32f4xx_ll_usb.c ****     if ((USBx_INEP(i)->DIEPCTL & USB_OTG_DIEPCTL_EPENA) == USB_OTG_DIEPCTL_EPENA)
 391:Drivers/STM32F4xx_HAL_Driver/Src/stm32f4xx_ll_usb.c ****     {
 392:Drivers/STM32F4xx_HAL_Driver/Src/stm32f4xx_ll_usb.c ****       if (i == 0U)
 393:Drivers/STM32F4xx_HAL_Driver/Src/stm32f4xx_ll_usb.c ****       {
 394:Drivers/STM32F4xx_HAL_Driver/Src/stm32f4xx_ll_usb.c ****         USBx_INEP(i)->DIEPCTL = USB_OTG_DIEPCTL_SNAK;
 395:Drivers/STM32F4xx_HAL_Driver/Src/stm32f4xx_ll_usb.c ****       }
 396:Drivers/STM32F4xx_HAL_Driver/Src/stm32f4xx_ll_usb.c ****       else
 397:Drivers/STM32F4xx_HAL_Driver/Src/stm32f4xx_ll_usb.c ****       {
 398:Drivers/STM32F4xx_HAL_Driver/Src/stm32f4xx_ll_usb.c ****         USBx_INEP(i)->DIEPCTL = USB_OTG_DIEPCTL_EPDIS | USB_OTG_DIEPCTL_SNAK;
 399:Drivers/STM32F4xx_HAL_Driver/Src/stm32f4xx_ll_usb.c ****       }
 400:Drivers/STM32F4xx_HAL_Driver/Src/stm32f4xx_ll_usb.c ****     }
 401:Drivers/STM32F4xx_HAL_Driver/Src/stm32f4xx_ll_usb.c ****     else
 402:Drivers/STM32F4xx_HAL_Driver/Src/stm32f4xx_ll_usb.c ****     {
 403:Drivers/STM32F4xx_HAL_Driver/Src/stm32f4xx_ll_usb.c ****       USBx_INEP(i)->DIEPCTL = 0U;
 404:Drivers/STM32F4xx_HAL_Driver/Src/stm32f4xx_ll_usb.c ****     }
 405:Drivers/STM32F4xx_HAL_Driver/Src/stm32f4xx_ll_usb.c **** 
 406:Drivers/STM32F4xx_HAL_Driver/Src/stm32f4xx_ll_usb.c ****     USBx_INEP(i)->DIEPTSIZ = 0U;
 407:Drivers/STM32F4xx_HAL_Driver/Src/stm32f4xx_ll_usb.c ****     USBx_INEP(i)->DIEPINT  = 0xFB7FU;
 408:Drivers/STM32F4xx_HAL_Driver/Src/stm32f4xx_ll_usb.c ****   }
 409:Drivers/STM32F4xx_HAL_Driver/Src/stm32f4xx_ll_usb.c **** 
 410:Drivers/STM32F4xx_HAL_Driver/Src/stm32f4xx_ll_usb.c ****   for (i = 0U; i < cfg.dev_endpoints; i++)
 411:Drivers/STM32F4xx_HAL_Driver/Src/stm32f4xx_ll_usb.c ****   {
 412:Drivers/STM32F4xx_HAL_Driver/Src/stm32f4xx_ll_usb.c ****     if ((USBx_OUTEP(i)->DOEPCTL & USB_OTG_DOEPCTL_EPENA) == USB_OTG_DOEPCTL_EPENA)
 413:Drivers/STM32F4xx_HAL_Driver/Src/stm32f4xx_ll_usb.c ****     {
 414:Drivers/STM32F4xx_HAL_Driver/Src/stm32f4xx_ll_usb.c ****       if (i == 0U)
 415:Drivers/STM32F4xx_HAL_Driver/Src/stm32f4xx_ll_usb.c ****       {
 416:Drivers/STM32F4xx_HAL_Driver/Src/stm32f4xx_ll_usb.c ****         USBx_OUTEP(i)->DOEPCTL = USB_OTG_DOEPCTL_SNAK;
 417:Drivers/STM32F4xx_HAL_Driver/Src/stm32f4xx_ll_usb.c ****       }
 418:Drivers/STM32F4xx_HAL_Driver/Src/stm32f4xx_ll_usb.c ****       else
 419:Drivers/STM32F4xx_HAL_Driver/Src/stm32f4xx_ll_usb.c ****       {
 420:Drivers/STM32F4xx_HAL_Driver/Src/stm32f4xx_ll_usb.c ****         USBx_OUTEP(i)->DOEPCTL = USB_OTG_DOEPCTL_EPDIS | USB_OTG_DOEPCTL_SNAK;
 421:Drivers/STM32F4xx_HAL_Driver/Src/stm32f4xx_ll_usb.c ****       }
 422:Drivers/STM32F4xx_HAL_Driver/Src/stm32f4xx_ll_usb.c ****     }
 423:Drivers/STM32F4xx_HAL_Driver/Src/stm32f4xx_ll_usb.c ****     else
 424:Drivers/STM32F4xx_HAL_Driver/Src/stm32f4xx_ll_usb.c ****     {
 425:Drivers/STM32F4xx_HAL_Driver/Src/stm32f4xx_ll_usb.c ****       USBx_OUTEP(i)->DOEPCTL = 0U;
 426:Drivers/STM32F4xx_HAL_Driver/Src/stm32f4xx_ll_usb.c ****     }
 427:Drivers/STM32F4xx_HAL_Driver/Src/stm32f4xx_ll_usb.c **** 
 428:Drivers/STM32F4xx_HAL_Driver/Src/stm32f4xx_ll_usb.c ****     USBx_OUTEP(i)->DOEPTSIZ = 0U;
 429:Drivers/STM32F4xx_HAL_Driver/Src/stm32f4xx_ll_usb.c ****     USBx_OUTEP(i)->DOEPINT  = 0xFB7FU;
ARM GAS  /tmp/cccSJnlz.s 			page 9


 430:Drivers/STM32F4xx_HAL_Driver/Src/stm32f4xx_ll_usb.c ****   }
 431:Drivers/STM32F4xx_HAL_Driver/Src/stm32f4xx_ll_usb.c **** 
 432:Drivers/STM32F4xx_HAL_Driver/Src/stm32f4xx_ll_usb.c ****   USBx_DEVICE->DIEPMSK &= ~(USB_OTG_DIEPMSK_TXFURM);
 433:Drivers/STM32F4xx_HAL_Driver/Src/stm32f4xx_ll_usb.c **** 
 434:Drivers/STM32F4xx_HAL_Driver/Src/stm32f4xx_ll_usb.c ****   /* Disable all interrupts. */
 435:Drivers/STM32F4xx_HAL_Driver/Src/stm32f4xx_ll_usb.c ****   USBx->GINTMSK = 0U;
 436:Drivers/STM32F4xx_HAL_Driver/Src/stm32f4xx_ll_usb.c **** 
 437:Drivers/STM32F4xx_HAL_Driver/Src/stm32f4xx_ll_usb.c ****   /* Clear any pending interrupts */
 438:Drivers/STM32F4xx_HAL_Driver/Src/stm32f4xx_ll_usb.c ****   USBx->GINTSTS = 0xBFFFFFFFU;
 439:Drivers/STM32F4xx_HAL_Driver/Src/stm32f4xx_ll_usb.c **** 
 440:Drivers/STM32F4xx_HAL_Driver/Src/stm32f4xx_ll_usb.c ****   /* Enable the common interrupts */
 441:Drivers/STM32F4xx_HAL_Driver/Src/stm32f4xx_ll_usb.c ****   if (cfg.dma_enable == 0U)
 442:Drivers/STM32F4xx_HAL_Driver/Src/stm32f4xx_ll_usb.c ****   {
 443:Drivers/STM32F4xx_HAL_Driver/Src/stm32f4xx_ll_usb.c ****     USBx->GINTMSK |= USB_OTG_GINTMSK_RXFLVLM;
 444:Drivers/STM32F4xx_HAL_Driver/Src/stm32f4xx_ll_usb.c ****   }
 445:Drivers/STM32F4xx_HAL_Driver/Src/stm32f4xx_ll_usb.c **** 
 446:Drivers/STM32F4xx_HAL_Driver/Src/stm32f4xx_ll_usb.c ****   /* Enable interrupts matching to the Device mode ONLY */
 447:Drivers/STM32F4xx_HAL_Driver/Src/stm32f4xx_ll_usb.c ****   USBx->GINTMSK |= USB_OTG_GINTMSK_USBSUSPM | USB_OTG_GINTMSK_USBRST |
 448:Drivers/STM32F4xx_HAL_Driver/Src/stm32f4xx_ll_usb.c ****                    USB_OTG_GINTMSK_ENUMDNEM | USB_OTG_GINTMSK_IEPINT |
 449:Drivers/STM32F4xx_HAL_Driver/Src/stm32f4xx_ll_usb.c ****                    USB_OTG_GINTMSK_OEPINT   | USB_OTG_GINTMSK_IISOIXFRM |
 450:Drivers/STM32F4xx_HAL_Driver/Src/stm32f4xx_ll_usb.c ****                    USB_OTG_GINTMSK_PXFRM_IISOOXFRM | USB_OTG_GINTMSK_WUIM;
 451:Drivers/STM32F4xx_HAL_Driver/Src/stm32f4xx_ll_usb.c **** 
 452:Drivers/STM32F4xx_HAL_Driver/Src/stm32f4xx_ll_usb.c ****   if (cfg.Sof_enable != 0U)
 453:Drivers/STM32F4xx_HAL_Driver/Src/stm32f4xx_ll_usb.c ****   {
 454:Drivers/STM32F4xx_HAL_Driver/Src/stm32f4xx_ll_usb.c ****     USBx->GINTMSK |= USB_OTG_GINTMSK_SOFM;
 455:Drivers/STM32F4xx_HAL_Driver/Src/stm32f4xx_ll_usb.c ****   }
 456:Drivers/STM32F4xx_HAL_Driver/Src/stm32f4xx_ll_usb.c **** 
 457:Drivers/STM32F4xx_HAL_Driver/Src/stm32f4xx_ll_usb.c ****   if (cfg.vbus_sensing_enable == 1U)
 458:Drivers/STM32F4xx_HAL_Driver/Src/stm32f4xx_ll_usb.c ****   {
 459:Drivers/STM32F4xx_HAL_Driver/Src/stm32f4xx_ll_usb.c ****     USBx->GINTMSK |= (USB_OTG_GINTMSK_SRQIM | USB_OTG_GINTMSK_OTGINT);
 460:Drivers/STM32F4xx_HAL_Driver/Src/stm32f4xx_ll_usb.c ****   }
 461:Drivers/STM32F4xx_HAL_Driver/Src/stm32f4xx_ll_usb.c **** 
 462:Drivers/STM32F4xx_HAL_Driver/Src/stm32f4xx_ll_usb.c ****   return ret;
 463:Drivers/STM32F4xx_HAL_Driver/Src/stm32f4xx_ll_usb.c **** }
 464:Drivers/STM32F4xx_HAL_Driver/Src/stm32f4xx_ll_usb.c **** 
 465:Drivers/STM32F4xx_HAL_Driver/Src/stm32f4xx_ll_usb.c **** /**
 466:Drivers/STM32F4xx_HAL_Driver/Src/stm32f4xx_ll_usb.c ****   * @brief  USB_FlushTxFifo Flush a Tx FIFO
 467:Drivers/STM32F4xx_HAL_Driver/Src/stm32f4xx_ll_usb.c ****   * @param  USBx  Selected device
 468:Drivers/STM32F4xx_HAL_Driver/Src/stm32f4xx_ll_usb.c ****   * @param  num  FIFO number
 469:Drivers/STM32F4xx_HAL_Driver/Src/stm32f4xx_ll_usb.c ****   *         This parameter can be a value from 1 to 15
 470:Drivers/STM32F4xx_HAL_Driver/Src/stm32f4xx_ll_usb.c ****             15 means Flush all Tx FIFOs
 471:Drivers/STM32F4xx_HAL_Driver/Src/stm32f4xx_ll_usb.c ****   * @retval HAL status
 472:Drivers/STM32F4xx_HAL_Driver/Src/stm32f4xx_ll_usb.c ****   */
 473:Drivers/STM32F4xx_HAL_Driver/Src/stm32f4xx_ll_usb.c **** HAL_StatusTypeDef USB_FlushTxFifo(USB_OTG_GlobalTypeDef *USBx, uint32_t num)
 474:Drivers/STM32F4xx_HAL_Driver/Src/stm32f4xx_ll_usb.c **** {
 475:Drivers/STM32F4xx_HAL_Driver/Src/stm32f4xx_ll_usb.c ****   __IO uint32_t count = 0U;
 476:Drivers/STM32F4xx_HAL_Driver/Src/stm32f4xx_ll_usb.c **** 
 477:Drivers/STM32F4xx_HAL_Driver/Src/stm32f4xx_ll_usb.c ****   /* Wait for AHB master IDLE state. */
 478:Drivers/STM32F4xx_HAL_Driver/Src/stm32f4xx_ll_usb.c ****   do
 479:Drivers/STM32F4xx_HAL_Driver/Src/stm32f4xx_ll_usb.c ****   {
 480:Drivers/STM32F4xx_HAL_Driver/Src/stm32f4xx_ll_usb.c ****     count++;
 481:Drivers/STM32F4xx_HAL_Driver/Src/stm32f4xx_ll_usb.c **** 
 482:Drivers/STM32F4xx_HAL_Driver/Src/stm32f4xx_ll_usb.c ****     if (count > HAL_USB_TIMEOUT)
 483:Drivers/STM32F4xx_HAL_Driver/Src/stm32f4xx_ll_usb.c ****     {
 484:Drivers/STM32F4xx_HAL_Driver/Src/stm32f4xx_ll_usb.c ****       return HAL_TIMEOUT;
 485:Drivers/STM32F4xx_HAL_Driver/Src/stm32f4xx_ll_usb.c ****     }
 486:Drivers/STM32F4xx_HAL_Driver/Src/stm32f4xx_ll_usb.c ****   } while ((USBx->GRSTCTL & USB_OTG_GRSTCTL_AHBIDL) == 0U);
ARM GAS  /tmp/cccSJnlz.s 			page 10


 487:Drivers/STM32F4xx_HAL_Driver/Src/stm32f4xx_ll_usb.c **** 
 488:Drivers/STM32F4xx_HAL_Driver/Src/stm32f4xx_ll_usb.c ****   /* Flush TX Fifo */
 489:Drivers/STM32F4xx_HAL_Driver/Src/stm32f4xx_ll_usb.c ****   count = 0U;
 490:Drivers/STM32F4xx_HAL_Driver/Src/stm32f4xx_ll_usb.c ****   USBx->GRSTCTL = (USB_OTG_GRSTCTL_TXFFLSH | (num << 6));
 491:Drivers/STM32F4xx_HAL_Driver/Src/stm32f4xx_ll_usb.c **** 
 492:Drivers/STM32F4xx_HAL_Driver/Src/stm32f4xx_ll_usb.c ****   do
 493:Drivers/STM32F4xx_HAL_Driver/Src/stm32f4xx_ll_usb.c ****   {
 494:Drivers/STM32F4xx_HAL_Driver/Src/stm32f4xx_ll_usb.c ****     count++;
 495:Drivers/STM32F4xx_HAL_Driver/Src/stm32f4xx_ll_usb.c **** 
 496:Drivers/STM32F4xx_HAL_Driver/Src/stm32f4xx_ll_usb.c ****     if (count > HAL_USB_TIMEOUT)
 497:Drivers/STM32F4xx_HAL_Driver/Src/stm32f4xx_ll_usb.c ****     {
 498:Drivers/STM32F4xx_HAL_Driver/Src/stm32f4xx_ll_usb.c ****       return HAL_TIMEOUT;
 499:Drivers/STM32F4xx_HAL_Driver/Src/stm32f4xx_ll_usb.c ****     }
 500:Drivers/STM32F4xx_HAL_Driver/Src/stm32f4xx_ll_usb.c ****   } while ((USBx->GRSTCTL & USB_OTG_GRSTCTL_TXFFLSH) == USB_OTG_GRSTCTL_TXFFLSH);
 501:Drivers/STM32F4xx_HAL_Driver/Src/stm32f4xx_ll_usb.c **** 
 502:Drivers/STM32F4xx_HAL_Driver/Src/stm32f4xx_ll_usb.c ****   return HAL_OK;
 503:Drivers/STM32F4xx_HAL_Driver/Src/stm32f4xx_ll_usb.c **** }
 504:Drivers/STM32F4xx_HAL_Driver/Src/stm32f4xx_ll_usb.c **** 
 505:Drivers/STM32F4xx_HAL_Driver/Src/stm32f4xx_ll_usb.c **** /**
 506:Drivers/STM32F4xx_HAL_Driver/Src/stm32f4xx_ll_usb.c ****   * @brief  USB_FlushRxFifo  Flush Rx FIFO
 507:Drivers/STM32F4xx_HAL_Driver/Src/stm32f4xx_ll_usb.c ****   * @param  USBx  Selected device
 508:Drivers/STM32F4xx_HAL_Driver/Src/stm32f4xx_ll_usb.c ****   * @retval HAL status
 509:Drivers/STM32F4xx_HAL_Driver/Src/stm32f4xx_ll_usb.c ****   */
 510:Drivers/STM32F4xx_HAL_Driver/Src/stm32f4xx_ll_usb.c **** HAL_StatusTypeDef USB_FlushRxFifo(USB_OTG_GlobalTypeDef *USBx)
 511:Drivers/STM32F4xx_HAL_Driver/Src/stm32f4xx_ll_usb.c **** {
 512:Drivers/STM32F4xx_HAL_Driver/Src/stm32f4xx_ll_usb.c ****   __IO uint32_t count = 0U;
 513:Drivers/STM32F4xx_HAL_Driver/Src/stm32f4xx_ll_usb.c **** 
 514:Drivers/STM32F4xx_HAL_Driver/Src/stm32f4xx_ll_usb.c ****   /* Wait for AHB master IDLE state. */
 515:Drivers/STM32F4xx_HAL_Driver/Src/stm32f4xx_ll_usb.c ****   do
 516:Drivers/STM32F4xx_HAL_Driver/Src/stm32f4xx_ll_usb.c ****   {
 517:Drivers/STM32F4xx_HAL_Driver/Src/stm32f4xx_ll_usb.c ****     count++;
 518:Drivers/STM32F4xx_HAL_Driver/Src/stm32f4xx_ll_usb.c **** 
 519:Drivers/STM32F4xx_HAL_Driver/Src/stm32f4xx_ll_usb.c ****     if (count > HAL_USB_TIMEOUT)
 520:Drivers/STM32F4xx_HAL_Driver/Src/stm32f4xx_ll_usb.c ****     {
 521:Drivers/STM32F4xx_HAL_Driver/Src/stm32f4xx_ll_usb.c ****       return HAL_TIMEOUT;
 522:Drivers/STM32F4xx_HAL_Driver/Src/stm32f4xx_ll_usb.c ****     }
 523:Drivers/STM32F4xx_HAL_Driver/Src/stm32f4xx_ll_usb.c ****   } while ((USBx->GRSTCTL & USB_OTG_GRSTCTL_AHBIDL) == 0U);
 524:Drivers/STM32F4xx_HAL_Driver/Src/stm32f4xx_ll_usb.c **** 
 525:Drivers/STM32F4xx_HAL_Driver/Src/stm32f4xx_ll_usb.c ****   /* Flush RX Fifo */
 526:Drivers/STM32F4xx_HAL_Driver/Src/stm32f4xx_ll_usb.c ****   count = 0U;
 527:Drivers/STM32F4xx_HAL_Driver/Src/stm32f4xx_ll_usb.c ****   USBx->GRSTCTL = USB_OTG_GRSTCTL_RXFFLSH;
 528:Drivers/STM32F4xx_HAL_Driver/Src/stm32f4xx_ll_usb.c **** 
 529:Drivers/STM32F4xx_HAL_Driver/Src/stm32f4xx_ll_usb.c ****   do
 530:Drivers/STM32F4xx_HAL_Driver/Src/stm32f4xx_ll_usb.c ****   {
 531:Drivers/STM32F4xx_HAL_Driver/Src/stm32f4xx_ll_usb.c ****     count++;
 532:Drivers/STM32F4xx_HAL_Driver/Src/stm32f4xx_ll_usb.c **** 
 533:Drivers/STM32F4xx_HAL_Driver/Src/stm32f4xx_ll_usb.c ****     if (count > HAL_USB_TIMEOUT)
 534:Drivers/STM32F4xx_HAL_Driver/Src/stm32f4xx_ll_usb.c ****     {
 535:Drivers/STM32F4xx_HAL_Driver/Src/stm32f4xx_ll_usb.c ****       return HAL_TIMEOUT;
 536:Drivers/STM32F4xx_HAL_Driver/Src/stm32f4xx_ll_usb.c ****     }
 537:Drivers/STM32F4xx_HAL_Driver/Src/stm32f4xx_ll_usb.c ****   } while ((USBx->GRSTCTL & USB_OTG_GRSTCTL_RXFFLSH) == USB_OTG_GRSTCTL_RXFFLSH);
 538:Drivers/STM32F4xx_HAL_Driver/Src/stm32f4xx_ll_usb.c **** 
 539:Drivers/STM32F4xx_HAL_Driver/Src/stm32f4xx_ll_usb.c ****   return HAL_OK;
 540:Drivers/STM32F4xx_HAL_Driver/Src/stm32f4xx_ll_usb.c **** }
 541:Drivers/STM32F4xx_HAL_Driver/Src/stm32f4xx_ll_usb.c **** 
 542:Drivers/STM32F4xx_HAL_Driver/Src/stm32f4xx_ll_usb.c **** /**
 543:Drivers/STM32F4xx_HAL_Driver/Src/stm32f4xx_ll_usb.c ****   * @brief  USB_SetDevSpeed  Initializes the DevSpd field of DCFG register
ARM GAS  /tmp/cccSJnlz.s 			page 11


 544:Drivers/STM32F4xx_HAL_Driver/Src/stm32f4xx_ll_usb.c ****   *         depending the PHY type and the enumeration speed of the device.
 545:Drivers/STM32F4xx_HAL_Driver/Src/stm32f4xx_ll_usb.c ****   * @param  USBx  Selected device
 546:Drivers/STM32F4xx_HAL_Driver/Src/stm32f4xx_ll_usb.c ****   * @param  speed  device speed
 547:Drivers/STM32F4xx_HAL_Driver/Src/stm32f4xx_ll_usb.c ****   *          This parameter can be one of these values:
 548:Drivers/STM32F4xx_HAL_Driver/Src/stm32f4xx_ll_usb.c ****   *            @arg USB_OTG_SPEED_HIGH: High speed mode
 549:Drivers/STM32F4xx_HAL_Driver/Src/stm32f4xx_ll_usb.c ****   *            @arg USB_OTG_SPEED_HIGH_IN_FULL: High speed core in Full Speed mode
 550:Drivers/STM32F4xx_HAL_Driver/Src/stm32f4xx_ll_usb.c ****   *            @arg USB_OTG_SPEED_FULL: Full speed mode
 551:Drivers/STM32F4xx_HAL_Driver/Src/stm32f4xx_ll_usb.c ****   * @retval  Hal status
 552:Drivers/STM32F4xx_HAL_Driver/Src/stm32f4xx_ll_usb.c ****   */
 553:Drivers/STM32F4xx_HAL_Driver/Src/stm32f4xx_ll_usb.c **** HAL_StatusTypeDef USB_SetDevSpeed(const USB_OTG_GlobalTypeDef *USBx, uint8_t speed)
 554:Drivers/STM32F4xx_HAL_Driver/Src/stm32f4xx_ll_usb.c **** {
 555:Drivers/STM32F4xx_HAL_Driver/Src/stm32f4xx_ll_usb.c ****   uint32_t USBx_BASE = (uint32_t)USBx;
 556:Drivers/STM32F4xx_HAL_Driver/Src/stm32f4xx_ll_usb.c **** 
 557:Drivers/STM32F4xx_HAL_Driver/Src/stm32f4xx_ll_usb.c ****   USBx_DEVICE->DCFG |= speed;
 558:Drivers/STM32F4xx_HAL_Driver/Src/stm32f4xx_ll_usb.c ****   return HAL_OK;
 559:Drivers/STM32F4xx_HAL_Driver/Src/stm32f4xx_ll_usb.c **** }
 560:Drivers/STM32F4xx_HAL_Driver/Src/stm32f4xx_ll_usb.c **** 
 561:Drivers/STM32F4xx_HAL_Driver/Src/stm32f4xx_ll_usb.c **** /**
 562:Drivers/STM32F4xx_HAL_Driver/Src/stm32f4xx_ll_usb.c ****   * @brief  USB_GetDevSpeed  Return the Dev Speed
 563:Drivers/STM32F4xx_HAL_Driver/Src/stm32f4xx_ll_usb.c ****   * @param  USBx  Selected device
 564:Drivers/STM32F4xx_HAL_Driver/Src/stm32f4xx_ll_usb.c ****   * @retval speed  device speed
 565:Drivers/STM32F4xx_HAL_Driver/Src/stm32f4xx_ll_usb.c ****   *          This parameter can be one of these values:
 566:Drivers/STM32F4xx_HAL_Driver/Src/stm32f4xx_ll_usb.c ****   *            @arg USBD_HS_SPEED: High speed mode
 567:Drivers/STM32F4xx_HAL_Driver/Src/stm32f4xx_ll_usb.c ****   *            @arg USBD_FS_SPEED: Full speed mode
 568:Drivers/STM32F4xx_HAL_Driver/Src/stm32f4xx_ll_usb.c ****   */
 569:Drivers/STM32F4xx_HAL_Driver/Src/stm32f4xx_ll_usb.c **** uint8_t USB_GetDevSpeed(const USB_OTG_GlobalTypeDef *USBx)
 570:Drivers/STM32F4xx_HAL_Driver/Src/stm32f4xx_ll_usb.c **** {
 571:Drivers/STM32F4xx_HAL_Driver/Src/stm32f4xx_ll_usb.c ****   uint32_t USBx_BASE = (uint32_t)USBx;
 572:Drivers/STM32F4xx_HAL_Driver/Src/stm32f4xx_ll_usb.c ****   uint8_t speed;
 573:Drivers/STM32F4xx_HAL_Driver/Src/stm32f4xx_ll_usb.c ****   uint32_t DevEnumSpeed = USBx_DEVICE->DSTS & USB_OTG_DSTS_ENUMSPD;
 574:Drivers/STM32F4xx_HAL_Driver/Src/stm32f4xx_ll_usb.c **** 
 575:Drivers/STM32F4xx_HAL_Driver/Src/stm32f4xx_ll_usb.c ****   if (DevEnumSpeed == DSTS_ENUMSPD_HS_PHY_30MHZ_OR_60MHZ)
 576:Drivers/STM32F4xx_HAL_Driver/Src/stm32f4xx_ll_usb.c ****   {
 577:Drivers/STM32F4xx_HAL_Driver/Src/stm32f4xx_ll_usb.c ****     speed = USBD_HS_SPEED;
 578:Drivers/STM32F4xx_HAL_Driver/Src/stm32f4xx_ll_usb.c ****   }
 579:Drivers/STM32F4xx_HAL_Driver/Src/stm32f4xx_ll_usb.c ****   else if ((DevEnumSpeed == DSTS_ENUMSPD_FS_PHY_30MHZ_OR_60MHZ) ||
 580:Drivers/STM32F4xx_HAL_Driver/Src/stm32f4xx_ll_usb.c ****            (DevEnumSpeed == DSTS_ENUMSPD_FS_PHY_48MHZ))
 581:Drivers/STM32F4xx_HAL_Driver/Src/stm32f4xx_ll_usb.c ****   {
 582:Drivers/STM32F4xx_HAL_Driver/Src/stm32f4xx_ll_usb.c ****     speed = USBD_FS_SPEED;
 583:Drivers/STM32F4xx_HAL_Driver/Src/stm32f4xx_ll_usb.c ****   }
 584:Drivers/STM32F4xx_HAL_Driver/Src/stm32f4xx_ll_usb.c ****   else
 585:Drivers/STM32F4xx_HAL_Driver/Src/stm32f4xx_ll_usb.c ****   {
 586:Drivers/STM32F4xx_HAL_Driver/Src/stm32f4xx_ll_usb.c ****     speed = 0xFU;
 587:Drivers/STM32F4xx_HAL_Driver/Src/stm32f4xx_ll_usb.c ****   }
 588:Drivers/STM32F4xx_HAL_Driver/Src/stm32f4xx_ll_usb.c **** 
 589:Drivers/STM32F4xx_HAL_Driver/Src/stm32f4xx_ll_usb.c ****   return speed;
 590:Drivers/STM32F4xx_HAL_Driver/Src/stm32f4xx_ll_usb.c **** }
 591:Drivers/STM32F4xx_HAL_Driver/Src/stm32f4xx_ll_usb.c **** 
 592:Drivers/STM32F4xx_HAL_Driver/Src/stm32f4xx_ll_usb.c **** /**
 593:Drivers/STM32F4xx_HAL_Driver/Src/stm32f4xx_ll_usb.c ****   * @brief  Activate and configure an endpoint
 594:Drivers/STM32F4xx_HAL_Driver/Src/stm32f4xx_ll_usb.c ****   * @param  USBx  Selected device
 595:Drivers/STM32F4xx_HAL_Driver/Src/stm32f4xx_ll_usb.c ****   * @param  ep pointer to endpoint structure
 596:Drivers/STM32F4xx_HAL_Driver/Src/stm32f4xx_ll_usb.c ****   * @retval HAL status
 597:Drivers/STM32F4xx_HAL_Driver/Src/stm32f4xx_ll_usb.c ****   */
 598:Drivers/STM32F4xx_HAL_Driver/Src/stm32f4xx_ll_usb.c **** HAL_StatusTypeDef USB_ActivateEndpoint(const USB_OTG_GlobalTypeDef *USBx, const USB_OTG_EPTypeDef *
 599:Drivers/STM32F4xx_HAL_Driver/Src/stm32f4xx_ll_usb.c **** {
 600:Drivers/STM32F4xx_HAL_Driver/Src/stm32f4xx_ll_usb.c ****   uint32_t USBx_BASE = (uint32_t)USBx;
ARM GAS  /tmp/cccSJnlz.s 			page 12


 601:Drivers/STM32F4xx_HAL_Driver/Src/stm32f4xx_ll_usb.c ****   uint32_t epnum = (uint32_t)ep->num;
 602:Drivers/STM32F4xx_HAL_Driver/Src/stm32f4xx_ll_usb.c **** 
 603:Drivers/STM32F4xx_HAL_Driver/Src/stm32f4xx_ll_usb.c ****   if (ep->is_in == 1U)
 604:Drivers/STM32F4xx_HAL_Driver/Src/stm32f4xx_ll_usb.c ****   {
 605:Drivers/STM32F4xx_HAL_Driver/Src/stm32f4xx_ll_usb.c ****     USBx_DEVICE->DAINTMSK |= USB_OTG_DAINTMSK_IEPM & (uint32_t)(1UL << (ep->num & EP_ADDR_MSK));
 606:Drivers/STM32F4xx_HAL_Driver/Src/stm32f4xx_ll_usb.c **** 
 607:Drivers/STM32F4xx_HAL_Driver/Src/stm32f4xx_ll_usb.c ****     if ((USBx_INEP(epnum)->DIEPCTL & USB_OTG_DIEPCTL_USBAEP) == 0U)
 608:Drivers/STM32F4xx_HAL_Driver/Src/stm32f4xx_ll_usb.c ****     {
 609:Drivers/STM32F4xx_HAL_Driver/Src/stm32f4xx_ll_usb.c ****       USBx_INEP(epnum)->DIEPCTL |= (ep->maxpacket & USB_OTG_DIEPCTL_MPSIZ) |
 610:Drivers/STM32F4xx_HAL_Driver/Src/stm32f4xx_ll_usb.c ****                                    ((uint32_t)ep->type << 18) | (epnum << 22) |
 611:Drivers/STM32F4xx_HAL_Driver/Src/stm32f4xx_ll_usb.c ****                                    USB_OTG_DIEPCTL_SD0PID_SEVNFRM |
 612:Drivers/STM32F4xx_HAL_Driver/Src/stm32f4xx_ll_usb.c ****                                    USB_OTG_DIEPCTL_USBAEP;
 613:Drivers/STM32F4xx_HAL_Driver/Src/stm32f4xx_ll_usb.c ****     }
 614:Drivers/STM32F4xx_HAL_Driver/Src/stm32f4xx_ll_usb.c ****   }
 615:Drivers/STM32F4xx_HAL_Driver/Src/stm32f4xx_ll_usb.c ****   else
 616:Drivers/STM32F4xx_HAL_Driver/Src/stm32f4xx_ll_usb.c ****   {
 617:Drivers/STM32F4xx_HAL_Driver/Src/stm32f4xx_ll_usb.c ****     USBx_DEVICE->DAINTMSK |= USB_OTG_DAINTMSK_OEPM & ((uint32_t)(1UL << (ep->num & EP_ADDR_MSK)) <<
 618:Drivers/STM32F4xx_HAL_Driver/Src/stm32f4xx_ll_usb.c **** 
 619:Drivers/STM32F4xx_HAL_Driver/Src/stm32f4xx_ll_usb.c ****     if (((USBx_OUTEP(epnum)->DOEPCTL) & USB_OTG_DOEPCTL_USBAEP) == 0U)
 620:Drivers/STM32F4xx_HAL_Driver/Src/stm32f4xx_ll_usb.c ****     {
 621:Drivers/STM32F4xx_HAL_Driver/Src/stm32f4xx_ll_usb.c ****       USBx_OUTEP(epnum)->DOEPCTL |= (ep->maxpacket & USB_OTG_DOEPCTL_MPSIZ) |
 622:Drivers/STM32F4xx_HAL_Driver/Src/stm32f4xx_ll_usb.c ****                                     ((uint32_t)ep->type << 18) |
 623:Drivers/STM32F4xx_HAL_Driver/Src/stm32f4xx_ll_usb.c ****                                     USB_OTG_DIEPCTL_SD0PID_SEVNFRM |
 624:Drivers/STM32F4xx_HAL_Driver/Src/stm32f4xx_ll_usb.c ****                                     USB_OTG_DOEPCTL_USBAEP;
 625:Drivers/STM32F4xx_HAL_Driver/Src/stm32f4xx_ll_usb.c ****     }
 626:Drivers/STM32F4xx_HAL_Driver/Src/stm32f4xx_ll_usb.c ****   }
 627:Drivers/STM32F4xx_HAL_Driver/Src/stm32f4xx_ll_usb.c ****   return HAL_OK;
 628:Drivers/STM32F4xx_HAL_Driver/Src/stm32f4xx_ll_usb.c **** }
 629:Drivers/STM32F4xx_HAL_Driver/Src/stm32f4xx_ll_usb.c **** 
 630:Drivers/STM32F4xx_HAL_Driver/Src/stm32f4xx_ll_usb.c **** /**
 631:Drivers/STM32F4xx_HAL_Driver/Src/stm32f4xx_ll_usb.c ****   * @brief  Activate and configure a dedicated endpoint
 632:Drivers/STM32F4xx_HAL_Driver/Src/stm32f4xx_ll_usb.c ****   * @param  USBx  Selected device
 633:Drivers/STM32F4xx_HAL_Driver/Src/stm32f4xx_ll_usb.c ****   * @param  ep pointer to endpoint structure
 634:Drivers/STM32F4xx_HAL_Driver/Src/stm32f4xx_ll_usb.c ****   * @retval HAL status
 635:Drivers/STM32F4xx_HAL_Driver/Src/stm32f4xx_ll_usb.c ****   */
 636:Drivers/STM32F4xx_HAL_Driver/Src/stm32f4xx_ll_usb.c **** HAL_StatusTypeDef USB_ActivateDedicatedEndpoint(const USB_OTG_GlobalTypeDef *USBx, const USB_OTG_EP
 637:Drivers/STM32F4xx_HAL_Driver/Src/stm32f4xx_ll_usb.c **** {
 638:Drivers/STM32F4xx_HAL_Driver/Src/stm32f4xx_ll_usb.c ****   uint32_t USBx_BASE = (uint32_t)USBx;
 639:Drivers/STM32F4xx_HAL_Driver/Src/stm32f4xx_ll_usb.c ****   uint32_t epnum = (uint32_t)ep->num;
 640:Drivers/STM32F4xx_HAL_Driver/Src/stm32f4xx_ll_usb.c **** 
 641:Drivers/STM32F4xx_HAL_Driver/Src/stm32f4xx_ll_usb.c ****   /* Read DEPCTLn register */
 642:Drivers/STM32F4xx_HAL_Driver/Src/stm32f4xx_ll_usb.c ****   if (ep->is_in == 1U)
 643:Drivers/STM32F4xx_HAL_Driver/Src/stm32f4xx_ll_usb.c ****   {
 644:Drivers/STM32F4xx_HAL_Driver/Src/stm32f4xx_ll_usb.c ****     if (((USBx_INEP(epnum)->DIEPCTL) & USB_OTG_DIEPCTL_USBAEP) == 0U)
 645:Drivers/STM32F4xx_HAL_Driver/Src/stm32f4xx_ll_usb.c ****     {
 646:Drivers/STM32F4xx_HAL_Driver/Src/stm32f4xx_ll_usb.c ****       USBx_INEP(epnum)->DIEPCTL |= (ep->maxpacket & USB_OTG_DIEPCTL_MPSIZ) |
 647:Drivers/STM32F4xx_HAL_Driver/Src/stm32f4xx_ll_usb.c ****                                    ((uint32_t)ep->type << 18) | (epnum << 22) |
 648:Drivers/STM32F4xx_HAL_Driver/Src/stm32f4xx_ll_usb.c ****                                    USB_OTG_DIEPCTL_SD0PID_SEVNFRM |
 649:Drivers/STM32F4xx_HAL_Driver/Src/stm32f4xx_ll_usb.c ****                                    USB_OTG_DIEPCTL_USBAEP;
 650:Drivers/STM32F4xx_HAL_Driver/Src/stm32f4xx_ll_usb.c ****     }
 651:Drivers/STM32F4xx_HAL_Driver/Src/stm32f4xx_ll_usb.c **** 
 652:Drivers/STM32F4xx_HAL_Driver/Src/stm32f4xx_ll_usb.c ****     USBx_DEVICE->DEACHMSK |= USB_OTG_DAINTMSK_IEPM & (uint32_t)(1UL << (ep->num & EP_ADDR_MSK));
 653:Drivers/STM32F4xx_HAL_Driver/Src/stm32f4xx_ll_usb.c ****   }
 654:Drivers/STM32F4xx_HAL_Driver/Src/stm32f4xx_ll_usb.c ****   else
 655:Drivers/STM32F4xx_HAL_Driver/Src/stm32f4xx_ll_usb.c ****   {
 656:Drivers/STM32F4xx_HAL_Driver/Src/stm32f4xx_ll_usb.c ****     if (((USBx_OUTEP(epnum)->DOEPCTL) & USB_OTG_DOEPCTL_USBAEP) == 0U)
 657:Drivers/STM32F4xx_HAL_Driver/Src/stm32f4xx_ll_usb.c ****     {
ARM GAS  /tmp/cccSJnlz.s 			page 13


 658:Drivers/STM32F4xx_HAL_Driver/Src/stm32f4xx_ll_usb.c ****       USBx_OUTEP(epnum)->DOEPCTL |= (ep->maxpacket & USB_OTG_DOEPCTL_MPSIZ) |
 659:Drivers/STM32F4xx_HAL_Driver/Src/stm32f4xx_ll_usb.c ****                                     ((uint32_t)ep->type << 18) | (epnum << 22) |
 660:Drivers/STM32F4xx_HAL_Driver/Src/stm32f4xx_ll_usb.c ****                                     USB_OTG_DOEPCTL_USBAEP;
 661:Drivers/STM32F4xx_HAL_Driver/Src/stm32f4xx_ll_usb.c ****     }
 662:Drivers/STM32F4xx_HAL_Driver/Src/stm32f4xx_ll_usb.c **** 
 663:Drivers/STM32F4xx_HAL_Driver/Src/stm32f4xx_ll_usb.c ****     USBx_DEVICE->DEACHMSK |= USB_OTG_DAINTMSK_OEPM & ((uint32_t)(1UL << (ep->num & EP_ADDR_MSK)) <<
 664:Drivers/STM32F4xx_HAL_Driver/Src/stm32f4xx_ll_usb.c ****   }
 665:Drivers/STM32F4xx_HAL_Driver/Src/stm32f4xx_ll_usb.c **** 
 666:Drivers/STM32F4xx_HAL_Driver/Src/stm32f4xx_ll_usb.c ****   return HAL_OK;
 667:Drivers/STM32F4xx_HAL_Driver/Src/stm32f4xx_ll_usb.c **** }
 668:Drivers/STM32F4xx_HAL_Driver/Src/stm32f4xx_ll_usb.c **** 
 669:Drivers/STM32F4xx_HAL_Driver/Src/stm32f4xx_ll_usb.c **** /**
 670:Drivers/STM32F4xx_HAL_Driver/Src/stm32f4xx_ll_usb.c ****   * @brief  De-activate and de-initialize an endpoint
 671:Drivers/STM32F4xx_HAL_Driver/Src/stm32f4xx_ll_usb.c ****   * @param  USBx  Selected device
 672:Drivers/STM32F4xx_HAL_Driver/Src/stm32f4xx_ll_usb.c ****   * @param  ep pointer to endpoint structure
 673:Drivers/STM32F4xx_HAL_Driver/Src/stm32f4xx_ll_usb.c ****   * @retval HAL status
 674:Drivers/STM32F4xx_HAL_Driver/Src/stm32f4xx_ll_usb.c ****   */
 675:Drivers/STM32F4xx_HAL_Driver/Src/stm32f4xx_ll_usb.c **** HAL_StatusTypeDef USB_DeactivateEndpoint(const USB_OTG_GlobalTypeDef *USBx, const USB_OTG_EPTypeDef
 676:Drivers/STM32F4xx_HAL_Driver/Src/stm32f4xx_ll_usb.c **** {
 677:Drivers/STM32F4xx_HAL_Driver/Src/stm32f4xx_ll_usb.c ****   uint32_t USBx_BASE = (uint32_t)USBx;
 678:Drivers/STM32F4xx_HAL_Driver/Src/stm32f4xx_ll_usb.c ****   uint32_t epnum = (uint32_t)ep->num;
 679:Drivers/STM32F4xx_HAL_Driver/Src/stm32f4xx_ll_usb.c **** 
 680:Drivers/STM32F4xx_HAL_Driver/Src/stm32f4xx_ll_usb.c ****   /* Read DEPCTLn register */
 681:Drivers/STM32F4xx_HAL_Driver/Src/stm32f4xx_ll_usb.c ****   if (ep->is_in == 1U)
 682:Drivers/STM32F4xx_HAL_Driver/Src/stm32f4xx_ll_usb.c ****   {
 683:Drivers/STM32F4xx_HAL_Driver/Src/stm32f4xx_ll_usb.c ****     if ((USBx_INEP(epnum)->DIEPCTL & USB_OTG_DIEPCTL_EPENA) == USB_OTG_DIEPCTL_EPENA)
 684:Drivers/STM32F4xx_HAL_Driver/Src/stm32f4xx_ll_usb.c ****     {
 685:Drivers/STM32F4xx_HAL_Driver/Src/stm32f4xx_ll_usb.c ****       USBx_INEP(epnum)->DIEPCTL |= USB_OTG_DIEPCTL_SNAK;
 686:Drivers/STM32F4xx_HAL_Driver/Src/stm32f4xx_ll_usb.c ****       USBx_INEP(epnum)->DIEPCTL |= USB_OTG_DIEPCTL_EPDIS;
 687:Drivers/STM32F4xx_HAL_Driver/Src/stm32f4xx_ll_usb.c ****     }
 688:Drivers/STM32F4xx_HAL_Driver/Src/stm32f4xx_ll_usb.c **** 
 689:Drivers/STM32F4xx_HAL_Driver/Src/stm32f4xx_ll_usb.c ****     USBx_DEVICE->DEACHMSK &= ~(USB_OTG_DAINTMSK_IEPM & (uint32_t)(1UL << (ep->num & EP_ADDR_MSK)));
 690:Drivers/STM32F4xx_HAL_Driver/Src/stm32f4xx_ll_usb.c ****     USBx_DEVICE->DAINTMSK &= ~(USB_OTG_DAINTMSK_IEPM & (uint32_t)(1UL << (ep->num & EP_ADDR_MSK)));
 691:Drivers/STM32F4xx_HAL_Driver/Src/stm32f4xx_ll_usb.c ****     USBx_INEP(epnum)->DIEPCTL &= ~(USB_OTG_DIEPCTL_USBAEP |
 692:Drivers/STM32F4xx_HAL_Driver/Src/stm32f4xx_ll_usb.c ****                                    USB_OTG_DIEPCTL_MPSIZ |
 693:Drivers/STM32F4xx_HAL_Driver/Src/stm32f4xx_ll_usb.c ****                                    USB_OTG_DIEPCTL_TXFNUM |
 694:Drivers/STM32F4xx_HAL_Driver/Src/stm32f4xx_ll_usb.c ****                                    USB_OTG_DIEPCTL_SD0PID_SEVNFRM |
 695:Drivers/STM32F4xx_HAL_Driver/Src/stm32f4xx_ll_usb.c ****                                    USB_OTG_DIEPCTL_EPTYP);
 696:Drivers/STM32F4xx_HAL_Driver/Src/stm32f4xx_ll_usb.c ****   }
 697:Drivers/STM32F4xx_HAL_Driver/Src/stm32f4xx_ll_usb.c ****   else
 698:Drivers/STM32F4xx_HAL_Driver/Src/stm32f4xx_ll_usb.c ****   {
 699:Drivers/STM32F4xx_HAL_Driver/Src/stm32f4xx_ll_usb.c ****     if ((USBx_OUTEP(epnum)->DOEPCTL & USB_OTG_DOEPCTL_EPENA) == USB_OTG_DOEPCTL_EPENA)
 700:Drivers/STM32F4xx_HAL_Driver/Src/stm32f4xx_ll_usb.c ****     {
 701:Drivers/STM32F4xx_HAL_Driver/Src/stm32f4xx_ll_usb.c ****       USBx_OUTEP(epnum)->DOEPCTL |= USB_OTG_DOEPCTL_SNAK;
 702:Drivers/STM32F4xx_HAL_Driver/Src/stm32f4xx_ll_usb.c ****       USBx_OUTEP(epnum)->DOEPCTL |= USB_OTG_DOEPCTL_EPDIS;
 703:Drivers/STM32F4xx_HAL_Driver/Src/stm32f4xx_ll_usb.c ****     }
 704:Drivers/STM32F4xx_HAL_Driver/Src/stm32f4xx_ll_usb.c **** 
 705:Drivers/STM32F4xx_HAL_Driver/Src/stm32f4xx_ll_usb.c ****     USBx_DEVICE->DEACHMSK &= ~(USB_OTG_DAINTMSK_OEPM & ((uint32_t)(1UL << (ep->num & EP_ADDR_MSK)) 
 706:Drivers/STM32F4xx_HAL_Driver/Src/stm32f4xx_ll_usb.c ****     USBx_DEVICE->DAINTMSK &= ~(USB_OTG_DAINTMSK_OEPM & ((uint32_t)(1UL << (ep->num & EP_ADDR_MSK)) 
 707:Drivers/STM32F4xx_HAL_Driver/Src/stm32f4xx_ll_usb.c ****     USBx_OUTEP(epnum)->DOEPCTL &= ~(USB_OTG_DOEPCTL_USBAEP |
 708:Drivers/STM32F4xx_HAL_Driver/Src/stm32f4xx_ll_usb.c ****                                     USB_OTG_DOEPCTL_MPSIZ |
 709:Drivers/STM32F4xx_HAL_Driver/Src/stm32f4xx_ll_usb.c ****                                     USB_OTG_DOEPCTL_SD0PID_SEVNFRM |
 710:Drivers/STM32F4xx_HAL_Driver/Src/stm32f4xx_ll_usb.c ****                                     USB_OTG_DOEPCTL_EPTYP);
 711:Drivers/STM32F4xx_HAL_Driver/Src/stm32f4xx_ll_usb.c ****   }
 712:Drivers/STM32F4xx_HAL_Driver/Src/stm32f4xx_ll_usb.c **** 
 713:Drivers/STM32F4xx_HAL_Driver/Src/stm32f4xx_ll_usb.c ****   return HAL_OK;
 714:Drivers/STM32F4xx_HAL_Driver/Src/stm32f4xx_ll_usb.c **** }
ARM GAS  /tmp/cccSJnlz.s 			page 14


 715:Drivers/STM32F4xx_HAL_Driver/Src/stm32f4xx_ll_usb.c **** 
 716:Drivers/STM32F4xx_HAL_Driver/Src/stm32f4xx_ll_usb.c **** /**
 717:Drivers/STM32F4xx_HAL_Driver/Src/stm32f4xx_ll_usb.c ****   * @brief  De-activate and de-initialize a dedicated endpoint
 718:Drivers/STM32F4xx_HAL_Driver/Src/stm32f4xx_ll_usb.c ****   * @param  USBx  Selected device
 719:Drivers/STM32F4xx_HAL_Driver/Src/stm32f4xx_ll_usb.c ****   * @param  ep pointer to endpoint structure
 720:Drivers/STM32F4xx_HAL_Driver/Src/stm32f4xx_ll_usb.c ****   * @retval HAL status
 721:Drivers/STM32F4xx_HAL_Driver/Src/stm32f4xx_ll_usb.c ****   */
 722:Drivers/STM32F4xx_HAL_Driver/Src/stm32f4xx_ll_usb.c **** HAL_StatusTypeDef USB_DeactivateDedicatedEndpoint(const USB_OTG_GlobalTypeDef *USBx, const USB_OTG_
 723:Drivers/STM32F4xx_HAL_Driver/Src/stm32f4xx_ll_usb.c **** {
 724:Drivers/STM32F4xx_HAL_Driver/Src/stm32f4xx_ll_usb.c ****   uint32_t USBx_BASE = (uint32_t)USBx;
 725:Drivers/STM32F4xx_HAL_Driver/Src/stm32f4xx_ll_usb.c ****   uint32_t epnum = (uint32_t)ep->num;
 726:Drivers/STM32F4xx_HAL_Driver/Src/stm32f4xx_ll_usb.c **** 
 727:Drivers/STM32F4xx_HAL_Driver/Src/stm32f4xx_ll_usb.c ****   /* Read DEPCTLn register */
 728:Drivers/STM32F4xx_HAL_Driver/Src/stm32f4xx_ll_usb.c ****   if (ep->is_in == 1U)
 729:Drivers/STM32F4xx_HAL_Driver/Src/stm32f4xx_ll_usb.c ****   {
 730:Drivers/STM32F4xx_HAL_Driver/Src/stm32f4xx_ll_usb.c ****     if ((USBx_INEP(epnum)->DIEPCTL & USB_OTG_DIEPCTL_EPENA) == USB_OTG_DIEPCTL_EPENA)
 731:Drivers/STM32F4xx_HAL_Driver/Src/stm32f4xx_ll_usb.c ****     {
 732:Drivers/STM32F4xx_HAL_Driver/Src/stm32f4xx_ll_usb.c ****       USBx_INEP(epnum)->DIEPCTL  |= USB_OTG_DIEPCTL_SNAK;
 733:Drivers/STM32F4xx_HAL_Driver/Src/stm32f4xx_ll_usb.c ****       USBx_INEP(epnum)->DIEPCTL  |= USB_OTG_DIEPCTL_EPDIS;
 734:Drivers/STM32F4xx_HAL_Driver/Src/stm32f4xx_ll_usb.c ****     }
 735:Drivers/STM32F4xx_HAL_Driver/Src/stm32f4xx_ll_usb.c **** 
 736:Drivers/STM32F4xx_HAL_Driver/Src/stm32f4xx_ll_usb.c ****     USBx_INEP(epnum)->DIEPCTL &= ~ USB_OTG_DIEPCTL_USBAEP;
 737:Drivers/STM32F4xx_HAL_Driver/Src/stm32f4xx_ll_usb.c ****     USBx_DEVICE->DAINTMSK &= ~(USB_OTG_DAINTMSK_IEPM & (uint32_t)(1UL << (ep->num & EP_ADDR_MSK)));
 738:Drivers/STM32F4xx_HAL_Driver/Src/stm32f4xx_ll_usb.c ****   }
 739:Drivers/STM32F4xx_HAL_Driver/Src/stm32f4xx_ll_usb.c ****   else
 740:Drivers/STM32F4xx_HAL_Driver/Src/stm32f4xx_ll_usb.c ****   {
 741:Drivers/STM32F4xx_HAL_Driver/Src/stm32f4xx_ll_usb.c ****     if ((USBx_OUTEP(epnum)->DOEPCTL & USB_OTG_DOEPCTL_EPENA) == USB_OTG_DOEPCTL_EPENA)
 742:Drivers/STM32F4xx_HAL_Driver/Src/stm32f4xx_ll_usb.c ****     {
 743:Drivers/STM32F4xx_HAL_Driver/Src/stm32f4xx_ll_usb.c ****       USBx_OUTEP(epnum)->DOEPCTL  |= USB_OTG_DOEPCTL_SNAK;
 744:Drivers/STM32F4xx_HAL_Driver/Src/stm32f4xx_ll_usb.c ****       USBx_OUTEP(epnum)->DOEPCTL  |= USB_OTG_DOEPCTL_EPDIS;
 745:Drivers/STM32F4xx_HAL_Driver/Src/stm32f4xx_ll_usb.c ****     }
 746:Drivers/STM32F4xx_HAL_Driver/Src/stm32f4xx_ll_usb.c **** 
 747:Drivers/STM32F4xx_HAL_Driver/Src/stm32f4xx_ll_usb.c ****     USBx_OUTEP(epnum)->DOEPCTL &= ~USB_OTG_DOEPCTL_USBAEP;
 748:Drivers/STM32F4xx_HAL_Driver/Src/stm32f4xx_ll_usb.c ****     USBx_DEVICE->DAINTMSK &= ~(USB_OTG_DAINTMSK_OEPM & ((uint32_t)(1UL << (ep->num & EP_ADDR_MSK)) 
 749:Drivers/STM32F4xx_HAL_Driver/Src/stm32f4xx_ll_usb.c ****   }
 750:Drivers/STM32F4xx_HAL_Driver/Src/stm32f4xx_ll_usb.c **** 
 751:Drivers/STM32F4xx_HAL_Driver/Src/stm32f4xx_ll_usb.c ****   return HAL_OK;
 752:Drivers/STM32F4xx_HAL_Driver/Src/stm32f4xx_ll_usb.c **** }
 753:Drivers/STM32F4xx_HAL_Driver/Src/stm32f4xx_ll_usb.c **** 
 754:Drivers/STM32F4xx_HAL_Driver/Src/stm32f4xx_ll_usb.c **** /**
 755:Drivers/STM32F4xx_HAL_Driver/Src/stm32f4xx_ll_usb.c ****   * @brief  USB_EPStartXfer : setup and starts a transfer over an EP
 756:Drivers/STM32F4xx_HAL_Driver/Src/stm32f4xx_ll_usb.c ****   * @param  USBx  Selected device
 757:Drivers/STM32F4xx_HAL_Driver/Src/stm32f4xx_ll_usb.c ****   * @param  ep pointer to endpoint structure
 758:Drivers/STM32F4xx_HAL_Driver/Src/stm32f4xx_ll_usb.c ****   * @param  dma USB dma enabled or disabled
 759:Drivers/STM32F4xx_HAL_Driver/Src/stm32f4xx_ll_usb.c ****   *          This parameter can be one of these values:
 760:Drivers/STM32F4xx_HAL_Driver/Src/stm32f4xx_ll_usb.c ****   *           0 : DMA feature not used
 761:Drivers/STM32F4xx_HAL_Driver/Src/stm32f4xx_ll_usb.c ****   *           1 : DMA feature used
 762:Drivers/STM32F4xx_HAL_Driver/Src/stm32f4xx_ll_usb.c ****   * @retval HAL status
 763:Drivers/STM32F4xx_HAL_Driver/Src/stm32f4xx_ll_usb.c ****   */
 764:Drivers/STM32F4xx_HAL_Driver/Src/stm32f4xx_ll_usb.c **** HAL_StatusTypeDef USB_EPStartXfer(USB_OTG_GlobalTypeDef *USBx, USB_OTG_EPTypeDef *ep, uint8_t dma)
 765:Drivers/STM32F4xx_HAL_Driver/Src/stm32f4xx_ll_usb.c **** {
 766:Drivers/STM32F4xx_HAL_Driver/Src/stm32f4xx_ll_usb.c ****   uint32_t USBx_BASE = (uint32_t)USBx;
 767:Drivers/STM32F4xx_HAL_Driver/Src/stm32f4xx_ll_usb.c ****   uint32_t epnum = (uint32_t)ep->num;
 768:Drivers/STM32F4xx_HAL_Driver/Src/stm32f4xx_ll_usb.c ****   uint16_t pktcnt;
 769:Drivers/STM32F4xx_HAL_Driver/Src/stm32f4xx_ll_usb.c **** 
 770:Drivers/STM32F4xx_HAL_Driver/Src/stm32f4xx_ll_usb.c ****   /* IN endpoint */
 771:Drivers/STM32F4xx_HAL_Driver/Src/stm32f4xx_ll_usb.c ****   if (ep->is_in == 1U)
ARM GAS  /tmp/cccSJnlz.s 			page 15


 772:Drivers/STM32F4xx_HAL_Driver/Src/stm32f4xx_ll_usb.c ****   {
 773:Drivers/STM32F4xx_HAL_Driver/Src/stm32f4xx_ll_usb.c ****     /* Zero Length Packet? */
 774:Drivers/STM32F4xx_HAL_Driver/Src/stm32f4xx_ll_usb.c ****     if (ep->xfer_len == 0U)
 775:Drivers/STM32F4xx_HAL_Driver/Src/stm32f4xx_ll_usb.c ****     {
 776:Drivers/STM32F4xx_HAL_Driver/Src/stm32f4xx_ll_usb.c ****       USBx_INEP(epnum)->DIEPTSIZ &= ~(USB_OTG_DIEPTSIZ_PKTCNT);
 777:Drivers/STM32F4xx_HAL_Driver/Src/stm32f4xx_ll_usb.c ****       USBx_INEP(epnum)->DIEPTSIZ |= (USB_OTG_DIEPTSIZ_PKTCNT & (1U << 19));
 778:Drivers/STM32F4xx_HAL_Driver/Src/stm32f4xx_ll_usb.c ****       USBx_INEP(epnum)->DIEPTSIZ &= ~(USB_OTG_DIEPTSIZ_XFRSIZ);
 779:Drivers/STM32F4xx_HAL_Driver/Src/stm32f4xx_ll_usb.c ****     }
 780:Drivers/STM32F4xx_HAL_Driver/Src/stm32f4xx_ll_usb.c ****     else
 781:Drivers/STM32F4xx_HAL_Driver/Src/stm32f4xx_ll_usb.c ****     {
 782:Drivers/STM32F4xx_HAL_Driver/Src/stm32f4xx_ll_usb.c ****       /* Program the transfer size and packet count
 783:Drivers/STM32F4xx_HAL_Driver/Src/stm32f4xx_ll_usb.c ****       * as follows: xfersize = N * maxpacket +
 784:Drivers/STM32F4xx_HAL_Driver/Src/stm32f4xx_ll_usb.c ****       * short_packet pktcnt = N + (short_packet
 785:Drivers/STM32F4xx_HAL_Driver/Src/stm32f4xx_ll_usb.c ****       * exist ? 1 : 0)
 786:Drivers/STM32F4xx_HAL_Driver/Src/stm32f4xx_ll_usb.c ****       */
 787:Drivers/STM32F4xx_HAL_Driver/Src/stm32f4xx_ll_usb.c ****       USBx_INEP(epnum)->DIEPTSIZ &= ~(USB_OTG_DIEPTSIZ_XFRSIZ);
 788:Drivers/STM32F4xx_HAL_Driver/Src/stm32f4xx_ll_usb.c ****       USBx_INEP(epnum)->DIEPTSIZ &= ~(USB_OTG_DIEPTSIZ_PKTCNT);
 789:Drivers/STM32F4xx_HAL_Driver/Src/stm32f4xx_ll_usb.c **** 
 790:Drivers/STM32F4xx_HAL_Driver/Src/stm32f4xx_ll_usb.c ****       if (epnum == 0U)
 791:Drivers/STM32F4xx_HAL_Driver/Src/stm32f4xx_ll_usb.c ****       {
 792:Drivers/STM32F4xx_HAL_Driver/Src/stm32f4xx_ll_usb.c ****         if (ep->xfer_len > ep->maxpacket)
 793:Drivers/STM32F4xx_HAL_Driver/Src/stm32f4xx_ll_usb.c ****         {
 794:Drivers/STM32F4xx_HAL_Driver/Src/stm32f4xx_ll_usb.c ****           ep->xfer_len = ep->maxpacket;
 795:Drivers/STM32F4xx_HAL_Driver/Src/stm32f4xx_ll_usb.c ****         }
 796:Drivers/STM32F4xx_HAL_Driver/Src/stm32f4xx_ll_usb.c **** 
 797:Drivers/STM32F4xx_HAL_Driver/Src/stm32f4xx_ll_usb.c ****         USBx_INEP(epnum)->DIEPTSIZ |= (USB_OTG_DIEPTSIZ_PKTCNT & (1U << 19));
 798:Drivers/STM32F4xx_HAL_Driver/Src/stm32f4xx_ll_usb.c ****       }
 799:Drivers/STM32F4xx_HAL_Driver/Src/stm32f4xx_ll_usb.c ****       else
 800:Drivers/STM32F4xx_HAL_Driver/Src/stm32f4xx_ll_usb.c ****       {
 801:Drivers/STM32F4xx_HAL_Driver/Src/stm32f4xx_ll_usb.c ****         pktcnt = (uint16_t)((ep->xfer_len + ep->maxpacket - 1U) / ep->maxpacket);
 802:Drivers/STM32F4xx_HAL_Driver/Src/stm32f4xx_ll_usb.c ****         USBx_INEP(epnum)->DIEPTSIZ |= (USB_OTG_DIEPTSIZ_PKTCNT & ((uint32_t)pktcnt << 19));
 803:Drivers/STM32F4xx_HAL_Driver/Src/stm32f4xx_ll_usb.c **** 
 804:Drivers/STM32F4xx_HAL_Driver/Src/stm32f4xx_ll_usb.c ****         if (ep->type == EP_TYPE_ISOC)
 805:Drivers/STM32F4xx_HAL_Driver/Src/stm32f4xx_ll_usb.c ****         {
 806:Drivers/STM32F4xx_HAL_Driver/Src/stm32f4xx_ll_usb.c ****           USBx_INEP(epnum)->DIEPTSIZ &= ~(USB_OTG_DIEPTSIZ_MULCNT);
 807:Drivers/STM32F4xx_HAL_Driver/Src/stm32f4xx_ll_usb.c ****           USBx_INEP(epnum)->DIEPTSIZ |= (USB_OTG_DIEPTSIZ_MULCNT & ((uint32_t)pktcnt << 29));
 808:Drivers/STM32F4xx_HAL_Driver/Src/stm32f4xx_ll_usb.c ****         }
 809:Drivers/STM32F4xx_HAL_Driver/Src/stm32f4xx_ll_usb.c ****       }
 810:Drivers/STM32F4xx_HAL_Driver/Src/stm32f4xx_ll_usb.c **** 
 811:Drivers/STM32F4xx_HAL_Driver/Src/stm32f4xx_ll_usb.c ****       USBx_INEP(epnum)->DIEPTSIZ |= (USB_OTG_DIEPTSIZ_XFRSIZ & ep->xfer_len);
 812:Drivers/STM32F4xx_HAL_Driver/Src/stm32f4xx_ll_usb.c ****     }
 813:Drivers/STM32F4xx_HAL_Driver/Src/stm32f4xx_ll_usb.c **** 
 814:Drivers/STM32F4xx_HAL_Driver/Src/stm32f4xx_ll_usb.c ****     if (dma == 1U)
 815:Drivers/STM32F4xx_HAL_Driver/Src/stm32f4xx_ll_usb.c ****     {
 816:Drivers/STM32F4xx_HAL_Driver/Src/stm32f4xx_ll_usb.c ****       if ((uint32_t)ep->dma_addr != 0U)
 817:Drivers/STM32F4xx_HAL_Driver/Src/stm32f4xx_ll_usb.c ****       {
 818:Drivers/STM32F4xx_HAL_Driver/Src/stm32f4xx_ll_usb.c ****         USBx_INEP(epnum)->DIEPDMA = (uint32_t)(ep->dma_addr);
 819:Drivers/STM32F4xx_HAL_Driver/Src/stm32f4xx_ll_usb.c ****       }
 820:Drivers/STM32F4xx_HAL_Driver/Src/stm32f4xx_ll_usb.c **** 
 821:Drivers/STM32F4xx_HAL_Driver/Src/stm32f4xx_ll_usb.c ****       if (ep->type == EP_TYPE_ISOC)
 822:Drivers/STM32F4xx_HAL_Driver/Src/stm32f4xx_ll_usb.c ****       {
 823:Drivers/STM32F4xx_HAL_Driver/Src/stm32f4xx_ll_usb.c ****         if ((USBx_DEVICE->DSTS & (1U << 8)) == 0U)
 824:Drivers/STM32F4xx_HAL_Driver/Src/stm32f4xx_ll_usb.c ****         {
 825:Drivers/STM32F4xx_HAL_Driver/Src/stm32f4xx_ll_usb.c ****           USBx_INEP(epnum)->DIEPCTL |= USB_OTG_DIEPCTL_SODDFRM;
 826:Drivers/STM32F4xx_HAL_Driver/Src/stm32f4xx_ll_usb.c ****         }
 827:Drivers/STM32F4xx_HAL_Driver/Src/stm32f4xx_ll_usb.c ****         else
 828:Drivers/STM32F4xx_HAL_Driver/Src/stm32f4xx_ll_usb.c ****         {
ARM GAS  /tmp/cccSJnlz.s 			page 16


 829:Drivers/STM32F4xx_HAL_Driver/Src/stm32f4xx_ll_usb.c ****           USBx_INEP(epnum)->DIEPCTL |= USB_OTG_DIEPCTL_SD0PID_SEVNFRM;
 830:Drivers/STM32F4xx_HAL_Driver/Src/stm32f4xx_ll_usb.c ****         }
 831:Drivers/STM32F4xx_HAL_Driver/Src/stm32f4xx_ll_usb.c ****       }
 832:Drivers/STM32F4xx_HAL_Driver/Src/stm32f4xx_ll_usb.c **** 
 833:Drivers/STM32F4xx_HAL_Driver/Src/stm32f4xx_ll_usb.c ****       /* EP enable, IN data in FIFO */
 834:Drivers/STM32F4xx_HAL_Driver/Src/stm32f4xx_ll_usb.c ****       USBx_INEP(epnum)->DIEPCTL |= (USB_OTG_DIEPCTL_CNAK | USB_OTG_DIEPCTL_EPENA);
 835:Drivers/STM32F4xx_HAL_Driver/Src/stm32f4xx_ll_usb.c ****     }
 836:Drivers/STM32F4xx_HAL_Driver/Src/stm32f4xx_ll_usb.c ****     else
 837:Drivers/STM32F4xx_HAL_Driver/Src/stm32f4xx_ll_usb.c ****     {
 838:Drivers/STM32F4xx_HAL_Driver/Src/stm32f4xx_ll_usb.c ****       /* EP enable, IN data in FIFO */
 839:Drivers/STM32F4xx_HAL_Driver/Src/stm32f4xx_ll_usb.c ****       USBx_INEP(epnum)->DIEPCTL |= (USB_OTG_DIEPCTL_CNAK | USB_OTG_DIEPCTL_EPENA);
 840:Drivers/STM32F4xx_HAL_Driver/Src/stm32f4xx_ll_usb.c **** 
 841:Drivers/STM32F4xx_HAL_Driver/Src/stm32f4xx_ll_usb.c ****       if (ep->type != EP_TYPE_ISOC)
 842:Drivers/STM32F4xx_HAL_Driver/Src/stm32f4xx_ll_usb.c ****       {
 843:Drivers/STM32F4xx_HAL_Driver/Src/stm32f4xx_ll_usb.c ****         /* Enable the Tx FIFO Empty Interrupt for this EP */
 844:Drivers/STM32F4xx_HAL_Driver/Src/stm32f4xx_ll_usb.c ****         if (ep->xfer_len > 0U)
 845:Drivers/STM32F4xx_HAL_Driver/Src/stm32f4xx_ll_usb.c ****         {
 846:Drivers/STM32F4xx_HAL_Driver/Src/stm32f4xx_ll_usb.c ****           USBx_DEVICE->DIEPEMPMSK |= 1UL << (ep->num & EP_ADDR_MSK);
 847:Drivers/STM32F4xx_HAL_Driver/Src/stm32f4xx_ll_usb.c ****         }
 848:Drivers/STM32F4xx_HAL_Driver/Src/stm32f4xx_ll_usb.c ****       }
 849:Drivers/STM32F4xx_HAL_Driver/Src/stm32f4xx_ll_usb.c ****       else
 850:Drivers/STM32F4xx_HAL_Driver/Src/stm32f4xx_ll_usb.c ****       {
 851:Drivers/STM32F4xx_HAL_Driver/Src/stm32f4xx_ll_usb.c ****         if ((USBx_DEVICE->DSTS & (1U << 8)) == 0U)
 852:Drivers/STM32F4xx_HAL_Driver/Src/stm32f4xx_ll_usb.c ****         {
 853:Drivers/STM32F4xx_HAL_Driver/Src/stm32f4xx_ll_usb.c ****           USBx_INEP(epnum)->DIEPCTL |= USB_OTG_DIEPCTL_SODDFRM;
 854:Drivers/STM32F4xx_HAL_Driver/Src/stm32f4xx_ll_usb.c ****         }
 855:Drivers/STM32F4xx_HAL_Driver/Src/stm32f4xx_ll_usb.c ****         else
 856:Drivers/STM32F4xx_HAL_Driver/Src/stm32f4xx_ll_usb.c ****         {
 857:Drivers/STM32F4xx_HAL_Driver/Src/stm32f4xx_ll_usb.c ****           USBx_INEP(epnum)->DIEPCTL |= USB_OTG_DIEPCTL_SD0PID_SEVNFRM;
 858:Drivers/STM32F4xx_HAL_Driver/Src/stm32f4xx_ll_usb.c ****         }
 859:Drivers/STM32F4xx_HAL_Driver/Src/stm32f4xx_ll_usb.c **** 
 860:Drivers/STM32F4xx_HAL_Driver/Src/stm32f4xx_ll_usb.c ****         (void)USB_WritePacket(USBx, ep->xfer_buff, ep->num, (uint16_t)ep->xfer_len, dma);
 861:Drivers/STM32F4xx_HAL_Driver/Src/stm32f4xx_ll_usb.c ****       }
 862:Drivers/STM32F4xx_HAL_Driver/Src/stm32f4xx_ll_usb.c ****     }
 863:Drivers/STM32F4xx_HAL_Driver/Src/stm32f4xx_ll_usb.c ****   }
 864:Drivers/STM32F4xx_HAL_Driver/Src/stm32f4xx_ll_usb.c ****   else /* OUT endpoint */
 865:Drivers/STM32F4xx_HAL_Driver/Src/stm32f4xx_ll_usb.c ****   {
 866:Drivers/STM32F4xx_HAL_Driver/Src/stm32f4xx_ll_usb.c ****     /* Program the transfer size and packet count as follows:
 867:Drivers/STM32F4xx_HAL_Driver/Src/stm32f4xx_ll_usb.c ****     * pktcnt = N
 868:Drivers/STM32F4xx_HAL_Driver/Src/stm32f4xx_ll_usb.c ****     * xfersize = N * maxpacket
 869:Drivers/STM32F4xx_HAL_Driver/Src/stm32f4xx_ll_usb.c ****     */
 870:Drivers/STM32F4xx_HAL_Driver/Src/stm32f4xx_ll_usb.c ****     USBx_OUTEP(epnum)->DOEPTSIZ &= ~(USB_OTG_DOEPTSIZ_XFRSIZ);
 871:Drivers/STM32F4xx_HAL_Driver/Src/stm32f4xx_ll_usb.c ****     USBx_OUTEP(epnum)->DOEPTSIZ &= ~(USB_OTG_DOEPTSIZ_PKTCNT);
 872:Drivers/STM32F4xx_HAL_Driver/Src/stm32f4xx_ll_usb.c **** 
 873:Drivers/STM32F4xx_HAL_Driver/Src/stm32f4xx_ll_usb.c ****     if (epnum == 0U)
 874:Drivers/STM32F4xx_HAL_Driver/Src/stm32f4xx_ll_usb.c ****     {
 875:Drivers/STM32F4xx_HAL_Driver/Src/stm32f4xx_ll_usb.c ****       if (ep->xfer_len > 0U)
 876:Drivers/STM32F4xx_HAL_Driver/Src/stm32f4xx_ll_usb.c ****       {
 877:Drivers/STM32F4xx_HAL_Driver/Src/stm32f4xx_ll_usb.c ****         ep->xfer_len = ep->maxpacket;
 878:Drivers/STM32F4xx_HAL_Driver/Src/stm32f4xx_ll_usb.c ****       }
 879:Drivers/STM32F4xx_HAL_Driver/Src/stm32f4xx_ll_usb.c **** 
 880:Drivers/STM32F4xx_HAL_Driver/Src/stm32f4xx_ll_usb.c ****       /* Store transfer size, for EP0 this is equal to endpoint max packet size */
 881:Drivers/STM32F4xx_HAL_Driver/Src/stm32f4xx_ll_usb.c ****       ep->xfer_size = ep->maxpacket;
 882:Drivers/STM32F4xx_HAL_Driver/Src/stm32f4xx_ll_usb.c **** 
 883:Drivers/STM32F4xx_HAL_Driver/Src/stm32f4xx_ll_usb.c ****       USBx_OUTEP(epnum)->DOEPTSIZ |= (USB_OTG_DOEPTSIZ_XFRSIZ & ep->xfer_size);
 884:Drivers/STM32F4xx_HAL_Driver/Src/stm32f4xx_ll_usb.c ****       USBx_OUTEP(epnum)->DOEPTSIZ |= (USB_OTG_DOEPTSIZ_PKTCNT & (1U << 19));
 885:Drivers/STM32F4xx_HAL_Driver/Src/stm32f4xx_ll_usb.c ****     }
ARM GAS  /tmp/cccSJnlz.s 			page 17


 886:Drivers/STM32F4xx_HAL_Driver/Src/stm32f4xx_ll_usb.c ****     else
 887:Drivers/STM32F4xx_HAL_Driver/Src/stm32f4xx_ll_usb.c ****     {
 888:Drivers/STM32F4xx_HAL_Driver/Src/stm32f4xx_ll_usb.c ****       if (ep->xfer_len == 0U)
 889:Drivers/STM32F4xx_HAL_Driver/Src/stm32f4xx_ll_usb.c ****       {
 890:Drivers/STM32F4xx_HAL_Driver/Src/stm32f4xx_ll_usb.c ****         USBx_OUTEP(epnum)->DOEPTSIZ |= (USB_OTG_DOEPTSIZ_XFRSIZ & ep->maxpacket);
 891:Drivers/STM32F4xx_HAL_Driver/Src/stm32f4xx_ll_usb.c ****         USBx_OUTEP(epnum)->DOEPTSIZ |= (USB_OTG_DOEPTSIZ_PKTCNT & (1U << 19));
 892:Drivers/STM32F4xx_HAL_Driver/Src/stm32f4xx_ll_usb.c ****       }
 893:Drivers/STM32F4xx_HAL_Driver/Src/stm32f4xx_ll_usb.c ****       else
 894:Drivers/STM32F4xx_HAL_Driver/Src/stm32f4xx_ll_usb.c ****       {
 895:Drivers/STM32F4xx_HAL_Driver/Src/stm32f4xx_ll_usb.c ****         pktcnt = (uint16_t)((ep->xfer_len + ep->maxpacket - 1U) / ep->maxpacket);
 896:Drivers/STM32F4xx_HAL_Driver/Src/stm32f4xx_ll_usb.c ****         ep->xfer_size = ep->maxpacket * pktcnt;
 897:Drivers/STM32F4xx_HAL_Driver/Src/stm32f4xx_ll_usb.c **** 
 898:Drivers/STM32F4xx_HAL_Driver/Src/stm32f4xx_ll_usb.c ****         USBx_OUTEP(epnum)->DOEPTSIZ |= USB_OTG_DOEPTSIZ_PKTCNT & ((uint32_t)pktcnt << 19);
 899:Drivers/STM32F4xx_HAL_Driver/Src/stm32f4xx_ll_usb.c ****         USBx_OUTEP(epnum)->DOEPTSIZ |= USB_OTG_DOEPTSIZ_XFRSIZ & ep->xfer_size;
 900:Drivers/STM32F4xx_HAL_Driver/Src/stm32f4xx_ll_usb.c ****       }
 901:Drivers/STM32F4xx_HAL_Driver/Src/stm32f4xx_ll_usb.c ****     }
 902:Drivers/STM32F4xx_HAL_Driver/Src/stm32f4xx_ll_usb.c **** 
 903:Drivers/STM32F4xx_HAL_Driver/Src/stm32f4xx_ll_usb.c ****     if (dma == 1U)
 904:Drivers/STM32F4xx_HAL_Driver/Src/stm32f4xx_ll_usb.c ****     {
 905:Drivers/STM32F4xx_HAL_Driver/Src/stm32f4xx_ll_usb.c ****       if ((uint32_t)ep->xfer_buff != 0U)
 906:Drivers/STM32F4xx_HAL_Driver/Src/stm32f4xx_ll_usb.c ****       {
 907:Drivers/STM32F4xx_HAL_Driver/Src/stm32f4xx_ll_usb.c ****         USBx_OUTEP(epnum)->DOEPDMA = (uint32_t)(ep->xfer_buff);
 908:Drivers/STM32F4xx_HAL_Driver/Src/stm32f4xx_ll_usb.c ****       }
 909:Drivers/STM32F4xx_HAL_Driver/Src/stm32f4xx_ll_usb.c ****     }
 910:Drivers/STM32F4xx_HAL_Driver/Src/stm32f4xx_ll_usb.c **** 
 911:Drivers/STM32F4xx_HAL_Driver/Src/stm32f4xx_ll_usb.c ****     if (ep->type == EP_TYPE_ISOC)
 912:Drivers/STM32F4xx_HAL_Driver/Src/stm32f4xx_ll_usb.c ****     {
 913:Drivers/STM32F4xx_HAL_Driver/Src/stm32f4xx_ll_usb.c ****       if ((USBx_DEVICE->DSTS & (1U << 8)) == 0U)
 914:Drivers/STM32F4xx_HAL_Driver/Src/stm32f4xx_ll_usb.c ****       {
 915:Drivers/STM32F4xx_HAL_Driver/Src/stm32f4xx_ll_usb.c ****         USBx_OUTEP(epnum)->DOEPCTL |= USB_OTG_DOEPCTL_SODDFRM;
 916:Drivers/STM32F4xx_HAL_Driver/Src/stm32f4xx_ll_usb.c ****       }
 917:Drivers/STM32F4xx_HAL_Driver/Src/stm32f4xx_ll_usb.c ****       else
 918:Drivers/STM32F4xx_HAL_Driver/Src/stm32f4xx_ll_usb.c ****       {
 919:Drivers/STM32F4xx_HAL_Driver/Src/stm32f4xx_ll_usb.c ****         USBx_OUTEP(epnum)->DOEPCTL |= USB_OTG_DOEPCTL_SD0PID_SEVNFRM;
 920:Drivers/STM32F4xx_HAL_Driver/Src/stm32f4xx_ll_usb.c ****       }
 921:Drivers/STM32F4xx_HAL_Driver/Src/stm32f4xx_ll_usb.c ****     }
 922:Drivers/STM32F4xx_HAL_Driver/Src/stm32f4xx_ll_usb.c ****     /* EP enable */
 923:Drivers/STM32F4xx_HAL_Driver/Src/stm32f4xx_ll_usb.c ****     USBx_OUTEP(epnum)->DOEPCTL |= (USB_OTG_DOEPCTL_CNAK | USB_OTG_DOEPCTL_EPENA);
 924:Drivers/STM32F4xx_HAL_Driver/Src/stm32f4xx_ll_usb.c ****   }
 925:Drivers/STM32F4xx_HAL_Driver/Src/stm32f4xx_ll_usb.c **** 
 926:Drivers/STM32F4xx_HAL_Driver/Src/stm32f4xx_ll_usb.c ****   return HAL_OK;
 927:Drivers/STM32F4xx_HAL_Driver/Src/stm32f4xx_ll_usb.c **** }
 928:Drivers/STM32F4xx_HAL_Driver/Src/stm32f4xx_ll_usb.c **** 
 929:Drivers/STM32F4xx_HAL_Driver/Src/stm32f4xx_ll_usb.c **** 
 930:Drivers/STM32F4xx_HAL_Driver/Src/stm32f4xx_ll_usb.c **** /**
 931:Drivers/STM32F4xx_HAL_Driver/Src/stm32f4xx_ll_usb.c ****    * @brief  USB_EPStoptXfer  Stop transfer on an EP
 932:Drivers/STM32F4xx_HAL_Driver/Src/stm32f4xx_ll_usb.c ****    * @param  USBx  usb device instance
 933:Drivers/STM32F4xx_HAL_Driver/Src/stm32f4xx_ll_usb.c ****    * @param  ep pointer to endpoint structure
 934:Drivers/STM32F4xx_HAL_Driver/Src/stm32f4xx_ll_usb.c ****    * @retval HAL status
 935:Drivers/STM32F4xx_HAL_Driver/Src/stm32f4xx_ll_usb.c ****    */
 936:Drivers/STM32F4xx_HAL_Driver/Src/stm32f4xx_ll_usb.c **** HAL_StatusTypeDef USB_EPStopXfer(const USB_OTG_GlobalTypeDef *USBx, USB_OTG_EPTypeDef *ep)
 937:Drivers/STM32F4xx_HAL_Driver/Src/stm32f4xx_ll_usb.c **** {
 938:Drivers/STM32F4xx_HAL_Driver/Src/stm32f4xx_ll_usb.c ****   __IO uint32_t count = 0U;
 939:Drivers/STM32F4xx_HAL_Driver/Src/stm32f4xx_ll_usb.c ****   HAL_StatusTypeDef ret = HAL_OK;
 940:Drivers/STM32F4xx_HAL_Driver/Src/stm32f4xx_ll_usb.c ****   uint32_t USBx_BASE = (uint32_t)USBx;
 941:Drivers/STM32F4xx_HAL_Driver/Src/stm32f4xx_ll_usb.c **** 
 942:Drivers/STM32F4xx_HAL_Driver/Src/stm32f4xx_ll_usb.c ****   /* IN endpoint */
ARM GAS  /tmp/cccSJnlz.s 			page 18


 943:Drivers/STM32F4xx_HAL_Driver/Src/stm32f4xx_ll_usb.c ****   if (ep->is_in == 1U)
 944:Drivers/STM32F4xx_HAL_Driver/Src/stm32f4xx_ll_usb.c ****   {
 945:Drivers/STM32F4xx_HAL_Driver/Src/stm32f4xx_ll_usb.c ****     /* EP enable, IN data in FIFO */
 946:Drivers/STM32F4xx_HAL_Driver/Src/stm32f4xx_ll_usb.c ****     if (((USBx_INEP(ep->num)->DIEPCTL) & USB_OTG_DIEPCTL_EPENA) == USB_OTG_DIEPCTL_EPENA)
 947:Drivers/STM32F4xx_HAL_Driver/Src/stm32f4xx_ll_usb.c ****     {
 948:Drivers/STM32F4xx_HAL_Driver/Src/stm32f4xx_ll_usb.c ****       USBx_INEP(ep->num)->DIEPCTL |= (USB_OTG_DIEPCTL_SNAK);
 949:Drivers/STM32F4xx_HAL_Driver/Src/stm32f4xx_ll_usb.c ****       USBx_INEP(ep->num)->DIEPCTL |= (USB_OTG_DIEPCTL_EPDIS);
 950:Drivers/STM32F4xx_HAL_Driver/Src/stm32f4xx_ll_usb.c **** 
 951:Drivers/STM32F4xx_HAL_Driver/Src/stm32f4xx_ll_usb.c ****       do
 952:Drivers/STM32F4xx_HAL_Driver/Src/stm32f4xx_ll_usb.c ****       {
 953:Drivers/STM32F4xx_HAL_Driver/Src/stm32f4xx_ll_usb.c ****         count++;
 954:Drivers/STM32F4xx_HAL_Driver/Src/stm32f4xx_ll_usb.c **** 
 955:Drivers/STM32F4xx_HAL_Driver/Src/stm32f4xx_ll_usb.c ****         if (count > 10000U)
 956:Drivers/STM32F4xx_HAL_Driver/Src/stm32f4xx_ll_usb.c ****         {
 957:Drivers/STM32F4xx_HAL_Driver/Src/stm32f4xx_ll_usb.c ****           ret = HAL_ERROR;
 958:Drivers/STM32F4xx_HAL_Driver/Src/stm32f4xx_ll_usb.c ****           break;
 959:Drivers/STM32F4xx_HAL_Driver/Src/stm32f4xx_ll_usb.c ****         }
 960:Drivers/STM32F4xx_HAL_Driver/Src/stm32f4xx_ll_usb.c ****       } while (((USBx_INEP(ep->num)->DIEPCTL) & USB_OTG_DIEPCTL_EPENA) ==  USB_OTG_DIEPCTL_EPENA);
 961:Drivers/STM32F4xx_HAL_Driver/Src/stm32f4xx_ll_usb.c ****     }
 962:Drivers/STM32F4xx_HAL_Driver/Src/stm32f4xx_ll_usb.c ****   }
 963:Drivers/STM32F4xx_HAL_Driver/Src/stm32f4xx_ll_usb.c ****   else /* OUT endpoint */
 964:Drivers/STM32F4xx_HAL_Driver/Src/stm32f4xx_ll_usb.c ****   {
 965:Drivers/STM32F4xx_HAL_Driver/Src/stm32f4xx_ll_usb.c ****     if (((USBx_OUTEP(ep->num)->DOEPCTL) & USB_OTG_DOEPCTL_EPENA) == USB_OTG_DOEPCTL_EPENA)
 966:Drivers/STM32F4xx_HAL_Driver/Src/stm32f4xx_ll_usb.c ****     {
 967:Drivers/STM32F4xx_HAL_Driver/Src/stm32f4xx_ll_usb.c ****       USBx_OUTEP(ep->num)->DOEPCTL |= (USB_OTG_DOEPCTL_SNAK);
 968:Drivers/STM32F4xx_HAL_Driver/Src/stm32f4xx_ll_usb.c ****       USBx_OUTEP(ep->num)->DOEPCTL |= (USB_OTG_DOEPCTL_EPDIS);
 969:Drivers/STM32F4xx_HAL_Driver/Src/stm32f4xx_ll_usb.c **** 
 970:Drivers/STM32F4xx_HAL_Driver/Src/stm32f4xx_ll_usb.c ****       do
 971:Drivers/STM32F4xx_HAL_Driver/Src/stm32f4xx_ll_usb.c ****       {
 972:Drivers/STM32F4xx_HAL_Driver/Src/stm32f4xx_ll_usb.c ****         count++;
 973:Drivers/STM32F4xx_HAL_Driver/Src/stm32f4xx_ll_usb.c **** 
 974:Drivers/STM32F4xx_HAL_Driver/Src/stm32f4xx_ll_usb.c ****         if (count > 10000U)
 975:Drivers/STM32F4xx_HAL_Driver/Src/stm32f4xx_ll_usb.c ****         {
 976:Drivers/STM32F4xx_HAL_Driver/Src/stm32f4xx_ll_usb.c ****           ret = HAL_ERROR;
 977:Drivers/STM32F4xx_HAL_Driver/Src/stm32f4xx_ll_usb.c ****           break;
 978:Drivers/STM32F4xx_HAL_Driver/Src/stm32f4xx_ll_usb.c ****         }
 979:Drivers/STM32F4xx_HAL_Driver/Src/stm32f4xx_ll_usb.c ****       } while (((USBx_OUTEP(ep->num)->DOEPCTL) & USB_OTG_DOEPCTL_EPENA) ==  USB_OTG_DOEPCTL_EPENA);
 980:Drivers/STM32F4xx_HAL_Driver/Src/stm32f4xx_ll_usb.c ****     }
 981:Drivers/STM32F4xx_HAL_Driver/Src/stm32f4xx_ll_usb.c ****   }
 982:Drivers/STM32F4xx_HAL_Driver/Src/stm32f4xx_ll_usb.c **** 
 983:Drivers/STM32F4xx_HAL_Driver/Src/stm32f4xx_ll_usb.c ****   return ret;
 984:Drivers/STM32F4xx_HAL_Driver/Src/stm32f4xx_ll_usb.c **** }
 985:Drivers/STM32F4xx_HAL_Driver/Src/stm32f4xx_ll_usb.c **** 
 986:Drivers/STM32F4xx_HAL_Driver/Src/stm32f4xx_ll_usb.c **** 
 987:Drivers/STM32F4xx_HAL_Driver/Src/stm32f4xx_ll_usb.c **** /**
 988:Drivers/STM32F4xx_HAL_Driver/Src/stm32f4xx_ll_usb.c ****   * @brief  USB_WritePacket : Writes a packet into the Tx FIFO associated
 989:Drivers/STM32F4xx_HAL_Driver/Src/stm32f4xx_ll_usb.c ****   *         with the EP/channel
 990:Drivers/STM32F4xx_HAL_Driver/Src/stm32f4xx_ll_usb.c ****   * @param  USBx  Selected device
 991:Drivers/STM32F4xx_HAL_Driver/Src/stm32f4xx_ll_usb.c ****   * @param  src   pointer to source buffer
 992:Drivers/STM32F4xx_HAL_Driver/Src/stm32f4xx_ll_usb.c ****   * @param  ch_ep_num  endpoint or host channel number
 993:Drivers/STM32F4xx_HAL_Driver/Src/stm32f4xx_ll_usb.c ****   * @param  len  Number of bytes to write
 994:Drivers/STM32F4xx_HAL_Driver/Src/stm32f4xx_ll_usb.c ****   * @param  dma USB dma enabled or disabled
 995:Drivers/STM32F4xx_HAL_Driver/Src/stm32f4xx_ll_usb.c ****   *          This parameter can be one of these values:
 996:Drivers/STM32F4xx_HAL_Driver/Src/stm32f4xx_ll_usb.c ****   *           0 : DMA feature not used
 997:Drivers/STM32F4xx_HAL_Driver/Src/stm32f4xx_ll_usb.c ****   *           1 : DMA feature used
 998:Drivers/STM32F4xx_HAL_Driver/Src/stm32f4xx_ll_usb.c ****   * @retval HAL status
 999:Drivers/STM32F4xx_HAL_Driver/Src/stm32f4xx_ll_usb.c ****   */
ARM GAS  /tmp/cccSJnlz.s 			page 19


1000:Drivers/STM32F4xx_HAL_Driver/Src/stm32f4xx_ll_usb.c **** HAL_StatusTypeDef USB_WritePacket(const USB_OTG_GlobalTypeDef *USBx, uint8_t *src,
1001:Drivers/STM32F4xx_HAL_Driver/Src/stm32f4xx_ll_usb.c ****                                   uint8_t ch_ep_num, uint16_t len, uint8_t dma)
1002:Drivers/STM32F4xx_HAL_Driver/Src/stm32f4xx_ll_usb.c **** {
1003:Drivers/STM32F4xx_HAL_Driver/Src/stm32f4xx_ll_usb.c ****   uint32_t USBx_BASE = (uint32_t)USBx;
1004:Drivers/STM32F4xx_HAL_Driver/Src/stm32f4xx_ll_usb.c ****   uint8_t *pSrc = src;
1005:Drivers/STM32F4xx_HAL_Driver/Src/stm32f4xx_ll_usb.c ****   uint32_t count32b;
1006:Drivers/STM32F4xx_HAL_Driver/Src/stm32f4xx_ll_usb.c ****   uint32_t i;
1007:Drivers/STM32F4xx_HAL_Driver/Src/stm32f4xx_ll_usb.c **** 
1008:Drivers/STM32F4xx_HAL_Driver/Src/stm32f4xx_ll_usb.c ****   if (dma == 0U)
1009:Drivers/STM32F4xx_HAL_Driver/Src/stm32f4xx_ll_usb.c ****   {
1010:Drivers/STM32F4xx_HAL_Driver/Src/stm32f4xx_ll_usb.c ****     count32b = ((uint32_t)len + 3U) / 4U;
1011:Drivers/STM32F4xx_HAL_Driver/Src/stm32f4xx_ll_usb.c ****     for (i = 0U; i < count32b; i++)
1012:Drivers/STM32F4xx_HAL_Driver/Src/stm32f4xx_ll_usb.c ****     {
1013:Drivers/STM32F4xx_HAL_Driver/Src/stm32f4xx_ll_usb.c ****       USBx_DFIFO((uint32_t)ch_ep_num) = __UNALIGNED_UINT32_READ(pSrc);
1014:Drivers/STM32F4xx_HAL_Driver/Src/stm32f4xx_ll_usb.c ****       pSrc++;
1015:Drivers/STM32F4xx_HAL_Driver/Src/stm32f4xx_ll_usb.c ****       pSrc++;
1016:Drivers/STM32F4xx_HAL_Driver/Src/stm32f4xx_ll_usb.c ****       pSrc++;
1017:Drivers/STM32F4xx_HAL_Driver/Src/stm32f4xx_ll_usb.c ****       pSrc++;
1018:Drivers/STM32F4xx_HAL_Driver/Src/stm32f4xx_ll_usb.c ****     }
1019:Drivers/STM32F4xx_HAL_Driver/Src/stm32f4xx_ll_usb.c ****   }
1020:Drivers/STM32F4xx_HAL_Driver/Src/stm32f4xx_ll_usb.c **** 
1021:Drivers/STM32F4xx_HAL_Driver/Src/stm32f4xx_ll_usb.c ****   return HAL_OK;
1022:Drivers/STM32F4xx_HAL_Driver/Src/stm32f4xx_ll_usb.c **** }
1023:Drivers/STM32F4xx_HAL_Driver/Src/stm32f4xx_ll_usb.c **** 
1024:Drivers/STM32F4xx_HAL_Driver/Src/stm32f4xx_ll_usb.c **** /**
1025:Drivers/STM32F4xx_HAL_Driver/Src/stm32f4xx_ll_usb.c ****   * @brief  USB_ReadPacket : read a packet from the RX FIFO
1026:Drivers/STM32F4xx_HAL_Driver/Src/stm32f4xx_ll_usb.c ****   * @param  USBx  Selected device
1027:Drivers/STM32F4xx_HAL_Driver/Src/stm32f4xx_ll_usb.c ****   * @param  dest  source pointer
1028:Drivers/STM32F4xx_HAL_Driver/Src/stm32f4xx_ll_usb.c ****   * @param  len  Number of bytes to read
1029:Drivers/STM32F4xx_HAL_Driver/Src/stm32f4xx_ll_usb.c ****   * @retval pointer to destination buffer
1030:Drivers/STM32F4xx_HAL_Driver/Src/stm32f4xx_ll_usb.c ****   */
1031:Drivers/STM32F4xx_HAL_Driver/Src/stm32f4xx_ll_usb.c **** void *USB_ReadPacket(const USB_OTG_GlobalTypeDef *USBx, uint8_t *dest, uint16_t len)
1032:Drivers/STM32F4xx_HAL_Driver/Src/stm32f4xx_ll_usb.c **** {
1033:Drivers/STM32F4xx_HAL_Driver/Src/stm32f4xx_ll_usb.c ****   uint32_t USBx_BASE = (uint32_t)USBx;
1034:Drivers/STM32F4xx_HAL_Driver/Src/stm32f4xx_ll_usb.c ****   uint8_t *pDest = dest;
1035:Drivers/STM32F4xx_HAL_Driver/Src/stm32f4xx_ll_usb.c ****   uint32_t pData;
1036:Drivers/STM32F4xx_HAL_Driver/Src/stm32f4xx_ll_usb.c ****   uint32_t i;
1037:Drivers/STM32F4xx_HAL_Driver/Src/stm32f4xx_ll_usb.c ****   uint32_t count32b = (uint32_t)len >> 2U;
1038:Drivers/STM32F4xx_HAL_Driver/Src/stm32f4xx_ll_usb.c ****   uint16_t remaining_bytes = len % 4U;
1039:Drivers/STM32F4xx_HAL_Driver/Src/stm32f4xx_ll_usb.c **** 
1040:Drivers/STM32F4xx_HAL_Driver/Src/stm32f4xx_ll_usb.c ****   for (i = 0U; i < count32b; i++)
1041:Drivers/STM32F4xx_HAL_Driver/Src/stm32f4xx_ll_usb.c ****   {
1042:Drivers/STM32F4xx_HAL_Driver/Src/stm32f4xx_ll_usb.c ****     __UNALIGNED_UINT32_WRITE(pDest, USBx_DFIFO(0U));
1043:Drivers/STM32F4xx_HAL_Driver/Src/stm32f4xx_ll_usb.c ****     pDest++;
1044:Drivers/STM32F4xx_HAL_Driver/Src/stm32f4xx_ll_usb.c ****     pDest++;
1045:Drivers/STM32F4xx_HAL_Driver/Src/stm32f4xx_ll_usb.c ****     pDest++;
1046:Drivers/STM32F4xx_HAL_Driver/Src/stm32f4xx_ll_usb.c ****     pDest++;
1047:Drivers/STM32F4xx_HAL_Driver/Src/stm32f4xx_ll_usb.c ****   }
1048:Drivers/STM32F4xx_HAL_Driver/Src/stm32f4xx_ll_usb.c **** 
1049:Drivers/STM32F4xx_HAL_Driver/Src/stm32f4xx_ll_usb.c ****   /* When Number of data is not word aligned, read the remaining byte */
1050:Drivers/STM32F4xx_HAL_Driver/Src/stm32f4xx_ll_usb.c ****   if (remaining_bytes != 0U)
1051:Drivers/STM32F4xx_HAL_Driver/Src/stm32f4xx_ll_usb.c ****   {
1052:Drivers/STM32F4xx_HAL_Driver/Src/stm32f4xx_ll_usb.c ****     i = 0U;
1053:Drivers/STM32F4xx_HAL_Driver/Src/stm32f4xx_ll_usb.c ****     __UNALIGNED_UINT32_WRITE(&pData, USBx_DFIFO(0U));
1054:Drivers/STM32F4xx_HAL_Driver/Src/stm32f4xx_ll_usb.c **** 
1055:Drivers/STM32F4xx_HAL_Driver/Src/stm32f4xx_ll_usb.c ****     do
1056:Drivers/STM32F4xx_HAL_Driver/Src/stm32f4xx_ll_usb.c ****     {
ARM GAS  /tmp/cccSJnlz.s 			page 20


1057:Drivers/STM32F4xx_HAL_Driver/Src/stm32f4xx_ll_usb.c ****       *(uint8_t *)pDest = (uint8_t)(pData >> (8U * (uint8_t)(i)));
1058:Drivers/STM32F4xx_HAL_Driver/Src/stm32f4xx_ll_usb.c ****       i++;
1059:Drivers/STM32F4xx_HAL_Driver/Src/stm32f4xx_ll_usb.c ****       pDest++;
1060:Drivers/STM32F4xx_HAL_Driver/Src/stm32f4xx_ll_usb.c ****       remaining_bytes--;
1061:Drivers/STM32F4xx_HAL_Driver/Src/stm32f4xx_ll_usb.c ****     } while (remaining_bytes != 0U);
1062:Drivers/STM32F4xx_HAL_Driver/Src/stm32f4xx_ll_usb.c ****   }
1063:Drivers/STM32F4xx_HAL_Driver/Src/stm32f4xx_ll_usb.c **** 
1064:Drivers/STM32F4xx_HAL_Driver/Src/stm32f4xx_ll_usb.c ****   return ((void *)pDest);
1065:Drivers/STM32F4xx_HAL_Driver/Src/stm32f4xx_ll_usb.c **** }
1066:Drivers/STM32F4xx_HAL_Driver/Src/stm32f4xx_ll_usb.c **** 
1067:Drivers/STM32F4xx_HAL_Driver/Src/stm32f4xx_ll_usb.c **** /**
1068:Drivers/STM32F4xx_HAL_Driver/Src/stm32f4xx_ll_usb.c ****   * @brief  USB_EPSetStall : set a stall condition over an EP
1069:Drivers/STM32F4xx_HAL_Driver/Src/stm32f4xx_ll_usb.c ****   * @param  USBx  Selected device
1070:Drivers/STM32F4xx_HAL_Driver/Src/stm32f4xx_ll_usb.c ****   * @param  ep pointer to endpoint structure
1071:Drivers/STM32F4xx_HAL_Driver/Src/stm32f4xx_ll_usb.c ****   * @retval HAL status
1072:Drivers/STM32F4xx_HAL_Driver/Src/stm32f4xx_ll_usb.c ****   */
1073:Drivers/STM32F4xx_HAL_Driver/Src/stm32f4xx_ll_usb.c **** HAL_StatusTypeDef USB_EPSetStall(const USB_OTG_GlobalTypeDef *USBx, const USB_OTG_EPTypeDef *ep)
1074:Drivers/STM32F4xx_HAL_Driver/Src/stm32f4xx_ll_usb.c **** {
1075:Drivers/STM32F4xx_HAL_Driver/Src/stm32f4xx_ll_usb.c ****   uint32_t USBx_BASE = (uint32_t)USBx;
1076:Drivers/STM32F4xx_HAL_Driver/Src/stm32f4xx_ll_usb.c ****   uint32_t epnum = (uint32_t)ep->num;
1077:Drivers/STM32F4xx_HAL_Driver/Src/stm32f4xx_ll_usb.c **** 
1078:Drivers/STM32F4xx_HAL_Driver/Src/stm32f4xx_ll_usb.c ****   if (ep->is_in == 1U)
1079:Drivers/STM32F4xx_HAL_Driver/Src/stm32f4xx_ll_usb.c ****   {
1080:Drivers/STM32F4xx_HAL_Driver/Src/stm32f4xx_ll_usb.c ****     if (((USBx_INEP(epnum)->DIEPCTL & USB_OTG_DIEPCTL_EPENA) == 0U) && (epnum != 0U))
1081:Drivers/STM32F4xx_HAL_Driver/Src/stm32f4xx_ll_usb.c ****     {
1082:Drivers/STM32F4xx_HAL_Driver/Src/stm32f4xx_ll_usb.c ****       USBx_INEP(epnum)->DIEPCTL &= ~(USB_OTG_DIEPCTL_EPDIS);
1083:Drivers/STM32F4xx_HAL_Driver/Src/stm32f4xx_ll_usb.c ****     }
1084:Drivers/STM32F4xx_HAL_Driver/Src/stm32f4xx_ll_usb.c ****     USBx_INEP(epnum)->DIEPCTL |= USB_OTG_DIEPCTL_STALL;
1085:Drivers/STM32F4xx_HAL_Driver/Src/stm32f4xx_ll_usb.c ****   }
1086:Drivers/STM32F4xx_HAL_Driver/Src/stm32f4xx_ll_usb.c ****   else
1087:Drivers/STM32F4xx_HAL_Driver/Src/stm32f4xx_ll_usb.c ****   {
1088:Drivers/STM32F4xx_HAL_Driver/Src/stm32f4xx_ll_usb.c ****     if (((USBx_OUTEP(epnum)->DOEPCTL & USB_OTG_DOEPCTL_EPENA) == 0U) && (epnum != 0U))
1089:Drivers/STM32F4xx_HAL_Driver/Src/stm32f4xx_ll_usb.c ****     {
1090:Drivers/STM32F4xx_HAL_Driver/Src/stm32f4xx_ll_usb.c ****       USBx_OUTEP(epnum)->DOEPCTL &= ~(USB_OTG_DOEPCTL_EPDIS);
1091:Drivers/STM32F4xx_HAL_Driver/Src/stm32f4xx_ll_usb.c ****     }
1092:Drivers/STM32F4xx_HAL_Driver/Src/stm32f4xx_ll_usb.c ****     USBx_OUTEP(epnum)->DOEPCTL |= USB_OTG_DOEPCTL_STALL;
1093:Drivers/STM32F4xx_HAL_Driver/Src/stm32f4xx_ll_usb.c ****   }
1094:Drivers/STM32F4xx_HAL_Driver/Src/stm32f4xx_ll_usb.c **** 
1095:Drivers/STM32F4xx_HAL_Driver/Src/stm32f4xx_ll_usb.c ****   return HAL_OK;
1096:Drivers/STM32F4xx_HAL_Driver/Src/stm32f4xx_ll_usb.c **** }
1097:Drivers/STM32F4xx_HAL_Driver/Src/stm32f4xx_ll_usb.c **** 
1098:Drivers/STM32F4xx_HAL_Driver/Src/stm32f4xx_ll_usb.c **** /**
1099:Drivers/STM32F4xx_HAL_Driver/Src/stm32f4xx_ll_usb.c ****   * @brief  USB_EPClearStall : Clear a stall condition over an EP
1100:Drivers/STM32F4xx_HAL_Driver/Src/stm32f4xx_ll_usb.c ****   * @param  USBx  Selected device
1101:Drivers/STM32F4xx_HAL_Driver/Src/stm32f4xx_ll_usb.c ****   * @param  ep pointer to endpoint structure
1102:Drivers/STM32F4xx_HAL_Driver/Src/stm32f4xx_ll_usb.c ****   * @retval HAL status
1103:Drivers/STM32F4xx_HAL_Driver/Src/stm32f4xx_ll_usb.c ****   */
1104:Drivers/STM32F4xx_HAL_Driver/Src/stm32f4xx_ll_usb.c **** HAL_StatusTypeDef USB_EPClearStall(const USB_OTG_GlobalTypeDef *USBx, const USB_OTG_EPTypeDef *ep)
1105:Drivers/STM32F4xx_HAL_Driver/Src/stm32f4xx_ll_usb.c **** {
1106:Drivers/STM32F4xx_HAL_Driver/Src/stm32f4xx_ll_usb.c ****   uint32_t USBx_BASE = (uint32_t)USBx;
1107:Drivers/STM32F4xx_HAL_Driver/Src/stm32f4xx_ll_usb.c ****   uint32_t epnum = (uint32_t)ep->num;
1108:Drivers/STM32F4xx_HAL_Driver/Src/stm32f4xx_ll_usb.c **** 
1109:Drivers/STM32F4xx_HAL_Driver/Src/stm32f4xx_ll_usb.c ****   if (ep->is_in == 1U)
1110:Drivers/STM32F4xx_HAL_Driver/Src/stm32f4xx_ll_usb.c ****   {
1111:Drivers/STM32F4xx_HAL_Driver/Src/stm32f4xx_ll_usb.c ****     USBx_INEP(epnum)->DIEPCTL &= ~USB_OTG_DIEPCTL_STALL;
1112:Drivers/STM32F4xx_HAL_Driver/Src/stm32f4xx_ll_usb.c ****     if ((ep->type == EP_TYPE_INTR) || (ep->type == EP_TYPE_BULK))
1113:Drivers/STM32F4xx_HAL_Driver/Src/stm32f4xx_ll_usb.c ****     {
ARM GAS  /tmp/cccSJnlz.s 			page 21


1114:Drivers/STM32F4xx_HAL_Driver/Src/stm32f4xx_ll_usb.c ****       USBx_INEP(epnum)->DIEPCTL |= USB_OTG_DIEPCTL_SD0PID_SEVNFRM; /* DATA0 */
1115:Drivers/STM32F4xx_HAL_Driver/Src/stm32f4xx_ll_usb.c ****     }
1116:Drivers/STM32F4xx_HAL_Driver/Src/stm32f4xx_ll_usb.c ****   }
1117:Drivers/STM32F4xx_HAL_Driver/Src/stm32f4xx_ll_usb.c ****   else
1118:Drivers/STM32F4xx_HAL_Driver/Src/stm32f4xx_ll_usb.c ****   {
1119:Drivers/STM32F4xx_HAL_Driver/Src/stm32f4xx_ll_usb.c ****     USBx_OUTEP(epnum)->DOEPCTL &= ~USB_OTG_DOEPCTL_STALL;
1120:Drivers/STM32F4xx_HAL_Driver/Src/stm32f4xx_ll_usb.c ****     if ((ep->type == EP_TYPE_INTR) || (ep->type == EP_TYPE_BULK))
1121:Drivers/STM32F4xx_HAL_Driver/Src/stm32f4xx_ll_usb.c ****     {
1122:Drivers/STM32F4xx_HAL_Driver/Src/stm32f4xx_ll_usb.c ****       USBx_OUTEP(epnum)->DOEPCTL |= USB_OTG_DOEPCTL_SD0PID_SEVNFRM; /* DATA0 */
1123:Drivers/STM32F4xx_HAL_Driver/Src/stm32f4xx_ll_usb.c ****     }
1124:Drivers/STM32F4xx_HAL_Driver/Src/stm32f4xx_ll_usb.c ****   }
1125:Drivers/STM32F4xx_HAL_Driver/Src/stm32f4xx_ll_usb.c ****   return HAL_OK;
1126:Drivers/STM32F4xx_HAL_Driver/Src/stm32f4xx_ll_usb.c **** }
1127:Drivers/STM32F4xx_HAL_Driver/Src/stm32f4xx_ll_usb.c **** 
1128:Drivers/STM32F4xx_HAL_Driver/Src/stm32f4xx_ll_usb.c **** /**
1129:Drivers/STM32F4xx_HAL_Driver/Src/stm32f4xx_ll_usb.c ****   * @brief  USB_StopDevice : Stop the usb device mode
1130:Drivers/STM32F4xx_HAL_Driver/Src/stm32f4xx_ll_usb.c ****   * @param  USBx  Selected device
1131:Drivers/STM32F4xx_HAL_Driver/Src/stm32f4xx_ll_usb.c ****   * @retval HAL status
1132:Drivers/STM32F4xx_HAL_Driver/Src/stm32f4xx_ll_usb.c ****   */
1133:Drivers/STM32F4xx_HAL_Driver/Src/stm32f4xx_ll_usb.c **** HAL_StatusTypeDef USB_StopDevice(USB_OTG_GlobalTypeDef *USBx)
1134:Drivers/STM32F4xx_HAL_Driver/Src/stm32f4xx_ll_usb.c **** {
1135:Drivers/STM32F4xx_HAL_Driver/Src/stm32f4xx_ll_usb.c ****   HAL_StatusTypeDef ret;
1136:Drivers/STM32F4xx_HAL_Driver/Src/stm32f4xx_ll_usb.c ****   uint32_t USBx_BASE = (uint32_t)USBx;
1137:Drivers/STM32F4xx_HAL_Driver/Src/stm32f4xx_ll_usb.c ****   uint32_t i;
1138:Drivers/STM32F4xx_HAL_Driver/Src/stm32f4xx_ll_usb.c **** 
1139:Drivers/STM32F4xx_HAL_Driver/Src/stm32f4xx_ll_usb.c ****   /* Clear Pending interrupt */
1140:Drivers/STM32F4xx_HAL_Driver/Src/stm32f4xx_ll_usb.c ****   for (i = 0U; i < 15U; i++)
1141:Drivers/STM32F4xx_HAL_Driver/Src/stm32f4xx_ll_usb.c ****   {
1142:Drivers/STM32F4xx_HAL_Driver/Src/stm32f4xx_ll_usb.c ****     USBx_INEP(i)->DIEPINT = 0xFB7FU;
1143:Drivers/STM32F4xx_HAL_Driver/Src/stm32f4xx_ll_usb.c ****     USBx_OUTEP(i)->DOEPINT = 0xFB7FU;
1144:Drivers/STM32F4xx_HAL_Driver/Src/stm32f4xx_ll_usb.c ****   }
1145:Drivers/STM32F4xx_HAL_Driver/Src/stm32f4xx_ll_usb.c **** 
1146:Drivers/STM32F4xx_HAL_Driver/Src/stm32f4xx_ll_usb.c ****   /* Clear interrupt masks */
1147:Drivers/STM32F4xx_HAL_Driver/Src/stm32f4xx_ll_usb.c ****   USBx_DEVICE->DIEPMSK  = 0U;
1148:Drivers/STM32F4xx_HAL_Driver/Src/stm32f4xx_ll_usb.c ****   USBx_DEVICE->DOEPMSK  = 0U;
1149:Drivers/STM32F4xx_HAL_Driver/Src/stm32f4xx_ll_usb.c ****   USBx_DEVICE->DAINTMSK = 0U;
1150:Drivers/STM32F4xx_HAL_Driver/Src/stm32f4xx_ll_usb.c **** 
1151:Drivers/STM32F4xx_HAL_Driver/Src/stm32f4xx_ll_usb.c ****   /* Flush the FIFO */
1152:Drivers/STM32F4xx_HAL_Driver/Src/stm32f4xx_ll_usb.c ****   ret = USB_FlushRxFifo(USBx);
1153:Drivers/STM32F4xx_HAL_Driver/Src/stm32f4xx_ll_usb.c ****   if (ret != HAL_OK)
1154:Drivers/STM32F4xx_HAL_Driver/Src/stm32f4xx_ll_usb.c ****   {
1155:Drivers/STM32F4xx_HAL_Driver/Src/stm32f4xx_ll_usb.c ****     return ret;
1156:Drivers/STM32F4xx_HAL_Driver/Src/stm32f4xx_ll_usb.c ****   }
1157:Drivers/STM32F4xx_HAL_Driver/Src/stm32f4xx_ll_usb.c **** 
1158:Drivers/STM32F4xx_HAL_Driver/Src/stm32f4xx_ll_usb.c ****   ret = USB_FlushTxFifo(USBx,  0x10U);
1159:Drivers/STM32F4xx_HAL_Driver/Src/stm32f4xx_ll_usb.c ****   if (ret != HAL_OK)
1160:Drivers/STM32F4xx_HAL_Driver/Src/stm32f4xx_ll_usb.c ****   {
1161:Drivers/STM32F4xx_HAL_Driver/Src/stm32f4xx_ll_usb.c ****     return ret;
1162:Drivers/STM32F4xx_HAL_Driver/Src/stm32f4xx_ll_usb.c ****   }
1163:Drivers/STM32F4xx_HAL_Driver/Src/stm32f4xx_ll_usb.c **** 
1164:Drivers/STM32F4xx_HAL_Driver/Src/stm32f4xx_ll_usb.c ****   return ret;
1165:Drivers/STM32F4xx_HAL_Driver/Src/stm32f4xx_ll_usb.c **** }
1166:Drivers/STM32F4xx_HAL_Driver/Src/stm32f4xx_ll_usb.c **** 
1167:Drivers/STM32F4xx_HAL_Driver/Src/stm32f4xx_ll_usb.c **** /**
1168:Drivers/STM32F4xx_HAL_Driver/Src/stm32f4xx_ll_usb.c ****   * @brief  USB_SetDevAddress : Stop the usb device mode
1169:Drivers/STM32F4xx_HAL_Driver/Src/stm32f4xx_ll_usb.c ****   * @param  USBx  Selected device
1170:Drivers/STM32F4xx_HAL_Driver/Src/stm32f4xx_ll_usb.c ****   * @param  address  new device address to be assigned
ARM GAS  /tmp/cccSJnlz.s 			page 22


1171:Drivers/STM32F4xx_HAL_Driver/Src/stm32f4xx_ll_usb.c ****   *          This parameter can be a value from 0 to 255
1172:Drivers/STM32F4xx_HAL_Driver/Src/stm32f4xx_ll_usb.c ****   * @retval HAL status
1173:Drivers/STM32F4xx_HAL_Driver/Src/stm32f4xx_ll_usb.c ****   */
1174:Drivers/STM32F4xx_HAL_Driver/Src/stm32f4xx_ll_usb.c **** HAL_StatusTypeDef USB_SetDevAddress(const USB_OTG_GlobalTypeDef *USBx, uint8_t address)
1175:Drivers/STM32F4xx_HAL_Driver/Src/stm32f4xx_ll_usb.c **** {
1176:Drivers/STM32F4xx_HAL_Driver/Src/stm32f4xx_ll_usb.c ****   uint32_t USBx_BASE = (uint32_t)USBx;
1177:Drivers/STM32F4xx_HAL_Driver/Src/stm32f4xx_ll_usb.c **** 
1178:Drivers/STM32F4xx_HAL_Driver/Src/stm32f4xx_ll_usb.c ****   USBx_DEVICE->DCFG &= ~(USB_OTG_DCFG_DAD);
1179:Drivers/STM32F4xx_HAL_Driver/Src/stm32f4xx_ll_usb.c ****   USBx_DEVICE->DCFG |= ((uint32_t)address << 4) & USB_OTG_DCFG_DAD;
1180:Drivers/STM32F4xx_HAL_Driver/Src/stm32f4xx_ll_usb.c **** 
1181:Drivers/STM32F4xx_HAL_Driver/Src/stm32f4xx_ll_usb.c ****   return HAL_OK;
1182:Drivers/STM32F4xx_HAL_Driver/Src/stm32f4xx_ll_usb.c **** }
1183:Drivers/STM32F4xx_HAL_Driver/Src/stm32f4xx_ll_usb.c **** 
1184:Drivers/STM32F4xx_HAL_Driver/Src/stm32f4xx_ll_usb.c **** /**
1185:Drivers/STM32F4xx_HAL_Driver/Src/stm32f4xx_ll_usb.c ****   * @brief  USB_DevConnect : Connect the USB device by enabling Rpu
1186:Drivers/STM32F4xx_HAL_Driver/Src/stm32f4xx_ll_usb.c ****   * @param  USBx  Selected device
1187:Drivers/STM32F4xx_HAL_Driver/Src/stm32f4xx_ll_usb.c ****   * @retval HAL status
1188:Drivers/STM32F4xx_HAL_Driver/Src/stm32f4xx_ll_usb.c ****   */
1189:Drivers/STM32F4xx_HAL_Driver/Src/stm32f4xx_ll_usb.c **** HAL_StatusTypeDef USB_DevConnect(const USB_OTG_GlobalTypeDef *USBx)
1190:Drivers/STM32F4xx_HAL_Driver/Src/stm32f4xx_ll_usb.c **** {
1191:Drivers/STM32F4xx_HAL_Driver/Src/stm32f4xx_ll_usb.c ****   uint32_t USBx_BASE = (uint32_t)USBx;
1192:Drivers/STM32F4xx_HAL_Driver/Src/stm32f4xx_ll_usb.c **** 
1193:Drivers/STM32F4xx_HAL_Driver/Src/stm32f4xx_ll_usb.c ****   /* In case phy is stopped, ensure to ungate and restore the phy CLK */
1194:Drivers/STM32F4xx_HAL_Driver/Src/stm32f4xx_ll_usb.c ****   USBx_PCGCCTL &= ~(USB_OTG_PCGCCTL_STOPCLK | USB_OTG_PCGCCTL_GATECLK);
1195:Drivers/STM32F4xx_HAL_Driver/Src/stm32f4xx_ll_usb.c **** 
1196:Drivers/STM32F4xx_HAL_Driver/Src/stm32f4xx_ll_usb.c ****   USBx_DEVICE->DCTL &= ~USB_OTG_DCTL_SDIS;
1197:Drivers/STM32F4xx_HAL_Driver/Src/stm32f4xx_ll_usb.c **** 
1198:Drivers/STM32F4xx_HAL_Driver/Src/stm32f4xx_ll_usb.c ****   return HAL_OK;
1199:Drivers/STM32F4xx_HAL_Driver/Src/stm32f4xx_ll_usb.c **** }
1200:Drivers/STM32F4xx_HAL_Driver/Src/stm32f4xx_ll_usb.c **** 
1201:Drivers/STM32F4xx_HAL_Driver/Src/stm32f4xx_ll_usb.c **** /**
1202:Drivers/STM32F4xx_HAL_Driver/Src/stm32f4xx_ll_usb.c ****   * @brief  USB_DevDisconnect : Disconnect the USB device by disabling Rpu
1203:Drivers/STM32F4xx_HAL_Driver/Src/stm32f4xx_ll_usb.c ****   * @param  USBx  Selected device
1204:Drivers/STM32F4xx_HAL_Driver/Src/stm32f4xx_ll_usb.c ****   * @retval HAL status
1205:Drivers/STM32F4xx_HAL_Driver/Src/stm32f4xx_ll_usb.c ****   */
1206:Drivers/STM32F4xx_HAL_Driver/Src/stm32f4xx_ll_usb.c **** HAL_StatusTypeDef USB_DevDisconnect(const USB_OTG_GlobalTypeDef *USBx)
1207:Drivers/STM32F4xx_HAL_Driver/Src/stm32f4xx_ll_usb.c **** {
1208:Drivers/STM32F4xx_HAL_Driver/Src/stm32f4xx_ll_usb.c ****   uint32_t USBx_BASE = (uint32_t)USBx;
1209:Drivers/STM32F4xx_HAL_Driver/Src/stm32f4xx_ll_usb.c **** 
1210:Drivers/STM32F4xx_HAL_Driver/Src/stm32f4xx_ll_usb.c ****   /* In case phy is stopped, ensure to ungate and restore the phy CLK */
1211:Drivers/STM32F4xx_HAL_Driver/Src/stm32f4xx_ll_usb.c ****   USBx_PCGCCTL &= ~(USB_OTG_PCGCCTL_STOPCLK | USB_OTG_PCGCCTL_GATECLK);
1212:Drivers/STM32F4xx_HAL_Driver/Src/stm32f4xx_ll_usb.c **** 
1213:Drivers/STM32F4xx_HAL_Driver/Src/stm32f4xx_ll_usb.c ****   USBx_DEVICE->DCTL |= USB_OTG_DCTL_SDIS;
1214:Drivers/STM32F4xx_HAL_Driver/Src/stm32f4xx_ll_usb.c **** 
1215:Drivers/STM32F4xx_HAL_Driver/Src/stm32f4xx_ll_usb.c ****   return HAL_OK;
1216:Drivers/STM32F4xx_HAL_Driver/Src/stm32f4xx_ll_usb.c **** }
1217:Drivers/STM32F4xx_HAL_Driver/Src/stm32f4xx_ll_usb.c **** 
1218:Drivers/STM32F4xx_HAL_Driver/Src/stm32f4xx_ll_usb.c **** /**
1219:Drivers/STM32F4xx_HAL_Driver/Src/stm32f4xx_ll_usb.c ****   * @brief  USB_ReadInterrupts: return the global USB interrupt status
1220:Drivers/STM32F4xx_HAL_Driver/Src/stm32f4xx_ll_usb.c ****   * @param  USBx  Selected device
1221:Drivers/STM32F4xx_HAL_Driver/Src/stm32f4xx_ll_usb.c ****   * @retval USB Global Interrupt status
1222:Drivers/STM32F4xx_HAL_Driver/Src/stm32f4xx_ll_usb.c ****   */
1223:Drivers/STM32F4xx_HAL_Driver/Src/stm32f4xx_ll_usb.c **** uint32_t USB_ReadInterrupts(USB_OTG_GlobalTypeDef const *USBx)
1224:Drivers/STM32F4xx_HAL_Driver/Src/stm32f4xx_ll_usb.c **** {
1225:Drivers/STM32F4xx_HAL_Driver/Src/stm32f4xx_ll_usb.c ****   uint32_t tmpreg;
1226:Drivers/STM32F4xx_HAL_Driver/Src/stm32f4xx_ll_usb.c **** 
1227:Drivers/STM32F4xx_HAL_Driver/Src/stm32f4xx_ll_usb.c ****   tmpreg = USBx->GINTSTS;
ARM GAS  /tmp/cccSJnlz.s 			page 23


1228:Drivers/STM32F4xx_HAL_Driver/Src/stm32f4xx_ll_usb.c ****   tmpreg &= USBx->GINTMSK;
1229:Drivers/STM32F4xx_HAL_Driver/Src/stm32f4xx_ll_usb.c **** 
1230:Drivers/STM32F4xx_HAL_Driver/Src/stm32f4xx_ll_usb.c ****   return tmpreg;
1231:Drivers/STM32F4xx_HAL_Driver/Src/stm32f4xx_ll_usb.c **** }
1232:Drivers/STM32F4xx_HAL_Driver/Src/stm32f4xx_ll_usb.c **** 
1233:Drivers/STM32F4xx_HAL_Driver/Src/stm32f4xx_ll_usb.c **** /**
1234:Drivers/STM32F4xx_HAL_Driver/Src/stm32f4xx_ll_usb.c ****   * @brief  USB_ReadChInterrupts: return USB channel interrupt status
1235:Drivers/STM32F4xx_HAL_Driver/Src/stm32f4xx_ll_usb.c ****   * @param  USBx  Selected device
1236:Drivers/STM32F4xx_HAL_Driver/Src/stm32f4xx_ll_usb.c ****   * @param  chnum Channel number
1237:Drivers/STM32F4xx_HAL_Driver/Src/stm32f4xx_ll_usb.c ****   * @retval USB Channel Interrupt status
1238:Drivers/STM32F4xx_HAL_Driver/Src/stm32f4xx_ll_usb.c ****   */
1239:Drivers/STM32F4xx_HAL_Driver/Src/stm32f4xx_ll_usb.c **** uint32_t USB_ReadChInterrupts(const USB_OTG_GlobalTypeDef *USBx, uint8_t chnum)
1240:Drivers/STM32F4xx_HAL_Driver/Src/stm32f4xx_ll_usb.c **** {
1241:Drivers/STM32F4xx_HAL_Driver/Src/stm32f4xx_ll_usb.c ****   uint32_t USBx_BASE = (uint32_t)USBx;
1242:Drivers/STM32F4xx_HAL_Driver/Src/stm32f4xx_ll_usb.c ****   uint32_t tmpreg;
1243:Drivers/STM32F4xx_HAL_Driver/Src/stm32f4xx_ll_usb.c **** 
1244:Drivers/STM32F4xx_HAL_Driver/Src/stm32f4xx_ll_usb.c ****   tmpreg = USBx_HC(chnum)->HCINT;
1245:Drivers/STM32F4xx_HAL_Driver/Src/stm32f4xx_ll_usb.c ****   tmpreg &= USBx_HC(chnum)->HCINTMSK;
1246:Drivers/STM32F4xx_HAL_Driver/Src/stm32f4xx_ll_usb.c **** 
1247:Drivers/STM32F4xx_HAL_Driver/Src/stm32f4xx_ll_usb.c ****   return tmpreg;
1248:Drivers/STM32F4xx_HAL_Driver/Src/stm32f4xx_ll_usb.c **** }
1249:Drivers/STM32F4xx_HAL_Driver/Src/stm32f4xx_ll_usb.c **** 
1250:Drivers/STM32F4xx_HAL_Driver/Src/stm32f4xx_ll_usb.c **** /**
1251:Drivers/STM32F4xx_HAL_Driver/Src/stm32f4xx_ll_usb.c ****   * @brief  USB_ReadDevAllOutEpInterrupt: return the USB device OUT endpoints interrupt status
1252:Drivers/STM32F4xx_HAL_Driver/Src/stm32f4xx_ll_usb.c ****   * @param  USBx  Selected device
1253:Drivers/STM32F4xx_HAL_Driver/Src/stm32f4xx_ll_usb.c ****   * @retval USB Device OUT EP interrupt status
1254:Drivers/STM32F4xx_HAL_Driver/Src/stm32f4xx_ll_usb.c ****   */
1255:Drivers/STM32F4xx_HAL_Driver/Src/stm32f4xx_ll_usb.c **** uint32_t USB_ReadDevAllOutEpInterrupt(const USB_OTG_GlobalTypeDef *USBx)
1256:Drivers/STM32F4xx_HAL_Driver/Src/stm32f4xx_ll_usb.c **** {
1257:Drivers/STM32F4xx_HAL_Driver/Src/stm32f4xx_ll_usb.c ****   uint32_t USBx_BASE = (uint32_t)USBx;
1258:Drivers/STM32F4xx_HAL_Driver/Src/stm32f4xx_ll_usb.c ****   uint32_t tmpreg;
1259:Drivers/STM32F4xx_HAL_Driver/Src/stm32f4xx_ll_usb.c **** 
1260:Drivers/STM32F4xx_HAL_Driver/Src/stm32f4xx_ll_usb.c ****   tmpreg  = USBx_DEVICE->DAINT;
1261:Drivers/STM32F4xx_HAL_Driver/Src/stm32f4xx_ll_usb.c ****   tmpreg &= USBx_DEVICE->DAINTMSK;
1262:Drivers/STM32F4xx_HAL_Driver/Src/stm32f4xx_ll_usb.c **** 
1263:Drivers/STM32F4xx_HAL_Driver/Src/stm32f4xx_ll_usb.c ****   return ((tmpreg & 0xffff0000U) >> 16);
1264:Drivers/STM32F4xx_HAL_Driver/Src/stm32f4xx_ll_usb.c **** }
1265:Drivers/STM32F4xx_HAL_Driver/Src/stm32f4xx_ll_usb.c **** 
1266:Drivers/STM32F4xx_HAL_Driver/Src/stm32f4xx_ll_usb.c **** /**
1267:Drivers/STM32F4xx_HAL_Driver/Src/stm32f4xx_ll_usb.c ****   * @brief  USB_ReadDevAllInEpInterrupt: return the USB device IN endpoints interrupt status
1268:Drivers/STM32F4xx_HAL_Driver/Src/stm32f4xx_ll_usb.c ****   * @param  USBx  Selected device
1269:Drivers/STM32F4xx_HAL_Driver/Src/stm32f4xx_ll_usb.c ****   * @retval USB Device IN EP interrupt status
1270:Drivers/STM32F4xx_HAL_Driver/Src/stm32f4xx_ll_usb.c ****   */
1271:Drivers/STM32F4xx_HAL_Driver/Src/stm32f4xx_ll_usb.c **** uint32_t USB_ReadDevAllInEpInterrupt(const USB_OTG_GlobalTypeDef *USBx)
1272:Drivers/STM32F4xx_HAL_Driver/Src/stm32f4xx_ll_usb.c **** {
1273:Drivers/STM32F4xx_HAL_Driver/Src/stm32f4xx_ll_usb.c ****   uint32_t USBx_BASE = (uint32_t)USBx;
1274:Drivers/STM32F4xx_HAL_Driver/Src/stm32f4xx_ll_usb.c ****   uint32_t tmpreg;
1275:Drivers/STM32F4xx_HAL_Driver/Src/stm32f4xx_ll_usb.c **** 
1276:Drivers/STM32F4xx_HAL_Driver/Src/stm32f4xx_ll_usb.c ****   tmpreg  = USBx_DEVICE->DAINT;
1277:Drivers/STM32F4xx_HAL_Driver/Src/stm32f4xx_ll_usb.c ****   tmpreg &= USBx_DEVICE->DAINTMSK;
1278:Drivers/STM32F4xx_HAL_Driver/Src/stm32f4xx_ll_usb.c **** 
1279:Drivers/STM32F4xx_HAL_Driver/Src/stm32f4xx_ll_usb.c ****   return ((tmpreg & 0xFFFFU));
1280:Drivers/STM32F4xx_HAL_Driver/Src/stm32f4xx_ll_usb.c **** }
1281:Drivers/STM32F4xx_HAL_Driver/Src/stm32f4xx_ll_usb.c **** 
1282:Drivers/STM32F4xx_HAL_Driver/Src/stm32f4xx_ll_usb.c **** /**
1283:Drivers/STM32F4xx_HAL_Driver/Src/stm32f4xx_ll_usb.c ****   * @brief  Returns Device OUT EP Interrupt register
1284:Drivers/STM32F4xx_HAL_Driver/Src/stm32f4xx_ll_usb.c ****   * @param  USBx  Selected device
ARM GAS  /tmp/cccSJnlz.s 			page 24


1285:Drivers/STM32F4xx_HAL_Driver/Src/stm32f4xx_ll_usb.c ****   * @param  epnum  endpoint number
1286:Drivers/STM32F4xx_HAL_Driver/Src/stm32f4xx_ll_usb.c ****   *          This parameter can be a value from 0 to 15
1287:Drivers/STM32F4xx_HAL_Driver/Src/stm32f4xx_ll_usb.c ****   * @retval Device OUT EP Interrupt register
1288:Drivers/STM32F4xx_HAL_Driver/Src/stm32f4xx_ll_usb.c ****   */
1289:Drivers/STM32F4xx_HAL_Driver/Src/stm32f4xx_ll_usb.c **** uint32_t USB_ReadDevOutEPInterrupt(const USB_OTG_GlobalTypeDef *USBx, uint8_t epnum)
1290:Drivers/STM32F4xx_HAL_Driver/Src/stm32f4xx_ll_usb.c **** {
1291:Drivers/STM32F4xx_HAL_Driver/Src/stm32f4xx_ll_usb.c ****   uint32_t USBx_BASE = (uint32_t)USBx;
1292:Drivers/STM32F4xx_HAL_Driver/Src/stm32f4xx_ll_usb.c ****   uint32_t tmpreg;
1293:Drivers/STM32F4xx_HAL_Driver/Src/stm32f4xx_ll_usb.c **** 
1294:Drivers/STM32F4xx_HAL_Driver/Src/stm32f4xx_ll_usb.c ****   tmpreg  = USBx_OUTEP((uint32_t)epnum)->DOEPINT;
1295:Drivers/STM32F4xx_HAL_Driver/Src/stm32f4xx_ll_usb.c ****   tmpreg &= USBx_DEVICE->DOEPMSK;
1296:Drivers/STM32F4xx_HAL_Driver/Src/stm32f4xx_ll_usb.c **** 
1297:Drivers/STM32F4xx_HAL_Driver/Src/stm32f4xx_ll_usb.c ****   return tmpreg;
1298:Drivers/STM32F4xx_HAL_Driver/Src/stm32f4xx_ll_usb.c **** }
1299:Drivers/STM32F4xx_HAL_Driver/Src/stm32f4xx_ll_usb.c **** 
1300:Drivers/STM32F4xx_HAL_Driver/Src/stm32f4xx_ll_usb.c **** /**
1301:Drivers/STM32F4xx_HAL_Driver/Src/stm32f4xx_ll_usb.c ****   * @brief  Returns Device IN EP Interrupt register
1302:Drivers/STM32F4xx_HAL_Driver/Src/stm32f4xx_ll_usb.c ****   * @param  USBx  Selected device
1303:Drivers/STM32F4xx_HAL_Driver/Src/stm32f4xx_ll_usb.c ****   * @param  epnum  endpoint number
1304:Drivers/STM32F4xx_HAL_Driver/Src/stm32f4xx_ll_usb.c ****   *          This parameter can be a value from 0 to 15
1305:Drivers/STM32F4xx_HAL_Driver/Src/stm32f4xx_ll_usb.c ****   * @retval Device IN EP Interrupt register
1306:Drivers/STM32F4xx_HAL_Driver/Src/stm32f4xx_ll_usb.c ****   */
1307:Drivers/STM32F4xx_HAL_Driver/Src/stm32f4xx_ll_usb.c **** uint32_t USB_ReadDevInEPInterrupt(const USB_OTG_GlobalTypeDef *USBx, uint8_t epnum)
1308:Drivers/STM32F4xx_HAL_Driver/Src/stm32f4xx_ll_usb.c **** {
1309:Drivers/STM32F4xx_HAL_Driver/Src/stm32f4xx_ll_usb.c ****   uint32_t USBx_BASE = (uint32_t)USBx;
1310:Drivers/STM32F4xx_HAL_Driver/Src/stm32f4xx_ll_usb.c ****   uint32_t tmpreg;
1311:Drivers/STM32F4xx_HAL_Driver/Src/stm32f4xx_ll_usb.c ****   uint32_t msk;
1312:Drivers/STM32F4xx_HAL_Driver/Src/stm32f4xx_ll_usb.c ****   uint32_t emp;
1313:Drivers/STM32F4xx_HAL_Driver/Src/stm32f4xx_ll_usb.c **** 
1314:Drivers/STM32F4xx_HAL_Driver/Src/stm32f4xx_ll_usb.c ****   msk = USBx_DEVICE->DIEPMSK;
1315:Drivers/STM32F4xx_HAL_Driver/Src/stm32f4xx_ll_usb.c ****   emp = USBx_DEVICE->DIEPEMPMSK;
1316:Drivers/STM32F4xx_HAL_Driver/Src/stm32f4xx_ll_usb.c ****   msk |= ((emp >> (epnum & EP_ADDR_MSK)) & 0x1U) << 7;
1317:Drivers/STM32F4xx_HAL_Driver/Src/stm32f4xx_ll_usb.c ****   tmpreg = USBx_INEP((uint32_t)epnum)->DIEPINT & msk;
1318:Drivers/STM32F4xx_HAL_Driver/Src/stm32f4xx_ll_usb.c **** 
1319:Drivers/STM32F4xx_HAL_Driver/Src/stm32f4xx_ll_usb.c ****   return tmpreg;
1320:Drivers/STM32F4xx_HAL_Driver/Src/stm32f4xx_ll_usb.c **** }
1321:Drivers/STM32F4xx_HAL_Driver/Src/stm32f4xx_ll_usb.c **** 
1322:Drivers/STM32F4xx_HAL_Driver/Src/stm32f4xx_ll_usb.c **** /**
1323:Drivers/STM32F4xx_HAL_Driver/Src/stm32f4xx_ll_usb.c ****   * @brief  USB_ClearInterrupts: clear a USB interrupt
1324:Drivers/STM32F4xx_HAL_Driver/Src/stm32f4xx_ll_usb.c ****   * @param  USBx  Selected device
1325:Drivers/STM32F4xx_HAL_Driver/Src/stm32f4xx_ll_usb.c ****   * @param  interrupt  flag
1326:Drivers/STM32F4xx_HAL_Driver/Src/stm32f4xx_ll_usb.c ****   * @retval None
1327:Drivers/STM32F4xx_HAL_Driver/Src/stm32f4xx_ll_usb.c ****   */
1328:Drivers/STM32F4xx_HAL_Driver/Src/stm32f4xx_ll_usb.c **** void  USB_ClearInterrupts(USB_OTG_GlobalTypeDef *USBx, uint32_t interrupt)
1329:Drivers/STM32F4xx_HAL_Driver/Src/stm32f4xx_ll_usb.c **** {
1330:Drivers/STM32F4xx_HAL_Driver/Src/stm32f4xx_ll_usb.c ****   USBx->GINTSTS &= interrupt;
1331:Drivers/STM32F4xx_HAL_Driver/Src/stm32f4xx_ll_usb.c **** }
1332:Drivers/STM32F4xx_HAL_Driver/Src/stm32f4xx_ll_usb.c **** 
1333:Drivers/STM32F4xx_HAL_Driver/Src/stm32f4xx_ll_usb.c **** /**
1334:Drivers/STM32F4xx_HAL_Driver/Src/stm32f4xx_ll_usb.c ****   * @brief  Returns USB core mode
1335:Drivers/STM32F4xx_HAL_Driver/Src/stm32f4xx_ll_usb.c ****   * @param  USBx  Selected device
1336:Drivers/STM32F4xx_HAL_Driver/Src/stm32f4xx_ll_usb.c ****   * @retval return core mode : Host or Device
1337:Drivers/STM32F4xx_HAL_Driver/Src/stm32f4xx_ll_usb.c ****   *          This parameter can be one of these values:
1338:Drivers/STM32F4xx_HAL_Driver/Src/stm32f4xx_ll_usb.c ****   *           1 : Host
1339:Drivers/STM32F4xx_HAL_Driver/Src/stm32f4xx_ll_usb.c ****   *           0 : Device
1340:Drivers/STM32F4xx_HAL_Driver/Src/stm32f4xx_ll_usb.c ****   */
1341:Drivers/STM32F4xx_HAL_Driver/Src/stm32f4xx_ll_usb.c **** uint32_t USB_GetMode(const USB_OTG_GlobalTypeDef *USBx)
ARM GAS  /tmp/cccSJnlz.s 			page 25


1342:Drivers/STM32F4xx_HAL_Driver/Src/stm32f4xx_ll_usb.c **** {
1343:Drivers/STM32F4xx_HAL_Driver/Src/stm32f4xx_ll_usb.c ****   return ((USBx->GINTSTS) & 0x1U);
1344:Drivers/STM32F4xx_HAL_Driver/Src/stm32f4xx_ll_usb.c **** }
1345:Drivers/STM32F4xx_HAL_Driver/Src/stm32f4xx_ll_usb.c **** 
1346:Drivers/STM32F4xx_HAL_Driver/Src/stm32f4xx_ll_usb.c **** /**
1347:Drivers/STM32F4xx_HAL_Driver/Src/stm32f4xx_ll_usb.c ****   * @brief  Activate EP0 for Setup transactions
1348:Drivers/STM32F4xx_HAL_Driver/Src/stm32f4xx_ll_usb.c ****   * @param  USBx  Selected device
1349:Drivers/STM32F4xx_HAL_Driver/Src/stm32f4xx_ll_usb.c ****   * @retval HAL status
1350:Drivers/STM32F4xx_HAL_Driver/Src/stm32f4xx_ll_usb.c ****   */
1351:Drivers/STM32F4xx_HAL_Driver/Src/stm32f4xx_ll_usb.c **** HAL_StatusTypeDef USB_ActivateSetup(const USB_OTG_GlobalTypeDef *USBx)
1352:Drivers/STM32F4xx_HAL_Driver/Src/stm32f4xx_ll_usb.c **** {
1353:Drivers/STM32F4xx_HAL_Driver/Src/stm32f4xx_ll_usb.c ****   uint32_t USBx_BASE = (uint32_t)USBx;
1354:Drivers/STM32F4xx_HAL_Driver/Src/stm32f4xx_ll_usb.c **** 
1355:Drivers/STM32F4xx_HAL_Driver/Src/stm32f4xx_ll_usb.c ****   /* Set the MPS of the IN EP0 to 64 bytes */
1356:Drivers/STM32F4xx_HAL_Driver/Src/stm32f4xx_ll_usb.c ****   USBx_INEP(0U)->DIEPCTL &= ~USB_OTG_DIEPCTL_MPSIZ;
1357:Drivers/STM32F4xx_HAL_Driver/Src/stm32f4xx_ll_usb.c **** 
1358:Drivers/STM32F4xx_HAL_Driver/Src/stm32f4xx_ll_usb.c ****   USBx_DEVICE->DCTL |= USB_OTG_DCTL_CGINAK;
1359:Drivers/STM32F4xx_HAL_Driver/Src/stm32f4xx_ll_usb.c **** 
1360:Drivers/STM32F4xx_HAL_Driver/Src/stm32f4xx_ll_usb.c ****   return HAL_OK;
1361:Drivers/STM32F4xx_HAL_Driver/Src/stm32f4xx_ll_usb.c **** }
1362:Drivers/STM32F4xx_HAL_Driver/Src/stm32f4xx_ll_usb.c **** 
1363:Drivers/STM32F4xx_HAL_Driver/Src/stm32f4xx_ll_usb.c **** /**
1364:Drivers/STM32F4xx_HAL_Driver/Src/stm32f4xx_ll_usb.c ****   * @brief  Prepare the EP0 to start the first control setup
1365:Drivers/STM32F4xx_HAL_Driver/Src/stm32f4xx_ll_usb.c ****   * @param  USBx  Selected device
1366:Drivers/STM32F4xx_HAL_Driver/Src/stm32f4xx_ll_usb.c ****   * @param  dma USB dma enabled or disabled
1367:Drivers/STM32F4xx_HAL_Driver/Src/stm32f4xx_ll_usb.c ****   *          This parameter can be one of these values:
1368:Drivers/STM32F4xx_HAL_Driver/Src/stm32f4xx_ll_usb.c ****   *           0 : DMA feature not used
1369:Drivers/STM32F4xx_HAL_Driver/Src/stm32f4xx_ll_usb.c ****   *           1 : DMA feature used
1370:Drivers/STM32F4xx_HAL_Driver/Src/stm32f4xx_ll_usb.c ****   * @param  psetup  pointer to setup packet
1371:Drivers/STM32F4xx_HAL_Driver/Src/stm32f4xx_ll_usb.c ****   * @retval HAL status
1372:Drivers/STM32F4xx_HAL_Driver/Src/stm32f4xx_ll_usb.c ****   */
1373:Drivers/STM32F4xx_HAL_Driver/Src/stm32f4xx_ll_usb.c **** HAL_StatusTypeDef USB_EP0_OutStart(const USB_OTG_GlobalTypeDef *USBx, uint8_t dma, const uint8_t *p
1374:Drivers/STM32F4xx_HAL_Driver/Src/stm32f4xx_ll_usb.c **** {
1375:Drivers/STM32F4xx_HAL_Driver/Src/stm32f4xx_ll_usb.c ****   uint32_t USBx_BASE = (uint32_t)USBx;
1376:Drivers/STM32F4xx_HAL_Driver/Src/stm32f4xx_ll_usb.c ****   uint32_t gSNPSiD = *(__IO const uint32_t *)(&USBx->CID + 0x1U);
1377:Drivers/STM32F4xx_HAL_Driver/Src/stm32f4xx_ll_usb.c **** 
1378:Drivers/STM32F4xx_HAL_Driver/Src/stm32f4xx_ll_usb.c ****   if (gSNPSiD > USB_OTG_CORE_ID_300A)
1379:Drivers/STM32F4xx_HAL_Driver/Src/stm32f4xx_ll_usb.c ****   {
1380:Drivers/STM32F4xx_HAL_Driver/Src/stm32f4xx_ll_usb.c ****     if ((USBx_OUTEP(0U)->DOEPCTL & USB_OTG_DOEPCTL_EPENA) == USB_OTG_DOEPCTL_EPENA)
1381:Drivers/STM32F4xx_HAL_Driver/Src/stm32f4xx_ll_usb.c ****     {
1382:Drivers/STM32F4xx_HAL_Driver/Src/stm32f4xx_ll_usb.c ****       return HAL_OK;
1383:Drivers/STM32F4xx_HAL_Driver/Src/stm32f4xx_ll_usb.c ****     }
1384:Drivers/STM32F4xx_HAL_Driver/Src/stm32f4xx_ll_usb.c ****   }
1385:Drivers/STM32F4xx_HAL_Driver/Src/stm32f4xx_ll_usb.c **** 
1386:Drivers/STM32F4xx_HAL_Driver/Src/stm32f4xx_ll_usb.c ****   USBx_OUTEP(0U)->DOEPTSIZ = 0U;
1387:Drivers/STM32F4xx_HAL_Driver/Src/stm32f4xx_ll_usb.c ****   USBx_OUTEP(0U)->DOEPTSIZ |= (USB_OTG_DOEPTSIZ_PKTCNT & (1U << 19));
1388:Drivers/STM32F4xx_HAL_Driver/Src/stm32f4xx_ll_usb.c ****   USBx_OUTEP(0U)->DOEPTSIZ |= (3U * 8U);
1389:Drivers/STM32F4xx_HAL_Driver/Src/stm32f4xx_ll_usb.c ****   USBx_OUTEP(0U)->DOEPTSIZ |=  USB_OTG_DOEPTSIZ_STUPCNT;
1390:Drivers/STM32F4xx_HAL_Driver/Src/stm32f4xx_ll_usb.c **** 
1391:Drivers/STM32F4xx_HAL_Driver/Src/stm32f4xx_ll_usb.c ****   if (dma == 1U)
1392:Drivers/STM32F4xx_HAL_Driver/Src/stm32f4xx_ll_usb.c ****   {
1393:Drivers/STM32F4xx_HAL_Driver/Src/stm32f4xx_ll_usb.c ****     USBx_OUTEP(0U)->DOEPDMA = (uint32_t)psetup;
1394:Drivers/STM32F4xx_HAL_Driver/Src/stm32f4xx_ll_usb.c ****     /* EP enable */
1395:Drivers/STM32F4xx_HAL_Driver/Src/stm32f4xx_ll_usb.c ****     USBx_OUTEP(0U)->DOEPCTL |= USB_OTG_DOEPCTL_EPENA | USB_OTG_DOEPCTL_USBAEP;
1396:Drivers/STM32F4xx_HAL_Driver/Src/stm32f4xx_ll_usb.c ****   }
1397:Drivers/STM32F4xx_HAL_Driver/Src/stm32f4xx_ll_usb.c **** 
1398:Drivers/STM32F4xx_HAL_Driver/Src/stm32f4xx_ll_usb.c ****   return HAL_OK;
ARM GAS  /tmp/cccSJnlz.s 			page 26


1399:Drivers/STM32F4xx_HAL_Driver/Src/stm32f4xx_ll_usb.c **** }
1400:Drivers/STM32F4xx_HAL_Driver/Src/stm32f4xx_ll_usb.c **** 
1401:Drivers/STM32F4xx_HAL_Driver/Src/stm32f4xx_ll_usb.c **** /**
1402:Drivers/STM32F4xx_HAL_Driver/Src/stm32f4xx_ll_usb.c ****   * @brief  Reset the USB Core (needed after USB clock settings change)
1403:Drivers/STM32F4xx_HAL_Driver/Src/stm32f4xx_ll_usb.c ****   * @param  USBx  Selected device
1404:Drivers/STM32F4xx_HAL_Driver/Src/stm32f4xx_ll_usb.c ****   * @retval HAL status
1405:Drivers/STM32F4xx_HAL_Driver/Src/stm32f4xx_ll_usb.c ****   */
1406:Drivers/STM32F4xx_HAL_Driver/Src/stm32f4xx_ll_usb.c **** static HAL_StatusTypeDef USB_CoreReset(USB_OTG_GlobalTypeDef *USBx)
1407:Drivers/STM32F4xx_HAL_Driver/Src/stm32f4xx_ll_usb.c **** {
  29              		.loc 1 1407 1 view -0
  30              		.cfi_startproc
  31              		@ args = 0, pretend = 0, frame = 8
  32              		@ frame_needed = 0, uses_anonymous_args = 0
  33              		@ link register save eliminated.
  34              		.loc 1 1407 1 is_stmt 0 view .LVU1
  35 0000 82B0     		sub	sp, sp, #8
  36              	.LCFI0:
  37              		.cfi_def_cfa_offset 8
1408:Drivers/STM32F4xx_HAL_Driver/Src/stm32f4xx_ll_usb.c ****   __IO uint32_t count = 0U;
  38              		.loc 1 1408 3 is_stmt 1 view .LVU2
  39              		.loc 1 1408 17 is_stmt 0 view .LVU3
  40 0002 0023     		movs	r3, #0
  41 0004 0193     		str	r3, [sp, #4]
  42              	.L3:
1409:Drivers/STM32F4xx_HAL_Driver/Src/stm32f4xx_ll_usb.c **** 
1410:Drivers/STM32F4xx_HAL_Driver/Src/stm32f4xx_ll_usb.c ****   /* Wait for AHB master IDLE state. */
1411:Drivers/STM32F4xx_HAL_Driver/Src/stm32f4xx_ll_usb.c ****   do
  43              		.loc 1 1411 3 is_stmt 1 view .LVU4
1412:Drivers/STM32F4xx_HAL_Driver/Src/stm32f4xx_ll_usb.c ****   {
1413:Drivers/STM32F4xx_HAL_Driver/Src/stm32f4xx_ll_usb.c ****     count++;
  44              		.loc 1 1413 5 view .LVU5
  45              		.loc 1 1413 10 is_stmt 0 view .LVU6
  46 0006 019B     		ldr	r3, [sp, #4]
  47 0008 0133     		adds	r3, r3, #1
  48 000a 0193     		str	r3, [sp, #4]
1414:Drivers/STM32F4xx_HAL_Driver/Src/stm32f4xx_ll_usb.c **** 
1415:Drivers/STM32F4xx_HAL_Driver/Src/stm32f4xx_ll_usb.c ****     if (count > HAL_USB_TIMEOUT)
  49              		.loc 1 1415 5 is_stmt 1 view .LVU7
  50              		.loc 1 1415 15 is_stmt 0 view .LVU8
  51 000c 019B     		ldr	r3, [sp, #4]
  52              		.loc 1 1415 8 view .LVU9
  53 000e B3F1706F 		cmp	r3, #251658240
  54 0012 1CD8     		bhi	.L7
1416:Drivers/STM32F4xx_HAL_Driver/Src/stm32f4xx_ll_usb.c ****     {
1417:Drivers/STM32F4xx_HAL_Driver/Src/stm32f4xx_ll_usb.c ****       return HAL_TIMEOUT;
1418:Drivers/STM32F4xx_HAL_Driver/Src/stm32f4xx_ll_usb.c ****     }
1419:Drivers/STM32F4xx_HAL_Driver/Src/stm32f4xx_ll_usb.c ****   } while ((USBx->GRSTCTL & USB_OTG_GRSTCTL_AHBIDL) == 0U);
  55              		.loc 1 1419 53 is_stmt 1 view .LVU10
  56              		.loc 1 1419 17 is_stmt 0 view .LVU11
  57 0014 0369     		ldr	r3, [r0, #16]
  58              		.loc 1 1419 53 view .LVU12
  59 0016 002B     		cmp	r3, #0
  60 0018 F5DA     		bge	.L3
1420:Drivers/STM32F4xx_HAL_Driver/Src/stm32f4xx_ll_usb.c **** 
1421:Drivers/STM32F4xx_HAL_Driver/Src/stm32f4xx_ll_usb.c ****   count = 10U;
  61              		.loc 1 1421 3 is_stmt 1 view .LVU13
  62              		.loc 1 1421 9 is_stmt 0 view .LVU14
ARM GAS  /tmp/cccSJnlz.s 			page 27


  63 001a 0A23     		movs	r3, #10
  64 001c 0193     		str	r3, [sp, #4]
1422:Drivers/STM32F4xx_HAL_Driver/Src/stm32f4xx_ll_usb.c **** 
1423:Drivers/STM32F4xx_HAL_Driver/Src/stm32f4xx_ll_usb.c ****   /* few cycles before setting core reset */
1424:Drivers/STM32F4xx_HAL_Driver/Src/stm32f4xx_ll_usb.c ****   while (count > 0U)
  65              		.loc 1 1424 3 is_stmt 1 view .LVU15
  66              		.loc 1 1424 9 is_stmt 0 view .LVU16
  67 001e 02E0     		b	.L4
  68              	.L5:
1425:Drivers/STM32F4xx_HAL_Driver/Src/stm32f4xx_ll_usb.c ****   {
1426:Drivers/STM32F4xx_HAL_Driver/Src/stm32f4xx_ll_usb.c ****     count--;
  69              		.loc 1 1426 5 is_stmt 1 view .LVU17
  70              		.loc 1 1426 10 is_stmt 0 view .LVU18
  71 0020 019B     		ldr	r3, [sp, #4]
  72 0022 013B     		subs	r3, r3, #1
  73 0024 0193     		str	r3, [sp, #4]
  74              	.L4:
1424:Drivers/STM32F4xx_HAL_Driver/Src/stm32f4xx_ll_usb.c ****   {
  75              		.loc 1 1424 16 is_stmt 1 view .LVU19
  76 0026 019B     		ldr	r3, [sp, #4]
  77 0028 002B     		cmp	r3, #0
  78 002a F9D1     		bne	.L5
1427:Drivers/STM32F4xx_HAL_Driver/Src/stm32f4xx_ll_usb.c ****   }
1428:Drivers/STM32F4xx_HAL_Driver/Src/stm32f4xx_ll_usb.c **** 
1429:Drivers/STM32F4xx_HAL_Driver/Src/stm32f4xx_ll_usb.c ****   /* Core Soft Reset */
1430:Drivers/STM32F4xx_HAL_Driver/Src/stm32f4xx_ll_usb.c ****   USBx->GRSTCTL |= USB_OTG_GRSTCTL_CSRST;
  79              		.loc 1 1430 3 view .LVU20
  80              		.loc 1 1430 7 is_stmt 0 view .LVU21
  81 002c 0369     		ldr	r3, [r0, #16]
  82              		.loc 1 1430 17 view .LVU22
  83 002e 43F00103 		orr	r3, r3, #1
  84 0032 0361     		str	r3, [r0, #16]
  85              	.L6:
1431:Drivers/STM32F4xx_HAL_Driver/Src/stm32f4xx_ll_usb.c **** 
1432:Drivers/STM32F4xx_HAL_Driver/Src/stm32f4xx_ll_usb.c ****   do
  86              		.loc 1 1432 3 is_stmt 1 view .LVU23
1433:Drivers/STM32F4xx_HAL_Driver/Src/stm32f4xx_ll_usb.c ****   {
1434:Drivers/STM32F4xx_HAL_Driver/Src/stm32f4xx_ll_usb.c ****     count++;
  87              		.loc 1 1434 5 view .LVU24
  88              		.loc 1 1434 10 is_stmt 0 view .LVU25
  89 0034 019B     		ldr	r3, [sp, #4]
  90 0036 0133     		adds	r3, r3, #1
  91 0038 0193     		str	r3, [sp, #4]
1435:Drivers/STM32F4xx_HAL_Driver/Src/stm32f4xx_ll_usb.c **** 
1436:Drivers/STM32F4xx_HAL_Driver/Src/stm32f4xx_ll_usb.c ****     if (count > HAL_USB_TIMEOUT)
  92              		.loc 1 1436 5 is_stmt 1 view .LVU26
  93              		.loc 1 1436 15 is_stmt 0 view .LVU27
  94 003a 019B     		ldr	r3, [sp, #4]
  95              		.loc 1 1436 8 view .LVU28
  96 003c B3F1706F 		cmp	r3, #251658240
  97 0040 08D8     		bhi	.L8
1437:Drivers/STM32F4xx_HAL_Driver/Src/stm32f4xx_ll_usb.c ****     {
1438:Drivers/STM32F4xx_HAL_Driver/Src/stm32f4xx_ll_usb.c ****       return HAL_TIMEOUT;
1439:Drivers/STM32F4xx_HAL_Driver/Src/stm32f4xx_ll_usb.c ****     }
1440:Drivers/STM32F4xx_HAL_Driver/Src/stm32f4xx_ll_usb.c ****   } while ((USBx->GRSTCTL & USB_OTG_GRSTCTL_CSRST) == USB_OTG_GRSTCTL_CSRST);
  98              		.loc 1 1440 52 is_stmt 1 view .LVU29
  99              		.loc 1 1440 17 is_stmt 0 view .LVU30
ARM GAS  /tmp/cccSJnlz.s 			page 28


 100 0042 0369     		ldr	r3, [r0, #16]
 101              		.loc 1 1440 52 view .LVU31
 102 0044 13F0010F 		tst	r3, #1
 103 0048 F4D1     		bne	.L6
1441:Drivers/STM32F4xx_HAL_Driver/Src/stm32f4xx_ll_usb.c **** 
1442:Drivers/STM32F4xx_HAL_Driver/Src/stm32f4xx_ll_usb.c ****   return HAL_OK;
 104              		.loc 1 1442 10 view .LVU32
 105 004a 0020     		movs	r0, #0
 106              	.LVL1:
 107              		.loc 1 1442 10 view .LVU33
 108 004c 00E0     		b	.L2
 109              	.LVL2:
 110              	.L7:
1417:Drivers/STM32F4xx_HAL_Driver/Src/stm32f4xx_ll_usb.c ****     }
 111              		.loc 1 1417 14 view .LVU34
 112 004e 0320     		movs	r0, #3
 113              	.LVL3:
 114              	.L2:
1443:Drivers/STM32F4xx_HAL_Driver/Src/stm32f4xx_ll_usb.c **** }
 115              		.loc 1 1443 1 view .LVU35
 116 0050 02B0     		add	sp, sp, #8
 117              	.LCFI1:
 118              		.cfi_remember_state
 119              		.cfi_def_cfa_offset 0
 120              		@ sp needed
 121 0052 7047     		bx	lr
 122              	.LVL4:
 123              	.L8:
 124              	.LCFI2:
 125              		.cfi_restore_state
1438:Drivers/STM32F4xx_HAL_Driver/Src/stm32f4xx_ll_usb.c ****     }
 126              		.loc 1 1438 14 view .LVU36
 127 0054 0320     		movs	r0, #3
 128              	.LVL5:
1438:Drivers/STM32F4xx_HAL_Driver/Src/stm32f4xx_ll_usb.c ****     }
 129              		.loc 1 1438 14 view .LVU37
 130 0056 FBE7     		b	.L2
 131              		.cfi_endproc
 132              	.LFE273:
 134              		.section	.text.USB_CoreInit,"ax",%progbits
 135              		.align	1
 136              		.global	USB_CoreInit
 137              		.syntax unified
 138              		.thumb
 139              		.thumb_func
 141              	USB_CoreInit:
 142              	.LVL6:
 143              	.LFB239:
  84:Drivers/STM32F4xx_HAL_Driver/Src/stm32f4xx_ll_usb.c ****   HAL_StatusTypeDef ret;
 144              		.loc 1 84 1 is_stmt 1 view -0
 145              		.cfi_startproc
 146              		@ args = 20, pretend = 16, frame = 0
 147              		@ frame_needed = 0, uses_anonymous_args = 0
  84:Drivers/STM32F4xx_HAL_Driver/Src/stm32f4xx_ll_usb.c ****   HAL_StatusTypeDef ret;
 148              		.loc 1 84 1 is_stmt 0 view .LVU39
 149 0000 84B0     		sub	sp, sp, #16
 150              	.LCFI3:
ARM GAS  /tmp/cccSJnlz.s 			page 29


 151              		.cfi_def_cfa_offset 16
 152 0002 10B5     		push	{r4, lr}
 153              	.LCFI4:
 154              		.cfi_def_cfa_offset 24
 155              		.cfi_offset 4, -24
 156              		.cfi_offset 14, -20
 157 0004 0446     		mov	r4, r0
 158 0006 03A8     		add	r0, sp, #12
 159              	.LVL7:
  84:Drivers/STM32F4xx_HAL_Driver/Src/stm32f4xx_ll_usb.c ****   HAL_StatusTypeDef ret;
 160              		.loc 1 84 1 view .LVU40
 161 0008 80E80E00 		stm	r0, {r1, r2, r3}
  85:Drivers/STM32F4xx_HAL_Driver/Src/stm32f4xx_ll_usb.c ****   if (cfg.phy_itface == USB_OTG_ULPI_PHY)
 162              		.loc 1 85 3 is_stmt 1 view .LVU41
  86:Drivers/STM32F4xx_HAL_Driver/Src/stm32f4xx_ll_usb.c ****   {
 163              		.loc 1 86 3 view .LVU42
  86:Drivers/STM32F4xx_HAL_Driver/Src/stm32f4xx_ll_usb.c ****   {
 164              		.loc 1 86 10 is_stmt 0 view .LVU43
 165 000c 9DF81130 		ldrb	r3, [sp, #17]	@ zero_extendqisi2
  86:Drivers/STM32F4xx_HAL_Driver/Src/stm32f4xx_ll_usb.c ****   {
 166              		.loc 1 86 6 view .LVU44
 167 0010 012B     		cmp	r3, #1
 168 0012 21D1     		bne	.L11
  88:Drivers/STM32F4xx_HAL_Driver/Src/stm32f4xx_ll_usb.c **** 
 169              		.loc 1 88 5 is_stmt 1 view .LVU45
  88:Drivers/STM32F4xx_HAL_Driver/Src/stm32f4xx_ll_usb.c **** 
 170              		.loc 1 88 9 is_stmt 0 view .LVU46
 171 0014 A36B     		ldr	r3, [r4, #56]
  88:Drivers/STM32F4xx_HAL_Driver/Src/stm32f4xx_ll_usb.c **** 
 172              		.loc 1 88 17 view .LVU47
 173 0016 23F48033 		bic	r3, r3, #65536
 174 001a A363     		str	r3, [r4, #56]
  91:Drivers/STM32F4xx_HAL_Driver/Src/stm32f4xx_ll_usb.c **** 
 175              		.loc 1 91 5 is_stmt 1 view .LVU48
  91:Drivers/STM32F4xx_HAL_Driver/Src/stm32f4xx_ll_usb.c **** 
 176              		.loc 1 91 9 is_stmt 0 view .LVU49
 177 001c E368     		ldr	r3, [r4, #12]
  91:Drivers/STM32F4xx_HAL_Driver/Src/stm32f4xx_ll_usb.c **** 
 178              		.loc 1 91 19 view .LVU50
 179 001e 23F48403 		bic	r3, r3, #4325376
 180 0022 23F04003 		bic	r3, r3, #64
 181 0026 E360     		str	r3, [r4, #12]
  94:Drivers/STM32F4xx_HAL_Driver/Src/stm32f4xx_ll_usb.c ****     if (cfg.use_external_vbus == 1U)
 182              		.loc 1 94 5 is_stmt 1 view .LVU51
  94:Drivers/STM32F4xx_HAL_Driver/Src/stm32f4xx_ll_usb.c ****     if (cfg.use_external_vbus == 1U)
 183              		.loc 1 94 9 is_stmt 0 view .LVU52
 184 0028 E368     		ldr	r3, [r4, #12]
  94:Drivers/STM32F4xx_HAL_Driver/Src/stm32f4xx_ll_usb.c ****     if (cfg.use_external_vbus == 1U)
 185              		.loc 1 94 19 view .LVU53
 186 002a 23F44013 		bic	r3, r3, #3145728
 187 002e E360     		str	r3, [r4, #12]
  95:Drivers/STM32F4xx_HAL_Driver/Src/stm32f4xx_ll_usb.c ****     {
 188              		.loc 1 95 5 is_stmt 1 view .LVU54
  95:Drivers/STM32F4xx_HAL_Driver/Src/stm32f4xx_ll_usb.c ****     {
 189              		.loc 1 95 12 is_stmt 0 view .LVU55
 190 0030 9DF81830 		ldrb	r3, [sp, #24]	@ zero_extendqisi2
  95:Drivers/STM32F4xx_HAL_Driver/Src/stm32f4xx_ll_usb.c ****     {
ARM GAS  /tmp/cccSJnlz.s 			page 30


 191              		.loc 1 95 8 view .LVU56
 192 0034 012B     		cmp	r3, #1
 193 0036 0AD0     		beq	.L17
 194              	.L12:
 101:Drivers/STM32F4xx_HAL_Driver/Src/stm32f4xx_ll_usb.c ****   }
 195              		.loc 1 101 5 is_stmt 1 view .LVU57
 101:Drivers/STM32F4xx_HAL_Driver/Src/stm32f4xx_ll_usb.c ****   }
 196              		.loc 1 101 11 is_stmt 0 view .LVU58
 197 0038 2046     		mov	r0, r4
 198 003a FFF7FEFF 		bl	USB_CoreReset
 199              	.LVL8:
 200              	.L13:
 123:Drivers/STM32F4xx_HAL_Driver/Src/stm32f4xx_ll_usb.c ****   {
 201              		.loc 1 123 3 is_stmt 1 view .LVU59
 123:Drivers/STM32F4xx_HAL_Driver/Src/stm32f4xx_ll_usb.c ****   {
 202              		.loc 1 123 10 is_stmt 0 view .LVU60
 203 003e 9DF80E30 		ldrb	r3, [sp, #14]	@ zero_extendqisi2
 123:Drivers/STM32F4xx_HAL_Driver/Src/stm32f4xx_ll_usb.c ****   {
 204              		.loc 1 123 6 view .LVU61
 205 0042 012B     		cmp	r3, #1
 206 0044 1CD0     		beq	.L18
 207              	.L15:
 129:Drivers/STM32F4xx_HAL_Driver/Src/stm32f4xx_ll_usb.c **** }
 208              		.loc 1 129 3 is_stmt 1 view .LVU62
 130:Drivers/STM32F4xx_HAL_Driver/Src/stm32f4xx_ll_usb.c **** 
 209              		.loc 1 130 1 is_stmt 0 view .LVU63
 210 0046 BDE81040 		pop	{r4, lr}
 211              	.LCFI5:
 212              		.cfi_remember_state
 213              		.cfi_restore 14
 214              		.cfi_restore 4
 215              		.cfi_def_cfa_offset 16
 216              	.LVL9:
 130:Drivers/STM32F4xx_HAL_Driver/Src/stm32f4xx_ll_usb.c **** 
 217              		.loc 1 130 1 view .LVU64
 218 004a 04B0     		add	sp, sp, #16
 219              	.LCFI6:
 220              		.cfi_def_cfa_offset 0
 221 004c 7047     		bx	lr
 222              	.LVL10:
 223              	.L17:
 224              	.LCFI7:
 225              		.cfi_restore_state
  97:Drivers/STM32F4xx_HAL_Driver/Src/stm32f4xx_ll_usb.c ****     }
 226              		.loc 1 97 7 is_stmt 1 view .LVU65
  97:Drivers/STM32F4xx_HAL_Driver/Src/stm32f4xx_ll_usb.c ****     }
 227              		.loc 1 97 11 is_stmt 0 view .LVU66
 228 004e E368     		ldr	r3, [r4, #12]
  97:Drivers/STM32F4xx_HAL_Driver/Src/stm32f4xx_ll_usb.c ****     }
 229              		.loc 1 97 21 view .LVU67
 230 0050 43F48013 		orr	r3, r3, #1048576
 231 0054 E360     		str	r3, [r4, #12]
 232 0056 EFE7     		b	.L12
 233              	.L11:
 106:Drivers/STM32F4xx_HAL_Driver/Src/stm32f4xx_ll_usb.c **** 
 234              		.loc 1 106 5 is_stmt 1 view .LVU68
 106:Drivers/STM32F4xx_HAL_Driver/Src/stm32f4xx_ll_usb.c **** 
ARM GAS  /tmp/cccSJnlz.s 			page 31


 235              		.loc 1 106 9 is_stmt 0 view .LVU69
 236 0058 E368     		ldr	r3, [r4, #12]
 106:Drivers/STM32F4xx_HAL_Driver/Src/stm32f4xx_ll_usb.c **** 
 237              		.loc 1 106 19 view .LVU70
 238 005a 43F04003 		orr	r3, r3, #64
 239 005e E360     		str	r3, [r4, #12]
 109:Drivers/STM32F4xx_HAL_Driver/Src/stm32f4xx_ll_usb.c **** 
 240              		.loc 1 109 5 is_stmt 1 view .LVU71
 109:Drivers/STM32F4xx_HAL_Driver/Src/stm32f4xx_ll_usb.c **** 
 241              		.loc 1 109 11 is_stmt 0 view .LVU72
 242 0060 2046     		mov	r0, r4
 243 0062 FFF7FEFF 		bl	USB_CoreReset
 244              	.LVL11:
 111:Drivers/STM32F4xx_HAL_Driver/Src/stm32f4xx_ll_usb.c ****     {
 245              		.loc 1 111 5 is_stmt 1 view .LVU73
 111:Drivers/STM32F4xx_HAL_Driver/Src/stm32f4xx_ll_usb.c ****     {
 246              		.loc 1 111 12 is_stmt 0 view .LVU74
 247 0066 9DF81530 		ldrb	r3, [sp, #21]	@ zero_extendqisi2
 111:Drivers/STM32F4xx_HAL_Driver/Src/stm32f4xx_ll_usb.c ****     {
 248              		.loc 1 111 8 view .LVU75
 249 006a 23B9     		cbnz	r3, .L14
 114:Drivers/STM32F4xx_HAL_Driver/Src/stm32f4xx_ll_usb.c ****     }
 250              		.loc 1 114 7 is_stmt 1 view .LVU76
 114:Drivers/STM32F4xx_HAL_Driver/Src/stm32f4xx_ll_usb.c ****     }
 251              		.loc 1 114 11 is_stmt 0 view .LVU77
 252 006c A36B     		ldr	r3, [r4, #56]
 114:Drivers/STM32F4xx_HAL_Driver/Src/stm32f4xx_ll_usb.c ****     }
 253              		.loc 1 114 19 view .LVU78
 254 006e 43F48033 		orr	r3, r3, #65536
 255 0072 A363     		str	r3, [r4, #56]
 256 0074 E3E7     		b	.L13
 257              	.L14:
 119:Drivers/STM32F4xx_HAL_Driver/Src/stm32f4xx_ll_usb.c ****     }
 258              		.loc 1 119 7 is_stmt 1 view .LVU79
 119:Drivers/STM32F4xx_HAL_Driver/Src/stm32f4xx_ll_usb.c ****     }
 259              		.loc 1 119 11 is_stmt 0 view .LVU80
 260 0076 A36B     		ldr	r3, [r4, #56]
 119:Drivers/STM32F4xx_HAL_Driver/Src/stm32f4xx_ll_usb.c ****     }
 261              		.loc 1 119 19 view .LVU81
 262 0078 23F48033 		bic	r3, r3, #65536
 263 007c A363     		str	r3, [r4, #56]
 264 007e DEE7     		b	.L13
 265              	.L18:
 125:Drivers/STM32F4xx_HAL_Driver/Src/stm32f4xx_ll_usb.c ****     USBx->GAHBCFG |= USB_OTG_GAHBCFG_DMAEN;
 266              		.loc 1 125 5 is_stmt 1 view .LVU82
 125:Drivers/STM32F4xx_HAL_Driver/Src/stm32f4xx_ll_usb.c ****     USBx->GAHBCFG |= USB_OTG_GAHBCFG_DMAEN;
 267              		.loc 1 125 9 is_stmt 0 view .LVU83
 268 0080 A368     		ldr	r3, [r4, #8]
 125:Drivers/STM32F4xx_HAL_Driver/Src/stm32f4xx_ll_usb.c ****     USBx->GAHBCFG |= USB_OTG_GAHBCFG_DMAEN;
 269              		.loc 1 125 19 view .LVU84
 270 0082 43F00603 		orr	r3, r3, #6
 271 0086 A360     		str	r3, [r4, #8]
 126:Drivers/STM32F4xx_HAL_Driver/Src/stm32f4xx_ll_usb.c ****   }
 272              		.loc 1 126 5 is_stmt 1 view .LVU85
 126:Drivers/STM32F4xx_HAL_Driver/Src/stm32f4xx_ll_usb.c ****   }
 273              		.loc 1 126 9 is_stmt 0 view .LVU86
 274 0088 A368     		ldr	r3, [r4, #8]
ARM GAS  /tmp/cccSJnlz.s 			page 32


 126:Drivers/STM32F4xx_HAL_Driver/Src/stm32f4xx_ll_usb.c ****   }
 275              		.loc 1 126 19 view .LVU87
 276 008a 43F02003 		orr	r3, r3, #32
 277 008e A360     		str	r3, [r4, #8]
 278 0090 D9E7     		b	.L15
 279              		.cfi_endproc
 280              	.LFE239:
 282              		.section	.text.USB_SetTurnaroundTime,"ax",%progbits
 283              		.align	1
 284              		.global	USB_SetTurnaroundTime
 285              		.syntax unified
 286              		.thumb
 287              		.thumb_func
 289              	USB_SetTurnaroundTime:
 290              	.LVL12:
 291              	.LFB240:
 141:Drivers/STM32F4xx_HAL_Driver/Src/stm32f4xx_ll_usb.c ****   uint32_t UsbTrd;
 292              		.loc 1 141 1 is_stmt 1 view -0
 293              		.cfi_startproc
 294              		@ args = 0, pretend = 0, frame = 0
 295              		@ frame_needed = 0, uses_anonymous_args = 0
 296              		@ link register save eliminated.
 142:Drivers/STM32F4xx_HAL_Driver/Src/stm32f4xx_ll_usb.c **** 
 297              		.loc 1 142 3 view .LVU89
 148:Drivers/STM32F4xx_HAL_Driver/Src/stm32f4xx_ll_usb.c ****   {
 298              		.loc 1 148 3 view .LVU90
 148:Drivers/STM32F4xx_HAL_Driver/Src/stm32f4xx_ll_usb.c ****   {
 299              		.loc 1 148 6 is_stmt 0 view .LVU91
 300 0000 022A     		cmp	r2, #2
 301 0002 0AD0     		beq	.L31
 203:Drivers/STM32F4xx_HAL_Driver/Src/stm32f4xx_ll_usb.c ****   }
 302              		.loc 1 203 12 view .LVU92
 303 0004 0922     		movs	r2, #9
 304              	.LVL13:
 305              	.L20:
 210:Drivers/STM32F4xx_HAL_Driver/Src/stm32f4xx_ll_usb.c ****   USBx->GUSBCFG |= (uint32_t)((UsbTrd << 10) & USB_OTG_GUSBCFG_TRDT);
 306              		.loc 1 210 3 is_stmt 1 view .LVU93
 210:Drivers/STM32F4xx_HAL_Driver/Src/stm32f4xx_ll_usb.c ****   USBx->GUSBCFG |= (uint32_t)((UsbTrd << 10) & USB_OTG_GUSBCFG_TRDT);
 307              		.loc 1 210 7 is_stmt 0 view .LVU94
 308 0006 C368     		ldr	r3, [r0, #12]
 210:Drivers/STM32F4xx_HAL_Driver/Src/stm32f4xx_ll_usb.c ****   USBx->GUSBCFG |= (uint32_t)((UsbTrd << 10) & USB_OTG_GUSBCFG_TRDT);
 309              		.loc 1 210 17 view .LVU95
 310 0008 23F47053 		bic	r3, r3, #15360
 311 000c C360     		str	r3, [r0, #12]
 211:Drivers/STM32F4xx_HAL_Driver/Src/stm32f4xx_ll_usb.c **** 
 312              		.loc 1 211 3 is_stmt 1 view .LVU96
 211:Drivers/STM32F4xx_HAL_Driver/Src/stm32f4xx_ll_usb.c **** 
 313              		.loc 1 211 7 is_stmt 0 view .LVU97
 314 000e C368     		ldr	r3, [r0, #12]
 211:Drivers/STM32F4xx_HAL_Driver/Src/stm32f4xx_ll_usb.c **** 
 315              		.loc 1 211 17 view .LVU98
 316 0010 43EA8223 		orr	r3, r3, r2, lsl #10
 317 0014 C360     		str	r3, [r0, #12]
 213:Drivers/STM32F4xx_HAL_Driver/Src/stm32f4xx_ll_usb.c **** }
 318              		.loc 1 213 3 is_stmt 1 view .LVU99
 214:Drivers/STM32F4xx_HAL_Driver/Src/stm32f4xx_ll_usb.c **** 
 319              		.loc 1 214 1 is_stmt 0 view .LVU100
ARM GAS  /tmp/cccSJnlz.s 			page 33


 320 0016 0020     		movs	r0, #0
 321              	.LVL14:
 214:Drivers/STM32F4xx_HAL_Driver/Src/stm32f4xx_ll_usb.c **** 
 322              		.loc 1 214 1 view .LVU101
 323 0018 7047     		bx	lr
 324              	.LVL15:
 325              	.L31:
 150:Drivers/STM32F4xx_HAL_Driver/Src/stm32f4xx_ll_usb.c ****     {
 326              		.loc 1 150 5 is_stmt 1 view .LVU102
 150:Drivers/STM32F4xx_HAL_Driver/Src/stm32f4xx_ll_usb.c ****     {
 327              		.loc 1 150 29 is_stmt 0 view .LVU103
 328 001a 234B     		ldr	r3, .L32
 329 001c 0B44     		add	r3, r3, r1
 150:Drivers/STM32F4xx_HAL_Driver/Src/stm32f4xx_ll_usb.c ****     {
 330              		.loc 1 150 8 view .LVU104
 331 001e 234A     		ldr	r2, .L32+4
 332              	.LVL16:
 150:Drivers/STM32F4xx_HAL_Driver/Src/stm32f4xx_ll_usb.c ****     {
 333              		.loc 1 150 8 view .LVU105
 334 0020 9342     		cmp	r3, r2
 335 0022 2FD9     		bls	.L22
 155:Drivers/STM32F4xx_HAL_Driver/Src/stm32f4xx_ll_usb.c ****     {
 336              		.loc 1 155 10 is_stmt 1 view .LVU106
 155:Drivers/STM32F4xx_HAL_Driver/Src/stm32f4xx_ll_usb.c ****     {
 337              		.loc 1 155 34 is_stmt 0 view .LVU107
 338 0024 224B     		ldr	r3, .L32+8
 339 0026 0B44     		add	r3, r3, r1
 155:Drivers/STM32F4xx_HAL_Driver/Src/stm32f4xx_ll_usb.c ****     {
 340              		.loc 1 155 13 view .LVU108
 341 0028 224A     		ldr	r2, .L32+12
 342 002a 9342     		cmp	r3, r2
 343 002c 2CD9     		bls	.L23
 160:Drivers/STM32F4xx_HAL_Driver/Src/stm32f4xx_ll_usb.c ****     {
 344              		.loc 1 160 10 is_stmt 1 view .LVU109
 160:Drivers/STM32F4xx_HAL_Driver/Src/stm32f4xx_ll_usb.c ****     {
 345              		.loc 1 160 34 is_stmt 0 view .LVU110
 346 002e A1F57403 		sub	r3, r1, #15990784
 347 0032 A3F51053 		sub	r3, r3, #9216
 160:Drivers/STM32F4xx_HAL_Driver/Src/stm32f4xx_ll_usb.c ****     {
 348              		.loc 1 160 13 view .LVU111
 349 0036 204A     		ldr	r2, .L32+16
 350 0038 9342     		cmp	r3, r2
 351 003a 27D9     		bls	.L24
 165:Drivers/STM32F4xx_HAL_Driver/Src/stm32f4xx_ll_usb.c ****     {
 352              		.loc 1 165 10 is_stmt 1 view .LVU112
 165:Drivers/STM32F4xx_HAL_Driver/Src/stm32f4xx_ll_usb.c ****     {
 353              		.loc 1 165 34 is_stmt 0 view .LVU113
 354 003c A1F18373 		sub	r3, r1, #17170432
 355 0040 A3F5E743 		sub	r3, r3, #29568
 165:Drivers/STM32F4xx_HAL_Driver/Src/stm32f4xx_ll_usb.c ****     {
 356              		.loc 1 165 13 view .LVU114
 357 0044 1D4A     		ldr	r2, .L32+20
 358 0046 9342     		cmp	r3, r2
 359 0048 22D3     		bcc	.L25
 170:Drivers/STM32F4xx_HAL_Driver/Src/stm32f4xx_ll_usb.c ****     {
 360              		.loc 1 170 10 is_stmt 1 view .LVU115
 170:Drivers/STM32F4xx_HAL_Driver/Src/stm32f4xx_ll_usb.c ****     {
ARM GAS  /tmp/cccSJnlz.s 			page 34


 361              		.loc 1 170 34 is_stmt 0 view .LVU116
 362 004a 1D4B     		ldr	r3, .L32+24
 363 004c 0B44     		add	r3, r3, r1
 170:Drivers/STM32F4xx_HAL_Driver/Src/stm32f4xx_ll_usb.c ****     {
 364              		.loc 1 170 13 view .LVU117
 365 004e 1D4A     		ldr	r2, .L32+28
 366 0050 9342     		cmp	r3, r2
 367 0052 1FD9     		bls	.L26
 175:Drivers/STM32F4xx_HAL_Driver/Src/stm32f4xx_ll_usb.c ****     {
 368              		.loc 1 175 10 is_stmt 1 view .LVU118
 175:Drivers/STM32F4xx_HAL_Driver/Src/stm32f4xx_ll_usb.c ****     {
 369              		.loc 1 175 34 is_stmt 0 view .LVU119
 370 0054 1C4B     		ldr	r3, .L32+32
 371 0056 0B44     		add	r3, r3, r1
 175:Drivers/STM32F4xx_HAL_Driver/Src/stm32f4xx_ll_usb.c ****     {
 372              		.loc 1 175 13 view .LVU120
 373 0058 1C4A     		ldr	r2, .L32+36
 374 005a 9342     		cmp	r3, r2
 375 005c 1CD3     		bcc	.L27
 180:Drivers/STM32F4xx_HAL_Driver/Src/stm32f4xx_ll_usb.c ****     {
 376              		.loc 1 180 10 is_stmt 1 view .LVU121
 180:Drivers/STM32F4xx_HAL_Driver/Src/stm32f4xx_ll_usb.c ****     {
 377              		.loc 1 180 34 is_stmt 0 view .LVU122
 378 005e 1C4B     		ldr	r3, .L32+40
 379 0060 0B44     		add	r3, r3, r1
 180:Drivers/STM32F4xx_HAL_Driver/Src/stm32f4xx_ll_usb.c ****     {
 380              		.loc 1 180 13 view .LVU123
 381 0062 1C4A     		ldr	r2, .L32+44
 382 0064 9342     		cmp	r3, r2
 383 0066 19D3     		bcc	.L28
 185:Drivers/STM32F4xx_HAL_Driver/Src/stm32f4xx_ll_usb.c ****     {
 384              		.loc 1 185 10 is_stmt 1 view .LVU124
 185:Drivers/STM32F4xx_HAL_Driver/Src/stm32f4xx_ll_usb.c ****     {
 385              		.loc 1 185 34 is_stmt 0 view .LVU125
 386 0068 A1F1B773 		sub	r3, r1, #23986176
 387 006c A3F55853 		sub	r3, r3, #13824
 185:Drivers/STM32F4xx_HAL_Driver/Src/stm32f4xx_ll_usb.c ****     {
 388              		.loc 1 185 13 view .LVU126
 389 0070 194A     		ldr	r2, .L32+48
 390 0072 9342     		cmp	r3, r2
 391 0074 14D3     		bcc	.L29
 190:Drivers/STM32F4xx_HAL_Driver/Src/stm32f4xx_ll_usb.c ****     {
 392              		.loc 1 190 10 is_stmt 1 view .LVU127
 190:Drivers/STM32F4xx_HAL_Driver/Src/stm32f4xx_ll_usb.c ****     {
 393              		.loc 1 190 34 is_stmt 0 view .LVU128
 394 0076 194B     		ldr	r3, .L32+52
 395 0078 0B44     		add	r3, r3, r1
 190:Drivers/STM32F4xx_HAL_Driver/Src/stm32f4xx_ll_usb.c ****     {
 396              		.loc 1 190 13 view .LVU129
 397 007a 194A     		ldr	r2, .L32+56
 398 007c 9342     		cmp	r3, r2
 399 007e 11D2     		bcs	.L30
 193:Drivers/STM32F4xx_HAL_Driver/Src/stm32f4xx_ll_usb.c ****     }
 400              		.loc 1 193 14 view .LVU130
 401 0080 0722     		movs	r2, #7
 402 0082 C0E7     		b	.L20
 403              	.L22:
ARM GAS  /tmp/cccSJnlz.s 			page 35


 153:Drivers/STM32F4xx_HAL_Driver/Src/stm32f4xx_ll_usb.c ****     }
 404              		.loc 1 153 14 view .LVU131
 405 0084 0F22     		movs	r2, #15
 406 0086 BEE7     		b	.L20
 407              	.L23:
 158:Drivers/STM32F4xx_HAL_Driver/Src/stm32f4xx_ll_usb.c ****     }
 408              		.loc 1 158 14 view .LVU132
 409 0088 0E22     		movs	r2, #14
 410 008a BCE7     		b	.L20
 411              	.L24:
 163:Drivers/STM32F4xx_HAL_Driver/Src/stm32f4xx_ll_usb.c ****     }
 412              		.loc 1 163 14 view .LVU133
 413 008c 0D22     		movs	r2, #13
 414 008e BAE7     		b	.L20
 415              	.L25:
 168:Drivers/STM32F4xx_HAL_Driver/Src/stm32f4xx_ll_usb.c ****     }
 416              		.loc 1 168 14 view .LVU134
 417 0090 0C22     		movs	r2, #12
 418 0092 B8E7     		b	.L20
 419              	.L26:
 173:Drivers/STM32F4xx_HAL_Driver/Src/stm32f4xx_ll_usb.c ****     }
 420              		.loc 1 173 14 view .LVU135
 421 0094 0B22     		movs	r2, #11
 422 0096 B6E7     		b	.L20
 423              	.L27:
 178:Drivers/STM32F4xx_HAL_Driver/Src/stm32f4xx_ll_usb.c ****     }
 424              		.loc 1 178 14 view .LVU136
 425 0098 0A22     		movs	r2, #10
 426 009a B4E7     		b	.L20
 427              	.L28:
 183:Drivers/STM32F4xx_HAL_Driver/Src/stm32f4xx_ll_usb.c ****     }
 428              		.loc 1 183 14 view .LVU137
 429 009c 0922     		movs	r2, #9
 430 009e B2E7     		b	.L20
 431              	.L29:
 188:Drivers/STM32F4xx_HAL_Driver/Src/stm32f4xx_ll_usb.c ****     }
 432              		.loc 1 188 14 view .LVU138
 433 00a0 0822     		movs	r2, #8
 434 00a2 B0E7     		b	.L20
 435              	.L30:
 198:Drivers/STM32F4xx_HAL_Driver/Src/stm32f4xx_ll_usb.c ****     }
 436              		.loc 1 198 14 view .LVU139
 437 00a4 0622     		movs	r2, #6
 438 00a6 AEE7     		b	.L20
 439              	.L33:
 440              		.align	2
 441              	.L32:
 442 00a8 405327FF 		.word	-14200000
 443 00ac FF340C00 		.word	799999
 444 00b0 401E1BFF 		.word	-15000000
 445 00b4 3F420F00 		.word	999999
 446 00b8 7F4F1200 		.word	1199999
 447 00bc 20D61300 		.word	1300000
 448 00c0 60B6E5FE 		.word	-18500000
 449 00c4 5FE31600 		.word	1499999
 450 00c8 00D3CEFE 		.word	-20000000
 451 00cc 40771B00 		.word	1800000
ARM GAS  /tmp/cccSJnlz.s 			page 36


 452 00d0 C05BB3FE 		.word	-21800000
 453 00d4 C0912100 		.word	2200000
 454 00d8 20753800 		.word	3700000
 455 00dc E05459FE 		.word	-27700000
 456 00e0 E09C4100 		.word	4300000
 457              		.cfi_endproc
 458              	.LFE240:
 460              		.section	.text.USB_EnableGlobalInt,"ax",%progbits
 461              		.align	1
 462              		.global	USB_EnableGlobalInt
 463              		.syntax unified
 464              		.thumb
 465              		.thumb_func
 467              	USB_EnableGlobalInt:
 468              	.LVL17:
 469              	.LFB241:
 223:Drivers/STM32F4xx_HAL_Driver/Src/stm32f4xx_ll_usb.c ****   USBx->GAHBCFG |= USB_OTG_GAHBCFG_GINT;
 470              		.loc 1 223 1 is_stmt 1 view -0
 471              		.cfi_startproc
 472              		@ args = 0, pretend = 0, frame = 0
 473              		@ frame_needed = 0, uses_anonymous_args = 0
 474              		@ link register save eliminated.
 224:Drivers/STM32F4xx_HAL_Driver/Src/stm32f4xx_ll_usb.c ****   return HAL_OK;
 475              		.loc 1 224 3 view .LVU141
 224:Drivers/STM32F4xx_HAL_Driver/Src/stm32f4xx_ll_usb.c ****   return HAL_OK;
 476              		.loc 1 224 7 is_stmt 0 view .LVU142
 477 0000 8368     		ldr	r3, [r0, #8]
 224:Drivers/STM32F4xx_HAL_Driver/Src/stm32f4xx_ll_usb.c ****   return HAL_OK;
 478              		.loc 1 224 17 view .LVU143
 479 0002 43F00103 		orr	r3, r3, #1
 480 0006 8360     		str	r3, [r0, #8]
 225:Drivers/STM32F4xx_HAL_Driver/Src/stm32f4xx_ll_usb.c **** }
 481              		.loc 1 225 3 is_stmt 1 view .LVU144
 226:Drivers/STM32F4xx_HAL_Driver/Src/stm32f4xx_ll_usb.c **** 
 482              		.loc 1 226 1 is_stmt 0 view .LVU145
 483 0008 0020     		movs	r0, #0
 484              	.LVL18:
 226:Drivers/STM32F4xx_HAL_Driver/Src/stm32f4xx_ll_usb.c **** 
 485              		.loc 1 226 1 view .LVU146
 486 000a 7047     		bx	lr
 487              		.cfi_endproc
 488              	.LFE241:
 490              		.section	.text.USB_DisableGlobalInt,"ax",%progbits
 491              		.align	1
 492              		.global	USB_DisableGlobalInt
 493              		.syntax unified
 494              		.thumb
 495              		.thumb_func
 497              	USB_DisableGlobalInt:
 498              	.LVL19:
 499              	.LFB242:
 235:Drivers/STM32F4xx_HAL_Driver/Src/stm32f4xx_ll_usb.c ****   USBx->GAHBCFG &= ~USB_OTG_GAHBCFG_GINT;
 500              		.loc 1 235 1 is_stmt 1 view -0
 501              		.cfi_startproc
 502              		@ args = 0, pretend = 0, frame = 0
 503              		@ frame_needed = 0, uses_anonymous_args = 0
 504              		@ link register save eliminated.
ARM GAS  /tmp/cccSJnlz.s 			page 37


 236:Drivers/STM32F4xx_HAL_Driver/Src/stm32f4xx_ll_usb.c ****   return HAL_OK;
 505              		.loc 1 236 3 view .LVU148
 236:Drivers/STM32F4xx_HAL_Driver/Src/stm32f4xx_ll_usb.c ****   return HAL_OK;
 506              		.loc 1 236 7 is_stmt 0 view .LVU149
 507 0000 8368     		ldr	r3, [r0, #8]
 236:Drivers/STM32F4xx_HAL_Driver/Src/stm32f4xx_ll_usb.c ****   return HAL_OK;
 508              		.loc 1 236 17 view .LVU150
 509 0002 23F00103 		bic	r3, r3, #1
 510 0006 8360     		str	r3, [r0, #8]
 237:Drivers/STM32F4xx_HAL_Driver/Src/stm32f4xx_ll_usb.c **** }
 511              		.loc 1 237 3 is_stmt 1 view .LVU151
 238:Drivers/STM32F4xx_HAL_Driver/Src/stm32f4xx_ll_usb.c **** 
 512              		.loc 1 238 1 is_stmt 0 view .LVU152
 513 0008 0020     		movs	r0, #0
 514              	.LVL20:
 238:Drivers/STM32F4xx_HAL_Driver/Src/stm32f4xx_ll_usb.c **** 
 515              		.loc 1 238 1 view .LVU153
 516 000a 7047     		bx	lr
 517              		.cfi_endproc
 518              	.LFE242:
 520              		.section	.text.USB_FlushTxFifo,"ax",%progbits
 521              		.align	1
 522              		.global	USB_FlushTxFifo
 523              		.syntax unified
 524              		.thumb
 525              		.thumb_func
 527              	USB_FlushTxFifo:
 528              	.LVL21:
 529              	.LFB245:
 474:Drivers/STM32F4xx_HAL_Driver/Src/stm32f4xx_ll_usb.c ****   __IO uint32_t count = 0U;
 530              		.loc 1 474 1 is_stmt 1 view -0
 531              		.cfi_startproc
 532              		@ args = 0, pretend = 0, frame = 8
 533              		@ frame_needed = 0, uses_anonymous_args = 0
 534              		@ link register save eliminated.
 474:Drivers/STM32F4xx_HAL_Driver/Src/stm32f4xx_ll_usb.c ****   __IO uint32_t count = 0U;
 535              		.loc 1 474 1 is_stmt 0 view .LVU155
 536 0000 82B0     		sub	sp, sp, #8
 537              	.LCFI8:
 538              		.cfi_def_cfa_offset 8
 475:Drivers/STM32F4xx_HAL_Driver/Src/stm32f4xx_ll_usb.c **** 
 539              		.loc 1 475 3 is_stmt 1 view .LVU156
 475:Drivers/STM32F4xx_HAL_Driver/Src/stm32f4xx_ll_usb.c **** 
 540              		.loc 1 475 17 is_stmt 0 view .LVU157
 541 0002 0023     		movs	r3, #0
 542 0004 0193     		str	r3, [sp, #4]
 543              	.L38:
 478:Drivers/STM32F4xx_HAL_Driver/Src/stm32f4xx_ll_usb.c ****   {
 544              		.loc 1 478 3 is_stmt 1 view .LVU158
 480:Drivers/STM32F4xx_HAL_Driver/Src/stm32f4xx_ll_usb.c **** 
 545              		.loc 1 480 5 view .LVU159
 480:Drivers/STM32F4xx_HAL_Driver/Src/stm32f4xx_ll_usb.c **** 
 546              		.loc 1 480 10 is_stmt 0 view .LVU160
 547 0006 019B     		ldr	r3, [sp, #4]
 548 0008 0133     		adds	r3, r3, #1
 549 000a 0193     		str	r3, [sp, #4]
 482:Drivers/STM32F4xx_HAL_Driver/Src/stm32f4xx_ll_usb.c ****     {
ARM GAS  /tmp/cccSJnlz.s 			page 38


 550              		.loc 1 482 5 is_stmt 1 view .LVU161
 482:Drivers/STM32F4xx_HAL_Driver/Src/stm32f4xx_ll_usb.c ****     {
 551              		.loc 1 482 15 is_stmt 0 view .LVU162
 552 000c 019B     		ldr	r3, [sp, #4]
 482:Drivers/STM32F4xx_HAL_Driver/Src/stm32f4xx_ll_usb.c ****     {
 553              		.loc 1 482 8 view .LVU163
 554 000e B3F1706F 		cmp	r3, #251658240
 555 0012 15D8     		bhi	.L40
 486:Drivers/STM32F4xx_HAL_Driver/Src/stm32f4xx_ll_usb.c **** 
 556              		.loc 1 486 53 is_stmt 1 view .LVU164
 486:Drivers/STM32F4xx_HAL_Driver/Src/stm32f4xx_ll_usb.c **** 
 557              		.loc 1 486 17 is_stmt 0 view .LVU165
 558 0014 0369     		ldr	r3, [r0, #16]
 486:Drivers/STM32F4xx_HAL_Driver/Src/stm32f4xx_ll_usb.c **** 
 559              		.loc 1 486 53 view .LVU166
 560 0016 002B     		cmp	r3, #0
 561 0018 F5DA     		bge	.L38
 489:Drivers/STM32F4xx_HAL_Driver/Src/stm32f4xx_ll_usb.c ****   USBx->GRSTCTL = (USB_OTG_GRSTCTL_TXFFLSH | (num << 6));
 562              		.loc 1 489 3 is_stmt 1 view .LVU167
 489:Drivers/STM32F4xx_HAL_Driver/Src/stm32f4xx_ll_usb.c ****   USBx->GRSTCTL = (USB_OTG_GRSTCTL_TXFFLSH | (num << 6));
 563              		.loc 1 489 9 is_stmt 0 view .LVU168
 564 001a 0023     		movs	r3, #0
 565 001c 0193     		str	r3, [sp, #4]
 490:Drivers/STM32F4xx_HAL_Driver/Src/stm32f4xx_ll_usb.c **** 
 566              		.loc 1 490 3 is_stmt 1 view .LVU169
 490:Drivers/STM32F4xx_HAL_Driver/Src/stm32f4xx_ll_usb.c **** 
 567              		.loc 1 490 51 is_stmt 0 view .LVU170
 568 001e 8901     		lsls	r1, r1, #6
 569              	.LVL22:
 490:Drivers/STM32F4xx_HAL_Driver/Src/stm32f4xx_ll_usb.c **** 
 570              		.loc 1 490 44 view .LVU171
 571 0020 41F02001 		orr	r1, r1, #32
 490:Drivers/STM32F4xx_HAL_Driver/Src/stm32f4xx_ll_usb.c **** 
 572              		.loc 1 490 17 view .LVU172
 573 0024 0161     		str	r1, [r0, #16]
 574              	.L39:
 492:Drivers/STM32F4xx_HAL_Driver/Src/stm32f4xx_ll_usb.c ****   {
 575              		.loc 1 492 3 is_stmt 1 view .LVU173
 494:Drivers/STM32F4xx_HAL_Driver/Src/stm32f4xx_ll_usb.c **** 
 576              		.loc 1 494 5 view .LVU174
 494:Drivers/STM32F4xx_HAL_Driver/Src/stm32f4xx_ll_usb.c **** 
 577              		.loc 1 494 10 is_stmt 0 view .LVU175
 578 0026 019B     		ldr	r3, [sp, #4]
 579 0028 0133     		adds	r3, r3, #1
 580 002a 0193     		str	r3, [sp, #4]
 496:Drivers/STM32F4xx_HAL_Driver/Src/stm32f4xx_ll_usb.c ****     {
 581              		.loc 1 496 5 is_stmt 1 view .LVU176
 496:Drivers/STM32F4xx_HAL_Driver/Src/stm32f4xx_ll_usb.c ****     {
 582              		.loc 1 496 15 is_stmt 0 view .LVU177
 583 002c 019B     		ldr	r3, [sp, #4]
 496:Drivers/STM32F4xx_HAL_Driver/Src/stm32f4xx_ll_usb.c ****     {
 584              		.loc 1 496 8 view .LVU178
 585 002e B3F1706F 		cmp	r3, #251658240
 586 0032 08D8     		bhi	.L41
 500:Drivers/STM32F4xx_HAL_Driver/Src/stm32f4xx_ll_usb.c **** 
 587              		.loc 1 500 54 is_stmt 1 view .LVU179
 500:Drivers/STM32F4xx_HAL_Driver/Src/stm32f4xx_ll_usb.c **** 
ARM GAS  /tmp/cccSJnlz.s 			page 39


 588              		.loc 1 500 17 is_stmt 0 view .LVU180
 589 0034 0369     		ldr	r3, [r0, #16]
 500:Drivers/STM32F4xx_HAL_Driver/Src/stm32f4xx_ll_usb.c **** 
 590              		.loc 1 500 54 view .LVU181
 591 0036 13F0200F 		tst	r3, #32
 592 003a F4D1     		bne	.L39
 502:Drivers/STM32F4xx_HAL_Driver/Src/stm32f4xx_ll_usb.c **** }
 593              		.loc 1 502 10 view .LVU182
 594 003c 0020     		movs	r0, #0
 595              	.LVL23:
 502:Drivers/STM32F4xx_HAL_Driver/Src/stm32f4xx_ll_usb.c **** }
 596              		.loc 1 502 10 view .LVU183
 597 003e 00E0     		b	.L37
 598              	.LVL24:
 599              	.L40:
 484:Drivers/STM32F4xx_HAL_Driver/Src/stm32f4xx_ll_usb.c ****     }
 600              		.loc 1 484 14 view .LVU184
 601 0040 0320     		movs	r0, #3
 602              	.LVL25:
 603              	.L37:
 503:Drivers/STM32F4xx_HAL_Driver/Src/stm32f4xx_ll_usb.c **** 
 604              		.loc 1 503 1 view .LVU185
 605 0042 02B0     		add	sp, sp, #8
 606              	.LCFI9:
 607              		.cfi_remember_state
 608              		.cfi_def_cfa_offset 0
 609              		@ sp needed
 610 0044 7047     		bx	lr
 611              	.LVL26:
 612              	.L41:
 613              	.LCFI10:
 614              		.cfi_restore_state
 498:Drivers/STM32F4xx_HAL_Driver/Src/stm32f4xx_ll_usb.c ****     }
 615              		.loc 1 498 14 view .LVU186
 616 0046 0320     		movs	r0, #3
 617              	.LVL27:
 498:Drivers/STM32F4xx_HAL_Driver/Src/stm32f4xx_ll_usb.c ****     }
 618              		.loc 1 498 14 view .LVU187
 619 0048 FBE7     		b	.L37
 620              		.cfi_endproc
 621              	.LFE245:
 623              		.section	.text.USB_FlushRxFifo,"ax",%progbits
 624              		.align	1
 625              		.global	USB_FlushRxFifo
 626              		.syntax unified
 627              		.thumb
 628              		.thumb_func
 630              	USB_FlushRxFifo:
 631              	.LVL28:
 632              	.LFB246:
 511:Drivers/STM32F4xx_HAL_Driver/Src/stm32f4xx_ll_usb.c ****   __IO uint32_t count = 0U;
 633              		.loc 1 511 1 is_stmt 1 view -0
 634              		.cfi_startproc
 635              		@ args = 0, pretend = 0, frame = 8
 636              		@ frame_needed = 0, uses_anonymous_args = 0
 637              		@ link register save eliminated.
 511:Drivers/STM32F4xx_HAL_Driver/Src/stm32f4xx_ll_usb.c ****   __IO uint32_t count = 0U;
ARM GAS  /tmp/cccSJnlz.s 			page 40


 638              		.loc 1 511 1 is_stmt 0 view .LVU189
 639 0000 82B0     		sub	sp, sp, #8
 640              	.LCFI11:
 641              		.cfi_def_cfa_offset 8
 512:Drivers/STM32F4xx_HAL_Driver/Src/stm32f4xx_ll_usb.c **** 
 642              		.loc 1 512 3 is_stmt 1 view .LVU190
 512:Drivers/STM32F4xx_HAL_Driver/Src/stm32f4xx_ll_usb.c **** 
 643              		.loc 1 512 17 is_stmt 0 view .LVU191
 644 0002 0023     		movs	r3, #0
 645 0004 0193     		str	r3, [sp, #4]
 646              	.L45:
 515:Drivers/STM32F4xx_HAL_Driver/Src/stm32f4xx_ll_usb.c ****   {
 647              		.loc 1 515 3 is_stmt 1 view .LVU192
 517:Drivers/STM32F4xx_HAL_Driver/Src/stm32f4xx_ll_usb.c **** 
 648              		.loc 1 517 5 view .LVU193
 517:Drivers/STM32F4xx_HAL_Driver/Src/stm32f4xx_ll_usb.c **** 
 649              		.loc 1 517 10 is_stmt 0 view .LVU194
 650 0006 019B     		ldr	r3, [sp, #4]
 651 0008 0133     		adds	r3, r3, #1
 652 000a 0193     		str	r3, [sp, #4]
 519:Drivers/STM32F4xx_HAL_Driver/Src/stm32f4xx_ll_usb.c ****     {
 653              		.loc 1 519 5 is_stmt 1 view .LVU195
 519:Drivers/STM32F4xx_HAL_Driver/Src/stm32f4xx_ll_usb.c ****     {
 654              		.loc 1 519 15 is_stmt 0 view .LVU196
 655 000c 019B     		ldr	r3, [sp, #4]
 519:Drivers/STM32F4xx_HAL_Driver/Src/stm32f4xx_ll_usb.c ****     {
 656              		.loc 1 519 8 view .LVU197
 657 000e B3F1706F 		cmp	r3, #251658240
 658 0012 13D8     		bhi	.L47
 523:Drivers/STM32F4xx_HAL_Driver/Src/stm32f4xx_ll_usb.c **** 
 659              		.loc 1 523 53 is_stmt 1 view .LVU198
 523:Drivers/STM32F4xx_HAL_Driver/Src/stm32f4xx_ll_usb.c **** 
 660              		.loc 1 523 17 is_stmt 0 view .LVU199
 661 0014 0369     		ldr	r3, [r0, #16]
 523:Drivers/STM32F4xx_HAL_Driver/Src/stm32f4xx_ll_usb.c **** 
 662              		.loc 1 523 53 view .LVU200
 663 0016 002B     		cmp	r3, #0
 664 0018 F5DA     		bge	.L45
 526:Drivers/STM32F4xx_HAL_Driver/Src/stm32f4xx_ll_usb.c ****   USBx->GRSTCTL = USB_OTG_GRSTCTL_RXFFLSH;
 665              		.loc 1 526 3 is_stmt 1 view .LVU201
 526:Drivers/STM32F4xx_HAL_Driver/Src/stm32f4xx_ll_usb.c ****   USBx->GRSTCTL = USB_OTG_GRSTCTL_RXFFLSH;
 666              		.loc 1 526 9 is_stmt 0 view .LVU202
 667 001a 0023     		movs	r3, #0
 668 001c 0193     		str	r3, [sp, #4]
 527:Drivers/STM32F4xx_HAL_Driver/Src/stm32f4xx_ll_usb.c **** 
 669              		.loc 1 527 3 is_stmt 1 view .LVU203
 527:Drivers/STM32F4xx_HAL_Driver/Src/stm32f4xx_ll_usb.c **** 
 670              		.loc 1 527 17 is_stmt 0 view .LVU204
 671 001e 1023     		movs	r3, #16
 672 0020 0361     		str	r3, [r0, #16]
 673              	.L46:
 529:Drivers/STM32F4xx_HAL_Driver/Src/stm32f4xx_ll_usb.c ****   {
 674              		.loc 1 529 3 is_stmt 1 view .LVU205
 531:Drivers/STM32F4xx_HAL_Driver/Src/stm32f4xx_ll_usb.c **** 
 675              		.loc 1 531 5 view .LVU206
 531:Drivers/STM32F4xx_HAL_Driver/Src/stm32f4xx_ll_usb.c **** 
 676              		.loc 1 531 10 is_stmt 0 view .LVU207
ARM GAS  /tmp/cccSJnlz.s 			page 41


 677 0022 019B     		ldr	r3, [sp, #4]
 678 0024 0133     		adds	r3, r3, #1
 679 0026 0193     		str	r3, [sp, #4]
 533:Drivers/STM32F4xx_HAL_Driver/Src/stm32f4xx_ll_usb.c ****     {
 680              		.loc 1 533 5 is_stmt 1 view .LVU208
 533:Drivers/STM32F4xx_HAL_Driver/Src/stm32f4xx_ll_usb.c ****     {
 681              		.loc 1 533 15 is_stmt 0 view .LVU209
 682 0028 019B     		ldr	r3, [sp, #4]
 533:Drivers/STM32F4xx_HAL_Driver/Src/stm32f4xx_ll_usb.c ****     {
 683              		.loc 1 533 8 view .LVU210
 684 002a B3F1706F 		cmp	r3, #251658240
 685 002e 08D8     		bhi	.L48
 537:Drivers/STM32F4xx_HAL_Driver/Src/stm32f4xx_ll_usb.c **** 
 686              		.loc 1 537 54 is_stmt 1 view .LVU211
 537:Drivers/STM32F4xx_HAL_Driver/Src/stm32f4xx_ll_usb.c **** 
 687              		.loc 1 537 17 is_stmt 0 view .LVU212
 688 0030 0369     		ldr	r3, [r0, #16]
 537:Drivers/STM32F4xx_HAL_Driver/Src/stm32f4xx_ll_usb.c **** 
 689              		.loc 1 537 54 view .LVU213
 690 0032 13F0100F 		tst	r3, #16
 691 0036 F4D1     		bne	.L46
 539:Drivers/STM32F4xx_HAL_Driver/Src/stm32f4xx_ll_usb.c **** }
 692              		.loc 1 539 10 view .LVU214
 693 0038 0020     		movs	r0, #0
 694              	.LVL29:
 539:Drivers/STM32F4xx_HAL_Driver/Src/stm32f4xx_ll_usb.c **** }
 695              		.loc 1 539 10 view .LVU215
 696 003a 00E0     		b	.L44
 697              	.LVL30:
 698              	.L47:
 521:Drivers/STM32F4xx_HAL_Driver/Src/stm32f4xx_ll_usb.c ****     }
 699              		.loc 1 521 14 view .LVU216
 700 003c 0320     		movs	r0, #3
 701              	.LVL31:
 702              	.L44:
 540:Drivers/STM32F4xx_HAL_Driver/Src/stm32f4xx_ll_usb.c **** 
 703              		.loc 1 540 1 view .LVU217
 704 003e 02B0     		add	sp, sp, #8
 705              	.LCFI12:
 706              		.cfi_remember_state
 707              		.cfi_def_cfa_offset 0
 708              		@ sp needed
 709 0040 7047     		bx	lr
 710              	.LVL32:
 711              	.L48:
 712              	.LCFI13:
 713              		.cfi_restore_state
 535:Drivers/STM32F4xx_HAL_Driver/Src/stm32f4xx_ll_usb.c ****     }
 714              		.loc 1 535 14 view .LVU218
 715 0042 0320     		movs	r0, #3
 716              	.LVL33:
 535:Drivers/STM32F4xx_HAL_Driver/Src/stm32f4xx_ll_usb.c ****     }
 717              		.loc 1 535 14 view .LVU219
 718 0044 FBE7     		b	.L44
 719              		.cfi_endproc
 720              	.LFE246:
 722              		.section	.text.USB_SetDevSpeed,"ax",%progbits
ARM GAS  /tmp/cccSJnlz.s 			page 42


 723              		.align	1
 724              		.global	USB_SetDevSpeed
 725              		.syntax unified
 726              		.thumb
 727              		.thumb_func
 729              	USB_SetDevSpeed:
 730              	.LVL34:
 731              	.LFB247:
 554:Drivers/STM32F4xx_HAL_Driver/Src/stm32f4xx_ll_usb.c ****   uint32_t USBx_BASE = (uint32_t)USBx;
 732              		.loc 1 554 1 is_stmt 1 view -0
 733              		.cfi_startproc
 734              		@ args = 0, pretend = 0, frame = 0
 735              		@ frame_needed = 0, uses_anonymous_args = 0
 736              		@ link register save eliminated.
 555:Drivers/STM32F4xx_HAL_Driver/Src/stm32f4xx_ll_usb.c **** 
 737              		.loc 1 555 3 view .LVU221
 557:Drivers/STM32F4xx_HAL_Driver/Src/stm32f4xx_ll_usb.c ****   return HAL_OK;
 738              		.loc 1 557 3 view .LVU222
 557:Drivers/STM32F4xx_HAL_Driver/Src/stm32f4xx_ll_usb.c ****   return HAL_OK;
 739              		.loc 1 557 14 is_stmt 0 view .LVU223
 740 0000 D0F80038 		ldr	r3, [r0, #2048]
 557:Drivers/STM32F4xx_HAL_Driver/Src/stm32f4xx_ll_usb.c ****   return HAL_OK;
 741              		.loc 1 557 21 view .LVU224
 742 0004 1943     		orrs	r1, r1, r3
 743              	.LVL35:
 557:Drivers/STM32F4xx_HAL_Driver/Src/stm32f4xx_ll_usb.c ****   return HAL_OK;
 744              		.loc 1 557 21 view .LVU225
 745 0006 C0F80018 		str	r1, [r0, #2048]
 558:Drivers/STM32F4xx_HAL_Driver/Src/stm32f4xx_ll_usb.c **** }
 746              		.loc 1 558 3 is_stmt 1 view .LVU226
 559:Drivers/STM32F4xx_HAL_Driver/Src/stm32f4xx_ll_usb.c **** 
 747              		.loc 1 559 1 is_stmt 0 view .LVU227
 748 000a 0020     		movs	r0, #0
 749              	.LVL36:
 559:Drivers/STM32F4xx_HAL_Driver/Src/stm32f4xx_ll_usb.c **** 
 750              		.loc 1 559 1 view .LVU228
 751 000c 7047     		bx	lr
 752              		.cfi_endproc
 753              	.LFE247:
 755              		.section	.text.USB_DevInit,"ax",%progbits
 756              		.align	1
 757              		.global	USB_DevInit
 758              		.syntax unified
 759              		.thumb
 760              		.thumb_func
 762              	USB_DevInit:
 763              	.LVL37:
 764              	.LFB244:
 297:Drivers/STM32F4xx_HAL_Driver/Src/stm32f4xx_ll_usb.c ****   HAL_StatusTypeDef ret = HAL_OK;
 765              		.loc 1 297 1 is_stmt 1 view -0
 766              		.cfi_startproc
 767              		@ args = 20, pretend = 16, frame = 0
 768              		@ frame_needed = 0, uses_anonymous_args = 0
 297:Drivers/STM32F4xx_HAL_Driver/Src/stm32f4xx_ll_usb.c ****   HAL_StatusTypeDef ret = HAL_OK;
 769              		.loc 1 297 1 is_stmt 0 view .LVU230
 770 0000 84B0     		sub	sp, sp, #16
 771              	.LCFI14:
ARM GAS  /tmp/cccSJnlz.s 			page 43


 772              		.cfi_def_cfa_offset 16
 773 0002 F8B5     		push	{r3, r4, r5, r6, r7, lr}
 774              	.LCFI15:
 775              		.cfi_def_cfa_offset 40
 776              		.cfi_offset 3, -40
 777              		.cfi_offset 4, -36
 778              		.cfi_offset 5, -32
 779              		.cfi_offset 6, -28
 780              		.cfi_offset 7, -24
 781              		.cfi_offset 14, -20
 782 0004 0446     		mov	r4, r0
 783 0006 07A8     		add	r0, sp, #28
 784              	.LVL38:
 297:Drivers/STM32F4xx_HAL_Driver/Src/stm32f4xx_ll_usb.c ****   HAL_StatusTypeDef ret = HAL_OK;
 785              		.loc 1 297 1 view .LVU231
 786 0008 80E80E00 		stm	r0, {r1, r2, r3}
 298:Drivers/STM32F4xx_HAL_Driver/Src/stm32f4xx_ll_usb.c ****   uint32_t USBx_BASE = (uint32_t)USBx;
 787              		.loc 1 298 3 is_stmt 1 view .LVU232
 788              	.LVL39:
 299:Drivers/STM32F4xx_HAL_Driver/Src/stm32f4xx_ll_usb.c ****   uint32_t i;
 789              		.loc 1 299 3 view .LVU233
 300:Drivers/STM32F4xx_HAL_Driver/Src/stm32f4xx_ll_usb.c **** 
 790              		.loc 1 300 3 view .LVU234
 302:Drivers/STM32F4xx_HAL_Driver/Src/stm32f4xx_ll_usb.c ****   {
 791              		.loc 1 302 3 view .LVU235
 302:Drivers/STM32F4xx_HAL_Driver/Src/stm32f4xx_ll_usb.c ****   {
 792              		.loc 1 302 10 is_stmt 0 view .LVU236
 793 000c 0023     		movs	r3, #0
 302:Drivers/STM32F4xx_HAL_Driver/Src/stm32f4xx_ll_usb.c ****   {
 794              		.loc 1 302 3 view .LVU237
 795 000e 06E0     		b	.L52
 796              	.LVL40:
 797              	.L53:
 304:Drivers/STM32F4xx_HAL_Driver/Src/stm32f4xx_ll_usb.c ****   }
 798              		.loc 1 304 5 is_stmt 1 view .LVU238
 304:Drivers/STM32F4xx_HAL_Driver/Src/stm32f4xx_ll_usb.c ****   }
 799              		.loc 1 304 22 is_stmt 0 view .LVU239
 800 0010 03F14002 		add	r2, r3, #64
 801 0014 04EB8202 		add	r2, r4, r2, lsl #2
 802 0018 0021     		movs	r1, #0
 803 001a 5160     		str	r1, [r2, #4]
 302:Drivers/STM32F4xx_HAL_Driver/Src/stm32f4xx_ll_usb.c ****   {
 804              		.loc 1 302 26 is_stmt 1 discriminator 3 view .LVU240
 805 001c 0133     		adds	r3, r3, #1
 806              	.LVL41:
 807              	.L52:
 302:Drivers/STM32F4xx_HAL_Driver/Src/stm32f4xx_ll_usb.c ****   {
 808              		.loc 1 302 18 discriminator 1 view .LVU241
 809 001e 0E2B     		cmp	r3, #14
 810 0020 F6D9     		bls	.L53
 329:Drivers/STM32F4xx_HAL_Driver/Src/stm32f4xx_ll_usb.c ****   {
 811              		.loc 1 329 3 view .LVU242
 329:Drivers/STM32F4xx_HAL_Driver/Src/stm32f4xx_ll_usb.c ****   {
 812              		.loc 1 329 10 is_stmt 0 view .LVU243
 813 0022 9DF82660 		ldrb	r6, [sp, #38]	@ zero_extendqisi2
 329:Drivers/STM32F4xx_HAL_Driver/Src/stm32f4xx_ll_usb.c ****   {
 814              		.loc 1 329 6 view .LVU244
ARM GAS  /tmp/cccSJnlz.s 			page 44


 815 0026 06BB     		cbnz	r6, .L54
 335:Drivers/STM32F4xx_HAL_Driver/Src/stm32f4xx_ll_usb.c ****     USBx->GCCFG |= USB_OTG_GCCFG_NOVBUSSENS;
 816              		.loc 1 335 5 is_stmt 1 view .LVU245
 335:Drivers/STM32F4xx_HAL_Driver/Src/stm32f4xx_ll_usb.c ****     USBx->GCCFG |= USB_OTG_GCCFG_NOVBUSSENS;
 817              		.loc 1 335 16 is_stmt 0 view .LVU246
 818 0028 D4F80438 		ldr	r3, [r4, #2052]
 819              	.LVL42:
 335:Drivers/STM32F4xx_HAL_Driver/Src/stm32f4xx_ll_usb.c ****     USBx->GCCFG |= USB_OTG_GCCFG_NOVBUSSENS;
 820              		.loc 1 335 23 view .LVU247
 821 002c 43F00203 		orr	r3, r3, #2
 822 0030 C4F80438 		str	r3, [r4, #2052]
 336:Drivers/STM32F4xx_HAL_Driver/Src/stm32f4xx_ll_usb.c ****     USBx->GCCFG &= ~USB_OTG_GCCFG_VBUSBSEN;
 823              		.loc 1 336 5 is_stmt 1 view .LVU248
 336:Drivers/STM32F4xx_HAL_Driver/Src/stm32f4xx_ll_usb.c ****     USBx->GCCFG &= ~USB_OTG_GCCFG_VBUSBSEN;
 824              		.loc 1 336 9 is_stmt 0 view .LVU249
 825 0034 A36B     		ldr	r3, [r4, #56]
 336:Drivers/STM32F4xx_HAL_Driver/Src/stm32f4xx_ll_usb.c ****     USBx->GCCFG &= ~USB_OTG_GCCFG_VBUSBSEN;
 826              		.loc 1 336 17 view .LVU250
 827 0036 43F40013 		orr	r3, r3, #2097152
 828 003a A363     		str	r3, [r4, #56]
 337:Drivers/STM32F4xx_HAL_Driver/Src/stm32f4xx_ll_usb.c ****     USBx->GCCFG &= ~USB_OTG_GCCFG_VBUSASEN;
 829              		.loc 1 337 5 is_stmt 1 view .LVU251
 337:Drivers/STM32F4xx_HAL_Driver/Src/stm32f4xx_ll_usb.c ****     USBx->GCCFG &= ~USB_OTG_GCCFG_VBUSASEN;
 830              		.loc 1 337 9 is_stmt 0 view .LVU252
 831 003c A36B     		ldr	r3, [r4, #56]
 337:Drivers/STM32F4xx_HAL_Driver/Src/stm32f4xx_ll_usb.c ****     USBx->GCCFG &= ~USB_OTG_GCCFG_VBUSASEN;
 832              		.loc 1 337 17 view .LVU253
 833 003e 23F40023 		bic	r3, r3, #524288
 834 0042 A363     		str	r3, [r4, #56]
 338:Drivers/STM32F4xx_HAL_Driver/Src/stm32f4xx_ll_usb.c ****   }
 835              		.loc 1 338 5 is_stmt 1 view .LVU254
 338:Drivers/STM32F4xx_HAL_Driver/Src/stm32f4xx_ll_usb.c ****   }
 836              		.loc 1 338 9 is_stmt 0 view .LVU255
 837 0044 A36B     		ldr	r3, [r4, #56]
 338:Drivers/STM32F4xx_HAL_Driver/Src/stm32f4xx_ll_usb.c ****   }
 838              		.loc 1 338 17 view .LVU256
 839 0046 23F48023 		bic	r3, r3, #262144
 840 004a A363     		str	r3, [r4, #56]
 841              	.L55:
 351:Drivers/STM32F4xx_HAL_Driver/Src/stm32f4xx_ll_usb.c **** 
 842              		.loc 1 351 3 is_stmt 1 view .LVU257
 351:Drivers/STM32F4xx_HAL_Driver/Src/stm32f4xx_ll_usb.c **** 
 843              		.loc 1 351 16 is_stmt 0 view .LVU258
 844 004c 0023     		movs	r3, #0
 845 004e C4F8003E 		str	r3, [r4, #3584]
 353:Drivers/STM32F4xx_HAL_Driver/Src/stm32f4xx_ll_usb.c ****   {
 846              		.loc 1 353 3 is_stmt 1 view .LVU259
 353:Drivers/STM32F4xx_HAL_Driver/Src/stm32f4xx_ll_usb.c ****   {
 847              		.loc 1 353 10 is_stmt 0 view .LVU260
 848 0052 9DF82130 		ldrb	r3, [sp, #33]	@ zero_extendqisi2
 353:Drivers/STM32F4xx_HAL_Driver/Src/stm32f4xx_ll_usb.c ****   {
 849              		.loc 1 353 6 view .LVU261
 850 0056 012B     		cmp	r3, #1
 851 0058 15D1     		bne	.L56
 355:Drivers/STM32F4xx_HAL_Driver/Src/stm32f4xx_ll_usb.c ****     {
 852              		.loc 1 355 5 is_stmt 1 view .LVU262
 355:Drivers/STM32F4xx_HAL_Driver/Src/stm32f4xx_ll_usb.c ****     {
ARM GAS  /tmp/cccSJnlz.s 			page 45


 853              		.loc 1 355 12 is_stmt 0 view .LVU263
 854 005a 9DF81F30 		ldrb	r3, [sp, #31]	@ zero_extendqisi2
 355:Drivers/STM32F4xx_HAL_Driver/Src/stm32f4xx_ll_usb.c ****     {
 855              		.loc 1 355 8 view .LVU264
 856 005e 6BB9     		cbnz	r3, .L57
 358:Drivers/STM32F4xx_HAL_Driver/Src/stm32f4xx_ll_usb.c ****     }
 857              		.loc 1 358 7 is_stmt 1 view .LVU265
 358:Drivers/STM32F4xx_HAL_Driver/Src/stm32f4xx_ll_usb.c ****     }
 858              		.loc 1 358 13 is_stmt 0 view .LVU266
 859 0060 0021     		movs	r1, #0
 860 0062 2046     		mov	r0, r4
 861 0064 FFF7FEFF 		bl	USB_SetDevSpeed
 862              	.LVL43:
 863 0068 11E0     		b	.L58
 864              	.LVL44:
 865              	.L54:
 343:Drivers/STM32F4xx_HAL_Driver/Src/stm32f4xx_ll_usb.c ****     USBx->GCCFG |= USB_OTG_GCCFG_VBUSBSEN;
 866              		.loc 1 343 5 is_stmt 1 view .LVU267
 343:Drivers/STM32F4xx_HAL_Driver/Src/stm32f4xx_ll_usb.c ****     USBx->GCCFG |= USB_OTG_GCCFG_VBUSBSEN;
 867              		.loc 1 343 9 is_stmt 0 view .LVU268
 868 006a A36B     		ldr	r3, [r4, #56]
 869              	.LVL45:
 343:Drivers/STM32F4xx_HAL_Driver/Src/stm32f4xx_ll_usb.c ****     USBx->GCCFG |= USB_OTG_GCCFG_VBUSBSEN;
 870              		.loc 1 343 17 view .LVU269
 871 006c 23F40013 		bic	r3, r3, #2097152
 872 0070 A363     		str	r3, [r4, #56]
 344:Drivers/STM32F4xx_HAL_Driver/Src/stm32f4xx_ll_usb.c ****   }
 873              		.loc 1 344 5 is_stmt 1 view .LVU270
 344:Drivers/STM32F4xx_HAL_Driver/Src/stm32f4xx_ll_usb.c ****   }
 874              		.loc 1 344 9 is_stmt 0 view .LVU271
 875 0072 A36B     		ldr	r3, [r4, #56]
 344:Drivers/STM32F4xx_HAL_Driver/Src/stm32f4xx_ll_usb.c ****   }
 876              		.loc 1 344 17 view .LVU272
 877 0074 43F40023 		orr	r3, r3, #524288
 878 0078 A363     		str	r3, [r4, #56]
 879 007a E7E7     		b	.L55
 880              	.L57:
 363:Drivers/STM32F4xx_HAL_Driver/Src/stm32f4xx_ll_usb.c ****     }
 881              		.loc 1 363 7 is_stmt 1 view .LVU273
 363:Drivers/STM32F4xx_HAL_Driver/Src/stm32f4xx_ll_usb.c ****     }
 882              		.loc 1 363 13 is_stmt 0 view .LVU274
 883 007c 0121     		movs	r1, #1
 884 007e 2046     		mov	r0, r4
 885 0080 FFF7FEFF 		bl	USB_SetDevSpeed
 886              	.LVL46:
 887 0084 03E0     		b	.L58
 888              	.L56:
 369:Drivers/STM32F4xx_HAL_Driver/Src/stm32f4xx_ll_usb.c ****   }
 889              		.loc 1 369 5 is_stmt 1 view .LVU275
 369:Drivers/STM32F4xx_HAL_Driver/Src/stm32f4xx_ll_usb.c ****   }
 890              		.loc 1 369 11 is_stmt 0 view .LVU276
 891 0086 0321     		movs	r1, #3
 892 0088 2046     		mov	r0, r4
 893 008a FFF7FEFF 		bl	USB_SetDevSpeed
 894              	.LVL47:
 895              	.L58:
 373:Drivers/STM32F4xx_HAL_Driver/Src/stm32f4xx_ll_usb.c ****   {
ARM GAS  /tmp/cccSJnlz.s 			page 46


 896              		.loc 1 373 3 is_stmt 1 view .LVU277
 373:Drivers/STM32F4xx_HAL_Driver/Src/stm32f4xx_ll_usb.c ****   {
 897              		.loc 1 373 7 is_stmt 0 view .LVU278
 898 008e 1021     		movs	r1, #16
 899 0090 2046     		mov	r0, r4
 900 0092 FFF7FEFF 		bl	USB_FlushTxFifo
 901              	.LVL48:
 373:Drivers/STM32F4xx_HAL_Driver/Src/stm32f4xx_ll_usb.c ****   {
 902              		.loc 1 373 6 discriminator 1 view .LVU279
 903 0096 0546     		mov	r5, r0
 904 0098 00B1     		cbz	r0, .L59
 375:Drivers/STM32F4xx_HAL_Driver/Src/stm32f4xx_ll_usb.c ****   }
 905              		.loc 1 375 9 view .LVU280
 906 009a 0125     		movs	r5, #1
 907              	.L59:
 908              	.LVL49:
 378:Drivers/STM32F4xx_HAL_Driver/Src/stm32f4xx_ll_usb.c ****   {
 909              		.loc 1 378 3 is_stmt 1 view .LVU281
 378:Drivers/STM32F4xx_HAL_Driver/Src/stm32f4xx_ll_usb.c ****   {
 910              		.loc 1 378 7 is_stmt 0 view .LVU282
 911 009c 2046     		mov	r0, r4
 912 009e FFF7FEFF 		bl	USB_FlushRxFifo
 913              	.LVL50:
 378:Drivers/STM32F4xx_HAL_Driver/Src/stm32f4xx_ll_usb.c ****   {
 914              		.loc 1 378 6 discriminator 1 view .LVU283
 915 00a2 00B1     		cbz	r0, .L60
 380:Drivers/STM32F4xx_HAL_Driver/Src/stm32f4xx_ll_usb.c ****   }
 916              		.loc 1 380 9 view .LVU284
 917 00a4 0125     		movs	r5, #1
 918              	.LVL51:
 919              	.L60:
 384:Drivers/STM32F4xx_HAL_Driver/Src/stm32f4xx_ll_usb.c ****   USBx_DEVICE->DOEPMSK = 0U;
 920              		.loc 1 384 3 is_stmt 1 view .LVU285
 921 00a6 04F5006C 		add	ip, r4, #2048
 384:Drivers/STM32F4xx_HAL_Driver/Src/stm32f4xx_ll_usb.c ****   USBx_DEVICE->DOEPMSK = 0U;
 922              		.loc 1 384 24 is_stmt 0 view .LVU286
 923 00aa 0023     		movs	r3, #0
 924 00ac CCF81030 		str	r3, [ip, #16]
 385:Drivers/STM32F4xx_HAL_Driver/Src/stm32f4xx_ll_usb.c ****   USBx_DEVICE->DAINTMSK = 0U;
 925              		.loc 1 385 3 is_stmt 1 view .LVU287
 385:Drivers/STM32F4xx_HAL_Driver/Src/stm32f4xx_ll_usb.c ****   USBx_DEVICE->DAINTMSK = 0U;
 926              		.loc 1 385 24 is_stmt 0 view .LVU288
 927 00b0 CCF81430 		str	r3, [ip, #20]
 386:Drivers/STM32F4xx_HAL_Driver/Src/stm32f4xx_ll_usb.c **** 
 928              		.loc 1 386 3 is_stmt 1 view .LVU289
 386:Drivers/STM32F4xx_HAL_Driver/Src/stm32f4xx_ll_usb.c **** 
 929              		.loc 1 386 25 is_stmt 0 view .LVU290
 930 00b4 CCF81C30 		str	r3, [ip, #28]
 388:Drivers/STM32F4xx_HAL_Driver/Src/stm32f4xx_ll_usb.c ****   {
 931              		.loc 1 388 3 is_stmt 1 view .LVU291
 932              	.LVL52:
 388:Drivers/STM32F4xx_HAL_Driver/Src/stm32f4xx_ll_usb.c ****   {
 933              		.loc 1 388 3 is_stmt 0 view .LVU292
 934 00b8 0DE0     		b	.L61
 935              	.LVL53:
 936              	.L63:
 398:Drivers/STM32F4xx_HAL_Driver/Src/stm32f4xx_ll_usb.c ****       }
ARM GAS  /tmp/cccSJnlz.s 			page 47


 937              		.loc 1 398 9 is_stmt 1 view .LVU293
 398:Drivers/STM32F4xx_HAL_Driver/Src/stm32f4xx_ll_usb.c ****       }
 938              		.loc 1 398 31 is_stmt 0 view .LVU294
 939 00ba 4FF09040 		mov	r0, #1207959552
 940 00be C2F80009 		str	r0, [r2, #2304]
 941 00c2 02E0     		b	.L64
 942              	.L62:
 403:Drivers/STM32F4xx_HAL_Driver/Src/stm32f4xx_ll_usb.c ****     }
 943              		.loc 1 403 7 is_stmt 1 view .LVU295
 403:Drivers/STM32F4xx_HAL_Driver/Src/stm32f4xx_ll_usb.c ****     }
 944              		.loc 1 403 29 is_stmt 0 view .LVU296
 945 00c4 0020     		movs	r0, #0
 946 00c6 C2F80009 		str	r0, [r2, #2304]
 947              	.L64:
 406:Drivers/STM32F4xx_HAL_Driver/Src/stm32f4xx_ll_usb.c ****     USBx_INEP(i)->DIEPINT  = 0xFB7FU;
 948              		.loc 1 406 5 is_stmt 1 view .LVU297
 406:Drivers/STM32F4xx_HAL_Driver/Src/stm32f4xx_ll_usb.c ****     USBx_INEP(i)->DIEPINT  = 0xFB7FU;
 949              		.loc 1 406 28 is_stmt 0 view .LVU298
 950 00ca 0022     		movs	r2, #0
 951 00cc 0A61     		str	r2, [r1, #16]
 407:Drivers/STM32F4xx_HAL_Driver/Src/stm32f4xx_ll_usb.c ****   }
 952              		.loc 1 407 5 is_stmt 1 view .LVU299
 407:Drivers/STM32F4xx_HAL_Driver/Src/stm32f4xx_ll_usb.c ****   }
 953              		.loc 1 407 28 is_stmt 0 view .LVU300
 954 00ce 4FF67F32 		movw	r2, #64383
 955 00d2 8A60     		str	r2, [r1, #8]
 388:Drivers/STM32F4xx_HAL_Driver/Src/stm32f4xx_ll_usb.c ****   {
 956              		.loc 1 388 40 is_stmt 1 discriminator 2 view .LVU301
 957 00d4 0133     		adds	r3, r3, #1
 958              	.LVL54:
 959              	.L61:
 388:Drivers/STM32F4xx_HAL_Driver/Src/stm32f4xx_ll_usb.c ****   {
 960              		.loc 1 388 18 discriminator 1 view .LVU302
 388:Drivers/STM32F4xx_HAL_Driver/Src/stm32f4xx_ll_usb.c ****   {
 961              		.loc 1 388 23 is_stmt 0 discriminator 1 view .LVU303
 962 00d6 9DF81C10 		ldrb	r1, [sp, #28]	@ zero_extendqisi2
 388:Drivers/STM32F4xx_HAL_Driver/Src/stm32f4xx_ll_usb.c ****   {
 963              		.loc 1 388 18 discriminator 1 view .LVU304
 964 00da 9942     		cmp	r1, r3
 965 00dc 0ED9     		bls	.L77
 390:Drivers/STM32F4xx_HAL_Driver/Src/stm32f4xx_ll_usb.c ****     {
 966              		.loc 1 390 5 is_stmt 1 view .LVU305
 390:Drivers/STM32F4xx_HAL_Driver/Src/stm32f4xx_ll_usb.c ****     {
 967              		.loc 1 390 10 is_stmt 0 view .LVU306
 968 00de 04EB4312 		add	r2, r4, r3, lsl #5
 969 00e2 02F51061 		add	r1, r2, #2304
 390:Drivers/STM32F4xx_HAL_Driver/Src/stm32f4xx_ll_usb.c ****     {
 970              		.loc 1 390 22 view .LVU307
 971 00e6 D2F80009 		ldr	r0, [r2, #2304]
 390:Drivers/STM32F4xx_HAL_Driver/Src/stm32f4xx_ll_usb.c ****     {
 972              		.loc 1 390 8 view .LVU308
 973 00ea 0028     		cmp	r0, #0
 974 00ec EADA     		bge	.L62
 392:Drivers/STM32F4xx_HAL_Driver/Src/stm32f4xx_ll_usb.c ****       {
 975              		.loc 1 392 7 is_stmt 1 view .LVU309
 392:Drivers/STM32F4xx_HAL_Driver/Src/stm32f4xx_ll_usb.c ****       {
 976              		.loc 1 392 10 is_stmt 0 view .LVU310
ARM GAS  /tmp/cccSJnlz.s 			page 48


 977 00ee 002B     		cmp	r3, #0
 978 00f0 E3D1     		bne	.L63
 394:Drivers/STM32F4xx_HAL_Driver/Src/stm32f4xx_ll_usb.c ****       }
 979              		.loc 1 394 9 is_stmt 1 view .LVU311
 394:Drivers/STM32F4xx_HAL_Driver/Src/stm32f4xx_ll_usb.c ****       }
 980              		.loc 1 394 31 is_stmt 0 view .LVU312
 981 00f2 4FF00060 		mov	r0, #134217728
 982 00f6 C2F80009 		str	r0, [r2, #2304]
 983 00fa E6E7     		b	.L64
 984              	.L77:
 410:Drivers/STM32F4xx_HAL_Driver/Src/stm32f4xx_ll_usb.c ****   {
 985              		.loc 1 410 10 view .LVU313
 986 00fc 0023     		movs	r3, #0
 987              	.LVL55:
 410:Drivers/STM32F4xx_HAL_Driver/Src/stm32f4xx_ll_usb.c ****   {
 988              		.loc 1 410 10 view .LVU314
 989 00fe 0AE0     		b	.L66
 990              	.LVL56:
 991              	.L80:
 414:Drivers/STM32F4xx_HAL_Driver/Src/stm32f4xx_ll_usb.c ****       {
 992              		.loc 1 414 7 is_stmt 1 view .LVU315
 414:Drivers/STM32F4xx_HAL_Driver/Src/stm32f4xx_ll_usb.c ****       {
 993              		.loc 1 414 10 is_stmt 0 view .LVU316
 994 0100 BBB1     		cbz	r3, .L78
 420:Drivers/STM32F4xx_HAL_Driver/Src/stm32f4xx_ll_usb.c ****       }
 995              		.loc 1 420 9 is_stmt 1 view .LVU317
 420:Drivers/STM32F4xx_HAL_Driver/Src/stm32f4xx_ll_usb.c ****       }
 996              		.loc 1 420 32 is_stmt 0 view .LVU318
 997 0102 4FF09047 		mov	r7, #1207959552
 998 0106 C2F8007B 		str	r7, [r2, #2816]
 999              	.L69:
 428:Drivers/STM32F4xx_HAL_Driver/Src/stm32f4xx_ll_usb.c ****     USBx_OUTEP(i)->DOEPINT  = 0xFB7FU;
 1000              		.loc 1 428 5 is_stmt 1 view .LVU319
 428:Drivers/STM32F4xx_HAL_Driver/Src/stm32f4xx_ll_usb.c ****     USBx_OUTEP(i)->DOEPINT  = 0xFB7FU;
 1001              		.loc 1 428 29 is_stmt 0 view .LVU320
 1002 010a 0022     		movs	r2, #0
 1003 010c 0261     		str	r2, [r0, #16]
 429:Drivers/STM32F4xx_HAL_Driver/Src/stm32f4xx_ll_usb.c ****   }
 1004              		.loc 1 429 5 is_stmt 1 view .LVU321
 429:Drivers/STM32F4xx_HAL_Driver/Src/stm32f4xx_ll_usb.c ****   }
 1005              		.loc 1 429 29 is_stmt 0 view .LVU322
 1006 010e 4FF67F32 		movw	r2, #64383
 1007 0112 8260     		str	r2, [r0, #8]
 410:Drivers/STM32F4xx_HAL_Driver/Src/stm32f4xx_ll_usb.c ****   {
 1008              		.loc 1 410 40 is_stmt 1 discriminator 2 view .LVU323
 1009 0114 0133     		adds	r3, r3, #1
 1010              	.LVL57:
 1011              	.L66:
 410:Drivers/STM32F4xx_HAL_Driver/Src/stm32f4xx_ll_usb.c ****   {
 1012              		.loc 1 410 18 discriminator 1 view .LVU324
 1013 0116 9942     		cmp	r1, r3
 1014 0118 10D9     		bls	.L79
 412:Drivers/STM32F4xx_HAL_Driver/Src/stm32f4xx_ll_usb.c ****     {
 1015              		.loc 1 412 5 view .LVU325
 412:Drivers/STM32F4xx_HAL_Driver/Src/stm32f4xx_ll_usb.c ****     {
 1016              		.loc 1 412 10 is_stmt 0 view .LVU326
 1017 011a 04EB4312 		add	r2, r4, r3, lsl #5
ARM GAS  /tmp/cccSJnlz.s 			page 49


 1018 011e 02F53060 		add	r0, r2, #2816
 412:Drivers/STM32F4xx_HAL_Driver/Src/stm32f4xx_ll_usb.c ****     {
 1019              		.loc 1 412 23 view .LVU327
 1020 0122 D2F8007B 		ldr	r7, [r2, #2816]
 412:Drivers/STM32F4xx_HAL_Driver/Src/stm32f4xx_ll_usb.c ****     {
 1021              		.loc 1 412 8 view .LVU328
 1022 0126 002F     		cmp	r7, #0
 1023 0128 EADB     		blt	.L80
 425:Drivers/STM32F4xx_HAL_Driver/Src/stm32f4xx_ll_usb.c ****     }
 1024              		.loc 1 425 7 is_stmt 1 view .LVU329
 425:Drivers/STM32F4xx_HAL_Driver/Src/stm32f4xx_ll_usb.c ****     }
 1025              		.loc 1 425 30 is_stmt 0 view .LVU330
 1026 012a 0027     		movs	r7, #0
 1027 012c C2F8007B 		str	r7, [r2, #2816]
 1028 0130 EBE7     		b	.L69
 1029              	.L78:
 416:Drivers/STM32F4xx_HAL_Driver/Src/stm32f4xx_ll_usb.c ****       }
 1030              		.loc 1 416 9 is_stmt 1 view .LVU331
 416:Drivers/STM32F4xx_HAL_Driver/Src/stm32f4xx_ll_usb.c ****       }
 1031              		.loc 1 416 32 is_stmt 0 view .LVU332
 1032 0132 4FF00067 		mov	r7, #134217728
 1033 0136 C2F8007B 		str	r7, [r2, #2816]
 1034 013a E6E7     		b	.L69
 1035              	.L79:
 432:Drivers/STM32F4xx_HAL_Driver/Src/stm32f4xx_ll_usb.c **** 
 1036              		.loc 1 432 3 is_stmt 1 view .LVU333
 432:Drivers/STM32F4xx_HAL_Driver/Src/stm32f4xx_ll_usb.c **** 
 1037              		.loc 1 432 14 is_stmt 0 view .LVU334
 1038 013c DCF81030 		ldr	r3, [ip, #16]
 1039              	.LVL58:
 432:Drivers/STM32F4xx_HAL_Driver/Src/stm32f4xx_ll_usb.c **** 
 1040              		.loc 1 432 24 view .LVU335
 1041 0140 23F48073 		bic	r3, r3, #256
 1042 0144 CCF81030 		str	r3, [ip, #16]
 435:Drivers/STM32F4xx_HAL_Driver/Src/stm32f4xx_ll_usb.c **** 
 1043              		.loc 1 435 3 is_stmt 1 view .LVU336
 435:Drivers/STM32F4xx_HAL_Driver/Src/stm32f4xx_ll_usb.c **** 
 1044              		.loc 1 435 17 is_stmt 0 view .LVU337
 1045 0148 0023     		movs	r3, #0
 1046 014a A361     		str	r3, [r4, #24]
 438:Drivers/STM32F4xx_HAL_Driver/Src/stm32f4xx_ll_usb.c **** 
 1047              		.loc 1 438 3 is_stmt 1 view .LVU338
 438:Drivers/STM32F4xx_HAL_Driver/Src/stm32f4xx_ll_usb.c **** 
 1048              		.loc 1 438 17 is_stmt 0 view .LVU339
 1049 014c 6FF08043 		mvn	r3, #1073741824
 1050 0150 6361     		str	r3, [r4, #20]
 441:Drivers/STM32F4xx_HAL_Driver/Src/stm32f4xx_ll_usb.c ****   {
 1051              		.loc 1 441 3 is_stmt 1 view .LVU340
 441:Drivers/STM32F4xx_HAL_Driver/Src/stm32f4xx_ll_usb.c ****   {
 1052              		.loc 1 441 10 is_stmt 0 view .LVU341
 1053 0152 9DF81E30 		ldrb	r3, [sp, #30]	@ zero_extendqisi2
 441:Drivers/STM32F4xx_HAL_Driver/Src/stm32f4xx_ll_usb.c ****   {
 1054              		.loc 1 441 6 view .LVU342
 1055 0156 1BB9     		cbnz	r3, .L71
 443:Drivers/STM32F4xx_HAL_Driver/Src/stm32f4xx_ll_usb.c ****   }
 1056              		.loc 1 443 5 is_stmt 1 view .LVU343
 443:Drivers/STM32F4xx_HAL_Driver/Src/stm32f4xx_ll_usb.c ****   }
ARM GAS  /tmp/cccSJnlz.s 			page 50


 1057              		.loc 1 443 9 is_stmt 0 view .LVU344
 1058 0158 A369     		ldr	r3, [r4, #24]
 443:Drivers/STM32F4xx_HAL_Driver/Src/stm32f4xx_ll_usb.c ****   }
 1059              		.loc 1 443 19 view .LVU345
 1060 015a 43F01003 		orr	r3, r3, #16
 1061 015e A361     		str	r3, [r4, #24]
 1062              	.L71:
 447:Drivers/STM32F4xx_HAL_Driver/Src/stm32f4xx_ll_usb.c ****                    USB_OTG_GINTMSK_ENUMDNEM | USB_OTG_GINTMSK_IEPINT |
 1063              		.loc 1 447 3 is_stmt 1 view .LVU346
 447:Drivers/STM32F4xx_HAL_Driver/Src/stm32f4xx_ll_usb.c ****                    USB_OTG_GINTMSK_ENUMDNEM | USB_OTG_GINTMSK_IEPINT |
 1064              		.loc 1 447 7 is_stmt 0 view .LVU347
 1065 0160 A269     		ldr	r2, [r4, #24]
 447:Drivers/STM32F4xx_HAL_Driver/Src/stm32f4xx_ll_usb.c ****                    USB_OTG_GINTMSK_ENUMDNEM | USB_OTG_GINTMSK_IEPINT |
 1066              		.loc 1 447 17 view .LVU348
 1067 0162 0C4B     		ldr	r3, .L82
 1068 0164 1343     		orrs	r3, r3, r2
 1069 0166 A361     		str	r3, [r4, #24]
 452:Drivers/STM32F4xx_HAL_Driver/Src/stm32f4xx_ll_usb.c ****   {
 1070              		.loc 1 452 3 is_stmt 1 view .LVU349
 452:Drivers/STM32F4xx_HAL_Driver/Src/stm32f4xx_ll_usb.c ****   {
 1071              		.loc 1 452 10 is_stmt 0 view .LVU350
 1072 0168 9DF82230 		ldrb	r3, [sp, #34]	@ zero_extendqisi2
 452:Drivers/STM32F4xx_HAL_Driver/Src/stm32f4xx_ll_usb.c ****   {
 1073              		.loc 1 452 6 view .LVU351
 1074 016c 1BB1     		cbz	r3, .L72
 454:Drivers/STM32F4xx_HAL_Driver/Src/stm32f4xx_ll_usb.c ****   }
 1075              		.loc 1 454 5 is_stmt 1 view .LVU352
 454:Drivers/STM32F4xx_HAL_Driver/Src/stm32f4xx_ll_usb.c ****   }
 1076              		.loc 1 454 9 is_stmt 0 view .LVU353
 1077 016e A369     		ldr	r3, [r4, #24]
 454:Drivers/STM32F4xx_HAL_Driver/Src/stm32f4xx_ll_usb.c ****   }
 1078              		.loc 1 454 19 view .LVU354
 1079 0170 43F00803 		orr	r3, r3, #8
 1080 0174 A361     		str	r3, [r4, #24]
 1081              	.L72:
 457:Drivers/STM32F4xx_HAL_Driver/Src/stm32f4xx_ll_usb.c ****   {
 1082              		.loc 1 457 3 is_stmt 1 view .LVU355
 457:Drivers/STM32F4xx_HAL_Driver/Src/stm32f4xx_ll_usb.c ****   {
 1083              		.loc 1 457 6 is_stmt 0 view .LVU356
 1084 0176 012E     		cmp	r6, #1
 1085 0178 04D0     		beq	.L81
 1086              	.L73:
 462:Drivers/STM32F4xx_HAL_Driver/Src/stm32f4xx_ll_usb.c **** }
 1087              		.loc 1 462 3 is_stmt 1 view .LVU357
 463:Drivers/STM32F4xx_HAL_Driver/Src/stm32f4xx_ll_usb.c **** 
 1088              		.loc 1 463 1 is_stmt 0 view .LVU358
 1089 017a 2846     		mov	r0, r5
 1090 017c BDE8F840 		pop	{r3, r4, r5, r6, r7, lr}
 1091              	.LCFI16:
 1092              		.cfi_remember_state
 1093              		.cfi_restore 14
 1094              		.cfi_restore 7
 1095              		.cfi_restore 6
 1096              		.cfi_restore 5
 1097              		.cfi_restore 4
 1098              		.cfi_restore 3
 1099              		.cfi_def_cfa_offset 16
ARM GAS  /tmp/cccSJnlz.s 			page 51


 1100              	.LVL59:
 463:Drivers/STM32F4xx_HAL_Driver/Src/stm32f4xx_ll_usb.c **** 
 1101              		.loc 1 463 1 view .LVU359
 1102 0180 04B0     		add	sp, sp, #16
 1103              	.LCFI17:
 1104              		.cfi_def_cfa_offset 0
 1105 0182 7047     		bx	lr
 1106              	.LVL60:
 1107              	.L81:
 1108              	.LCFI18:
 1109              		.cfi_restore_state
 459:Drivers/STM32F4xx_HAL_Driver/Src/stm32f4xx_ll_usb.c ****   }
 1110              		.loc 1 459 5 is_stmt 1 view .LVU360
 459:Drivers/STM32F4xx_HAL_Driver/Src/stm32f4xx_ll_usb.c ****   }
 1111              		.loc 1 459 9 is_stmt 0 view .LVU361
 1112 0184 A369     		ldr	r3, [r4, #24]
 459:Drivers/STM32F4xx_HAL_Driver/Src/stm32f4xx_ll_usb.c ****   }
 1113              		.loc 1 459 19 view .LVU362
 1114 0186 43F08043 		orr	r3, r3, #1073741824
 1115 018a 43F00403 		orr	r3, r3, #4
 1116 018e A361     		str	r3, [r4, #24]
 1117 0190 F3E7     		b	.L73
 1118              	.L83:
 1119 0192 00BF     		.align	2
 1120              	.L82:
 1121 0194 00383C80 		.word	-2143537152
 1122              		.cfi_endproc
 1123              	.LFE244:
 1125              		.section	.text.USB_GetDevSpeed,"ax",%progbits
 1126              		.align	1
 1127              		.global	USB_GetDevSpeed
 1128              		.syntax unified
 1129              		.thumb
 1130              		.thumb_func
 1132              	USB_GetDevSpeed:
 1133              	.LVL61:
 1134              	.LFB248:
 570:Drivers/STM32F4xx_HAL_Driver/Src/stm32f4xx_ll_usb.c ****   uint32_t USBx_BASE = (uint32_t)USBx;
 1135              		.loc 1 570 1 is_stmt 1 view -0
 1136              		.cfi_startproc
 1137              		@ args = 0, pretend = 0, frame = 0
 1138              		@ frame_needed = 0, uses_anonymous_args = 0
 1139              		@ link register save eliminated.
 571:Drivers/STM32F4xx_HAL_Driver/Src/stm32f4xx_ll_usb.c ****   uint8_t speed;
 1140              		.loc 1 571 3 view .LVU364
 572:Drivers/STM32F4xx_HAL_Driver/Src/stm32f4xx_ll_usb.c ****   uint32_t DevEnumSpeed = USBx_DEVICE->DSTS & USB_OTG_DSTS_ENUMSPD;
 1141              		.loc 1 572 3 view .LVU365
 573:Drivers/STM32F4xx_HAL_Driver/Src/stm32f4xx_ll_usb.c **** 
 1142              		.loc 1 573 3 view .LVU366
 573:Drivers/STM32F4xx_HAL_Driver/Src/stm32f4xx_ll_usb.c **** 
 1143              		.loc 1 573 38 is_stmt 0 view .LVU367
 1144 0000 D0F80838 		ldr	r3, [r0, #2056]
 573:Drivers/STM32F4xx_HAL_Driver/Src/stm32f4xx_ll_usb.c **** 
 1145              		.loc 1 573 12 view .LVU368
 1146 0004 03F00603 		and	r3, r3, #6
 1147              	.LVL62:
 575:Drivers/STM32F4xx_HAL_Driver/Src/stm32f4xx_ll_usb.c ****   {
ARM GAS  /tmp/cccSJnlz.s 			page 52


 1148              		.loc 1 575 3 is_stmt 1 view .LVU369
 1149 0008 022B     		cmp	r3, #2
 1150 000a 04D0     		beq	.L86
 1151 000c 062B     		cmp	r3, #6
 1152 000e 04D0     		beq	.L87
 1153 0010 2BB9     		cbnz	r3, .L88
 573:Drivers/STM32F4xx_HAL_Driver/Src/stm32f4xx_ll_usb.c **** 
 1154              		.loc 1 573 12 is_stmt 0 view .LVU370
 1155 0012 0020     		movs	r0, #0
 1156              	.LVL63:
 573:Drivers/STM32F4xx_HAL_Driver/Src/stm32f4xx_ll_usb.c **** 
 1157              		.loc 1 573 12 view .LVU371
 1158 0014 7047     		bx	lr
 1159              	.LVL64:
 1160              	.L86:
 573:Drivers/STM32F4xx_HAL_Driver/Src/stm32f4xx_ll_usb.c **** 
 1161              		.loc 1 573 12 view .LVU372
 1162 0016 0220     		movs	r0, #2
 1163              	.LVL65:
 573:Drivers/STM32F4xx_HAL_Driver/Src/stm32f4xx_ll_usb.c **** 
 1164              		.loc 1 573 12 view .LVU373
 1165 0018 7047     		bx	lr
 1166              	.LVL66:
 1167              	.L87:
 573:Drivers/STM32F4xx_HAL_Driver/Src/stm32f4xx_ll_usb.c **** 
 1168              		.loc 1 573 12 view .LVU374
 1169 001a 0220     		movs	r0, #2
 1170              	.LVL67:
 573:Drivers/STM32F4xx_HAL_Driver/Src/stm32f4xx_ll_usb.c **** 
 1171              		.loc 1 573 12 view .LVU375
 1172 001c 7047     		bx	lr
 1173              	.LVL68:
 1174              	.L88:
 573:Drivers/STM32F4xx_HAL_Driver/Src/stm32f4xx_ll_usb.c **** 
 1175              		.loc 1 573 12 view .LVU376
 1176 001e 0F20     		movs	r0, #15
 1177              	.LVL69:
 589:Drivers/STM32F4xx_HAL_Driver/Src/stm32f4xx_ll_usb.c **** }
 1178              		.loc 1 589 3 is_stmt 1 view .LVU377
 590:Drivers/STM32F4xx_HAL_Driver/Src/stm32f4xx_ll_usb.c **** 
 1179              		.loc 1 590 1 is_stmt 0 view .LVU378
 1180 0020 7047     		bx	lr
 1181              		.cfi_endproc
 1182              	.LFE248:
 1184              		.section	.text.USB_ActivateEndpoint,"ax",%progbits
 1185              		.align	1
 1186              		.global	USB_ActivateEndpoint
 1187              		.syntax unified
 1188              		.thumb
 1189              		.thumb_func
 1191              	USB_ActivateEndpoint:
 1192              	.LVL70:
 1193              	.LFB249:
 599:Drivers/STM32F4xx_HAL_Driver/Src/stm32f4xx_ll_usb.c ****   uint32_t USBx_BASE = (uint32_t)USBx;
 1194              		.loc 1 599 1 is_stmt 1 view -0
 1195              		.cfi_startproc
 1196              		@ args = 0, pretend = 0, frame = 0
ARM GAS  /tmp/cccSJnlz.s 			page 53


 1197              		@ frame_needed = 0, uses_anonymous_args = 0
 599:Drivers/STM32F4xx_HAL_Driver/Src/stm32f4xx_ll_usb.c ****   uint32_t USBx_BASE = (uint32_t)USBx;
 1198              		.loc 1 599 1 is_stmt 0 view .LVU380
 1199 0000 10B5     		push	{r4, lr}
 1200              	.LCFI19:
 1201              		.cfi_def_cfa_offset 8
 1202              		.cfi_offset 4, -8
 1203              		.cfi_offset 14, -4
 600:Drivers/STM32F4xx_HAL_Driver/Src/stm32f4xx_ll_usb.c ****   uint32_t epnum = (uint32_t)ep->num;
 1204              		.loc 1 600 3 is_stmt 1 view .LVU381
 1205              	.LVL71:
 601:Drivers/STM32F4xx_HAL_Driver/Src/stm32f4xx_ll_usb.c **** 
 1206              		.loc 1 601 3 view .LVU382
 601:Drivers/STM32F4xx_HAL_Driver/Src/stm32f4xx_ll_usb.c **** 
 1207              		.loc 1 601 32 is_stmt 0 view .LVU383
 1208 0002 91F800C0 		ldrb	ip, [r1]	@ zero_extendqisi2
 1209              	.LVL72:
 603:Drivers/STM32F4xx_HAL_Driver/Src/stm32f4xx_ll_usb.c ****   {
 1210              		.loc 1 603 3 is_stmt 1 view .LVU384
 603:Drivers/STM32F4xx_HAL_Driver/Src/stm32f4xx_ll_usb.c ****   {
 1211              		.loc 1 603 9 is_stmt 0 view .LVU385
 1212 0006 4B78     		ldrb	r3, [r1, #1]	@ zero_extendqisi2
 603:Drivers/STM32F4xx_HAL_Driver/Src/stm32f4xx_ll_usb.c ****   {
 1213              		.loc 1 603 6 view .LVU386
 1214 0008 012B     		cmp	r3, #1
 1215 000a 23D0     		beq	.L93
 617:Drivers/STM32F4xx_HAL_Driver/Src/stm32f4xx_ll_usb.c **** 
 1216              		.loc 1 617 5 is_stmt 1 view .LVU387
 617:Drivers/STM32F4xx_HAL_Driver/Src/stm32f4xx_ll_usb.c **** 
 1217              		.loc 1 617 16 is_stmt 0 view .LVU388
 1218 000c 00F5006E 		add	lr, r0, #2048
 1219 0010 D0F81C38 		ldr	r3, [r0, #2076]
 617:Drivers/STM32F4xx_HAL_Driver/Src/stm32f4xx_ll_usb.c **** 
 1220              		.loc 1 617 82 view .LVU389
 1221 0014 0CF00F04 		and	r4, ip, #15
 617:Drivers/STM32F4xx_HAL_Driver/Src/stm32f4xx_ll_usb.c **** 
 1222              		.loc 1 617 55 view .LVU390
 1223 0018 0122     		movs	r2, #1
 1224 001a A240     		lsls	r2, r2, r4
 617:Drivers/STM32F4xx_HAL_Driver/Src/stm32f4xx_ll_usb.c **** 
 1225              		.loc 1 617 27 view .LVU391
 1226 001c 43EA0243 		orr	r3, r3, r2, lsl #16
 1227 0020 C0F81C38 		str	r3, [r0, #2076]
 619:Drivers/STM32F4xx_HAL_Driver/Src/stm32f4xx_ll_usb.c ****     {
 1228              		.loc 1 619 5 is_stmt 1 view .LVU392
 619:Drivers/STM32F4xx_HAL_Driver/Src/stm32f4xx_ll_usb.c ****     {
 1229              		.loc 1 619 11 is_stmt 0 view .LVU393
 1230 0024 00EB4C10 		add	r0, r0, ip, lsl #5
 1231              	.LVL73:
 619:Drivers/STM32F4xx_HAL_Driver/Src/stm32f4xx_ll_usb.c ****     {
 1232              		.loc 1 619 28 view .LVU394
 1233 0028 D0F8003B 		ldr	r3, [r0, #2816]
 619:Drivers/STM32F4xx_HAL_Driver/Src/stm32f4xx_ll_usb.c ****     {
 1234              		.loc 1 619 8 view .LVU395
 1235 002c 13F4004F 		tst	r3, #32768
 1236 0030 0ED1     		bne	.L91
 621:Drivers/STM32F4xx_HAL_Driver/Src/stm32f4xx_ll_usb.c ****                                     ((uint32_t)ep->type << 18) |
ARM GAS  /tmp/cccSJnlz.s 			page 54


 1237              		.loc 1 621 7 is_stmt 1 view .LVU396
 621:Drivers/STM32F4xx_HAL_Driver/Src/stm32f4xx_ll_usb.c ****                                     ((uint32_t)ep->type << 18) |
 1238              		.loc 1 621 24 is_stmt 0 view .LVU397
 1239 0032 D0F8003B 		ldr	r3, [r0, #2816]
 621:Drivers/STM32F4xx_HAL_Driver/Src/stm32f4xx_ll_usb.c ****                                     ((uint32_t)ep->type << 18) |
 1240              		.loc 1 621 40 view .LVU398
 1241 0036 8A68     		ldr	r2, [r1, #8]
 621:Drivers/STM32F4xx_HAL_Driver/Src/stm32f4xx_ll_usb.c ****                                     ((uint32_t)ep->type << 18) |
 1242              		.loc 1 621 52 view .LVU399
 1243 0038 C2F30A02 		ubfx	r2, r2, #0, #11
 622:Drivers/STM32F4xx_HAL_Driver/Src/stm32f4xx_ll_usb.c ****                                     USB_OTG_DIEPCTL_SD0PID_SEVNFRM |
 1244              		.loc 1 622 50 view .LVU400
 1245 003c 0979     		ldrb	r1, [r1, #4]	@ zero_extendqisi2
 1246              	.LVL74:
 621:Drivers/STM32F4xx_HAL_Driver/Src/stm32f4xx_ll_usb.c ****                                     ((uint32_t)ep->type << 18) |
 1247              		.loc 1 621 77 view .LVU401
 1248 003e 42EA8142 		orr	r2, r2, r1, lsl #18
 621:Drivers/STM32F4xx_HAL_Driver/Src/stm32f4xx_ll_usb.c ****                                     ((uint32_t)ep->type << 18) |
 1249              		.loc 1 621 34 view .LVU402
 1250 0042 1343     		orrs	r3, r3, r2
 1251 0044 43F08053 		orr	r3, r3, #268435456
 1252 0048 43F40043 		orr	r3, r3, #32768
 1253 004c C0F8003B 		str	r3, [r0, #2816]
 1254              	.LVL75:
 1255              	.L91:
 627:Drivers/STM32F4xx_HAL_Driver/Src/stm32f4xx_ll_usb.c **** }
 1256              		.loc 1 627 3 is_stmt 1 view .LVU403
 628:Drivers/STM32F4xx_HAL_Driver/Src/stm32f4xx_ll_usb.c **** 
 1257              		.loc 1 628 1 is_stmt 0 view .LVU404
 1258 0050 0020     		movs	r0, #0
 1259 0052 10BD     		pop	{r4, pc}
 1260              	.LVL76:
 1261              	.L93:
 605:Drivers/STM32F4xx_HAL_Driver/Src/stm32f4xx_ll_usb.c **** 
 1262              		.loc 1 605 5 is_stmt 1 view .LVU405
 605:Drivers/STM32F4xx_HAL_Driver/Src/stm32f4xx_ll_usb.c **** 
 1263              		.loc 1 605 16 is_stmt 0 view .LVU406
 1264 0054 D0F81C28 		ldr	r2, [r0, #2076]
 605:Drivers/STM32F4xx_HAL_Driver/Src/stm32f4xx_ll_usb.c **** 
 1265              		.loc 1 605 81 view .LVU407
 1266 0058 0CF00F0E 		and	lr, ip, #15
 605:Drivers/STM32F4xx_HAL_Driver/Src/stm32f4xx_ll_usb.c **** 
 1267              		.loc 1 605 54 view .LVU408
 1268 005c 03FA0EF3 		lsl	r3, r3, lr
 605:Drivers/STM32F4xx_HAL_Driver/Src/stm32f4xx_ll_usb.c **** 
 1269              		.loc 1 605 52 view .LVU409
 1270 0060 9BB2     		uxth	r3, r3
 605:Drivers/STM32F4xx_HAL_Driver/Src/stm32f4xx_ll_usb.c **** 
 1271              		.loc 1 605 27 view .LVU410
 1272 0062 1343     		orrs	r3, r3, r2
 1273 0064 C0F81C38 		str	r3, [r0, #2076]
 607:Drivers/STM32F4xx_HAL_Driver/Src/stm32f4xx_ll_usb.c ****     {
 1274              		.loc 1 607 5 is_stmt 1 view .LVU411
 607:Drivers/STM32F4xx_HAL_Driver/Src/stm32f4xx_ll_usb.c ****     {
 1275              		.loc 1 607 10 is_stmt 0 view .LVU412
 1276 0068 00EB4C10 		add	r0, r0, ip, lsl #5
 1277              	.LVL77:
ARM GAS  /tmp/cccSJnlz.s 			page 55


 607:Drivers/STM32F4xx_HAL_Driver/Src/stm32f4xx_ll_usb.c ****     {
 1278              		.loc 1 607 26 view .LVU413
 1279 006c D0F80039 		ldr	r3, [r0, #2304]
 607:Drivers/STM32F4xx_HAL_Driver/Src/stm32f4xx_ll_usb.c ****     {
 1280              		.loc 1 607 8 view .LVU414
 1281 0070 13F4004F 		tst	r3, #32768
 1282 0074 ECD1     		bne	.L91
 609:Drivers/STM32F4xx_HAL_Driver/Src/stm32f4xx_ll_usb.c ****                                    ((uint32_t)ep->type << 18) | (epnum << 22) |
 1283              		.loc 1 609 7 is_stmt 1 view .LVU415
 609:Drivers/STM32F4xx_HAL_Driver/Src/stm32f4xx_ll_usb.c ****                                    ((uint32_t)ep->type << 18) | (epnum << 22) |
 1284              		.loc 1 609 23 is_stmt 0 view .LVU416
 1285 0076 D0F80039 		ldr	r3, [r0, #2304]
 609:Drivers/STM32F4xx_HAL_Driver/Src/stm32f4xx_ll_usb.c ****                                    ((uint32_t)ep->type << 18) | (epnum << 22) |
 1286              		.loc 1 609 39 view .LVU417
 1287 007a 8A68     		ldr	r2, [r1, #8]
 609:Drivers/STM32F4xx_HAL_Driver/Src/stm32f4xx_ll_usb.c ****                                    ((uint32_t)ep->type << 18) | (epnum << 22) |
 1288              		.loc 1 609 51 view .LVU418
 1289 007c C2F30A02 		ubfx	r2, r2, #0, #11
 610:Drivers/STM32F4xx_HAL_Driver/Src/stm32f4xx_ll_usb.c ****                                    USB_OTG_DIEPCTL_SD0PID_SEVNFRM |
 1290              		.loc 1 610 49 view .LVU419
 1291 0080 0979     		ldrb	r1, [r1, #4]	@ zero_extendqisi2
 1292              	.LVL78:
 609:Drivers/STM32F4xx_HAL_Driver/Src/stm32f4xx_ll_usb.c ****                                    ((uint32_t)ep->type << 18) | (epnum << 22) |
 1293              		.loc 1 609 76 view .LVU420
 1294 0082 42EA8142 		orr	r2, r2, r1, lsl #18
 610:Drivers/STM32F4xx_HAL_Driver/Src/stm32f4xx_ll_usb.c ****                                    USB_OTG_DIEPCTL_SD0PID_SEVNFRM |
 1295              		.loc 1 610 63 view .LVU421
 1296 0086 42EA8C52 		orr	r2, r2, ip, lsl #22
 609:Drivers/STM32F4xx_HAL_Driver/Src/stm32f4xx_ll_usb.c ****                                    ((uint32_t)ep->type << 18) | (epnum << 22) |
 1297              		.loc 1 609 33 view .LVU422
 1298 008a 1343     		orrs	r3, r3, r2
 1299 008c 43F08053 		orr	r3, r3, #268435456
 1300 0090 43F40043 		orr	r3, r3, #32768
 1301 0094 C0F80039 		str	r3, [r0, #2304]
 1302 0098 DAE7     		b	.L91
 1303              		.cfi_endproc
 1304              	.LFE249:
 1306              		.section	.text.USB_ActivateDedicatedEndpoint,"ax",%progbits
 1307              		.align	1
 1308              		.global	USB_ActivateDedicatedEndpoint
 1309              		.syntax unified
 1310              		.thumb
 1311              		.thumb_func
 1313              	USB_ActivateDedicatedEndpoint:
 1314              	.LVL79:
 1315              	.LFB250:
 637:Drivers/STM32F4xx_HAL_Driver/Src/stm32f4xx_ll_usb.c ****   uint32_t USBx_BASE = (uint32_t)USBx;
 1316              		.loc 1 637 1 is_stmt 1 view -0
 1317              		.cfi_startproc
 1318              		@ args = 0, pretend = 0, frame = 0
 1319              		@ frame_needed = 0, uses_anonymous_args = 0
 637:Drivers/STM32F4xx_HAL_Driver/Src/stm32f4xx_ll_usb.c ****   uint32_t USBx_BASE = (uint32_t)USBx;
 1320              		.loc 1 637 1 is_stmt 0 view .LVU424
 1321 0000 10B5     		push	{r4, lr}
 1322              	.LCFI20:
 1323              		.cfi_def_cfa_offset 8
 1324              		.cfi_offset 4, -8
ARM GAS  /tmp/cccSJnlz.s 			page 56


 1325              		.cfi_offset 14, -4
 638:Drivers/STM32F4xx_HAL_Driver/Src/stm32f4xx_ll_usb.c ****   uint32_t epnum = (uint32_t)ep->num;
 1326              		.loc 1 638 3 is_stmt 1 view .LVU425
 1327              	.LVL80:
 639:Drivers/STM32F4xx_HAL_Driver/Src/stm32f4xx_ll_usb.c **** 
 1328              		.loc 1 639 3 view .LVU426
 639:Drivers/STM32F4xx_HAL_Driver/Src/stm32f4xx_ll_usb.c **** 
 1329              		.loc 1 639 32 is_stmt 0 view .LVU427
 1330 0002 0A78     		ldrb	r2, [r1]	@ zero_extendqisi2
 1331              	.LVL81:
 642:Drivers/STM32F4xx_HAL_Driver/Src/stm32f4xx_ll_usb.c ****   {
 1332              		.loc 1 642 3 is_stmt 1 view .LVU428
 642:Drivers/STM32F4xx_HAL_Driver/Src/stm32f4xx_ll_usb.c ****   {
 1333              		.loc 1 642 9 is_stmt 0 view .LVU429
 1334 0004 4B78     		ldrb	r3, [r1, #1]	@ zero_extendqisi2
 642:Drivers/STM32F4xx_HAL_Driver/Src/stm32f4xx_ll_usb.c ****   {
 1335              		.loc 1 642 6 view .LVU430
 1336 0006 012B     		cmp	r3, #1
 1337 0008 23D0     		beq	.L100
 656:Drivers/STM32F4xx_HAL_Driver/Src/stm32f4xx_ll_usb.c ****     {
 1338              		.loc 1 656 5 is_stmt 1 view .LVU431
 656:Drivers/STM32F4xx_HAL_Driver/Src/stm32f4xx_ll_usb.c ****     {
 1339              		.loc 1 656 11 is_stmt 0 view .LVU432
 1340 000a 00EB421C 		add	ip, r0, r2, lsl #5
 656:Drivers/STM32F4xx_HAL_Driver/Src/stm32f4xx_ll_usb.c ****     {
 1341              		.loc 1 656 28 view .LVU433
 1342 000e DCF8003B 		ldr	r3, [ip, #2816]
 656:Drivers/STM32F4xx_HAL_Driver/Src/stm32f4xx_ll_usb.c ****     {
 1343              		.loc 1 656 8 view .LVU434
 1344 0012 13F4004F 		tst	r3, #32768
 1345 0016 0FD1     		bne	.L98
 658:Drivers/STM32F4xx_HAL_Driver/Src/stm32f4xx_ll_usb.c ****                                     ((uint32_t)ep->type << 18) | (epnum << 22) |
 1346              		.loc 1 658 7 is_stmt 1 view .LVU435
 658:Drivers/STM32F4xx_HAL_Driver/Src/stm32f4xx_ll_usb.c ****                                     ((uint32_t)ep->type << 18) | (epnum << 22) |
 1347              		.loc 1 658 24 is_stmt 0 view .LVU436
 1348 0018 DCF8004B 		ldr	r4, [ip, #2816]
 658:Drivers/STM32F4xx_HAL_Driver/Src/stm32f4xx_ll_usb.c ****                                     ((uint32_t)ep->type << 18) | (epnum << 22) |
 1349              		.loc 1 658 40 view .LVU437
 1350 001c 8B68     		ldr	r3, [r1, #8]
 658:Drivers/STM32F4xx_HAL_Driver/Src/stm32f4xx_ll_usb.c ****                                     ((uint32_t)ep->type << 18) | (epnum << 22) |
 1351              		.loc 1 658 52 view .LVU438
 1352 001e C3F30A03 		ubfx	r3, r3, #0, #11
 659:Drivers/STM32F4xx_HAL_Driver/Src/stm32f4xx_ll_usb.c ****                                     USB_OTG_DOEPCTL_USBAEP;
 1353              		.loc 1 659 50 view .LVU439
 1354 0022 91F804E0 		ldrb	lr, [r1, #4]	@ zero_extendqisi2
 658:Drivers/STM32F4xx_HAL_Driver/Src/stm32f4xx_ll_usb.c ****                                     ((uint32_t)ep->type << 18) | (epnum << 22) |
 1355              		.loc 1 658 77 view .LVU440
 1356 0026 43EA8E43 		orr	r3, r3, lr, lsl #18
 659:Drivers/STM32F4xx_HAL_Driver/Src/stm32f4xx_ll_usb.c ****                                     USB_OTG_DOEPCTL_USBAEP;
 1357              		.loc 1 659 64 view .LVU441
 1358 002a 43EA8253 		orr	r3, r3, r2, lsl #22
 658:Drivers/STM32F4xx_HAL_Driver/Src/stm32f4xx_ll_usb.c ****                                     ((uint32_t)ep->type << 18) | (epnum << 22) |
 1359              		.loc 1 658 34 view .LVU442
 1360 002e 2343     		orrs	r3, r3, r4
 1361 0030 43F40043 		orr	r3, r3, #32768
 1362 0034 CCF8003B 		str	r3, [ip, #2816]
 1363              	.L98:
ARM GAS  /tmp/cccSJnlz.s 			page 57


 663:Drivers/STM32F4xx_HAL_Driver/Src/stm32f4xx_ll_usb.c ****   }
 1364              		.loc 1 663 5 is_stmt 1 view .LVU443
 663:Drivers/STM32F4xx_HAL_Driver/Src/stm32f4xx_ll_usb.c ****   }
 1365              		.loc 1 663 16 is_stmt 0 view .LVU444
 1366 0038 D0F83C38 		ldr	r3, [r0, #2108]
 663:Drivers/STM32F4xx_HAL_Driver/Src/stm32f4xx_ll_usb.c ****   }
 1367              		.loc 1 663 76 view .LVU445
 1368 003c 0978     		ldrb	r1, [r1]	@ zero_extendqisi2
 1369              	.LVL82:
 663:Drivers/STM32F4xx_HAL_Driver/Src/stm32f4xx_ll_usb.c ****   }
 1370              		.loc 1 663 82 view .LVU446
 1371 003e 01F00F01 		and	r1, r1, #15
 663:Drivers/STM32F4xx_HAL_Driver/Src/stm32f4xx_ll_usb.c ****   }
 1372              		.loc 1 663 55 view .LVU447
 1373 0042 0122     		movs	r2, #1
 1374              	.LVL83:
 663:Drivers/STM32F4xx_HAL_Driver/Src/stm32f4xx_ll_usb.c ****   }
 1375              		.loc 1 663 55 view .LVU448
 1376 0044 8A40     		lsls	r2, r2, r1
 663:Drivers/STM32F4xx_HAL_Driver/Src/stm32f4xx_ll_usb.c ****   }
 1377              		.loc 1 663 27 view .LVU449
 1378 0046 43EA0243 		orr	r3, r3, r2, lsl #16
 1379 004a C0F83C38 		str	r3, [r0, #2108]
 1380              	.L97:
 666:Drivers/STM32F4xx_HAL_Driver/Src/stm32f4xx_ll_usb.c **** }
 1381              		.loc 1 666 3 is_stmt 1 view .LVU450
 667:Drivers/STM32F4xx_HAL_Driver/Src/stm32f4xx_ll_usb.c **** 
 1382              		.loc 1 667 1 is_stmt 0 view .LVU451
 1383 004e 0020     		movs	r0, #0
 1384              	.LVL84:
 667:Drivers/STM32F4xx_HAL_Driver/Src/stm32f4xx_ll_usb.c **** 
 1385              		.loc 1 667 1 view .LVU452
 1386 0050 10BD     		pop	{r4, pc}
 1387              	.LVL85:
 1388              	.L100:
 644:Drivers/STM32F4xx_HAL_Driver/Src/stm32f4xx_ll_usb.c ****     {
 1389              		.loc 1 644 5 is_stmt 1 view .LVU453
 644:Drivers/STM32F4xx_HAL_Driver/Src/stm32f4xx_ll_usb.c ****     {
 1390              		.loc 1 644 11 is_stmt 0 view .LVU454
 1391 0052 00EB421C 		add	ip, r0, r2, lsl #5
 644:Drivers/STM32F4xx_HAL_Driver/Src/stm32f4xx_ll_usb.c ****     {
 1392              		.loc 1 644 27 view .LVU455
 1393 0056 DCF80039 		ldr	r3, [ip, #2304]
 644:Drivers/STM32F4xx_HAL_Driver/Src/stm32f4xx_ll_usb.c ****     {
 1394              		.loc 1 644 8 view .LVU456
 1395 005a 13F4004F 		tst	r3, #32768
 1396 005e 11D1     		bne	.L96
 646:Drivers/STM32F4xx_HAL_Driver/Src/stm32f4xx_ll_usb.c ****                                    ((uint32_t)ep->type << 18) | (epnum << 22) |
 1397              		.loc 1 646 7 is_stmt 1 view .LVU457
 646:Drivers/STM32F4xx_HAL_Driver/Src/stm32f4xx_ll_usb.c ****                                    ((uint32_t)ep->type << 18) | (epnum << 22) |
 1398              		.loc 1 646 23 is_stmt 0 view .LVU458
 1399 0060 DCF80039 		ldr	r3, [ip, #2304]
 646:Drivers/STM32F4xx_HAL_Driver/Src/stm32f4xx_ll_usb.c ****                                    ((uint32_t)ep->type << 18) | (epnum << 22) |
 1400              		.loc 1 646 39 view .LVU459
 1401 0064 8C68     		ldr	r4, [r1, #8]
 646:Drivers/STM32F4xx_HAL_Driver/Src/stm32f4xx_ll_usb.c ****                                    ((uint32_t)ep->type << 18) | (epnum << 22) |
 1402              		.loc 1 646 51 view .LVU460
ARM GAS  /tmp/cccSJnlz.s 			page 58


 1403 0066 C4F30A04 		ubfx	r4, r4, #0, #11
 647:Drivers/STM32F4xx_HAL_Driver/Src/stm32f4xx_ll_usb.c ****                                    USB_OTG_DIEPCTL_SD0PID_SEVNFRM |
 1404              		.loc 1 647 49 view .LVU461
 1405 006a 91F804E0 		ldrb	lr, [r1, #4]	@ zero_extendqisi2
 646:Drivers/STM32F4xx_HAL_Driver/Src/stm32f4xx_ll_usb.c ****                                    ((uint32_t)ep->type << 18) | (epnum << 22) |
 1406              		.loc 1 646 76 view .LVU462
 1407 006e 44EA8E44 		orr	r4, r4, lr, lsl #18
 647:Drivers/STM32F4xx_HAL_Driver/Src/stm32f4xx_ll_usb.c ****                                    USB_OTG_DIEPCTL_SD0PID_SEVNFRM |
 1408              		.loc 1 647 63 view .LVU463
 1409 0072 44EA8254 		orr	r4, r4, r2, lsl #22
 646:Drivers/STM32F4xx_HAL_Driver/Src/stm32f4xx_ll_usb.c ****                                    ((uint32_t)ep->type << 18) | (epnum << 22) |
 1410              		.loc 1 646 33 view .LVU464
 1411 0076 2343     		orrs	r3, r3, r4
 1412 0078 43F08053 		orr	r3, r3, #268435456
 1413 007c 43F40043 		orr	r3, r3, #32768
 1414 0080 CCF80039 		str	r3, [ip, #2304]
 1415              	.L96:
 652:Drivers/STM32F4xx_HAL_Driver/Src/stm32f4xx_ll_usb.c ****   }
 1416              		.loc 1 652 5 is_stmt 1 view .LVU465
 652:Drivers/STM32F4xx_HAL_Driver/Src/stm32f4xx_ll_usb.c ****   }
 1417              		.loc 1 652 16 is_stmt 0 view .LVU466
 1418 0084 D0F83C28 		ldr	r2, [r0, #2108]
 1419              	.LVL86:
 652:Drivers/STM32F4xx_HAL_Driver/Src/stm32f4xx_ll_usb.c ****   }
 1420              		.loc 1 652 75 view .LVU467
 1421 0088 0978     		ldrb	r1, [r1]	@ zero_extendqisi2
 1422              	.LVL87:
 652:Drivers/STM32F4xx_HAL_Driver/Src/stm32f4xx_ll_usb.c ****   }
 1423              		.loc 1 652 81 view .LVU468
 1424 008a 01F00F01 		and	r1, r1, #15
 652:Drivers/STM32F4xx_HAL_Driver/Src/stm32f4xx_ll_usb.c ****   }
 1425              		.loc 1 652 54 view .LVU469
 1426 008e 0123     		movs	r3, #1
 1427 0090 8B40     		lsls	r3, r3, r1
 652:Drivers/STM32F4xx_HAL_Driver/Src/stm32f4xx_ll_usb.c ****   }
 1428              		.loc 1 652 52 view .LVU470
 1429 0092 9BB2     		uxth	r3, r3
 652:Drivers/STM32F4xx_HAL_Driver/Src/stm32f4xx_ll_usb.c ****   }
 1430              		.loc 1 652 27 view .LVU471
 1431 0094 1343     		orrs	r3, r3, r2
 1432 0096 C0F83C38 		str	r3, [r0, #2108]
 1433 009a D8E7     		b	.L97
 1434              		.cfi_endproc
 1435              	.LFE250:
 1437              		.section	.text.USB_DeactivateEndpoint,"ax",%progbits
 1438              		.align	1
 1439              		.global	USB_DeactivateEndpoint
 1440              		.syntax unified
 1441              		.thumb
 1442              		.thumb_func
 1444              	USB_DeactivateEndpoint:
 1445              	.LVL88:
 1446              	.LFB251:
 676:Drivers/STM32F4xx_HAL_Driver/Src/stm32f4xx_ll_usb.c ****   uint32_t USBx_BASE = (uint32_t)USBx;
 1447              		.loc 1 676 1 is_stmt 1 view -0
 1448              		.cfi_startproc
 1449              		@ args = 0, pretend = 0, frame = 0
ARM GAS  /tmp/cccSJnlz.s 			page 59


 1450              		@ frame_needed = 0, uses_anonymous_args = 0
 1451              		@ link register save eliminated.
 676:Drivers/STM32F4xx_HAL_Driver/Src/stm32f4xx_ll_usb.c ****   uint32_t USBx_BASE = (uint32_t)USBx;
 1452              		.loc 1 676 1 is_stmt 0 view .LVU473
 1453 0000 30B4     		push	{r4, r5}
 1454              	.LCFI21:
 1455              		.cfi_def_cfa_offset 8
 1456              		.cfi_offset 4, -8
 1457              		.cfi_offset 5, -4
 677:Drivers/STM32F4xx_HAL_Driver/Src/stm32f4xx_ll_usb.c ****   uint32_t epnum = (uint32_t)ep->num;
 1458              		.loc 1 677 3 is_stmt 1 view .LVU474
 1459              	.LVL89:
 678:Drivers/STM32F4xx_HAL_Driver/Src/stm32f4xx_ll_usb.c **** 
 1460              		.loc 1 678 3 view .LVU475
 678:Drivers/STM32F4xx_HAL_Driver/Src/stm32f4xx_ll_usb.c **** 
 1461              		.loc 1 678 32 is_stmt 0 view .LVU476
 1462 0002 0B78     		ldrb	r3, [r1]	@ zero_extendqisi2
 1463              	.LVL90:
 681:Drivers/STM32F4xx_HAL_Driver/Src/stm32f4xx_ll_usb.c ****   {
 1464              		.loc 1 681 3 is_stmt 1 view .LVU477
 681:Drivers/STM32F4xx_HAL_Driver/Src/stm32f4xx_ll_usb.c ****   {
 1465              		.loc 1 681 9 is_stmt 0 view .LVU478
 1466 0004 4A78     		ldrb	r2, [r1, #1]	@ zero_extendqisi2
 681:Drivers/STM32F4xx_HAL_Driver/Src/stm32f4xx_ll_usb.c ****   {
 1467              		.loc 1 681 6 view .LVU479
 1468 0006 012A     		cmp	r2, #1
 1469 0008 26D0     		beq	.L107
 699:Drivers/STM32F4xx_HAL_Driver/Src/stm32f4xx_ll_usb.c ****     {
 1470              		.loc 1 699 5 is_stmt 1 view .LVU480
 699:Drivers/STM32F4xx_HAL_Driver/Src/stm32f4xx_ll_usb.c ****     {
 1471              		.loc 1 699 10 is_stmt 0 view .LVU481
 1472 000a 00EB4313 		add	r3, r0, r3, lsl #5
 1473              	.LVL91:
 699:Drivers/STM32F4xx_HAL_Driver/Src/stm32f4xx_ll_usb.c ****     {
 1474              		.loc 1 699 27 view .LVU482
 1475 000e D3F8002B 		ldr	r2, [r3, #2816]
 699:Drivers/STM32F4xx_HAL_Driver/Src/stm32f4xx_ll_usb.c ****     {
 1476              		.loc 1 699 8 view .LVU483
 1477 0012 002A     		cmp	r2, #0
 1478 0014 52DB     		blt	.L108
 1479              	.LVL92:
 1480              	.L105:
 705:Drivers/STM32F4xx_HAL_Driver/Src/stm32f4xx_ll_usb.c ****     USBx_DEVICE->DAINTMSK &= ~(USB_OTG_DAINTMSK_OEPM & ((uint32_t)(1UL << (ep->num & EP_ADDR_MSK)) 
 1481              		.loc 1 705 5 is_stmt 1 view .LVU484
 705:Drivers/STM32F4xx_HAL_Driver/Src/stm32f4xx_ll_usb.c ****     USBx_DEVICE->DAINTMSK &= ~(USB_OTG_DAINTMSK_OEPM & ((uint32_t)(1UL << (ep->num & EP_ADDR_MSK)) 
 1482              		.loc 1 705 16 is_stmt 0 view .LVU485
 1483 0016 D0F83C48 		ldr	r4, [r0, #2108]
 705:Drivers/STM32F4xx_HAL_Driver/Src/stm32f4xx_ll_usb.c ****     USBx_DEVICE->DAINTMSK &= ~(USB_OTG_DAINTMSK_OEPM & ((uint32_t)(1UL << (ep->num & EP_ADDR_MSK)) 
 1484              		.loc 1 705 78 view .LVU486
 1485 001a 0A78     		ldrb	r2, [r1]	@ zero_extendqisi2
 705:Drivers/STM32F4xx_HAL_Driver/Src/stm32f4xx_ll_usb.c ****     USBx_DEVICE->DAINTMSK &= ~(USB_OTG_DAINTMSK_OEPM & ((uint32_t)(1UL << (ep->num & EP_ADDR_MSK)) 
 1486              		.loc 1 705 84 view .LVU487
 1487 001c 02F00F02 		and	r2, r2, #15
 705:Drivers/STM32F4xx_HAL_Driver/Src/stm32f4xx_ll_usb.c ****     USBx_DEVICE->DAINTMSK &= ~(USB_OTG_DAINTMSK_OEPM & ((uint32_t)(1UL << (ep->num & EP_ADDR_MSK)) 
 1488              		.loc 1 705 57 view .LVU488
 1489 0020 4FF0010C 		mov	ip, #1
 1490 0024 0CFA02F2 		lsl	r2, ip, r2
ARM GAS  /tmp/cccSJnlz.s 			page 60


 705:Drivers/STM32F4xx_HAL_Driver/Src/stm32f4xx_ll_usb.c ****     USBx_DEVICE->DAINTMSK &= ~(USB_OTG_DAINTMSK_OEPM & ((uint32_t)(1UL << (ep->num & EP_ADDR_MSK)) 
 1491              		.loc 1 705 27 view .LVU489
 1492 0028 24EA0242 		bic	r2, r4, r2, lsl #16
 1493 002c C0F83C28 		str	r2, [r0, #2108]
 706:Drivers/STM32F4xx_HAL_Driver/Src/stm32f4xx_ll_usb.c ****     USBx_OUTEP(epnum)->DOEPCTL &= ~(USB_OTG_DOEPCTL_USBAEP |
 1494              		.loc 1 706 5 is_stmt 1 view .LVU490
 706:Drivers/STM32F4xx_HAL_Driver/Src/stm32f4xx_ll_usb.c ****     USBx_OUTEP(epnum)->DOEPCTL &= ~(USB_OTG_DOEPCTL_USBAEP |
 1495              		.loc 1 706 16 is_stmt 0 view .LVU491
 1496 0030 D0F81C28 		ldr	r2, [r0, #2076]
 706:Drivers/STM32F4xx_HAL_Driver/Src/stm32f4xx_ll_usb.c ****     USBx_OUTEP(epnum)->DOEPCTL &= ~(USB_OTG_DOEPCTL_USBAEP |
 1497              		.loc 1 706 78 view .LVU492
 1498 0034 0978     		ldrb	r1, [r1]	@ zero_extendqisi2
 1499              	.LVL93:
 706:Drivers/STM32F4xx_HAL_Driver/Src/stm32f4xx_ll_usb.c ****     USBx_OUTEP(epnum)->DOEPCTL &= ~(USB_OTG_DOEPCTL_USBAEP |
 1500              		.loc 1 706 84 view .LVU493
 1501 0036 01F00F01 		and	r1, r1, #15
 706:Drivers/STM32F4xx_HAL_Driver/Src/stm32f4xx_ll_usb.c ****     USBx_OUTEP(epnum)->DOEPCTL &= ~(USB_OTG_DOEPCTL_USBAEP |
 1502              		.loc 1 706 57 view .LVU494
 1503 003a 0CFA01FC 		lsl	ip, ip, r1
 706:Drivers/STM32F4xx_HAL_Driver/Src/stm32f4xx_ll_usb.c ****     USBx_OUTEP(epnum)->DOEPCTL &= ~(USB_OTG_DOEPCTL_USBAEP |
 1504              		.loc 1 706 27 view .LVU495
 1505 003e 22EA0C42 		bic	r2, r2, ip, lsl #16
 1506 0042 C0F81C28 		str	r2, [r0, #2076]
 707:Drivers/STM32F4xx_HAL_Driver/Src/stm32f4xx_ll_usb.c ****                                     USB_OTG_DOEPCTL_MPSIZ |
 1507              		.loc 1 707 5 is_stmt 1 view .LVU496
 707:Drivers/STM32F4xx_HAL_Driver/Src/stm32f4xx_ll_usb.c ****                                     USB_OTG_DOEPCTL_MPSIZ |
 1508              		.loc 1 707 22 is_stmt 0 view .LVU497
 1509 0046 D3F8001B 		ldr	r1, [r3, #2816]
 707:Drivers/STM32F4xx_HAL_Driver/Src/stm32f4xx_ll_usb.c ****                                     USB_OTG_DOEPCTL_MPSIZ |
 1510              		.loc 1 707 32 view .LVU498
 1511 004a 234A     		ldr	r2, .L110
 1512 004c 0A40     		ands	r2, r2, r1
 1513 004e C3F8002B 		str	r2, [r3, #2816]
 1514              	.L104:
 713:Drivers/STM32F4xx_HAL_Driver/Src/stm32f4xx_ll_usb.c **** }
 1515              		.loc 1 713 3 is_stmt 1 view .LVU499
 714:Drivers/STM32F4xx_HAL_Driver/Src/stm32f4xx_ll_usb.c **** 
 1516              		.loc 1 714 1 is_stmt 0 view .LVU500
 1517 0052 0020     		movs	r0, #0
 1518              	.LVL94:
 714:Drivers/STM32F4xx_HAL_Driver/Src/stm32f4xx_ll_usb.c **** 
 1519              		.loc 1 714 1 view .LVU501
 1520 0054 30BC     		pop	{r4, r5}
 1521              	.LCFI22:
 1522              		.cfi_remember_state
 1523              		.cfi_restore 5
 1524              		.cfi_restore 4
 1525              		.cfi_def_cfa_offset 0
 1526 0056 7047     		bx	lr
 1527              	.LVL95:
 1528              	.L107:
 1529              	.LCFI23:
 1530              		.cfi_restore_state
 683:Drivers/STM32F4xx_HAL_Driver/Src/stm32f4xx_ll_usb.c ****     {
 1531              		.loc 1 683 5 is_stmt 1 view .LVU502
 683:Drivers/STM32F4xx_HAL_Driver/Src/stm32f4xx_ll_usb.c ****     {
 1532              		.loc 1 683 10 is_stmt 0 view .LVU503
ARM GAS  /tmp/cccSJnlz.s 			page 61


 1533 0058 00EB4313 		add	r3, r0, r3, lsl #5
 1534              	.LVL96:
 683:Drivers/STM32F4xx_HAL_Driver/Src/stm32f4xx_ll_usb.c ****     {
 1535              		.loc 1 683 26 view .LVU504
 1536 005c D3F80029 		ldr	r2, [r3, #2304]
 683:Drivers/STM32F4xx_HAL_Driver/Src/stm32f4xx_ll_usb.c ****     {
 1537              		.loc 1 683 8 view .LVU505
 1538 0060 002A     		cmp	r2, #0
 1539 0062 1EDB     		blt	.L109
 1540              	.LVL97:
 1541              	.L103:
 689:Drivers/STM32F4xx_HAL_Driver/Src/stm32f4xx_ll_usb.c ****     USBx_DEVICE->DAINTMSK &= ~(USB_OTG_DAINTMSK_IEPM & (uint32_t)(1UL << (ep->num & EP_ADDR_MSK)));
 1542              		.loc 1 689 5 is_stmt 1 view .LVU506
 689:Drivers/STM32F4xx_HAL_Driver/Src/stm32f4xx_ll_usb.c ****     USBx_DEVICE->DAINTMSK &= ~(USB_OTG_DAINTMSK_IEPM & (uint32_t)(1UL << (ep->num & EP_ADDR_MSK)));
 1543              		.loc 1 689 16 is_stmt 0 view .LVU507
 1544 0064 D0F83C58 		ldr	r5, [r0, #2108]
 689:Drivers/STM32F4xx_HAL_Driver/Src/stm32f4xx_ll_usb.c ****     USBx_DEVICE->DAINTMSK &= ~(USB_OTG_DAINTMSK_IEPM & (uint32_t)(1UL << (ep->num & EP_ADDR_MSK)));
 1545              		.loc 1 689 77 view .LVU508
 1546 0068 0A78     		ldrb	r2, [r1]	@ zero_extendqisi2
 689:Drivers/STM32F4xx_HAL_Driver/Src/stm32f4xx_ll_usb.c ****     USBx_DEVICE->DAINTMSK &= ~(USB_OTG_DAINTMSK_IEPM & (uint32_t)(1UL << (ep->num & EP_ADDR_MSK)));
 1547              		.loc 1 689 83 view .LVU509
 1548 006a 02F00F02 		and	r2, r2, #15
 689:Drivers/STM32F4xx_HAL_Driver/Src/stm32f4xx_ll_usb.c ****     USBx_DEVICE->DAINTMSK &= ~(USB_OTG_DAINTMSK_IEPM & (uint32_t)(1UL << (ep->num & EP_ADDR_MSK)));
 1549              		.loc 1 689 56 view .LVU510
 1550 006e 0124     		movs	r4, #1
 1551 0070 04FA02F2 		lsl	r2, r4, r2
 689:Drivers/STM32F4xx_HAL_Driver/Src/stm32f4xx_ll_usb.c ****     USBx_DEVICE->DAINTMSK &= ~(USB_OTG_DAINTMSK_IEPM & (uint32_t)(1UL << (ep->num & EP_ADDR_MSK)));
 1552              		.loc 1 689 54 view .LVU511
 1553 0074 92B2     		uxth	r2, r2
 689:Drivers/STM32F4xx_HAL_Driver/Src/stm32f4xx_ll_usb.c ****     USBx_DEVICE->DAINTMSK &= ~(USB_OTG_DAINTMSK_IEPM & (uint32_t)(1UL << (ep->num & EP_ADDR_MSK)));
 1554              		.loc 1 689 27 view .LVU512
 1555 0076 25EA0202 		bic	r2, r5, r2
 1556 007a C0F83C28 		str	r2, [r0, #2108]
 690:Drivers/STM32F4xx_HAL_Driver/Src/stm32f4xx_ll_usb.c ****     USBx_INEP(epnum)->DIEPCTL &= ~(USB_OTG_DIEPCTL_USBAEP |
 1557              		.loc 1 690 5 is_stmt 1 view .LVU513
 690:Drivers/STM32F4xx_HAL_Driver/Src/stm32f4xx_ll_usb.c ****     USBx_INEP(epnum)->DIEPCTL &= ~(USB_OTG_DIEPCTL_USBAEP |
 1558              		.loc 1 690 16 is_stmt 0 view .LVU514
 1559 007e D0F81C28 		ldr	r2, [r0, #2076]
 690:Drivers/STM32F4xx_HAL_Driver/Src/stm32f4xx_ll_usb.c ****     USBx_INEP(epnum)->DIEPCTL &= ~(USB_OTG_DIEPCTL_USBAEP |
 1560              		.loc 1 690 77 view .LVU515
 1561 0082 0978     		ldrb	r1, [r1]	@ zero_extendqisi2
 1562              	.LVL98:
 690:Drivers/STM32F4xx_HAL_Driver/Src/stm32f4xx_ll_usb.c ****     USBx_INEP(epnum)->DIEPCTL &= ~(USB_OTG_DIEPCTL_USBAEP |
 1563              		.loc 1 690 83 view .LVU516
 1564 0084 01F00F01 		and	r1, r1, #15
 690:Drivers/STM32F4xx_HAL_Driver/Src/stm32f4xx_ll_usb.c ****     USBx_INEP(epnum)->DIEPCTL &= ~(USB_OTG_DIEPCTL_USBAEP |
 1565              		.loc 1 690 56 view .LVU517
 1566 0088 8C40     		lsls	r4, r4, r1
 690:Drivers/STM32F4xx_HAL_Driver/Src/stm32f4xx_ll_usb.c ****     USBx_INEP(epnum)->DIEPCTL &= ~(USB_OTG_DIEPCTL_USBAEP |
 1567              		.loc 1 690 54 view .LVU518
 1568 008a A4B2     		uxth	r4, r4
 690:Drivers/STM32F4xx_HAL_Driver/Src/stm32f4xx_ll_usb.c ****     USBx_INEP(epnum)->DIEPCTL &= ~(USB_OTG_DIEPCTL_USBAEP |
 1569              		.loc 1 690 27 view .LVU519
 1570 008c 22EA0402 		bic	r2, r2, r4
 1571 0090 C0F81C28 		str	r2, [r0, #2076]
 691:Drivers/STM32F4xx_HAL_Driver/Src/stm32f4xx_ll_usb.c ****                                    USB_OTG_DIEPCTL_MPSIZ |
 1572              		.loc 1 691 5 is_stmt 1 view .LVU520
ARM GAS  /tmp/cccSJnlz.s 			page 62


 691:Drivers/STM32F4xx_HAL_Driver/Src/stm32f4xx_ll_usb.c ****                                    USB_OTG_DIEPCTL_MPSIZ |
 1573              		.loc 1 691 21 is_stmt 0 view .LVU521
 1574 0094 D3F80019 		ldr	r1, [r3, #2304]
 691:Drivers/STM32F4xx_HAL_Driver/Src/stm32f4xx_ll_usb.c ****                                    USB_OTG_DIEPCTL_MPSIZ |
 1575              		.loc 1 691 31 view .LVU522
 1576 0098 104A     		ldr	r2, .L110+4
 1577 009a 0A40     		ands	r2, r2, r1
 1578 009c C3F80029 		str	r2, [r3, #2304]
 1579 00a0 D7E7     		b	.L104
 1580              	.LVL99:
 1581              	.L109:
 685:Drivers/STM32F4xx_HAL_Driver/Src/stm32f4xx_ll_usb.c ****       USBx_INEP(epnum)->DIEPCTL |= USB_OTG_DIEPCTL_EPDIS;
 1582              		.loc 1 685 7 is_stmt 1 view .LVU523
 685:Drivers/STM32F4xx_HAL_Driver/Src/stm32f4xx_ll_usb.c ****       USBx_INEP(epnum)->DIEPCTL |= USB_OTG_DIEPCTL_EPDIS;
 1583              		.loc 1 685 23 is_stmt 0 view .LVU524
 1584 00a2 D3F80029 		ldr	r2, [r3, #2304]
 685:Drivers/STM32F4xx_HAL_Driver/Src/stm32f4xx_ll_usb.c ****       USBx_INEP(epnum)->DIEPCTL |= USB_OTG_DIEPCTL_EPDIS;
 1585              		.loc 1 685 33 view .LVU525
 1586 00a6 42F00062 		orr	r2, r2, #134217728
 1587 00aa C3F80029 		str	r2, [r3, #2304]
 1588              	.LVL100:
 686:Drivers/STM32F4xx_HAL_Driver/Src/stm32f4xx_ll_usb.c ****     }
 1589              		.loc 1 686 7 is_stmt 1 view .LVU526
 686:Drivers/STM32F4xx_HAL_Driver/Src/stm32f4xx_ll_usb.c ****     }
 1590              		.loc 1 686 23 is_stmt 0 view .LVU527
 1591 00ae D3F80029 		ldr	r2, [r3, #2304]
 686:Drivers/STM32F4xx_HAL_Driver/Src/stm32f4xx_ll_usb.c ****     }
 1592              		.loc 1 686 33 view .LVU528
 1593 00b2 42F08042 		orr	r2, r2, #1073741824
 1594 00b6 C3F80029 		str	r2, [r3, #2304]
 1595 00ba D3E7     		b	.L103
 1596              	.LVL101:
 1597              	.L108:
 701:Drivers/STM32F4xx_HAL_Driver/Src/stm32f4xx_ll_usb.c ****       USBx_OUTEP(epnum)->DOEPCTL |= USB_OTG_DOEPCTL_EPDIS;
 1598              		.loc 1 701 7 is_stmt 1 view .LVU529
 701:Drivers/STM32F4xx_HAL_Driver/Src/stm32f4xx_ll_usb.c ****       USBx_OUTEP(epnum)->DOEPCTL |= USB_OTG_DOEPCTL_EPDIS;
 1599              		.loc 1 701 24 is_stmt 0 view .LVU530
 1600 00bc D3F8002B 		ldr	r2, [r3, #2816]
 701:Drivers/STM32F4xx_HAL_Driver/Src/stm32f4xx_ll_usb.c ****       USBx_OUTEP(epnum)->DOEPCTL |= USB_OTG_DOEPCTL_EPDIS;
 1601              		.loc 1 701 34 view .LVU531
 1602 00c0 42F00062 		orr	r2, r2, #134217728
 1603 00c4 C3F8002B 		str	r2, [r3, #2816]
 1604              	.LVL102:
 702:Drivers/STM32F4xx_HAL_Driver/Src/stm32f4xx_ll_usb.c ****     }
 1605              		.loc 1 702 7 is_stmt 1 view .LVU532
 702:Drivers/STM32F4xx_HAL_Driver/Src/stm32f4xx_ll_usb.c ****     }
 1606              		.loc 1 702 24 is_stmt 0 view .LVU533
 1607 00c8 D3F8002B 		ldr	r2, [r3, #2816]
 702:Drivers/STM32F4xx_HAL_Driver/Src/stm32f4xx_ll_usb.c ****     }
 1608              		.loc 1 702 34 view .LVU534
 1609 00cc 42F08042 		orr	r2, r2, #1073741824
 1610 00d0 C3F8002B 		str	r2, [r3, #2816]
 1611 00d4 9FE7     		b	.L105
 1612              	.L111:
 1613 00d6 00BF     		.align	2
 1614              	.L110:
 1615 00d8 0078F3EF 		.word	-269256704
ARM GAS  /tmp/cccSJnlz.s 			page 63


 1616 00dc 007833EC 		.word	-332171264
 1617              		.cfi_endproc
 1618              	.LFE251:
 1620              		.section	.text.USB_DeactivateDedicatedEndpoint,"ax",%progbits
 1621              		.align	1
 1622              		.global	USB_DeactivateDedicatedEndpoint
 1623              		.syntax unified
 1624              		.thumb
 1625              		.thumb_func
 1627              	USB_DeactivateDedicatedEndpoint:
 1628              	.LVL103:
 1629              	.LFB252:
 723:Drivers/STM32F4xx_HAL_Driver/Src/stm32f4xx_ll_usb.c ****   uint32_t USBx_BASE = (uint32_t)USBx;
 1630              		.loc 1 723 1 is_stmt 1 view -0
 1631              		.cfi_startproc
 1632              		@ args = 0, pretend = 0, frame = 0
 1633              		@ frame_needed = 0, uses_anonymous_args = 0
 1634              		@ link register save eliminated.
 724:Drivers/STM32F4xx_HAL_Driver/Src/stm32f4xx_ll_usb.c ****   uint32_t epnum = (uint32_t)ep->num;
 1635              		.loc 1 724 3 view .LVU536
 725:Drivers/STM32F4xx_HAL_Driver/Src/stm32f4xx_ll_usb.c **** 
 1636              		.loc 1 725 3 view .LVU537
 725:Drivers/STM32F4xx_HAL_Driver/Src/stm32f4xx_ll_usb.c **** 
 1637              		.loc 1 725 32 is_stmt 0 view .LVU538
 1638 0000 0B78     		ldrb	r3, [r1]	@ zero_extendqisi2
 1639              	.LVL104:
 728:Drivers/STM32F4xx_HAL_Driver/Src/stm32f4xx_ll_usb.c ****   {
 1640              		.loc 1 728 3 is_stmt 1 view .LVU539
 728:Drivers/STM32F4xx_HAL_Driver/Src/stm32f4xx_ll_usb.c ****   {
 1641              		.loc 1 728 9 is_stmt 0 view .LVU540
 1642 0002 4A78     		ldrb	r2, [r1, #1]	@ zero_extendqisi2
 728:Drivers/STM32F4xx_HAL_Driver/Src/stm32f4xx_ll_usb.c ****   {
 1643              		.loc 1 728 6 view .LVU541
 1644 0004 012A     		cmp	r2, #1
 1645 0006 18D0     		beq	.L117
 741:Drivers/STM32F4xx_HAL_Driver/Src/stm32f4xx_ll_usb.c ****     {
 1646              		.loc 1 741 5 is_stmt 1 view .LVU542
 741:Drivers/STM32F4xx_HAL_Driver/Src/stm32f4xx_ll_usb.c ****     {
 1647              		.loc 1 741 10 is_stmt 0 view .LVU543
 1648 0008 00EB4313 		add	r3, r0, r3, lsl #5
 1649              	.LVL105:
 741:Drivers/STM32F4xx_HAL_Driver/Src/stm32f4xx_ll_usb.c ****     {
 1650              		.loc 1 741 27 view .LVU544
 1651 000c D3F8002B 		ldr	r2, [r3, #2816]
 741:Drivers/STM32F4xx_HAL_Driver/Src/stm32f4xx_ll_usb.c ****     {
 1652              		.loc 1 741 8 view .LVU545
 1653 0010 002A     		cmp	r2, #0
 1654 0012 38DB     		blt	.L118
 1655              	.LVL106:
 1656              	.L116:
 747:Drivers/STM32F4xx_HAL_Driver/Src/stm32f4xx_ll_usb.c ****     USBx_DEVICE->DAINTMSK &= ~(USB_OTG_DAINTMSK_OEPM & ((uint32_t)(1UL << (ep->num & EP_ADDR_MSK)) 
 1657              		.loc 1 747 5 is_stmt 1 view .LVU546
 747:Drivers/STM32F4xx_HAL_Driver/Src/stm32f4xx_ll_usb.c ****     USBx_DEVICE->DAINTMSK &= ~(USB_OTG_DAINTMSK_OEPM & ((uint32_t)(1UL << (ep->num & EP_ADDR_MSK)) 
 1658              		.loc 1 747 22 is_stmt 0 view .LVU547
 1659 0014 D3F8002B 		ldr	r2, [r3, #2816]
 747:Drivers/STM32F4xx_HAL_Driver/Src/stm32f4xx_ll_usb.c ****     USBx_DEVICE->DAINTMSK &= ~(USB_OTG_DAINTMSK_OEPM & ((uint32_t)(1UL << (ep->num & EP_ADDR_MSK)) 
 1660              		.loc 1 747 32 view .LVU548
ARM GAS  /tmp/cccSJnlz.s 			page 64


 1661 0018 22F40042 		bic	r2, r2, #32768
 1662 001c C3F8002B 		str	r2, [r3, #2816]
 748:Drivers/STM32F4xx_HAL_Driver/Src/stm32f4xx_ll_usb.c ****   }
 1663              		.loc 1 748 5 is_stmt 1 view .LVU549
 748:Drivers/STM32F4xx_HAL_Driver/Src/stm32f4xx_ll_usb.c ****   }
 1664              		.loc 1 748 16 is_stmt 0 view .LVU550
 1665 0020 D0F81C38 		ldr	r3, [r0, #2076]
 748:Drivers/STM32F4xx_HAL_Driver/Src/stm32f4xx_ll_usb.c ****   }
 1666              		.loc 1 748 78 view .LVU551
 1667 0024 0978     		ldrb	r1, [r1]	@ zero_extendqisi2
 1668              	.LVL107:
 748:Drivers/STM32F4xx_HAL_Driver/Src/stm32f4xx_ll_usb.c ****   }
 1669              		.loc 1 748 84 view .LVU552
 1670 0026 01F00F01 		and	r1, r1, #15
 748:Drivers/STM32F4xx_HAL_Driver/Src/stm32f4xx_ll_usb.c ****   }
 1671              		.loc 1 748 57 view .LVU553
 1672 002a 0122     		movs	r2, #1
 1673 002c 8A40     		lsls	r2, r2, r1
 748:Drivers/STM32F4xx_HAL_Driver/Src/stm32f4xx_ll_usb.c ****   }
 1674              		.loc 1 748 27 view .LVU554
 1675 002e 23EA0243 		bic	r3, r3, r2, lsl #16
 1676 0032 C0F81C38 		str	r3, [r0, #2076]
 1677              	.L115:
 751:Drivers/STM32F4xx_HAL_Driver/Src/stm32f4xx_ll_usb.c **** }
 1678              		.loc 1 751 3 is_stmt 1 view .LVU555
 752:Drivers/STM32F4xx_HAL_Driver/Src/stm32f4xx_ll_usb.c **** 
 1679              		.loc 1 752 1 is_stmt 0 view .LVU556
 1680 0036 0020     		movs	r0, #0
 1681              	.LVL108:
 752:Drivers/STM32F4xx_HAL_Driver/Src/stm32f4xx_ll_usb.c **** 
 1682              		.loc 1 752 1 view .LVU557
 1683 0038 7047     		bx	lr
 1684              	.LVL109:
 1685              	.L117:
 730:Drivers/STM32F4xx_HAL_Driver/Src/stm32f4xx_ll_usb.c ****     {
 1686              		.loc 1 730 5 is_stmt 1 view .LVU558
 730:Drivers/STM32F4xx_HAL_Driver/Src/stm32f4xx_ll_usb.c ****     {
 1687              		.loc 1 730 10 is_stmt 0 view .LVU559
 1688 003a 00EB4313 		add	r3, r0, r3, lsl #5
 1689              	.LVL110:
 730:Drivers/STM32F4xx_HAL_Driver/Src/stm32f4xx_ll_usb.c ****     {
 1690              		.loc 1 730 26 view .LVU560
 1691 003e D3F80029 		ldr	r2, [r3, #2304]
 730:Drivers/STM32F4xx_HAL_Driver/Src/stm32f4xx_ll_usb.c ****     {
 1692              		.loc 1 730 8 view .LVU561
 1693 0042 002A     		cmp	r2, #0
 1694 0044 12DB     		blt	.L119
 1695              	.LVL111:
 1696              	.L114:
 736:Drivers/STM32F4xx_HAL_Driver/Src/stm32f4xx_ll_usb.c ****     USBx_DEVICE->DAINTMSK &= ~(USB_OTG_DAINTMSK_IEPM & (uint32_t)(1UL << (ep->num & EP_ADDR_MSK)));
 1697              		.loc 1 736 5 is_stmt 1 view .LVU562
 736:Drivers/STM32F4xx_HAL_Driver/Src/stm32f4xx_ll_usb.c ****     USBx_DEVICE->DAINTMSK &= ~(USB_OTG_DAINTMSK_IEPM & (uint32_t)(1UL << (ep->num & EP_ADDR_MSK)));
 1698              		.loc 1 736 21 is_stmt 0 view .LVU563
 1699 0046 D3F80029 		ldr	r2, [r3, #2304]
 736:Drivers/STM32F4xx_HAL_Driver/Src/stm32f4xx_ll_usb.c ****     USBx_DEVICE->DAINTMSK &= ~(USB_OTG_DAINTMSK_IEPM & (uint32_t)(1UL << (ep->num & EP_ADDR_MSK)));
 1700              		.loc 1 736 31 view .LVU564
 1701 004a 22F40042 		bic	r2, r2, #32768
ARM GAS  /tmp/cccSJnlz.s 			page 65


 1702 004e C3F80029 		str	r2, [r3, #2304]
 737:Drivers/STM32F4xx_HAL_Driver/Src/stm32f4xx_ll_usb.c ****   }
 1703              		.loc 1 737 5 is_stmt 1 view .LVU565
 737:Drivers/STM32F4xx_HAL_Driver/Src/stm32f4xx_ll_usb.c ****   }
 1704              		.loc 1 737 16 is_stmt 0 view .LVU566
 1705 0052 D0F81C28 		ldr	r2, [r0, #2076]
 737:Drivers/STM32F4xx_HAL_Driver/Src/stm32f4xx_ll_usb.c ****   }
 1706              		.loc 1 737 77 view .LVU567
 1707 0056 0978     		ldrb	r1, [r1]	@ zero_extendqisi2
 1708              	.LVL112:
 737:Drivers/STM32F4xx_HAL_Driver/Src/stm32f4xx_ll_usb.c ****   }
 1709              		.loc 1 737 83 view .LVU568
 1710 0058 01F00F01 		and	r1, r1, #15
 737:Drivers/STM32F4xx_HAL_Driver/Src/stm32f4xx_ll_usb.c ****   }
 1711              		.loc 1 737 56 view .LVU569
 1712 005c 0123     		movs	r3, #1
 1713 005e 8B40     		lsls	r3, r3, r1
 737:Drivers/STM32F4xx_HAL_Driver/Src/stm32f4xx_ll_usb.c ****   }
 1714              		.loc 1 737 54 view .LVU570
 1715 0060 9BB2     		uxth	r3, r3
 737:Drivers/STM32F4xx_HAL_Driver/Src/stm32f4xx_ll_usb.c ****   }
 1716              		.loc 1 737 27 view .LVU571
 1717 0062 22EA0303 		bic	r3, r2, r3
 1718 0066 C0F81C38 		str	r3, [r0, #2076]
 1719 006a E4E7     		b	.L115
 1720              	.LVL113:
 1721              	.L119:
 732:Drivers/STM32F4xx_HAL_Driver/Src/stm32f4xx_ll_usb.c ****       USBx_INEP(epnum)->DIEPCTL  |= USB_OTG_DIEPCTL_EPDIS;
 1722              		.loc 1 732 7 is_stmt 1 view .LVU572
 732:Drivers/STM32F4xx_HAL_Driver/Src/stm32f4xx_ll_usb.c ****       USBx_INEP(epnum)->DIEPCTL  |= USB_OTG_DIEPCTL_EPDIS;
 1723              		.loc 1 732 23 is_stmt 0 view .LVU573
 1724 006c D3F80029 		ldr	r2, [r3, #2304]
 732:Drivers/STM32F4xx_HAL_Driver/Src/stm32f4xx_ll_usb.c ****       USBx_INEP(epnum)->DIEPCTL  |= USB_OTG_DIEPCTL_EPDIS;
 1725              		.loc 1 732 34 view .LVU574
 1726 0070 42F00062 		orr	r2, r2, #134217728
 1727 0074 C3F80029 		str	r2, [r3, #2304]
 1728              	.LVL114:
 733:Drivers/STM32F4xx_HAL_Driver/Src/stm32f4xx_ll_usb.c ****     }
 1729              		.loc 1 733 7 is_stmt 1 view .LVU575
 733:Drivers/STM32F4xx_HAL_Driver/Src/stm32f4xx_ll_usb.c ****     }
 1730              		.loc 1 733 23 is_stmt 0 view .LVU576
 1731 0078 D3F80029 		ldr	r2, [r3, #2304]
 733:Drivers/STM32F4xx_HAL_Driver/Src/stm32f4xx_ll_usb.c ****     }
 1732              		.loc 1 733 34 view .LVU577
 1733 007c 42F08042 		orr	r2, r2, #1073741824
 1734 0080 C3F80029 		str	r2, [r3, #2304]
 1735 0084 DFE7     		b	.L114
 1736              	.LVL115:
 1737              	.L118:
 743:Drivers/STM32F4xx_HAL_Driver/Src/stm32f4xx_ll_usb.c ****       USBx_OUTEP(epnum)->DOEPCTL  |= USB_OTG_DOEPCTL_EPDIS;
 1738              		.loc 1 743 7 is_stmt 1 view .LVU578
 743:Drivers/STM32F4xx_HAL_Driver/Src/stm32f4xx_ll_usb.c ****       USBx_OUTEP(epnum)->DOEPCTL  |= USB_OTG_DOEPCTL_EPDIS;
 1739              		.loc 1 743 24 is_stmt 0 view .LVU579
 1740 0086 D3F8002B 		ldr	r2, [r3, #2816]
 743:Drivers/STM32F4xx_HAL_Driver/Src/stm32f4xx_ll_usb.c ****       USBx_OUTEP(epnum)->DOEPCTL  |= USB_OTG_DOEPCTL_EPDIS;
 1741              		.loc 1 743 35 view .LVU580
 1742 008a 42F00062 		orr	r2, r2, #134217728
ARM GAS  /tmp/cccSJnlz.s 			page 66


 1743 008e C3F8002B 		str	r2, [r3, #2816]
 1744              	.LVL116:
 744:Drivers/STM32F4xx_HAL_Driver/Src/stm32f4xx_ll_usb.c ****     }
 1745              		.loc 1 744 7 is_stmt 1 view .LVU581
 744:Drivers/STM32F4xx_HAL_Driver/Src/stm32f4xx_ll_usb.c ****     }
 1746              		.loc 1 744 24 is_stmt 0 view .LVU582
 1747 0092 D3F8002B 		ldr	r2, [r3, #2816]
 744:Drivers/STM32F4xx_HAL_Driver/Src/stm32f4xx_ll_usb.c ****     }
 1748              		.loc 1 744 35 view .LVU583
 1749 0096 42F08042 		orr	r2, r2, #1073741824
 1750 009a C3F8002B 		str	r2, [r3, #2816]
 1751 009e B9E7     		b	.L116
 1752              		.cfi_endproc
 1753              	.LFE252:
 1755              		.section	.text.USB_EPStopXfer,"ax",%progbits
 1756              		.align	1
 1757              		.global	USB_EPStopXfer
 1758              		.syntax unified
 1759              		.thumb
 1760              		.thumb_func
 1762              	USB_EPStopXfer:
 1763              	.LVL117:
 1764              	.LFB254:
 937:Drivers/STM32F4xx_HAL_Driver/Src/stm32f4xx_ll_usb.c ****   __IO uint32_t count = 0U;
 1765              		.loc 1 937 1 is_stmt 1 view -0
 1766              		.cfi_startproc
 1767              		@ args = 0, pretend = 0, frame = 8
 1768              		@ frame_needed = 0, uses_anonymous_args = 0
 1769              		@ link register save eliminated.
 937:Drivers/STM32F4xx_HAL_Driver/Src/stm32f4xx_ll_usb.c ****   __IO uint32_t count = 0U;
 1770              		.loc 1 937 1 is_stmt 0 view .LVU585
 1771 0000 10B4     		push	{r4}
 1772              	.LCFI24:
 1773              		.cfi_def_cfa_offset 4
 1774              		.cfi_offset 4, -4
 1775 0002 83B0     		sub	sp, sp, #12
 1776              	.LCFI25:
 1777              		.cfi_def_cfa_offset 16
 1778 0004 0246     		mov	r2, r0
 938:Drivers/STM32F4xx_HAL_Driver/Src/stm32f4xx_ll_usb.c ****   HAL_StatusTypeDef ret = HAL_OK;
 1779              		.loc 1 938 3 is_stmt 1 view .LVU586
 938:Drivers/STM32F4xx_HAL_Driver/Src/stm32f4xx_ll_usb.c ****   HAL_StatusTypeDef ret = HAL_OK;
 1780              		.loc 1 938 17 is_stmt 0 view .LVU587
 1781 0006 0023     		movs	r3, #0
 1782 0008 0193     		str	r3, [sp, #4]
 939:Drivers/STM32F4xx_HAL_Driver/Src/stm32f4xx_ll_usb.c ****   uint32_t USBx_BASE = (uint32_t)USBx;
 1783              		.loc 1 939 3 is_stmt 1 view .LVU588
 1784              	.LVL118:
 940:Drivers/STM32F4xx_HAL_Driver/Src/stm32f4xx_ll_usb.c **** 
 1785              		.loc 1 940 3 view .LVU589
 943:Drivers/STM32F4xx_HAL_Driver/Src/stm32f4xx_ll_usb.c ****   {
 1786              		.loc 1 943 3 view .LVU590
 943:Drivers/STM32F4xx_HAL_Driver/Src/stm32f4xx_ll_usb.c ****   {
 1787              		.loc 1 943 9 is_stmt 0 view .LVU591
 1788 000a 4878     		ldrb	r0, [r1, #1]	@ zero_extendqisi2
 1789              	.LVL119:
 943:Drivers/STM32F4xx_HAL_Driver/Src/stm32f4xx_ll_usb.c ****   {
ARM GAS  /tmp/cccSJnlz.s 			page 67


 1790              		.loc 1 943 6 view .LVU592
 1791 000c 0128     		cmp	r0, #1
 1792 000e 0BD0     		beq	.L129
 965:Drivers/STM32F4xx_HAL_Driver/Src/stm32f4xx_ll_usb.c ****     {
 1793              		.loc 1 965 5 is_stmt 1 view .LVU593
 965:Drivers/STM32F4xx_HAL_Driver/Src/stm32f4xx_ll_usb.c ****     {
 1794              		.loc 1 965 11 is_stmt 0 view .LVU594
 1795 0010 0B78     		ldrb	r3, [r1]	@ zero_extendqisi2
 1796 0012 02EB4313 		add	r3, r2, r3, lsl #5
 965:Drivers/STM32F4xx_HAL_Driver/Src/stm32f4xx_ll_usb.c ****     {
 1797              		.loc 1 965 30 view .LVU595
 1798 0016 D3F8000B 		ldr	r0, [r3, #2816]
 965:Drivers/STM32F4xx_HAL_Driver/Src/stm32f4xx_ll_usb.c ****     {
 1799              		.loc 1 965 8 view .LVU596
 1800 001a 0028     		cmp	r0, #0
 1801 001c 2DDB     		blt	.L130
 939:Drivers/STM32F4xx_HAL_Driver/Src/stm32f4xx_ll_usb.c ****   uint32_t USBx_BASE = (uint32_t)USBx;
 1802              		.loc 1 939 21 view .LVU597
 1803 001e 0020     		movs	r0, #0
 1804              	.L122:
 1805              	.LVL120:
 983:Drivers/STM32F4xx_HAL_Driver/Src/stm32f4xx_ll_usb.c **** }
 1806              		.loc 1 983 3 is_stmt 1 view .LVU598
 984:Drivers/STM32F4xx_HAL_Driver/Src/stm32f4xx_ll_usb.c **** 
 1807              		.loc 1 984 1 is_stmt 0 view .LVU599
 1808 0020 03B0     		add	sp, sp, #12
 1809              	.LCFI26:
 1810              		.cfi_remember_state
 1811              		.cfi_def_cfa_offset 4
 1812              		@ sp needed
 1813 0022 5DF8044B 		ldr	r4, [sp], #4
 1814 0026 7047     		bx	lr
 1815              	.LVL121:
 1816              	.L129:
 1817              	.LCFI27:
 1818              		.cfi_restore_state
 946:Drivers/STM32F4xx_HAL_Driver/Src/stm32f4xx_ll_usb.c ****     {
 1819              		.loc 1 946 5 is_stmt 1 view .LVU600
 946:Drivers/STM32F4xx_HAL_Driver/Src/stm32f4xx_ll_usb.c ****     {
 1820              		.loc 1 946 11 is_stmt 0 view .LVU601
 1821 0028 0B78     		ldrb	r3, [r1]	@ zero_extendqisi2
 1822 002a 02EB4313 		add	r3, r2, r3, lsl #5
 946:Drivers/STM32F4xx_HAL_Driver/Src/stm32f4xx_ll_usb.c ****     {
 1823              		.loc 1 946 29 view .LVU602
 1824 002e D3F80049 		ldr	r4, [r3, #2304]
 946:Drivers/STM32F4xx_HAL_Driver/Src/stm32f4xx_ll_usb.c ****     {
 1825              		.loc 1 946 8 view .LVU603
 1826 0032 002C     		cmp	r4, #0
 1827 0034 01DB     		blt	.L131
 939:Drivers/STM32F4xx_HAL_Driver/Src/stm32f4xx_ll_usb.c ****   uint32_t USBx_BASE = (uint32_t)USBx;
 1828              		.loc 1 939 21 view .LVU604
 1829 0036 0020     		movs	r0, #0
 1830 0038 F2E7     		b	.L122
 1831              	.L131:
 948:Drivers/STM32F4xx_HAL_Driver/Src/stm32f4xx_ll_usb.c ****       USBx_INEP(ep->num)->DIEPCTL |= (USB_OTG_DIEPCTL_EPDIS);
 1832              		.loc 1 948 7 is_stmt 1 view .LVU605
 948:Drivers/STM32F4xx_HAL_Driver/Src/stm32f4xx_ll_usb.c ****       USBx_INEP(ep->num)->DIEPCTL |= (USB_OTG_DIEPCTL_EPDIS);
ARM GAS  /tmp/cccSJnlz.s 			page 68


 1833              		.loc 1 948 25 is_stmt 0 view .LVU606
 1834 003a D3F80049 		ldr	r4, [r3, #2304]
 948:Drivers/STM32F4xx_HAL_Driver/Src/stm32f4xx_ll_usb.c ****       USBx_INEP(ep->num)->DIEPCTL |= (USB_OTG_DIEPCTL_EPDIS);
 1835              		.loc 1 948 35 view .LVU607
 1836 003e 44F00064 		orr	r4, r4, #134217728
 1837 0042 C3F80049 		str	r4, [r3, #2304]
 949:Drivers/STM32F4xx_HAL_Driver/Src/stm32f4xx_ll_usb.c **** 
 1838              		.loc 1 949 7 is_stmt 1 view .LVU608
 1839 0046 0B78     		ldrb	r3, [r1]	@ zero_extendqisi2
 949:Drivers/STM32F4xx_HAL_Driver/Src/stm32f4xx_ll_usb.c **** 
 1840              		.loc 1 949 25 is_stmt 0 view .LVU609
 1841 0048 02EB4313 		add	r3, r2, r3, lsl #5
 1842 004c D3F80049 		ldr	r4, [r3, #2304]
 949:Drivers/STM32F4xx_HAL_Driver/Src/stm32f4xx_ll_usb.c **** 
 1843              		.loc 1 949 35 view .LVU610
 1844 0050 44F08044 		orr	r4, r4, #1073741824
 1845 0054 C3F80049 		str	r4, [r3, #2304]
 1846              	.L123:
 951:Drivers/STM32F4xx_HAL_Driver/Src/stm32f4xx_ll_usb.c ****       {
 1847              		.loc 1 951 7 is_stmt 1 view .LVU611
 953:Drivers/STM32F4xx_HAL_Driver/Src/stm32f4xx_ll_usb.c **** 
 1848              		.loc 1 953 9 view .LVU612
 953:Drivers/STM32F4xx_HAL_Driver/Src/stm32f4xx_ll_usb.c **** 
 1849              		.loc 1 953 14 is_stmt 0 view .LVU613
 1850 0058 019B     		ldr	r3, [sp, #4]
 1851 005a 0133     		adds	r3, r3, #1
 1852 005c 0193     		str	r3, [sp, #4]
 955:Drivers/STM32F4xx_HAL_Driver/Src/stm32f4xx_ll_usb.c ****         {
 1853              		.loc 1 955 9 is_stmt 1 view .LVU614
 955:Drivers/STM32F4xx_HAL_Driver/Src/stm32f4xx_ll_usb.c ****         {
 1854              		.loc 1 955 19 is_stmt 0 view .LVU615
 1855 005e 019C     		ldr	r4, [sp, #4]
 955:Drivers/STM32F4xx_HAL_Driver/Src/stm32f4xx_ll_usb.c ****         {
 1856              		.loc 1 955 12 view .LVU616
 1857 0060 42F21073 		movw	r3, #10000
 1858 0064 9C42     		cmp	r4, r3
 1859 0066 DBD8     		bhi	.L122
 960:Drivers/STM32F4xx_HAL_Driver/Src/stm32f4xx_ll_usb.c ****     }
 1860              		.loc 1 960 72 is_stmt 1 view .LVU617
 960:Drivers/STM32F4xx_HAL_Driver/Src/stm32f4xx_ll_usb.c ****     }
 1861              		.loc 1 960 18 is_stmt 0 view .LVU618
 1862 0068 0B78     		ldrb	r3, [r1]	@ zero_extendqisi2
 1863 006a 02EB4313 		add	r3, r2, r3, lsl #5
 960:Drivers/STM32F4xx_HAL_Driver/Src/stm32f4xx_ll_usb.c ****     }
 1864              		.loc 1 960 36 view .LVU619
 1865 006e D3F80039 		ldr	r3, [r3, #2304]
 960:Drivers/STM32F4xx_HAL_Driver/Src/stm32f4xx_ll_usb.c ****     }
 1866              		.loc 1 960 72 view .LVU620
 1867 0072 002B     		cmp	r3, #0
 1868 0074 F0DB     		blt	.L123
 939:Drivers/STM32F4xx_HAL_Driver/Src/stm32f4xx_ll_usb.c ****   uint32_t USBx_BASE = (uint32_t)USBx;
 1869              		.loc 1 939 21 view .LVU621
 1870 0076 0020     		movs	r0, #0
 1871 0078 D2E7     		b	.L122
 1872              	.L130:
 967:Drivers/STM32F4xx_HAL_Driver/Src/stm32f4xx_ll_usb.c ****       USBx_OUTEP(ep->num)->DOEPCTL |= (USB_OTG_DOEPCTL_EPDIS);
 1873              		.loc 1 967 7 is_stmt 1 view .LVU622
ARM GAS  /tmp/cccSJnlz.s 			page 69


 967:Drivers/STM32F4xx_HAL_Driver/Src/stm32f4xx_ll_usb.c ****       USBx_OUTEP(ep->num)->DOEPCTL |= (USB_OTG_DOEPCTL_EPDIS);
 1874              		.loc 1 967 26 is_stmt 0 view .LVU623
 1875 007a D3F8000B 		ldr	r0, [r3, #2816]
 967:Drivers/STM32F4xx_HAL_Driver/Src/stm32f4xx_ll_usb.c ****       USBx_OUTEP(ep->num)->DOEPCTL |= (USB_OTG_DOEPCTL_EPDIS);
 1876              		.loc 1 967 36 view .LVU624
 1877 007e 40F00060 		orr	r0, r0, #134217728
 1878 0082 C3F8000B 		str	r0, [r3, #2816]
 968:Drivers/STM32F4xx_HAL_Driver/Src/stm32f4xx_ll_usb.c **** 
 1879              		.loc 1 968 7 is_stmt 1 view .LVU625
 1880 0086 0B78     		ldrb	r3, [r1]	@ zero_extendqisi2
 968:Drivers/STM32F4xx_HAL_Driver/Src/stm32f4xx_ll_usb.c **** 
 1881              		.loc 1 968 26 is_stmt 0 view .LVU626
 1882 0088 02EB4313 		add	r3, r2, r3, lsl #5
 1883 008c D3F8000B 		ldr	r0, [r3, #2816]
 968:Drivers/STM32F4xx_HAL_Driver/Src/stm32f4xx_ll_usb.c **** 
 1884              		.loc 1 968 36 view .LVU627
 1885 0090 40F08040 		orr	r0, r0, #1073741824
 1886 0094 C3F8000B 		str	r0, [r3, #2816]
 1887              	.L124:
 970:Drivers/STM32F4xx_HAL_Driver/Src/stm32f4xx_ll_usb.c ****       {
 1888              		.loc 1 970 7 is_stmt 1 view .LVU628
 972:Drivers/STM32F4xx_HAL_Driver/Src/stm32f4xx_ll_usb.c **** 
 1889              		.loc 1 972 9 view .LVU629
 972:Drivers/STM32F4xx_HAL_Driver/Src/stm32f4xx_ll_usb.c **** 
 1890              		.loc 1 972 14 is_stmt 0 view .LVU630
 1891 0098 019B     		ldr	r3, [sp, #4]
 1892 009a 0133     		adds	r3, r3, #1
 1893 009c 0193     		str	r3, [sp, #4]
 974:Drivers/STM32F4xx_HAL_Driver/Src/stm32f4xx_ll_usb.c ****         {
 1894              		.loc 1 974 9 is_stmt 1 view .LVU631
 974:Drivers/STM32F4xx_HAL_Driver/Src/stm32f4xx_ll_usb.c ****         {
 1895              		.loc 1 974 19 is_stmt 0 view .LVU632
 1896 009e 0198     		ldr	r0, [sp, #4]
 974:Drivers/STM32F4xx_HAL_Driver/Src/stm32f4xx_ll_usb.c ****         {
 1897              		.loc 1 974 12 view .LVU633
 1898 00a0 42F21073 		movw	r3, #10000
 1899 00a4 9842     		cmp	r0, r3
 1900 00a6 08D8     		bhi	.L127
 979:Drivers/STM32F4xx_HAL_Driver/Src/stm32f4xx_ll_usb.c ****     }
 1901              		.loc 1 979 73 is_stmt 1 view .LVU634
 979:Drivers/STM32F4xx_HAL_Driver/Src/stm32f4xx_ll_usb.c ****     }
 1902              		.loc 1 979 18 is_stmt 0 view .LVU635
 1903 00a8 0B78     		ldrb	r3, [r1]	@ zero_extendqisi2
 1904 00aa 02EB4313 		add	r3, r2, r3, lsl #5
 979:Drivers/STM32F4xx_HAL_Driver/Src/stm32f4xx_ll_usb.c ****     }
 1905              		.loc 1 979 37 view .LVU636
 1906 00ae D3F8003B 		ldr	r3, [r3, #2816]
 979:Drivers/STM32F4xx_HAL_Driver/Src/stm32f4xx_ll_usb.c ****     }
 1907              		.loc 1 979 73 view .LVU637
 1908 00b2 002B     		cmp	r3, #0
 1909 00b4 F0DB     		blt	.L124
 939:Drivers/STM32F4xx_HAL_Driver/Src/stm32f4xx_ll_usb.c ****   uint32_t USBx_BASE = (uint32_t)USBx;
 1910              		.loc 1 939 21 view .LVU638
 1911 00b6 0020     		movs	r0, #0
 1912 00b8 B2E7     		b	.L122
 1913              	.L127:
 976:Drivers/STM32F4xx_HAL_Driver/Src/stm32f4xx_ll_usb.c ****           break;
ARM GAS  /tmp/cccSJnlz.s 			page 70


 1914              		.loc 1 976 15 view .LVU639
 1915 00ba 0120     		movs	r0, #1
 1916 00bc B0E7     		b	.L122
 1917              		.cfi_endproc
 1918              	.LFE254:
 1920              		.section	.text.USB_WritePacket,"ax",%progbits
 1921              		.align	1
 1922              		.global	USB_WritePacket
 1923              		.syntax unified
 1924              		.thumb
 1925              		.thumb_func
 1927              	USB_WritePacket:
 1928              	.LVL122:
 1929              	.LFB255:
1002:Drivers/STM32F4xx_HAL_Driver/Src/stm32f4xx_ll_usb.c ****   uint32_t USBx_BASE = (uint32_t)USBx;
 1930              		.loc 1 1002 1 is_stmt 1 view -0
 1931              		.cfi_startproc
 1932              		@ args = 4, pretend = 0, frame = 0
 1933              		@ frame_needed = 0, uses_anonymous_args = 0
1002:Drivers/STM32F4xx_HAL_Driver/Src/stm32f4xx_ll_usb.c ****   uint32_t USBx_BASE = (uint32_t)USBx;
 1934              		.loc 1 1002 1 is_stmt 0 view .LVU641
 1935 0000 10B5     		push	{r4, lr}
 1936              	.LCFI28:
 1937              		.cfi_def_cfa_offset 8
 1938              		.cfi_offset 4, -8
 1939              		.cfi_offset 14, -4
 1940 0002 9DF80840 		ldrb	r4, [sp, #8]	@ zero_extendqisi2
1003:Drivers/STM32F4xx_HAL_Driver/Src/stm32f4xx_ll_usb.c ****   uint8_t *pSrc = src;
 1941              		.loc 1 1003 3 is_stmt 1 view .LVU642
 1942              	.LVL123:
1004:Drivers/STM32F4xx_HAL_Driver/Src/stm32f4xx_ll_usb.c ****   uint32_t count32b;
 1943              		.loc 1 1004 3 view .LVU643
1005:Drivers/STM32F4xx_HAL_Driver/Src/stm32f4xx_ll_usb.c ****   uint32_t i;
 1944              		.loc 1 1005 3 view .LVU644
1006:Drivers/STM32F4xx_HAL_Driver/Src/stm32f4xx_ll_usb.c **** 
 1945              		.loc 1 1006 3 view .LVU645
1008:Drivers/STM32F4xx_HAL_Driver/Src/stm32f4xx_ll_usb.c ****   {
 1946              		.loc 1 1008 3 view .LVU646
1008:Drivers/STM32F4xx_HAL_Driver/Src/stm32f4xx_ll_usb.c ****   {
 1947              		.loc 1 1008 6 is_stmt 0 view .LVU647
 1948 0006 84B9     		cbnz	r4, .L133
1010:Drivers/STM32F4xx_HAL_Driver/Src/stm32f4xx_ll_usb.c ****     for (i = 0U; i < count32b; i++)
 1949              		.loc 1 1010 5 is_stmt 1 view .LVU648
1010:Drivers/STM32F4xx_HAL_Driver/Src/stm32f4xx_ll_usb.c ****     for (i = 0U; i < count32b; i++)
 1950              		.loc 1 1010 31 is_stmt 0 view .LVU649
 1951 0008 0333     		adds	r3, r3, #3
 1952              	.LVL124:
1010:Drivers/STM32F4xx_HAL_Driver/Src/stm32f4xx_ll_usb.c ****     for (i = 0U; i < count32b; i++)
 1953              		.loc 1 1010 14 view .LVU650
 1954 000a 4FEA930E 		lsr	lr, r3, #2
 1955              	.LVL125:
1011:Drivers/STM32F4xx_HAL_Driver/Src/stm32f4xx_ll_usb.c ****     {
 1956              		.loc 1 1011 5 is_stmt 1 view .LVU651
1011:Drivers/STM32F4xx_HAL_Driver/Src/stm32f4xx_ll_usb.c ****     {
 1957              		.loc 1 1011 12 is_stmt 0 view .LVU652
 1958 000e 4FF0000C 		mov	ip, #0
1011:Drivers/STM32F4xx_HAL_Driver/Src/stm32f4xx_ll_usb.c ****     {
ARM GAS  /tmp/cccSJnlz.s 			page 71


 1959              		.loc 1 1011 5 view .LVU653
 1960 0012 08E0     		b	.L134
 1961              	.LVL126:
 1962              	.L135:
1013:Drivers/STM32F4xx_HAL_Driver/Src/stm32f4xx_ll_usb.c ****       pSrc++;
 1963              		.loc 1 1013 7 is_stmt 1 view .LVU654
 1964 0014 00EB0233 		add	r3, r0, r2, lsl #12
 1965 0018 03F58053 		add	r3, r3, #4096
1013:Drivers/STM32F4xx_HAL_Driver/Src/stm32f4xx_ll_usb.c ****       pSrc++;
 1966              		.loc 1 1013 41 is_stmt 0 view .LVU655
 1967 001c 51F8044B 		ldr	r4, [r1], #4	@ unaligned
 1968              	.LVL127:
1013:Drivers/STM32F4xx_HAL_Driver/Src/stm32f4xx_ll_usb.c ****       pSrc++;
 1969              		.loc 1 1013 39 view .LVU656
 1970 0020 1C60     		str	r4, [r3]
1014:Drivers/STM32F4xx_HAL_Driver/Src/stm32f4xx_ll_usb.c ****       pSrc++;
 1971              		.loc 1 1014 7 is_stmt 1 view .LVU657
 1972              	.LVL128:
1015:Drivers/STM32F4xx_HAL_Driver/Src/stm32f4xx_ll_usb.c ****       pSrc++;
 1973              		.loc 1 1015 7 view .LVU658
1016:Drivers/STM32F4xx_HAL_Driver/Src/stm32f4xx_ll_usb.c ****       pSrc++;
 1974              		.loc 1 1016 7 view .LVU659
1017:Drivers/STM32F4xx_HAL_Driver/Src/stm32f4xx_ll_usb.c ****     }
 1975              		.loc 1 1017 7 view .LVU660
1011:Drivers/STM32F4xx_HAL_Driver/Src/stm32f4xx_ll_usb.c ****     {
 1976              		.loc 1 1011 33 discriminator 3 view .LVU661
 1977 0022 0CF1010C 		add	ip, ip, #1
 1978              	.LVL129:
 1979              	.L134:
1011:Drivers/STM32F4xx_HAL_Driver/Src/stm32f4xx_ll_usb.c ****     {
 1980              		.loc 1 1011 20 discriminator 1 view .LVU662
 1981 0026 F445     		cmp	ip, lr
 1982 0028 F4D3     		bcc	.L135
 1983              	.LVL130:
 1984              	.L133:
1021:Drivers/STM32F4xx_HAL_Driver/Src/stm32f4xx_ll_usb.c **** }
 1985              		.loc 1 1021 3 view .LVU663
1022:Drivers/STM32F4xx_HAL_Driver/Src/stm32f4xx_ll_usb.c **** 
 1986              		.loc 1 1022 1 is_stmt 0 view .LVU664
 1987 002a 0020     		movs	r0, #0
 1988              	.LVL131:
1022:Drivers/STM32F4xx_HAL_Driver/Src/stm32f4xx_ll_usb.c **** 
 1989              		.loc 1 1022 1 view .LVU665
 1990 002c 10BD     		pop	{r4, pc}
1022:Drivers/STM32F4xx_HAL_Driver/Src/stm32f4xx_ll_usb.c **** 
 1991              		.loc 1 1022 1 view .LVU666
 1992              		.cfi_endproc
 1993              	.LFE255:
 1995              		.section	.text.USB_EPStartXfer,"ax",%progbits
 1996              		.align	1
 1997              		.global	USB_EPStartXfer
 1998              		.syntax unified
 1999              		.thumb
 2000              		.thumb_func
 2002              	USB_EPStartXfer:
 2003              	.LVL132:
 2004              	.LFB253:
ARM GAS  /tmp/cccSJnlz.s 			page 72


 765:Drivers/STM32F4xx_HAL_Driver/Src/stm32f4xx_ll_usb.c ****   uint32_t USBx_BASE = (uint32_t)USBx;
 2005              		.loc 1 765 1 is_stmt 1 view -0
 2006              		.cfi_startproc
 2007              		@ args = 0, pretend = 0, frame = 0
 2008              		@ frame_needed = 0, uses_anonymous_args = 0
 765:Drivers/STM32F4xx_HAL_Driver/Src/stm32f4xx_ll_usb.c ****   uint32_t USBx_BASE = (uint32_t)USBx;
 2009              		.loc 1 765 1 is_stmt 0 view .LVU668
 2010 0000 F0B5     		push	{r4, r5, r6, r7, lr}
 2011              	.LCFI29:
 2012              		.cfi_def_cfa_offset 20
 2013              		.cfi_offset 4, -20
 2014              		.cfi_offset 5, -16
 2015              		.cfi_offset 6, -12
 2016              		.cfi_offset 7, -8
 2017              		.cfi_offset 14, -4
 2018 0002 83B0     		sub	sp, sp, #12
 2019              	.LCFI30:
 2020              		.cfi_def_cfa_offset 32
 766:Drivers/STM32F4xx_HAL_Driver/Src/stm32f4xx_ll_usb.c ****   uint32_t epnum = (uint32_t)ep->num;
 2021              		.loc 1 766 3 is_stmt 1 view .LVU669
 2022              	.LVL133:
 767:Drivers/STM32F4xx_HAL_Driver/Src/stm32f4xx_ll_usb.c ****   uint16_t pktcnt;
 2023              		.loc 1 767 3 view .LVU670
 767:Drivers/STM32F4xx_HAL_Driver/Src/stm32f4xx_ll_usb.c ****   uint16_t pktcnt;
 2024              		.loc 1 767 32 is_stmt 0 view .LVU671
 2025 0004 0C78     		ldrb	r4, [r1]	@ zero_extendqisi2
 2026              	.LVL134:
 768:Drivers/STM32F4xx_HAL_Driver/Src/stm32f4xx_ll_usb.c **** 
 2027              		.loc 1 768 3 is_stmt 1 view .LVU672
 771:Drivers/STM32F4xx_HAL_Driver/Src/stm32f4xx_ll_usb.c ****   {
 2028              		.loc 1 771 3 view .LVU673
 771:Drivers/STM32F4xx_HAL_Driver/Src/stm32f4xx_ll_usb.c ****   {
 2029              		.loc 1 771 9 is_stmt 0 view .LVU674
 2030 0006 4B78     		ldrb	r3, [r1, #1]	@ zero_extendqisi2
 771:Drivers/STM32F4xx_HAL_Driver/Src/stm32f4xx_ll_usb.c ****   {
 2031              		.loc 1 771 6 view .LVU675
 2032 0008 012B     		cmp	r3, #1
 2033 000a 2DD0     		beq	.L160
 870:Drivers/STM32F4xx_HAL_Driver/Src/stm32f4xx_ll_usb.c ****     USBx_OUTEP(epnum)->DOEPTSIZ &= ~(USB_OTG_DOEPTSIZ_PKTCNT);
 2034              		.loc 1 870 5 is_stmt 1 view .LVU676
 870:Drivers/STM32F4xx_HAL_Driver/Src/stm32f4xx_ll_usb.c ****     USBx_OUTEP(epnum)->DOEPTSIZ &= ~(USB_OTG_DOEPTSIZ_PKTCNT);
 2035              		.loc 1 870 22 is_stmt 0 view .LVU677
 2036 000c 00EB441C 		add	ip, r0, r4, lsl #5
 2037 0010 0CF53063 		add	r3, ip, #2816
 2038 0014 1D69     		ldr	r5, [r3, #16]
 870:Drivers/STM32F4xx_HAL_Driver/Src/stm32f4xx_ll_usb.c ****     USBx_OUTEP(epnum)->DOEPTSIZ &= ~(USB_OTG_DOEPTSIZ_PKTCNT);
 2039              		.loc 1 870 33 view .LVU678
 2040 0016 6FF31205 		bfc	r5, #0, #19
 2041 001a 1D61     		str	r5, [r3, #16]
 871:Drivers/STM32F4xx_HAL_Driver/Src/stm32f4xx_ll_usb.c **** 
 2042              		.loc 1 871 5 is_stmt 1 view .LVU679
 871:Drivers/STM32F4xx_HAL_Driver/Src/stm32f4xx_ll_usb.c **** 
 2043              		.loc 1 871 22 is_stmt 0 view .LVU680
 2044 001c 1D69     		ldr	r5, [r3, #16]
 871:Drivers/STM32F4xx_HAL_Driver/Src/stm32f4xx_ll_usb.c **** 
 2045              		.loc 1 871 33 view .LVU681
 2046 001e 6FF3DC45 		bfc	r5, #19, #10
ARM GAS  /tmp/cccSJnlz.s 			page 73


 2047 0022 1D61     		str	r5, [r3, #16]
 873:Drivers/STM32F4xx_HAL_Driver/Src/stm32f4xx_ll_usb.c ****     {
 2048              		.loc 1 873 5 is_stmt 1 view .LVU682
 873:Drivers/STM32F4xx_HAL_Driver/Src/stm32f4xx_ll_usb.c ****     {
 2049              		.loc 1 873 8 is_stmt 0 view .LVU683
 2050 0024 002C     		cmp	r4, #0
 2051 0026 40F0CE80 		bne	.L152
 875:Drivers/STM32F4xx_HAL_Driver/Src/stm32f4xx_ll_usb.c ****       {
 2052              		.loc 1 875 7 is_stmt 1 view .LVU684
 875:Drivers/STM32F4xx_HAL_Driver/Src/stm32f4xx_ll_usb.c ****       {
 2053              		.loc 1 875 13 is_stmt 0 view .LVU685
 2054 002a 0C69     		ldr	r4, [r1, #16]
 2055              	.LVL135:
 875:Drivers/STM32F4xx_HAL_Driver/Src/stm32f4xx_ll_usb.c ****       {
 2056              		.loc 1 875 10 view .LVU686
 2057 002c 0CB1     		cbz	r4, .L153
 877:Drivers/STM32F4xx_HAL_Driver/Src/stm32f4xx_ll_usb.c ****       }
 2058              		.loc 1 877 9 is_stmt 1 view .LVU687
 877:Drivers/STM32F4xx_HAL_Driver/Src/stm32f4xx_ll_usb.c ****       }
 2059              		.loc 1 877 26 is_stmt 0 view .LVU688
 2060 002e 8C68     		ldr	r4, [r1, #8]
 877:Drivers/STM32F4xx_HAL_Driver/Src/stm32f4xx_ll_usb.c ****       }
 2061              		.loc 1 877 22 view .LVU689
 2062 0030 0C61     		str	r4, [r1, #16]
 2063              	.L153:
 881:Drivers/STM32F4xx_HAL_Driver/Src/stm32f4xx_ll_usb.c **** 
 2064              		.loc 1 881 7 is_stmt 1 view .LVU690
 881:Drivers/STM32F4xx_HAL_Driver/Src/stm32f4xx_ll_usb.c **** 
 2065              		.loc 1 881 25 is_stmt 0 view .LVU691
 2066 0032 8C68     		ldr	r4, [r1, #8]
 881:Drivers/STM32F4xx_HAL_Driver/Src/stm32f4xx_ll_usb.c **** 
 2067              		.loc 1 881 21 view .LVU692
 2068 0034 0C62     		str	r4, [r1, #32]
 883:Drivers/STM32F4xx_HAL_Driver/Src/stm32f4xx_ll_usb.c ****       USBx_OUTEP(epnum)->DOEPTSIZ |= (USB_OTG_DOEPTSIZ_PKTCNT & (1U << 19));
 2069              		.loc 1 883 7 is_stmt 1 view .LVU693
 883:Drivers/STM32F4xx_HAL_Driver/Src/stm32f4xx_ll_usb.c ****       USBx_OUTEP(epnum)->DOEPTSIZ |= (USB_OTG_DOEPTSIZ_PKTCNT & (1U << 19));
 2070              		.loc 1 883 24 is_stmt 0 view .LVU694
 2071 0036 1D69     		ldr	r5, [r3, #16]
 883:Drivers/STM32F4xx_HAL_Driver/Src/stm32f4xx_ll_usb.c ****       USBx_OUTEP(epnum)->DOEPTSIZ |= (USB_OTG_DOEPTSIZ_PKTCNT & (1U << 19));
 2072              		.loc 1 883 63 view .LVU695
 2073 0038 C4F31204 		ubfx	r4, r4, #0, #19
 883:Drivers/STM32F4xx_HAL_Driver/Src/stm32f4xx_ll_usb.c ****       USBx_OUTEP(epnum)->DOEPTSIZ |= (USB_OTG_DOEPTSIZ_PKTCNT & (1U << 19));
 2074              		.loc 1 883 35 view .LVU696
 2075 003c 2C43     		orrs	r4, r4, r5
 2076 003e 1C61     		str	r4, [r3, #16]
 884:Drivers/STM32F4xx_HAL_Driver/Src/stm32f4xx_ll_usb.c ****     }
 2077              		.loc 1 884 7 is_stmt 1 view .LVU697
 884:Drivers/STM32F4xx_HAL_Driver/Src/stm32f4xx_ll_usb.c ****     }
 2078              		.loc 1 884 24 is_stmt 0 view .LVU698
 2079 0040 1C69     		ldr	r4, [r3, #16]
 884:Drivers/STM32F4xx_HAL_Driver/Src/stm32f4xx_ll_usb.c ****     }
 2080              		.loc 1 884 35 view .LVU699
 2081 0042 44F40024 		orr	r4, r4, #524288
 2082 0046 1C61     		str	r4, [r3, #16]
 2083              	.L154:
 903:Drivers/STM32F4xx_HAL_Driver/Src/stm32f4xx_ll_usb.c ****     {
 2084              		.loc 1 903 5 is_stmt 1 view .LVU700
ARM GAS  /tmp/cccSJnlz.s 			page 74


 903:Drivers/STM32F4xx_HAL_Driver/Src/stm32f4xx_ll_usb.c ****     {
 2085              		.loc 1 903 8 is_stmt 0 view .LVU701
 2086 0048 012A     		cmp	r2, #1
 2087 004a 00F0DF80 		beq	.L161
 2088              	.LVL136:
 2089              	.L156:
 911:Drivers/STM32F4xx_HAL_Driver/Src/stm32f4xx_ll_usb.c ****     {
 2090              		.loc 1 911 5 is_stmt 1 view .LVU702
 911:Drivers/STM32F4xx_HAL_Driver/Src/stm32f4xx_ll_usb.c ****     {
 2091              		.loc 1 911 11 is_stmt 0 view .LVU703
 2092 004e 0B79     		ldrb	r3, [r1, #4]	@ zero_extendqisi2
 911:Drivers/STM32F4xx_HAL_Driver/Src/stm32f4xx_ll_usb.c ****     {
 2093              		.loc 1 911 8 view .LVU704
 2094 0050 012B     		cmp	r3, #1
 2095 0052 00F0E180 		beq	.L162
 2096              	.L157:
 923:Drivers/STM32F4xx_HAL_Driver/Src/stm32f4xx_ll_usb.c ****   }
 2097              		.loc 1 923 5 is_stmt 1 view .LVU705
 923:Drivers/STM32F4xx_HAL_Driver/Src/stm32f4xx_ll_usb.c ****   }
 2098              		.loc 1 923 22 is_stmt 0 view .LVU706
 2099 0056 DCF8003B 		ldr	r3, [ip, #2816]
 923:Drivers/STM32F4xx_HAL_Driver/Src/stm32f4xx_ll_usb.c ****   }
 2100              		.loc 1 923 32 view .LVU707
 2101 005a 43F00443 		orr	r3, r3, #-2080374784
 2102 005e CCF8003B 		str	r3, [ip, #2816]
 2103              	.LVL137:
 2104              	.L148:
 926:Drivers/STM32F4xx_HAL_Driver/Src/stm32f4xx_ll_usb.c **** }
 2105              		.loc 1 926 3 is_stmt 1 view .LVU708
 927:Drivers/STM32F4xx_HAL_Driver/Src/stm32f4xx_ll_usb.c **** 
 2106              		.loc 1 927 1 is_stmt 0 view .LVU709
 2107 0062 0020     		movs	r0, #0
 2108 0064 03B0     		add	sp, sp, #12
 2109              	.LCFI31:
 2110              		.cfi_remember_state
 2111              		.cfi_def_cfa_offset 20
 2112              		@ sp needed
 2113 0066 F0BD     		pop	{r4, r5, r6, r7, pc}
 2114              	.LVL138:
 2115              	.L160:
 2116              	.LCFI32:
 2117              		.cfi_restore_state
 774:Drivers/STM32F4xx_HAL_Driver/Src/stm32f4xx_ll_usb.c ****     {
 2118              		.loc 1 774 5 is_stmt 1 view .LVU710
 774:Drivers/STM32F4xx_HAL_Driver/Src/stm32f4xx_ll_usb.c ****     {
 2119              		.loc 1 774 11 is_stmt 0 view .LVU711
 2120 0068 0B69     		ldr	r3, [r1, #16]
 774:Drivers/STM32F4xx_HAL_Driver/Src/stm32f4xx_ll_usb.c ****     {
 2121              		.loc 1 774 8 view .LVU712
 2122 006a 73BB     		cbnz	r3, .L139
 776:Drivers/STM32F4xx_HAL_Driver/Src/stm32f4xx_ll_usb.c ****       USBx_INEP(epnum)->DIEPTSIZ |= (USB_OTG_DIEPTSIZ_PKTCNT & (1U << 19));
 2123              		.loc 1 776 7 is_stmt 1 view .LVU713
 776:Drivers/STM32F4xx_HAL_Driver/Src/stm32f4xx_ll_usb.c ****       USBx_INEP(epnum)->DIEPTSIZ |= (USB_OTG_DIEPTSIZ_PKTCNT & (1U << 19));
 2124              		.loc 1 776 23 is_stmt 0 view .LVU714
 2125 006c 00EB4413 		add	r3, r0, r4, lsl #5
 2126 0070 D3F81059 		ldr	r5, [r3, #2320]
 776:Drivers/STM32F4xx_HAL_Driver/Src/stm32f4xx_ll_usb.c ****       USBx_INEP(epnum)->DIEPTSIZ |= (USB_OTG_DIEPTSIZ_PKTCNT & (1U << 19));
ARM GAS  /tmp/cccSJnlz.s 			page 75


 2127              		.loc 1 776 34 view .LVU715
 2128 0074 6FF3DC45 		bfc	r5, #19, #10
 2129 0078 C3F81059 		str	r5, [r3, #2320]
 777:Drivers/STM32F4xx_HAL_Driver/Src/stm32f4xx_ll_usb.c ****       USBx_INEP(epnum)->DIEPTSIZ &= ~(USB_OTG_DIEPTSIZ_XFRSIZ);
 2130              		.loc 1 777 7 is_stmt 1 view .LVU716
 777:Drivers/STM32F4xx_HAL_Driver/Src/stm32f4xx_ll_usb.c ****       USBx_INEP(epnum)->DIEPTSIZ &= ~(USB_OTG_DIEPTSIZ_XFRSIZ);
 2131              		.loc 1 777 23 is_stmt 0 view .LVU717
 2132 007c D3F81059 		ldr	r5, [r3, #2320]
 777:Drivers/STM32F4xx_HAL_Driver/Src/stm32f4xx_ll_usb.c ****       USBx_INEP(epnum)->DIEPTSIZ &= ~(USB_OTG_DIEPTSIZ_XFRSIZ);
 2133              		.loc 1 777 34 view .LVU718
 2134 0080 45F40025 		orr	r5, r5, #524288
 2135 0084 C3F81059 		str	r5, [r3, #2320]
 778:Drivers/STM32F4xx_HAL_Driver/Src/stm32f4xx_ll_usb.c ****     }
 2136              		.loc 1 778 7 is_stmt 1 view .LVU719
 778:Drivers/STM32F4xx_HAL_Driver/Src/stm32f4xx_ll_usb.c ****     }
 2137              		.loc 1 778 23 is_stmt 0 view .LVU720
 2138 0088 D3F81059 		ldr	r5, [r3, #2320]
 778:Drivers/STM32F4xx_HAL_Driver/Src/stm32f4xx_ll_usb.c ****     }
 2139              		.loc 1 778 34 view .LVU721
 2140 008c 6FF31205 		bfc	r5, #0, #19
 2141 0090 C3F81059 		str	r5, [r3, #2320]
 2142              	.L140:
 814:Drivers/STM32F4xx_HAL_Driver/Src/stm32f4xx_ll_usb.c ****     {
 2143              		.loc 1 814 5 is_stmt 1 view .LVU722
 814:Drivers/STM32F4xx_HAL_Driver/Src/stm32f4xx_ll_usb.c ****     {
 2144              		.loc 1 814 8 is_stmt 0 view .LVU723
 2145 0094 012A     		cmp	r2, #1
 2146 0096 54D0     		beq	.L163
 839:Drivers/STM32F4xx_HAL_Driver/Src/stm32f4xx_ll_usb.c **** 
 2147              		.loc 1 839 7 is_stmt 1 view .LVU724
 839:Drivers/STM32F4xx_HAL_Driver/Src/stm32f4xx_ll_usb.c **** 
 2148              		.loc 1 839 23 is_stmt 0 view .LVU725
 2149 0098 00EB4414 		add	r4, r0, r4, lsl #5
 2150              	.LVL139:
 839:Drivers/STM32F4xx_HAL_Driver/Src/stm32f4xx_ll_usb.c **** 
 2151              		.loc 1 839 23 view .LVU726
 2152 009c D4F80039 		ldr	r3, [r4, #2304]
 839:Drivers/STM32F4xx_HAL_Driver/Src/stm32f4xx_ll_usb.c **** 
 2153              		.loc 1 839 33 view .LVU727
 2154 00a0 43F00443 		orr	r3, r3, #-2080374784
 2155 00a4 C4F80039 		str	r3, [r4, #2304]
 841:Drivers/STM32F4xx_HAL_Driver/Src/stm32f4xx_ll_usb.c ****       {
 2156              		.loc 1 841 7 is_stmt 1 view .LVU728
 841:Drivers/STM32F4xx_HAL_Driver/Src/stm32f4xx_ll_usb.c ****       {
 2157              		.loc 1 841 13 is_stmt 0 view .LVU729
 2158 00a8 0B79     		ldrb	r3, [r1, #4]	@ zero_extendqisi2
 841:Drivers/STM32F4xx_HAL_Driver/Src/stm32f4xx_ll_usb.c ****       {
 2159              		.loc 1 841 10 view .LVU730
 2160 00aa 012B     		cmp	r3, #1
 2161 00ac 72D0     		beq	.L149
 844:Drivers/STM32F4xx_HAL_Driver/Src/stm32f4xx_ll_usb.c ****         {
 2162              		.loc 1 844 9 is_stmt 1 view .LVU731
 844:Drivers/STM32F4xx_HAL_Driver/Src/stm32f4xx_ll_usb.c ****         {
 2163              		.loc 1 844 15 is_stmt 0 view .LVU732
 2164 00ae 0B69     		ldr	r3, [r1, #16]
 844:Drivers/STM32F4xx_HAL_Driver/Src/stm32f4xx_ll_usb.c ****         {
 2165              		.loc 1 844 12 view .LVU733
ARM GAS  /tmp/cccSJnlz.s 			page 76


 2166 00b0 002B     		cmp	r3, #0
 2167 00b2 D6D0     		beq	.L148
 846:Drivers/STM32F4xx_HAL_Driver/Src/stm32f4xx_ll_usb.c ****         }
 2168              		.loc 1 846 11 is_stmt 1 view .LVU734
 846:Drivers/STM32F4xx_HAL_Driver/Src/stm32f4xx_ll_usb.c ****         }
 2169              		.loc 1 846 22 is_stmt 0 view .LVU735
 2170 00b4 D0F83438 		ldr	r3, [r0, #2100]
 846:Drivers/STM32F4xx_HAL_Driver/Src/stm32f4xx_ll_usb.c ****         }
 2171              		.loc 1 846 48 view .LVU736
 2172 00b8 0978     		ldrb	r1, [r1]	@ zero_extendqisi2
 2173              	.LVL140:
 846:Drivers/STM32F4xx_HAL_Driver/Src/stm32f4xx_ll_usb.c ****         }
 2174              		.loc 1 846 54 view .LVU737
 2175 00ba 01F00F01 		and	r1, r1, #15
 846:Drivers/STM32F4xx_HAL_Driver/Src/stm32f4xx_ll_usb.c ****         }
 2176              		.loc 1 846 42 view .LVU738
 2177 00be 0122     		movs	r2, #1
 2178              	.LVL141:
 846:Drivers/STM32F4xx_HAL_Driver/Src/stm32f4xx_ll_usb.c ****         }
 2179              		.loc 1 846 42 view .LVU739
 2180 00c0 8A40     		lsls	r2, r2, r1
 846:Drivers/STM32F4xx_HAL_Driver/Src/stm32f4xx_ll_usb.c ****         }
 2181              		.loc 1 846 35 view .LVU740
 2182 00c2 1343     		orrs	r3, r3, r2
 2183 00c4 C0F83438 		str	r3, [r0, #2100]
 2184 00c8 CBE7     		b	.L148
 2185              	.LVL142:
 2186              	.L139:
 787:Drivers/STM32F4xx_HAL_Driver/Src/stm32f4xx_ll_usb.c ****       USBx_INEP(epnum)->DIEPTSIZ &= ~(USB_OTG_DIEPTSIZ_PKTCNT);
 2187              		.loc 1 787 7 is_stmt 1 view .LVU741
 787:Drivers/STM32F4xx_HAL_Driver/Src/stm32f4xx_ll_usb.c ****       USBx_INEP(epnum)->DIEPTSIZ &= ~(USB_OTG_DIEPTSIZ_PKTCNT);
 2188              		.loc 1 787 23 is_stmt 0 view .LVU742
 2189 00ca 00EB4413 		add	r3, r0, r4, lsl #5
 2190 00ce 03F51063 		add	r3, r3, #2304
 2191 00d2 1D69     		ldr	r5, [r3, #16]
 787:Drivers/STM32F4xx_HAL_Driver/Src/stm32f4xx_ll_usb.c ****       USBx_INEP(epnum)->DIEPTSIZ &= ~(USB_OTG_DIEPTSIZ_PKTCNT);
 2192              		.loc 1 787 34 view .LVU743
 2193 00d4 6FF31205 		bfc	r5, #0, #19
 2194 00d8 1D61     		str	r5, [r3, #16]
 788:Drivers/STM32F4xx_HAL_Driver/Src/stm32f4xx_ll_usb.c **** 
 2195              		.loc 1 788 7 is_stmt 1 view .LVU744
 788:Drivers/STM32F4xx_HAL_Driver/Src/stm32f4xx_ll_usb.c **** 
 2196              		.loc 1 788 23 is_stmt 0 view .LVU745
 2197 00da 1D69     		ldr	r5, [r3, #16]
 788:Drivers/STM32F4xx_HAL_Driver/Src/stm32f4xx_ll_usb.c **** 
 2198              		.loc 1 788 34 view .LVU746
 2199 00dc 6FF3DC45 		bfc	r5, #19, #10
 2200 00e0 1D61     		str	r5, [r3, #16]
 790:Drivers/STM32F4xx_HAL_Driver/Src/stm32f4xx_ll_usb.c ****       {
 2201              		.loc 1 790 7 is_stmt 1 view .LVU747
 790:Drivers/STM32F4xx_HAL_Driver/Src/stm32f4xx_ll_usb.c ****       {
 2202              		.loc 1 790 10 is_stmt 0 view .LVU748
 2203 00e2 84B9     		cbnz	r4, .L141
 792:Drivers/STM32F4xx_HAL_Driver/Src/stm32f4xx_ll_usb.c ****         {
 2204              		.loc 1 792 9 is_stmt 1 view .LVU749
 792:Drivers/STM32F4xx_HAL_Driver/Src/stm32f4xx_ll_usb.c ****         {
 2205              		.loc 1 792 15 is_stmt 0 view .LVU750
ARM GAS  /tmp/cccSJnlz.s 			page 77


 2206 00e4 0E69     		ldr	r6, [r1, #16]
 792:Drivers/STM32F4xx_HAL_Driver/Src/stm32f4xx_ll_usb.c ****         {
 2207              		.loc 1 792 30 view .LVU751
 2208 00e6 8D68     		ldr	r5, [r1, #8]
 792:Drivers/STM32F4xx_HAL_Driver/Src/stm32f4xx_ll_usb.c ****         {
 2209              		.loc 1 792 12 view .LVU752
 2210 00e8 AE42     		cmp	r6, r5
 2211 00ea 00D9     		bls	.L142
 794:Drivers/STM32F4xx_HAL_Driver/Src/stm32f4xx_ll_usb.c ****         }
 2212              		.loc 1 794 11 is_stmt 1 view .LVU753
 794:Drivers/STM32F4xx_HAL_Driver/Src/stm32f4xx_ll_usb.c ****         }
 2213              		.loc 1 794 24 is_stmt 0 view .LVU754
 2214 00ec 0D61     		str	r5, [r1, #16]
 2215              	.L142:
 797:Drivers/STM32F4xx_HAL_Driver/Src/stm32f4xx_ll_usb.c ****       }
 2216              		.loc 1 797 9 is_stmt 1 view .LVU755
 797:Drivers/STM32F4xx_HAL_Driver/Src/stm32f4xx_ll_usb.c ****       }
 2217              		.loc 1 797 25 is_stmt 0 view .LVU756
 2218 00ee 1D69     		ldr	r5, [r3, #16]
 797:Drivers/STM32F4xx_HAL_Driver/Src/stm32f4xx_ll_usb.c ****       }
 2219              		.loc 1 797 36 view .LVU757
 2220 00f0 45F40025 		orr	r5, r5, #524288
 2221 00f4 1D61     		str	r5, [r3, #16]
 2222              	.L143:
 811:Drivers/STM32F4xx_HAL_Driver/Src/stm32f4xx_ll_usb.c ****     }
 2223              		.loc 1 811 7 is_stmt 1 view .LVU758
 811:Drivers/STM32F4xx_HAL_Driver/Src/stm32f4xx_ll_usb.c ****     }
 2224              		.loc 1 811 23 is_stmt 0 view .LVU759
 2225 00f6 1D69     		ldr	r5, [r3, #16]
 811:Drivers/STM32F4xx_HAL_Driver/Src/stm32f4xx_ll_usb.c ****     }
 2226              		.loc 1 811 62 view .LVU760
 2227 00f8 0E69     		ldr	r6, [r1, #16]
 2228 00fa C6F3120C 		ubfx	ip, r6, #0, #19
 811:Drivers/STM32F4xx_HAL_Driver/Src/stm32f4xx_ll_usb.c ****     }
 2229              		.loc 1 811 34 view .LVU761
 2230 00fe 45EA0C05 		orr	r5, r5, ip
 2231 0102 1D61     		str	r5, [r3, #16]
 2232 0104 C6E7     		b	.L140
 2233              	.L141:
 801:Drivers/STM32F4xx_HAL_Driver/Src/stm32f4xx_ll_usb.c ****         USBx_INEP(epnum)->DIEPTSIZ |= (USB_OTG_DIEPTSIZ_PKTCNT & ((uint32_t)pktcnt << 19));
 2234              		.loc 1 801 9 is_stmt 1 view .LVU762
 801:Drivers/STM32F4xx_HAL_Driver/Src/stm32f4xx_ll_usb.c ****         USBx_INEP(epnum)->DIEPTSIZ |= (USB_OTG_DIEPTSIZ_PKTCNT & ((uint32_t)pktcnt << 19));
 2235              		.loc 1 801 32 is_stmt 0 view .LVU763
 2236 0106 0D69     		ldr	r5, [r1, #16]
 801:Drivers/STM32F4xx_HAL_Driver/Src/stm32f4xx_ll_usb.c ****         USBx_INEP(epnum)->DIEPTSIZ |= (USB_OTG_DIEPTSIZ_PKTCNT & ((uint32_t)pktcnt << 19));
 2237              		.loc 1 801 47 view .LVU764
 2238 0108 8E68     		ldr	r6, [r1, #8]
 801:Drivers/STM32F4xx_HAL_Driver/Src/stm32f4xx_ll_usb.c ****         USBx_INEP(epnum)->DIEPTSIZ |= (USB_OTG_DIEPTSIZ_PKTCNT & ((uint32_t)pktcnt << 19));
 2239              		.loc 1 801 43 view .LVU765
 2240 010a 3544     		add	r5, r5, r6
 801:Drivers/STM32F4xx_HAL_Driver/Src/stm32f4xx_ll_usb.c ****         USBx_INEP(epnum)->DIEPTSIZ |= (USB_OTG_DIEPTSIZ_PKTCNT & ((uint32_t)pktcnt << 19));
 2241              		.loc 1 801 59 view .LVU766
 2242 010c 013D     		subs	r5, r5, #1
 801:Drivers/STM32F4xx_HAL_Driver/Src/stm32f4xx_ll_usb.c ****         USBx_INEP(epnum)->DIEPTSIZ |= (USB_OTG_DIEPTSIZ_PKTCNT & ((uint32_t)pktcnt << 19));
 2243              		.loc 1 801 65 view .LVU767
 2244 010e B5FBF6F5 		udiv	r5, r5, r6
 2245              	.LVL143:
ARM GAS  /tmp/cccSJnlz.s 			page 78


 802:Drivers/STM32F4xx_HAL_Driver/Src/stm32f4xx_ll_usb.c **** 
 2246              		.loc 1 802 9 is_stmt 1 view .LVU768
 802:Drivers/STM32F4xx_HAL_Driver/Src/stm32f4xx_ll_usb.c **** 
 2247              		.loc 1 802 25 is_stmt 0 view .LVU769
 2248 0112 1E69     		ldr	r6, [r3, #16]
 2249 0114 1FFA85FC 		uxth	ip, r5
 802:Drivers/STM32F4xx_HAL_Driver/Src/stm32f4xx_ll_usb.c **** 
 2250              		.loc 1 802 64 view .LVU770
 2251 0118 494F     		ldr	r7, .L165
 2252 011a 07EAC545 		and	r5, r7, r5, lsl #19
 2253              	.LVL144:
 802:Drivers/STM32F4xx_HAL_Driver/Src/stm32f4xx_ll_usb.c **** 
 2254              		.loc 1 802 36 view .LVU771
 2255 011e 3543     		orrs	r5, r5, r6
 2256 0120 1D61     		str	r5, [r3, #16]
 804:Drivers/STM32F4xx_HAL_Driver/Src/stm32f4xx_ll_usb.c ****         {
 2257              		.loc 1 804 9 is_stmt 1 view .LVU772
 804:Drivers/STM32F4xx_HAL_Driver/Src/stm32f4xx_ll_usb.c ****         {
 2258              		.loc 1 804 15 is_stmt 0 view .LVU773
 2259 0122 0D79     		ldrb	r5, [r1, #4]	@ zero_extendqisi2
 804:Drivers/STM32F4xx_HAL_Driver/Src/stm32f4xx_ll_usb.c ****         {
 2260              		.loc 1 804 12 view .LVU774
 2261 0124 012D     		cmp	r5, #1
 2262 0126 E6D1     		bne	.L143
 806:Drivers/STM32F4xx_HAL_Driver/Src/stm32f4xx_ll_usb.c ****           USBx_INEP(epnum)->DIEPTSIZ |= (USB_OTG_DIEPTSIZ_MULCNT & ((uint32_t)pktcnt << 29));
 2263              		.loc 1 806 11 is_stmt 1 view .LVU775
 806:Drivers/STM32F4xx_HAL_Driver/Src/stm32f4xx_ll_usb.c ****           USBx_INEP(epnum)->DIEPTSIZ |= (USB_OTG_DIEPTSIZ_MULCNT & ((uint32_t)pktcnt << 29));
 2264              		.loc 1 806 27 is_stmt 0 view .LVU776
 2265 0128 1D69     		ldr	r5, [r3, #16]
 806:Drivers/STM32F4xx_HAL_Driver/Src/stm32f4xx_ll_usb.c ****           USBx_INEP(epnum)->DIEPTSIZ |= (USB_OTG_DIEPTSIZ_MULCNT & ((uint32_t)pktcnt << 29));
 2266              		.loc 1 806 38 view .LVU777
 2267 012a 25F0C045 		bic	r5, r5, #1610612736
 2268 012e 1D61     		str	r5, [r3, #16]
 807:Drivers/STM32F4xx_HAL_Driver/Src/stm32f4xx_ll_usb.c ****         }
 2269              		.loc 1 807 11 is_stmt 1 view .LVU778
 807:Drivers/STM32F4xx_HAL_Driver/Src/stm32f4xx_ll_usb.c ****         }
 2270              		.loc 1 807 27 is_stmt 0 view .LVU779
 2271 0130 1D69     		ldr	r5, [r3, #16]
 807:Drivers/STM32F4xx_HAL_Driver/Src/stm32f4xx_ll_usb.c ****         }
 2272              		.loc 1 807 86 view .LVU780
 2273 0132 4FEA4C7C 		lsl	ip, ip, #29
 2274              	.LVL145:
 807:Drivers/STM32F4xx_HAL_Driver/Src/stm32f4xx_ll_usb.c ****         }
 2275              		.loc 1 807 66 view .LVU781
 2276 0136 0CF0C04C 		and	ip, ip, #1610612736
 807:Drivers/STM32F4xx_HAL_Driver/Src/stm32f4xx_ll_usb.c ****         }
 2277              		.loc 1 807 38 view .LVU782
 2278 013a 45EA0C05 		orr	r5, r5, ip
 2279 013e 1D61     		str	r5, [r3, #16]
 2280 0140 D9E7     		b	.L143
 2281              	.LVL146:
 2282              	.L163:
 816:Drivers/STM32F4xx_HAL_Driver/Src/stm32f4xx_ll_usb.c ****       {
 2283              		.loc 1 816 7 is_stmt 1 view .LVU783
 816:Drivers/STM32F4xx_HAL_Driver/Src/stm32f4xx_ll_usb.c ****       {
 2284              		.loc 1 816 23 is_stmt 0 view .LVU784
 2285 0142 CB69     		ldr	r3, [r1, #28]
ARM GAS  /tmp/cccSJnlz.s 			page 79


 816:Drivers/STM32F4xx_HAL_Driver/Src/stm32f4xx_ll_usb.c ****       {
 2286              		.loc 1 816 10 view .LVU785
 2287 0144 1BB1     		cbz	r3, .L145
 818:Drivers/STM32F4xx_HAL_Driver/Src/stm32f4xx_ll_usb.c ****       }
 2288              		.loc 1 818 9 is_stmt 1 view .LVU786
 2289 0146 00EB4412 		add	r2, r0, r4, lsl #5
 2290              	.LVL147:
 818:Drivers/STM32F4xx_HAL_Driver/Src/stm32f4xx_ll_usb.c ****       }
 2291              		.loc 1 818 35 is_stmt 0 view .LVU787
 2292 014a C2F81439 		str	r3, [r2, #2324]
 2293              	.L145:
 821:Drivers/STM32F4xx_HAL_Driver/Src/stm32f4xx_ll_usb.c ****       {
 2294              		.loc 1 821 7 is_stmt 1 view .LVU788
 821:Drivers/STM32F4xx_HAL_Driver/Src/stm32f4xx_ll_usb.c ****       {
 2295              		.loc 1 821 13 is_stmt 0 view .LVU789
 2296 014e 0B79     		ldrb	r3, [r1, #4]	@ zero_extendqisi2
 821:Drivers/STM32F4xx_HAL_Driver/Src/stm32f4xx_ll_usb.c ****       {
 2297              		.loc 1 821 10 view .LVU790
 2298 0150 012B     		cmp	r3, #1
 2299 0152 08D0     		beq	.L164
 2300              	.L146:
 834:Drivers/STM32F4xx_HAL_Driver/Src/stm32f4xx_ll_usb.c ****     }
 2301              		.loc 1 834 7 is_stmt 1 view .LVU791
 834:Drivers/STM32F4xx_HAL_Driver/Src/stm32f4xx_ll_usb.c ****     }
 2302              		.loc 1 834 23 is_stmt 0 view .LVU792
 2303 0154 00EB4414 		add	r4, r0, r4, lsl #5
 2304              	.LVL148:
 834:Drivers/STM32F4xx_HAL_Driver/Src/stm32f4xx_ll_usb.c ****     }
 2305              		.loc 1 834 23 view .LVU793
 2306 0158 D4F80039 		ldr	r3, [r4, #2304]
 834:Drivers/STM32F4xx_HAL_Driver/Src/stm32f4xx_ll_usb.c ****     }
 2307              		.loc 1 834 33 view .LVU794
 2308 015c 43F00443 		orr	r3, r3, #-2080374784
 2309 0160 C4F80039 		str	r3, [r4, #2304]
 2310 0164 7DE7     		b	.L148
 2311              	.LVL149:
 2312              	.L164:
 823:Drivers/STM32F4xx_HAL_Driver/Src/stm32f4xx_ll_usb.c ****         {
 2313              		.loc 1 823 9 is_stmt 1 view .LVU795
 823:Drivers/STM32F4xx_HAL_Driver/Src/stm32f4xx_ll_usb.c ****         {
 2314              		.loc 1 823 25 is_stmt 0 view .LVU796
 2315 0166 D0F80838 		ldr	r3, [r0, #2056]
 823:Drivers/STM32F4xx_HAL_Driver/Src/stm32f4xx_ll_usb.c ****         {
 2316              		.loc 1 823 12 view .LVU797
 2317 016a 13F4807F 		tst	r3, #256
 2318 016e 08D1     		bne	.L147
 825:Drivers/STM32F4xx_HAL_Driver/Src/stm32f4xx_ll_usb.c ****         }
 2319              		.loc 1 825 11 is_stmt 1 view .LVU798
 825:Drivers/STM32F4xx_HAL_Driver/Src/stm32f4xx_ll_usb.c ****         }
 2320              		.loc 1 825 27 is_stmt 0 view .LVU799
 2321 0170 00EB4412 		add	r2, r0, r4, lsl #5
 2322 0174 D2F80039 		ldr	r3, [r2, #2304]
 825:Drivers/STM32F4xx_HAL_Driver/Src/stm32f4xx_ll_usb.c ****         }
 2323              		.loc 1 825 37 view .LVU800
 2324 0178 43F00053 		orr	r3, r3, #536870912
 2325 017c C2F80039 		str	r3, [r2, #2304]
 2326 0180 E8E7     		b	.L146
ARM GAS  /tmp/cccSJnlz.s 			page 80


 2327              	.L147:
 829:Drivers/STM32F4xx_HAL_Driver/Src/stm32f4xx_ll_usb.c ****         }
 2328              		.loc 1 829 11 is_stmt 1 view .LVU801
 829:Drivers/STM32F4xx_HAL_Driver/Src/stm32f4xx_ll_usb.c ****         }
 2329              		.loc 1 829 27 is_stmt 0 view .LVU802
 2330 0182 00EB4412 		add	r2, r0, r4, lsl #5
 2331 0186 D2F80039 		ldr	r3, [r2, #2304]
 829:Drivers/STM32F4xx_HAL_Driver/Src/stm32f4xx_ll_usb.c ****         }
 2332              		.loc 1 829 37 view .LVU803
 2333 018a 43F08053 		orr	r3, r3, #268435456
 2334 018e C2F80039 		str	r3, [r2, #2304]
 2335 0192 DFE7     		b	.L146
 2336              	.LVL150:
 2337              	.L149:
 851:Drivers/STM32F4xx_HAL_Driver/Src/stm32f4xx_ll_usb.c ****         {
 2338              		.loc 1 851 9 is_stmt 1 view .LVU804
 851:Drivers/STM32F4xx_HAL_Driver/Src/stm32f4xx_ll_usb.c ****         {
 2339              		.loc 1 851 25 is_stmt 0 view .LVU805
 2340 0194 D0F80838 		ldr	r3, [r0, #2056]
 851:Drivers/STM32F4xx_HAL_Driver/Src/stm32f4xx_ll_usb.c ****         {
 2341              		.loc 1 851 12 view .LVU806
 2342 0198 13F4807F 		tst	r3, #256
 2343 019c 0CD1     		bne	.L150
 853:Drivers/STM32F4xx_HAL_Driver/Src/stm32f4xx_ll_usb.c ****         }
 2344              		.loc 1 853 11 is_stmt 1 view .LVU807
 853:Drivers/STM32F4xx_HAL_Driver/Src/stm32f4xx_ll_usb.c ****         }
 2345              		.loc 1 853 27 is_stmt 0 view .LVU808
 2346 019e D4F80039 		ldr	r3, [r4, #2304]
 853:Drivers/STM32F4xx_HAL_Driver/Src/stm32f4xx_ll_usb.c ****         }
 2347              		.loc 1 853 37 view .LVU809
 2348 01a2 43F00053 		orr	r3, r3, #536870912
 2349 01a6 C4F80039 		str	r3, [r4, #2304]
 2350              	.L151:
 860:Drivers/STM32F4xx_HAL_Driver/Src/stm32f4xx_ll_usb.c ****       }
 2351              		.loc 1 860 9 is_stmt 1 view .LVU810
 860:Drivers/STM32F4xx_HAL_Driver/Src/stm32f4xx_ll_usb.c ****       }
 2352              		.loc 1 860 15 is_stmt 0 view .LVU811
 2353 01aa 0092     		str	r2, [sp]
 2354 01ac 0B8A     		ldrh	r3, [r1, #16]
 2355 01ae 0A78     		ldrb	r2, [r1]	@ zero_extendqisi2
 2356              	.LVL151:
 860:Drivers/STM32F4xx_HAL_Driver/Src/stm32f4xx_ll_usb.c ****       }
 2357              		.loc 1 860 15 view .LVU812
 2358 01b0 C968     		ldr	r1, [r1, #12]
 2359              	.LVL152:
 860:Drivers/STM32F4xx_HAL_Driver/Src/stm32f4xx_ll_usb.c ****       }
 2360              		.loc 1 860 15 view .LVU813
 2361 01b2 FFF7FEFF 		bl	USB_WritePacket
 2362              	.LVL153:
 860:Drivers/STM32F4xx_HAL_Driver/Src/stm32f4xx_ll_usb.c ****       }
 2363              		.loc 1 860 15 view .LVU814
 2364 01b6 54E7     		b	.L148
 2365              	.LVL154:
 2366              	.L150:
 857:Drivers/STM32F4xx_HAL_Driver/Src/stm32f4xx_ll_usb.c ****         }
 2367              		.loc 1 857 11 is_stmt 1 view .LVU815
 857:Drivers/STM32F4xx_HAL_Driver/Src/stm32f4xx_ll_usb.c ****         }
ARM GAS  /tmp/cccSJnlz.s 			page 81


 2368              		.loc 1 857 27 is_stmt 0 view .LVU816
 2369 01b8 D4F80039 		ldr	r3, [r4, #2304]
 857:Drivers/STM32F4xx_HAL_Driver/Src/stm32f4xx_ll_usb.c ****         }
 2370              		.loc 1 857 37 view .LVU817
 2371 01bc 43F08053 		orr	r3, r3, #268435456
 2372 01c0 C4F80039 		str	r3, [r4, #2304]
 2373 01c4 F1E7     		b	.L151
 2374              	.LVL155:
 2375              	.L152:
 888:Drivers/STM32F4xx_HAL_Driver/Src/stm32f4xx_ll_usb.c ****       {
 2376              		.loc 1 888 7 is_stmt 1 view .LVU818
 888:Drivers/STM32F4xx_HAL_Driver/Src/stm32f4xx_ll_usb.c ****       {
 2377              		.loc 1 888 13 is_stmt 0 view .LVU819
 2378 01c6 0C69     		ldr	r4, [r1, #16]
 2379              	.LVL156:
 888:Drivers/STM32F4xx_HAL_Driver/Src/stm32f4xx_ll_usb.c ****       {
 2380              		.loc 1 888 10 view .LVU820
 2381 01c8 54B9     		cbnz	r4, .L155
 890:Drivers/STM32F4xx_HAL_Driver/Src/stm32f4xx_ll_usb.c ****         USBx_OUTEP(epnum)->DOEPTSIZ |= (USB_OTG_DOEPTSIZ_PKTCNT & (1U << 19));
 2382              		.loc 1 890 9 is_stmt 1 view .LVU821
 890:Drivers/STM32F4xx_HAL_Driver/Src/stm32f4xx_ll_usb.c ****         USBx_OUTEP(epnum)->DOEPTSIZ |= (USB_OTG_DOEPTSIZ_PKTCNT & (1U << 19));
 2383              		.loc 1 890 26 is_stmt 0 view .LVU822
 2384 01ca 1C69     		ldr	r4, [r3, #16]
 890:Drivers/STM32F4xx_HAL_Driver/Src/stm32f4xx_ll_usb.c ****         USBx_OUTEP(epnum)->DOEPTSIZ |= (USB_OTG_DOEPTSIZ_PKTCNT & (1U << 19));
 2385              		.loc 1 890 69 view .LVU823
 2386 01cc 8D68     		ldr	r5, [r1, #8]
 890:Drivers/STM32F4xx_HAL_Driver/Src/stm32f4xx_ll_usb.c ****         USBx_OUTEP(epnum)->DOEPTSIZ |= (USB_OTG_DOEPTSIZ_PKTCNT & (1U << 19));
 2387              		.loc 1 890 65 view .LVU824
 2388 01ce C5F31205 		ubfx	r5, r5, #0, #19
 890:Drivers/STM32F4xx_HAL_Driver/Src/stm32f4xx_ll_usb.c ****         USBx_OUTEP(epnum)->DOEPTSIZ |= (USB_OTG_DOEPTSIZ_PKTCNT & (1U << 19));
 2389              		.loc 1 890 37 view .LVU825
 2390 01d2 2C43     		orrs	r4, r4, r5
 2391 01d4 1C61     		str	r4, [r3, #16]
 891:Drivers/STM32F4xx_HAL_Driver/Src/stm32f4xx_ll_usb.c ****       }
 2392              		.loc 1 891 9 is_stmt 1 view .LVU826
 891:Drivers/STM32F4xx_HAL_Driver/Src/stm32f4xx_ll_usb.c ****       }
 2393              		.loc 1 891 26 is_stmt 0 view .LVU827
 2394 01d6 1C69     		ldr	r4, [r3, #16]
 891:Drivers/STM32F4xx_HAL_Driver/Src/stm32f4xx_ll_usb.c ****       }
 2395              		.loc 1 891 37 view .LVU828
 2396 01d8 44F40024 		orr	r4, r4, #524288
 2397 01dc 1C61     		str	r4, [r3, #16]
 2398 01de 33E7     		b	.L154
 2399              	.L155:
 895:Drivers/STM32F4xx_HAL_Driver/Src/stm32f4xx_ll_usb.c ****         ep->xfer_size = ep->maxpacket * pktcnt;
 2400              		.loc 1 895 9 is_stmt 1 view .LVU829
 895:Drivers/STM32F4xx_HAL_Driver/Src/stm32f4xx_ll_usb.c ****         ep->xfer_size = ep->maxpacket * pktcnt;
 2401              		.loc 1 895 47 is_stmt 0 view .LVU830
 2402 01e0 8D68     		ldr	r5, [r1, #8]
 895:Drivers/STM32F4xx_HAL_Driver/Src/stm32f4xx_ll_usb.c ****         ep->xfer_size = ep->maxpacket * pktcnt;
 2403              		.loc 1 895 43 view .LVU831
 2404 01e2 2C44     		add	r4, r4, r5
 895:Drivers/STM32F4xx_HAL_Driver/Src/stm32f4xx_ll_usb.c ****         ep->xfer_size = ep->maxpacket * pktcnt;
 2405              		.loc 1 895 59 view .LVU832
 2406 01e4 013C     		subs	r4, r4, #1
 895:Drivers/STM32F4xx_HAL_Driver/Src/stm32f4xx_ll_usb.c ****         ep->xfer_size = ep->maxpacket * pktcnt;
 2407              		.loc 1 895 65 view .LVU833
ARM GAS  /tmp/cccSJnlz.s 			page 82


 2408 01e6 B4FBF5F4 		udiv	r4, r4, r5
 2409              	.LVL157:
 896:Drivers/STM32F4xx_HAL_Driver/Src/stm32f4xx_ll_usb.c **** 
 2410              		.loc 1 896 9 is_stmt 1 view .LVU834
 2411 01ea A4B2     		uxth	r4, r4
 896:Drivers/STM32F4xx_HAL_Driver/Src/stm32f4xx_ll_usb.c **** 
 2412              		.loc 1 896 39 is_stmt 0 view .LVU835
 2413 01ec 04FB05F5 		mul	r5, r4, r5
 896:Drivers/STM32F4xx_HAL_Driver/Src/stm32f4xx_ll_usb.c **** 
 2414              		.loc 1 896 23 view .LVU836
 2415 01f0 0D62     		str	r5, [r1, #32]
 898:Drivers/STM32F4xx_HAL_Driver/Src/stm32f4xx_ll_usb.c ****         USBx_OUTEP(epnum)->DOEPTSIZ |= USB_OTG_DOEPTSIZ_XFRSIZ & ep->xfer_size;
 2416              		.loc 1 898 9 is_stmt 1 view .LVU837
 898:Drivers/STM32F4xx_HAL_Driver/Src/stm32f4xx_ll_usb.c ****         USBx_OUTEP(epnum)->DOEPTSIZ |= USB_OTG_DOEPTSIZ_XFRSIZ & ep->xfer_size;
 2417              		.loc 1 898 26 is_stmt 0 view .LVU838
 2418 01f2 1D69     		ldr	r5, [r3, #16]
 898:Drivers/STM32F4xx_HAL_Driver/Src/stm32f4xx_ll_usb.c ****         USBx_OUTEP(epnum)->DOEPTSIZ |= USB_OTG_DOEPTSIZ_XFRSIZ & ep->xfer_size;
 2419              		.loc 1 898 64 view .LVU839
 2420 01f4 124E     		ldr	r6, .L165
 2421 01f6 06EAC444 		and	r4, r6, r4, lsl #19
 2422              	.LVL158:
 898:Drivers/STM32F4xx_HAL_Driver/Src/stm32f4xx_ll_usb.c ****         USBx_OUTEP(epnum)->DOEPTSIZ |= USB_OTG_DOEPTSIZ_XFRSIZ & ep->xfer_size;
 2423              		.loc 1 898 37 view .LVU840
 2424 01fa 2C43     		orrs	r4, r4, r5
 2425 01fc 1C61     		str	r4, [r3, #16]
 2426              	.LVL159:
 899:Drivers/STM32F4xx_HAL_Driver/Src/stm32f4xx_ll_usb.c ****       }
 2427              		.loc 1 899 9 is_stmt 1 view .LVU841
 899:Drivers/STM32F4xx_HAL_Driver/Src/stm32f4xx_ll_usb.c ****       }
 2428              		.loc 1 899 26 is_stmt 0 view .LVU842
 2429 01fe 1C69     		ldr	r4, [r3, #16]
 899:Drivers/STM32F4xx_HAL_Driver/Src/stm32f4xx_ll_usb.c ****       }
 2430              		.loc 1 899 68 view .LVU843
 2431 0200 0D6A     		ldr	r5, [r1, #32]
 899:Drivers/STM32F4xx_HAL_Driver/Src/stm32f4xx_ll_usb.c ****       }
 2432              		.loc 1 899 64 view .LVU844
 2433 0202 C5F31205 		ubfx	r5, r5, #0, #19
 899:Drivers/STM32F4xx_HAL_Driver/Src/stm32f4xx_ll_usb.c ****       }
 2434              		.loc 1 899 37 view .LVU845
 2435 0206 2C43     		orrs	r4, r4, r5
 2436 0208 1C61     		str	r4, [r3, #16]
 2437 020a 1DE7     		b	.L154
 2438              	.LVL160:
 2439              	.L161:
 905:Drivers/STM32F4xx_HAL_Driver/Src/stm32f4xx_ll_usb.c ****       {
 2440              		.loc 1 905 7 is_stmt 1 view .LVU846
 905:Drivers/STM32F4xx_HAL_Driver/Src/stm32f4xx_ll_usb.c ****       {
 2441              		.loc 1 905 23 is_stmt 0 view .LVU847
 2442 020c CA68     		ldr	r2, [r1, #12]
 2443              	.LVL161:
 905:Drivers/STM32F4xx_HAL_Driver/Src/stm32f4xx_ll_usb.c ****       {
 2444              		.loc 1 905 10 view .LVU848
 2445 020e 002A     		cmp	r2, #0
 2446 0210 3FF41DAF 		beq	.L156
 907:Drivers/STM32F4xx_HAL_Driver/Src/stm32f4xx_ll_usb.c ****       }
 2447              		.loc 1 907 9 is_stmt 1 view .LVU849
 907:Drivers/STM32F4xx_HAL_Driver/Src/stm32f4xx_ll_usb.c ****       }
ARM GAS  /tmp/cccSJnlz.s 			page 83


 2448              		.loc 1 907 36 is_stmt 0 view .LVU850
 2449 0214 5A61     		str	r2, [r3, #20]
 2450 0216 1AE7     		b	.L156
 2451              	.L162:
 913:Drivers/STM32F4xx_HAL_Driver/Src/stm32f4xx_ll_usb.c ****       {
 2452              		.loc 1 913 7 is_stmt 1 view .LVU851
 913:Drivers/STM32F4xx_HAL_Driver/Src/stm32f4xx_ll_usb.c ****       {
 2453              		.loc 1 913 23 is_stmt 0 view .LVU852
 2454 0218 D0F80838 		ldr	r3, [r0, #2056]
 913:Drivers/STM32F4xx_HAL_Driver/Src/stm32f4xx_ll_usb.c ****       {
 2455              		.loc 1 913 10 view .LVU853
 2456 021c 13F4807F 		tst	r3, #256
 2457 0220 06D1     		bne	.L158
 915:Drivers/STM32F4xx_HAL_Driver/Src/stm32f4xx_ll_usb.c ****       }
 2458              		.loc 1 915 9 is_stmt 1 view .LVU854
 915:Drivers/STM32F4xx_HAL_Driver/Src/stm32f4xx_ll_usb.c ****       }
 2459              		.loc 1 915 26 is_stmt 0 view .LVU855
 2460 0222 DCF8003B 		ldr	r3, [ip, #2816]
 915:Drivers/STM32F4xx_HAL_Driver/Src/stm32f4xx_ll_usb.c ****       }
 2461              		.loc 1 915 36 view .LVU856
 2462 0226 43F00053 		orr	r3, r3, #536870912
 2463 022a CCF8003B 		str	r3, [ip, #2816]
 2464 022e 12E7     		b	.L157
 2465              	.L158:
 919:Drivers/STM32F4xx_HAL_Driver/Src/stm32f4xx_ll_usb.c ****       }
 2466              		.loc 1 919 9 is_stmt 1 view .LVU857
 919:Drivers/STM32F4xx_HAL_Driver/Src/stm32f4xx_ll_usb.c ****       }
 2467              		.loc 1 919 26 is_stmt 0 view .LVU858
 2468 0230 DCF8003B 		ldr	r3, [ip, #2816]
 919:Drivers/STM32F4xx_HAL_Driver/Src/stm32f4xx_ll_usb.c ****       }
 2469              		.loc 1 919 36 view .LVU859
 2470 0234 43F08053 		orr	r3, r3, #268435456
 2471 0238 CCF8003B 		str	r3, [ip, #2816]
 2472 023c 0BE7     		b	.L157
 2473              	.L166:
 2474 023e 00BF     		.align	2
 2475              	.L165:
 2476 0240 0000F81F 		.word	536346624
 2477              		.cfi_endproc
 2478              	.LFE253:
 2480              		.section	.text.USB_ReadPacket,"ax",%progbits
 2481              		.align	1
 2482              		.global	USB_ReadPacket
 2483              		.syntax unified
 2484              		.thumb
 2485              		.thumb_func
 2487              	USB_ReadPacket:
 2488              	.LVL162:
 2489              	.LFB256:
1032:Drivers/STM32F4xx_HAL_Driver/Src/stm32f4xx_ll_usb.c ****   uint32_t USBx_BASE = (uint32_t)USBx;
 2490              		.loc 1 1032 1 is_stmt 1 view -0
 2491              		.cfi_startproc
 2492              		@ args = 0, pretend = 0, frame = 0
 2493              		@ frame_needed = 0, uses_anonymous_args = 0
1032:Drivers/STM32F4xx_HAL_Driver/Src/stm32f4xx_ll_usb.c ****   uint32_t USBx_BASE = (uint32_t)USBx;
 2494              		.loc 1 1032 1 is_stmt 0 view .LVU861
 2495 0000 10B5     		push	{r4, lr}
ARM GAS  /tmp/cccSJnlz.s 			page 84


 2496              	.LCFI33:
 2497              		.cfi_def_cfa_offset 8
 2498              		.cfi_offset 4, -8
 2499              		.cfi_offset 14, -4
 2500 0002 8446     		mov	ip, r0
 2501 0004 0846     		mov	r0, r1
 2502              	.LVL163:
1033:Drivers/STM32F4xx_HAL_Driver/Src/stm32f4xx_ll_usb.c ****   uint8_t *pDest = dest;
 2503              		.loc 1 1033 3 is_stmt 1 view .LVU862
1034:Drivers/STM32F4xx_HAL_Driver/Src/stm32f4xx_ll_usb.c ****   uint32_t pData;
 2504              		.loc 1 1034 3 view .LVU863
1035:Drivers/STM32F4xx_HAL_Driver/Src/stm32f4xx_ll_usb.c ****   uint32_t i;
 2505              		.loc 1 1035 3 view .LVU864
1036:Drivers/STM32F4xx_HAL_Driver/Src/stm32f4xx_ll_usb.c ****   uint32_t count32b = (uint32_t)len >> 2U;
 2506              		.loc 1 1036 3 view .LVU865
1037:Drivers/STM32F4xx_HAL_Driver/Src/stm32f4xx_ll_usb.c ****   uint16_t remaining_bytes = len % 4U;
 2507              		.loc 1 1037 3 view .LVU866
1037:Drivers/STM32F4xx_HAL_Driver/Src/stm32f4xx_ll_usb.c ****   uint16_t remaining_bytes = len % 4U;
 2508              		.loc 1 1037 37 is_stmt 0 view .LVU867
 2509 0006 4FEA920E 		lsr	lr, r2, #2
 2510              	.LVL164:
1038:Drivers/STM32F4xx_HAL_Driver/Src/stm32f4xx_ll_usb.c **** 
 2511              		.loc 1 1038 3 is_stmt 1 view .LVU868
1038:Drivers/STM32F4xx_HAL_Driver/Src/stm32f4xx_ll_usb.c **** 
 2512              		.loc 1 1038 12 is_stmt 0 view .LVU869
 2513 000a 02F00302 		and	r2, r2, #3
 2514              	.LVL165:
1040:Drivers/STM32F4xx_HAL_Driver/Src/stm32f4xx_ll_usb.c ****   {
 2515              		.loc 1 1040 3 is_stmt 1 view .LVU870
1040:Drivers/STM32F4xx_HAL_Driver/Src/stm32f4xx_ll_usb.c ****   {
 2516              		.loc 1 1040 10 is_stmt 0 view .LVU871
 2517 000e 0023     		movs	r3, #0
1040:Drivers/STM32F4xx_HAL_Driver/Src/stm32f4xx_ll_usb.c ****   {
 2518              		.loc 1 1040 3 view .LVU872
 2519 0010 05E0     		b	.L168
 2520              	.LVL166:
 2521              	.L169:
1042:Drivers/STM32F4xx_HAL_Driver/Src/stm32f4xx_ll_usb.c ****     pDest++;
 2522              		.loc 1 1042 5 is_stmt 1 view .LVU873
 2523 0012 0CF58051 		add	r1, ip, #4096
 2524 0016 0968     		ldr	r1, [r1]
 2525 0018 40F8041B 		str	r1, [r0], #4	@ unaligned
 2526              	.LVL167:
1043:Drivers/STM32F4xx_HAL_Driver/Src/stm32f4xx_ll_usb.c ****     pDest++;
 2527              		.loc 1 1043 5 view .LVU874
1044:Drivers/STM32F4xx_HAL_Driver/Src/stm32f4xx_ll_usb.c ****     pDest++;
 2528              		.loc 1 1044 5 view .LVU875
1045:Drivers/STM32F4xx_HAL_Driver/Src/stm32f4xx_ll_usb.c ****     pDest++;
 2529              		.loc 1 1045 5 view .LVU876
1046:Drivers/STM32F4xx_HAL_Driver/Src/stm32f4xx_ll_usb.c ****   }
 2530              		.loc 1 1046 5 view .LVU877
1040:Drivers/STM32F4xx_HAL_Driver/Src/stm32f4xx_ll_usb.c ****   {
 2531              		.loc 1 1040 31 discriminator 3 view .LVU878
 2532 001c 0133     		adds	r3, r3, #1
 2533              	.LVL168:
 2534              	.L168:
1040:Drivers/STM32F4xx_HAL_Driver/Src/stm32f4xx_ll_usb.c ****   {
ARM GAS  /tmp/cccSJnlz.s 			page 85


 2535              		.loc 1 1040 18 discriminator 1 view .LVU879
 2536 001e 7345     		cmp	r3, lr
 2537 0020 F7D3     		bcc	.L169
1050:Drivers/STM32F4xx_HAL_Driver/Src/stm32f4xx_ll_usb.c ****   {
 2538              		.loc 1 1050 3 view .LVU880
1050:Drivers/STM32F4xx_HAL_Driver/Src/stm32f4xx_ll_usb.c ****   {
 2539              		.loc 1 1050 6 is_stmt 0 view .LVU881
 2540 0022 7AB1     		cbz	r2, .L170
1052:Drivers/STM32F4xx_HAL_Driver/Src/stm32f4xx_ll_usb.c ****     __UNALIGNED_UINT32_WRITE(&pData, USBx_DFIFO(0U));
 2541              		.loc 1 1052 5 is_stmt 1 view .LVU882
 2542              	.LVL169:
1053:Drivers/STM32F4xx_HAL_Driver/Src/stm32f4xx_ll_usb.c **** 
 2543              		.loc 1 1053 5 view .LVU883
 2544 0024 0CF5805C 		add	ip, ip, #4096
 2545              	.LVL170:
1053:Drivers/STM32F4xx_HAL_Driver/Src/stm32f4xx_ll_usb.c **** 
 2546              		.loc 1 1053 5 is_stmt 0 view .LVU884
 2547 0028 DCF80040 		ldr	r4, [ip]
1052:Drivers/STM32F4xx_HAL_Driver/Src/stm32f4xx_ll_usb.c ****     __UNALIGNED_UINT32_WRITE(&pData, USBx_DFIFO(0U));
 2548              		.loc 1 1052 7 view .LVU885
 2549 002c 0021     		movs	r1, #0
 2550              	.LVL171:
 2551              	.L171:
1055:Drivers/STM32F4xx_HAL_Driver/Src/stm32f4xx_ll_usb.c ****     {
 2552              		.loc 1 1055 5 is_stmt 1 view .LVU886
1057:Drivers/STM32F4xx_HAL_Driver/Src/stm32f4xx_ll_usb.c ****       i++;
 2553              		.loc 1 1057 7 view .LVU887
1057:Drivers/STM32F4xx_HAL_Driver/Src/stm32f4xx_ll_usb.c ****       i++;
 2554              		.loc 1 1057 50 is_stmt 0 view .LVU888
 2555 002e CBB2     		uxtb	r3, r1
 2556 0030 DB00     		lsls	r3, r3, #3
1057:Drivers/STM32F4xx_HAL_Driver/Src/stm32f4xx_ll_usb.c ****       i++;
 2557              		.loc 1 1057 43 view .LVU889
 2558 0032 24FA03F3 		lsr	r3, r4, r3
1057:Drivers/STM32F4xx_HAL_Driver/Src/stm32f4xx_ll_usb.c ****       i++;
 2559              		.loc 1 1057 25 view .LVU890
 2560 0036 00F8013B 		strb	r3, [r0], #1
 2561              	.LVL172:
1058:Drivers/STM32F4xx_HAL_Driver/Src/stm32f4xx_ll_usb.c ****       pDest++;
 2562              		.loc 1 1058 7 is_stmt 1 view .LVU891
1058:Drivers/STM32F4xx_HAL_Driver/Src/stm32f4xx_ll_usb.c ****       pDest++;
 2563              		.loc 1 1058 8 is_stmt 0 view .LVU892
 2564 003a 0131     		adds	r1, r1, #1
 2565              	.LVL173:
1059:Drivers/STM32F4xx_HAL_Driver/Src/stm32f4xx_ll_usb.c ****       remaining_bytes--;
 2566              		.loc 1 1059 7 is_stmt 1 view .LVU893
1060:Drivers/STM32F4xx_HAL_Driver/Src/stm32f4xx_ll_usb.c ****     } while (remaining_bytes != 0U);
 2567              		.loc 1 1060 7 view .LVU894
1060:Drivers/STM32F4xx_HAL_Driver/Src/stm32f4xx_ll_usb.c ****     } while (remaining_bytes != 0U);
 2568              		.loc 1 1060 22 is_stmt 0 view .LVU895
 2569 003c 013A     		subs	r2, r2, #1
 2570              	.LVL174:
1060:Drivers/STM32F4xx_HAL_Driver/Src/stm32f4xx_ll_usb.c ****     } while (remaining_bytes != 0U);
 2571              		.loc 1 1060 22 view .LVU896
 2572 003e 92B2     		uxth	r2, r2
 2573              	.LVL175:
1061:Drivers/STM32F4xx_HAL_Driver/Src/stm32f4xx_ll_usb.c ****   }
ARM GAS  /tmp/cccSJnlz.s 			page 86


 2574              		.loc 1 1061 30 is_stmt 1 discriminator 1 view .LVU897
 2575 0040 002A     		cmp	r2, #0
 2576 0042 F4D1     		bne	.L171
 2577              	.LVL176:
 2578              	.L170:
1064:Drivers/STM32F4xx_HAL_Driver/Src/stm32f4xx_ll_usb.c **** }
 2579              		.loc 1 1064 3 view .LVU898
1065:Drivers/STM32F4xx_HAL_Driver/Src/stm32f4xx_ll_usb.c **** 
 2580              		.loc 1 1065 1 is_stmt 0 view .LVU899
 2581 0044 10BD     		pop	{r4, pc}
 2582              		.cfi_endproc
 2583              	.LFE256:
 2585              		.section	.text.USB_EPSetStall,"ax",%progbits
 2586              		.align	1
 2587              		.global	USB_EPSetStall
 2588              		.syntax unified
 2589              		.thumb
 2590              		.thumb_func
 2592              	USB_EPSetStall:
 2593              	.LVL177:
 2594              	.LFB257:
1074:Drivers/STM32F4xx_HAL_Driver/Src/stm32f4xx_ll_usb.c ****   uint32_t USBx_BASE = (uint32_t)USBx;
 2595              		.loc 1 1074 1 is_stmt 1 view -0
 2596              		.cfi_startproc
 2597              		@ args = 0, pretend = 0, frame = 0
 2598              		@ frame_needed = 0, uses_anonymous_args = 0
 2599              		@ link register save eliminated.
1075:Drivers/STM32F4xx_HAL_Driver/Src/stm32f4xx_ll_usb.c ****   uint32_t epnum = (uint32_t)ep->num;
 2600              		.loc 1 1075 3 view .LVU901
1076:Drivers/STM32F4xx_HAL_Driver/Src/stm32f4xx_ll_usb.c **** 
 2601              		.loc 1 1076 3 view .LVU902
1076:Drivers/STM32F4xx_HAL_Driver/Src/stm32f4xx_ll_usb.c **** 
 2602              		.loc 1 1076 32 is_stmt 0 view .LVU903
 2603 0000 0B78     		ldrb	r3, [r1]	@ zero_extendqisi2
 2604              	.LVL178:
1078:Drivers/STM32F4xx_HAL_Driver/Src/stm32f4xx_ll_usb.c ****   {
 2605              		.loc 1 1078 3 is_stmt 1 view .LVU904
1078:Drivers/STM32F4xx_HAL_Driver/Src/stm32f4xx_ll_usb.c ****   {
 2606              		.loc 1 1078 9 is_stmt 0 view .LVU905
 2607 0002 4A78     		ldrb	r2, [r1, #1]	@ zero_extendqisi2
1078:Drivers/STM32F4xx_HAL_Driver/Src/stm32f4xx_ll_usb.c ****   {
 2608              		.loc 1 1078 6 view .LVU906
 2609 0004 012A     		cmp	r2, #1
 2610 0006 14D0     		beq	.L178
1088:Drivers/STM32F4xx_HAL_Driver/Src/stm32f4xx_ll_usb.c ****     {
 2611              		.loc 1 1088 5 is_stmt 1 view .LVU907
1088:Drivers/STM32F4xx_HAL_Driver/Src/stm32f4xx_ll_usb.c ****     {
 2612              		.loc 1 1088 11 is_stmt 0 view .LVU908
 2613 0008 00EB4310 		add	r0, r0, r3, lsl #5
 2614              	.LVL179:
1088:Drivers/STM32F4xx_HAL_Driver/Src/stm32f4xx_ll_usb.c ****     {
 2615              		.loc 1 1088 28 view .LVU909
 2616 000c D0F8002B 		ldr	r2, [r0, #2816]
1088:Drivers/STM32F4xx_HAL_Driver/Src/stm32f4xx_ll_usb.c ****     {
 2617              		.loc 1 1088 8 view .LVU910
 2618 0010 002A     		cmp	r2, #0
 2619 0012 06DB     		blt	.L177
ARM GAS  /tmp/cccSJnlz.s 			page 87


1088:Drivers/STM32F4xx_HAL_Driver/Src/stm32f4xx_ll_usb.c ****     {
 2620              		.loc 1 1088 70 discriminator 1 view .LVU911
 2621 0014 2BB1     		cbz	r3, .L177
1090:Drivers/STM32F4xx_HAL_Driver/Src/stm32f4xx_ll_usb.c ****     }
 2622              		.loc 1 1090 7 is_stmt 1 view .LVU912
1090:Drivers/STM32F4xx_HAL_Driver/Src/stm32f4xx_ll_usb.c ****     }
 2623              		.loc 1 1090 24 is_stmt 0 view .LVU913
 2624 0016 D0F8003B 		ldr	r3, [r0, #2816]
 2625              	.LVL180:
1090:Drivers/STM32F4xx_HAL_Driver/Src/stm32f4xx_ll_usb.c ****     }
 2626              		.loc 1 1090 34 view .LVU914
 2627 001a 23F08043 		bic	r3, r3, #1073741824
 2628 001e C0F8003B 		str	r3, [r0, #2816]
 2629              	.LVL181:
 2630              	.L177:
1092:Drivers/STM32F4xx_HAL_Driver/Src/stm32f4xx_ll_usb.c ****   }
 2631              		.loc 1 1092 5 is_stmt 1 view .LVU915
1092:Drivers/STM32F4xx_HAL_Driver/Src/stm32f4xx_ll_usb.c ****   }
 2632              		.loc 1 1092 22 is_stmt 0 view .LVU916
 2633 0022 D0F8003B 		ldr	r3, [r0, #2816]
1092:Drivers/STM32F4xx_HAL_Driver/Src/stm32f4xx_ll_usb.c ****   }
 2634              		.loc 1 1092 32 view .LVU917
 2635 0026 43F40013 		orr	r3, r3, #2097152
 2636 002a C0F8003B 		str	r3, [r0, #2816]
 2637              	.L176:
1095:Drivers/STM32F4xx_HAL_Driver/Src/stm32f4xx_ll_usb.c **** }
 2638              		.loc 1 1095 3 is_stmt 1 view .LVU918
1096:Drivers/STM32F4xx_HAL_Driver/Src/stm32f4xx_ll_usb.c **** 
 2639              		.loc 1 1096 1 is_stmt 0 view .LVU919
 2640 002e 0020     		movs	r0, #0
 2641 0030 7047     		bx	lr
 2642              	.LVL182:
 2643              	.L178:
1080:Drivers/STM32F4xx_HAL_Driver/Src/stm32f4xx_ll_usb.c ****     {
 2644              		.loc 1 1080 5 is_stmt 1 view .LVU920
1080:Drivers/STM32F4xx_HAL_Driver/Src/stm32f4xx_ll_usb.c ****     {
 2645              		.loc 1 1080 11 is_stmt 0 view .LVU921
 2646 0032 00EB4310 		add	r0, r0, r3, lsl #5
 2647              	.LVL183:
1080:Drivers/STM32F4xx_HAL_Driver/Src/stm32f4xx_ll_usb.c ****     {
 2648              		.loc 1 1080 27 view .LVU922
 2649 0036 D0F80029 		ldr	r2, [r0, #2304]
1080:Drivers/STM32F4xx_HAL_Driver/Src/stm32f4xx_ll_usb.c ****     {
 2650              		.loc 1 1080 8 view .LVU923
 2651 003a 002A     		cmp	r2, #0
 2652 003c 06DB     		blt	.L175
1080:Drivers/STM32F4xx_HAL_Driver/Src/stm32f4xx_ll_usb.c ****     {
 2653              		.loc 1 1080 69 discriminator 1 view .LVU924
 2654 003e 2BB1     		cbz	r3, .L175
1082:Drivers/STM32F4xx_HAL_Driver/Src/stm32f4xx_ll_usb.c ****     }
 2655              		.loc 1 1082 7 is_stmt 1 view .LVU925
1082:Drivers/STM32F4xx_HAL_Driver/Src/stm32f4xx_ll_usb.c ****     }
 2656              		.loc 1 1082 23 is_stmt 0 view .LVU926
 2657 0040 D0F80039 		ldr	r3, [r0, #2304]
 2658              	.LVL184:
1082:Drivers/STM32F4xx_HAL_Driver/Src/stm32f4xx_ll_usb.c ****     }
 2659              		.loc 1 1082 33 view .LVU927
ARM GAS  /tmp/cccSJnlz.s 			page 88


 2660 0044 23F08043 		bic	r3, r3, #1073741824
 2661 0048 C0F80039 		str	r3, [r0, #2304]
 2662              	.LVL185:
 2663              	.L175:
1084:Drivers/STM32F4xx_HAL_Driver/Src/stm32f4xx_ll_usb.c ****   }
 2664              		.loc 1 1084 5 is_stmt 1 view .LVU928
1084:Drivers/STM32F4xx_HAL_Driver/Src/stm32f4xx_ll_usb.c ****   }
 2665              		.loc 1 1084 21 is_stmt 0 view .LVU929
 2666 004c D0F80039 		ldr	r3, [r0, #2304]
1084:Drivers/STM32F4xx_HAL_Driver/Src/stm32f4xx_ll_usb.c ****   }
 2667              		.loc 1 1084 31 view .LVU930
 2668 0050 43F40013 		orr	r3, r3, #2097152
 2669 0054 C0F80039 		str	r3, [r0, #2304]
 2670 0058 E9E7     		b	.L176
 2671              		.cfi_endproc
 2672              	.LFE257:
 2674              		.section	.text.USB_EPClearStall,"ax",%progbits
 2675              		.align	1
 2676              		.global	USB_EPClearStall
 2677              		.syntax unified
 2678              		.thumb
 2679              		.thumb_func
 2681              	USB_EPClearStall:
 2682              	.LVL186:
 2683              	.LFB258:
1105:Drivers/STM32F4xx_HAL_Driver/Src/stm32f4xx_ll_usb.c ****   uint32_t USBx_BASE = (uint32_t)USBx;
 2684              		.loc 1 1105 1 is_stmt 1 view -0
 2685              		.cfi_startproc
 2686              		@ args = 0, pretend = 0, frame = 0
 2687              		@ frame_needed = 0, uses_anonymous_args = 0
 2688              		@ link register save eliminated.
1106:Drivers/STM32F4xx_HAL_Driver/Src/stm32f4xx_ll_usb.c ****   uint32_t epnum = (uint32_t)ep->num;
 2689              		.loc 1 1106 3 view .LVU932
1107:Drivers/STM32F4xx_HAL_Driver/Src/stm32f4xx_ll_usb.c **** 
 2690              		.loc 1 1107 3 view .LVU933
1107:Drivers/STM32F4xx_HAL_Driver/Src/stm32f4xx_ll_usb.c **** 
 2691              		.loc 1 1107 32 is_stmt 0 view .LVU934
 2692 0000 0B78     		ldrb	r3, [r1]	@ zero_extendqisi2
 2693              	.LVL187:
1109:Drivers/STM32F4xx_HAL_Driver/Src/stm32f4xx_ll_usb.c ****   {
 2694              		.loc 1 1109 3 is_stmt 1 view .LVU935
1109:Drivers/STM32F4xx_HAL_Driver/Src/stm32f4xx_ll_usb.c ****   {
 2695              		.loc 1 1109 9 is_stmt 0 view .LVU936
 2696 0002 4A78     		ldrb	r2, [r1, #1]	@ zero_extendqisi2
1109:Drivers/STM32F4xx_HAL_Driver/Src/stm32f4xx_ll_usb.c ****   {
 2697              		.loc 1 1109 6 view .LVU937
 2698 0004 012A     		cmp	r2, #1
 2699 0006 0ED0     		beq	.L182
1119:Drivers/STM32F4xx_HAL_Driver/Src/stm32f4xx_ll_usb.c ****     if ((ep->type == EP_TYPE_INTR) || (ep->type == EP_TYPE_BULK))
 2700              		.loc 1 1119 5 is_stmt 1 view .LVU938
1119:Drivers/STM32F4xx_HAL_Driver/Src/stm32f4xx_ll_usb.c ****     if ((ep->type == EP_TYPE_INTR) || (ep->type == EP_TYPE_BULK))
 2701              		.loc 1 1119 22 is_stmt 0 view .LVU939
 2702 0008 00EB4310 		add	r0, r0, r3, lsl #5
 2703              	.LVL188:
1119:Drivers/STM32F4xx_HAL_Driver/Src/stm32f4xx_ll_usb.c ****     if ((ep->type == EP_TYPE_INTR) || (ep->type == EP_TYPE_BULK))
 2704              		.loc 1 1119 22 view .LVU940
 2705 000c D0F8003B 		ldr	r3, [r0, #2816]
ARM GAS  /tmp/cccSJnlz.s 			page 89


 2706              	.LVL189:
1119:Drivers/STM32F4xx_HAL_Driver/Src/stm32f4xx_ll_usb.c ****     if ((ep->type == EP_TYPE_INTR) || (ep->type == EP_TYPE_BULK))
 2707              		.loc 1 1119 32 view .LVU941
 2708 0010 23F40013 		bic	r3, r3, #2097152
 2709 0014 C0F8003B 		str	r3, [r0, #2816]
 2710              	.LVL190:
1120:Drivers/STM32F4xx_HAL_Driver/Src/stm32f4xx_ll_usb.c ****     {
 2711              		.loc 1 1120 5 is_stmt 1 view .LVU942
1120:Drivers/STM32F4xx_HAL_Driver/Src/stm32f4xx_ll_usb.c ****     {
 2712              		.loc 1 1120 12 is_stmt 0 view .LVU943
 2713 0018 0B79     		ldrb	r3, [r1, #4]	@ zero_extendqisi2
1120:Drivers/STM32F4xx_HAL_Driver/Src/stm32f4xx_ll_usb.c ****     {
 2714              		.loc 1 1120 36 view .LVU944
 2715 001a 023B     		subs	r3, r3, #2
 2716 001c DBB2     		uxtb	r3, r3
1120:Drivers/STM32F4xx_HAL_Driver/Src/stm32f4xx_ll_usb.c ****     {
 2717              		.loc 1 1120 8 view .LVU945
 2718 001e 012B     		cmp	r3, #1
 2719 0020 15D9     		bls	.L183
 2720              	.L181:
1125:Drivers/STM32F4xx_HAL_Driver/Src/stm32f4xx_ll_usb.c **** }
 2721              		.loc 1 1125 3 is_stmt 1 view .LVU946
1126:Drivers/STM32F4xx_HAL_Driver/Src/stm32f4xx_ll_usb.c **** 
 2722              		.loc 1 1126 1 is_stmt 0 view .LVU947
 2723 0022 0020     		movs	r0, #0
 2724 0024 7047     		bx	lr
 2725              	.LVL191:
 2726              	.L182:
1111:Drivers/STM32F4xx_HAL_Driver/Src/stm32f4xx_ll_usb.c ****     if ((ep->type == EP_TYPE_INTR) || (ep->type == EP_TYPE_BULK))
 2727              		.loc 1 1111 5 is_stmt 1 view .LVU948
1111:Drivers/STM32F4xx_HAL_Driver/Src/stm32f4xx_ll_usb.c ****     if ((ep->type == EP_TYPE_INTR) || (ep->type == EP_TYPE_BULK))
 2728              		.loc 1 1111 21 is_stmt 0 view .LVU949
 2729 0026 00EB4310 		add	r0, r0, r3, lsl #5
 2730              	.LVL192:
1111:Drivers/STM32F4xx_HAL_Driver/Src/stm32f4xx_ll_usb.c ****     if ((ep->type == EP_TYPE_INTR) || (ep->type == EP_TYPE_BULK))
 2731              		.loc 1 1111 21 view .LVU950
 2732 002a D0F80039 		ldr	r3, [r0, #2304]
 2733              	.LVL193:
1111:Drivers/STM32F4xx_HAL_Driver/Src/stm32f4xx_ll_usb.c ****     if ((ep->type == EP_TYPE_INTR) || (ep->type == EP_TYPE_BULK))
 2734              		.loc 1 1111 31 view .LVU951
 2735 002e 23F40013 		bic	r3, r3, #2097152
 2736 0032 C0F80039 		str	r3, [r0, #2304]
 2737              	.LVL194:
1112:Drivers/STM32F4xx_HAL_Driver/Src/stm32f4xx_ll_usb.c ****     {
 2738              		.loc 1 1112 5 is_stmt 1 view .LVU952
1112:Drivers/STM32F4xx_HAL_Driver/Src/stm32f4xx_ll_usb.c ****     {
 2739              		.loc 1 1112 12 is_stmt 0 view .LVU953
 2740 0036 0B79     		ldrb	r3, [r1, #4]	@ zero_extendqisi2
1112:Drivers/STM32F4xx_HAL_Driver/Src/stm32f4xx_ll_usb.c ****     {
 2741              		.loc 1 1112 36 view .LVU954
 2742 0038 023B     		subs	r3, r3, #2
 2743 003a DBB2     		uxtb	r3, r3
1112:Drivers/STM32F4xx_HAL_Driver/Src/stm32f4xx_ll_usb.c ****     {
 2744              		.loc 1 1112 8 view .LVU955
 2745 003c 012B     		cmp	r3, #1
 2746 003e F0D8     		bhi	.L181
1114:Drivers/STM32F4xx_HAL_Driver/Src/stm32f4xx_ll_usb.c ****     }
ARM GAS  /tmp/cccSJnlz.s 			page 90


 2747              		.loc 1 1114 7 is_stmt 1 view .LVU956
1114:Drivers/STM32F4xx_HAL_Driver/Src/stm32f4xx_ll_usb.c ****     }
 2748              		.loc 1 1114 23 is_stmt 0 view .LVU957
 2749 0040 D0F80039 		ldr	r3, [r0, #2304]
1114:Drivers/STM32F4xx_HAL_Driver/Src/stm32f4xx_ll_usb.c ****     }
 2750              		.loc 1 1114 33 view .LVU958
 2751 0044 43F08053 		orr	r3, r3, #268435456
 2752 0048 C0F80039 		str	r3, [r0, #2304]
 2753 004c E9E7     		b	.L181
 2754              	.L183:
1122:Drivers/STM32F4xx_HAL_Driver/Src/stm32f4xx_ll_usb.c ****     }
 2755              		.loc 1 1122 7 is_stmt 1 view .LVU959
1122:Drivers/STM32F4xx_HAL_Driver/Src/stm32f4xx_ll_usb.c ****     }
 2756              		.loc 1 1122 24 is_stmt 0 view .LVU960
 2757 004e D0F8003B 		ldr	r3, [r0, #2816]
1122:Drivers/STM32F4xx_HAL_Driver/Src/stm32f4xx_ll_usb.c ****     }
 2758              		.loc 1 1122 34 view .LVU961
 2759 0052 43F08053 		orr	r3, r3, #268435456
 2760 0056 C0F8003B 		str	r3, [r0, #2816]
 2761 005a E2E7     		b	.L181
 2762              		.cfi_endproc
 2763              	.LFE258:
 2765              		.section	.text.USB_StopDevice,"ax",%progbits
 2766              		.align	1
 2767              		.global	USB_StopDevice
 2768              		.syntax unified
 2769              		.thumb
 2770              		.thumb_func
 2772              	USB_StopDevice:
 2773              	.LVL195:
 2774              	.LFB259:
1134:Drivers/STM32F4xx_HAL_Driver/Src/stm32f4xx_ll_usb.c ****   HAL_StatusTypeDef ret;
 2775              		.loc 1 1134 1 is_stmt 1 view -0
 2776              		.cfi_startproc
 2777              		@ args = 0, pretend = 0, frame = 0
 2778              		@ frame_needed = 0, uses_anonymous_args = 0
1134:Drivers/STM32F4xx_HAL_Driver/Src/stm32f4xx_ll_usb.c ****   HAL_StatusTypeDef ret;
 2779              		.loc 1 1134 1 is_stmt 0 view .LVU963
 2780 0000 10B5     		push	{r4, lr}
 2781              	.LCFI34:
 2782              		.cfi_def_cfa_offset 8
 2783              		.cfi_offset 4, -8
 2784              		.cfi_offset 14, -4
 2785 0002 0446     		mov	r4, r0
1135:Drivers/STM32F4xx_HAL_Driver/Src/stm32f4xx_ll_usb.c ****   uint32_t USBx_BASE = (uint32_t)USBx;
 2786              		.loc 1 1135 3 is_stmt 1 view .LVU964
1136:Drivers/STM32F4xx_HAL_Driver/Src/stm32f4xx_ll_usb.c ****   uint32_t i;
 2787              		.loc 1 1136 3 view .LVU965
 2788              	.LVL196:
1137:Drivers/STM32F4xx_HAL_Driver/Src/stm32f4xx_ll_usb.c **** 
 2789              		.loc 1 1137 3 view .LVU966
1140:Drivers/STM32F4xx_HAL_Driver/Src/stm32f4xx_ll_usb.c ****   {
 2790              		.loc 1 1140 3 view .LVU967
1140:Drivers/STM32F4xx_HAL_Driver/Src/stm32f4xx_ll_usb.c ****   {
 2791              		.loc 1 1140 10 is_stmt 0 view .LVU968
 2792 0004 0022     		movs	r2, #0
1140:Drivers/STM32F4xx_HAL_Driver/Src/stm32f4xx_ll_usb.c ****   {
ARM GAS  /tmp/cccSJnlz.s 			page 91


 2793              		.loc 1 1140 3 view .LVU969
 2794 0006 08E0     		b	.L185
 2795              	.LVL197:
 2796              	.L186:
1142:Drivers/STM32F4xx_HAL_Driver/Src/stm32f4xx_ll_usb.c ****     USBx_OUTEP(i)->DOEPINT = 0xFB7FU;
 2797              		.loc 1 1142 5 is_stmt 1 view .LVU970
 2798 0008 04EB4213 		add	r3, r4, r2, lsl #5
1142:Drivers/STM32F4xx_HAL_Driver/Src/stm32f4xx_ll_usb.c ****     USBx_OUTEP(i)->DOEPINT = 0xFB7FU;
 2799              		.loc 1 1142 27 is_stmt 0 view .LVU971
 2800 000c 4FF67F31 		movw	r1, #64383
 2801 0010 C3F80819 		str	r1, [r3, #2312]
1143:Drivers/STM32F4xx_HAL_Driver/Src/stm32f4xx_ll_usb.c ****   }
 2802              		.loc 1 1143 5 is_stmt 1 view .LVU972
1143:Drivers/STM32F4xx_HAL_Driver/Src/stm32f4xx_ll_usb.c ****   }
 2803              		.loc 1 1143 28 is_stmt 0 view .LVU973
 2804 0014 C3F8081B 		str	r1, [r3, #2824]
1140:Drivers/STM32F4xx_HAL_Driver/Src/stm32f4xx_ll_usb.c ****   {
 2805              		.loc 1 1140 26 is_stmt 1 discriminator 3 view .LVU974
 2806 0018 0132     		adds	r2, r2, #1
 2807              	.LVL198:
 2808              	.L185:
1140:Drivers/STM32F4xx_HAL_Driver/Src/stm32f4xx_ll_usb.c ****   {
 2809              		.loc 1 1140 18 discriminator 1 view .LVU975
 2810 001a 0E2A     		cmp	r2, #14
 2811 001c F4D9     		bls	.L186
1147:Drivers/STM32F4xx_HAL_Driver/Src/stm32f4xx_ll_usb.c ****   USBx_DEVICE->DOEPMSK  = 0U;
 2812              		.loc 1 1147 3 view .LVU976
1147:Drivers/STM32F4xx_HAL_Driver/Src/stm32f4xx_ll_usb.c ****   USBx_DEVICE->DOEPMSK  = 0U;
 2813              		.loc 1 1147 25 is_stmt 0 view .LVU977
 2814 001e 0022     		movs	r2, #0
 2815              	.LVL199:
1147:Drivers/STM32F4xx_HAL_Driver/Src/stm32f4xx_ll_usb.c ****   USBx_DEVICE->DOEPMSK  = 0U;
 2816              		.loc 1 1147 25 view .LVU978
 2817 0020 C4F81028 		str	r2, [r4, #2064]
1148:Drivers/STM32F4xx_HAL_Driver/Src/stm32f4xx_ll_usb.c ****   USBx_DEVICE->DAINTMSK = 0U;
 2818              		.loc 1 1148 3 is_stmt 1 view .LVU979
1148:Drivers/STM32F4xx_HAL_Driver/Src/stm32f4xx_ll_usb.c ****   USBx_DEVICE->DAINTMSK = 0U;
 2819              		.loc 1 1148 25 is_stmt 0 view .LVU980
 2820 0024 C4F81428 		str	r2, [r4, #2068]
1149:Drivers/STM32F4xx_HAL_Driver/Src/stm32f4xx_ll_usb.c **** 
 2821              		.loc 1 1149 3 is_stmt 1 view .LVU981
1149:Drivers/STM32F4xx_HAL_Driver/Src/stm32f4xx_ll_usb.c **** 
 2822              		.loc 1 1149 25 is_stmt 0 view .LVU982
 2823 0028 C4F81C28 		str	r2, [r4, #2076]
1152:Drivers/STM32F4xx_HAL_Driver/Src/stm32f4xx_ll_usb.c ****   if (ret != HAL_OK)
 2824              		.loc 1 1152 3 is_stmt 1 view .LVU983
1152:Drivers/STM32F4xx_HAL_Driver/Src/stm32f4xx_ll_usb.c ****   if (ret != HAL_OK)
 2825              		.loc 1 1152 9 is_stmt 0 view .LVU984
 2826 002c 2046     		mov	r0, r4
 2827              	.LVL200:
1152:Drivers/STM32F4xx_HAL_Driver/Src/stm32f4xx_ll_usb.c ****   if (ret != HAL_OK)
 2828              		.loc 1 1152 9 view .LVU985
 2829 002e FFF7FEFF 		bl	USB_FlushRxFifo
 2830              	.LVL201:
1153:Drivers/STM32F4xx_HAL_Driver/Src/stm32f4xx_ll_usb.c ****   {
 2831              		.loc 1 1153 3 is_stmt 1 view .LVU986
1153:Drivers/STM32F4xx_HAL_Driver/Src/stm32f4xx_ll_usb.c ****   {
ARM GAS  /tmp/cccSJnlz.s 			page 92


 2832              		.loc 1 1153 6 is_stmt 0 view .LVU987
 2833 0032 00B1     		cbz	r0, .L189
 2834              	.L187:
1165:Drivers/STM32F4xx_HAL_Driver/Src/stm32f4xx_ll_usb.c **** 
 2835              		.loc 1 1165 1 view .LVU988
 2836 0034 10BD     		pop	{r4, pc}
 2837              	.LVL202:
 2838              	.L189:
1158:Drivers/STM32F4xx_HAL_Driver/Src/stm32f4xx_ll_usb.c ****   if (ret != HAL_OK)
 2839              		.loc 1 1158 3 is_stmt 1 view .LVU989
1158:Drivers/STM32F4xx_HAL_Driver/Src/stm32f4xx_ll_usb.c ****   if (ret != HAL_OK)
 2840              		.loc 1 1158 9 is_stmt 0 view .LVU990
 2841 0036 1021     		movs	r1, #16
 2842 0038 2046     		mov	r0, r4
 2843              	.LVL203:
1158:Drivers/STM32F4xx_HAL_Driver/Src/stm32f4xx_ll_usb.c ****   if (ret != HAL_OK)
 2844              		.loc 1 1158 9 view .LVU991
 2845 003a FFF7FEFF 		bl	USB_FlushTxFifo
 2846              	.LVL204:
1159:Drivers/STM32F4xx_HAL_Driver/Src/stm32f4xx_ll_usb.c ****   {
 2847              		.loc 1 1159 3 is_stmt 1 view .LVU992
1161:Drivers/STM32F4xx_HAL_Driver/Src/stm32f4xx_ll_usb.c ****   }
 2848              		.loc 1 1161 5 view .LVU993
 2849 003e F9E7     		b	.L187
 2850              		.cfi_endproc
 2851              	.LFE259:
 2853              		.section	.text.USB_SetDevAddress,"ax",%progbits
 2854              		.align	1
 2855              		.global	USB_SetDevAddress
 2856              		.syntax unified
 2857              		.thumb
 2858              		.thumb_func
 2860              	USB_SetDevAddress:
 2861              	.LVL205:
 2862              	.LFB260:
1175:Drivers/STM32F4xx_HAL_Driver/Src/stm32f4xx_ll_usb.c ****   uint32_t USBx_BASE = (uint32_t)USBx;
 2863              		.loc 1 1175 1 view -0
 2864              		.cfi_startproc
 2865              		@ args = 0, pretend = 0, frame = 0
 2866              		@ frame_needed = 0, uses_anonymous_args = 0
 2867              		@ link register save eliminated.
1176:Drivers/STM32F4xx_HAL_Driver/Src/stm32f4xx_ll_usb.c **** 
 2868              		.loc 1 1176 3 view .LVU995
1178:Drivers/STM32F4xx_HAL_Driver/Src/stm32f4xx_ll_usb.c ****   USBx_DEVICE->DCFG |= ((uint32_t)address << 4) & USB_OTG_DCFG_DAD;
 2869              		.loc 1 1178 3 view .LVU996
1178:Drivers/STM32F4xx_HAL_Driver/Src/stm32f4xx_ll_usb.c ****   USBx_DEVICE->DCFG |= ((uint32_t)address << 4) & USB_OTG_DCFG_DAD;
 2870              		.loc 1 1178 14 is_stmt 0 view .LVU997
 2871 0000 D0F80038 		ldr	r3, [r0, #2048]
1178:Drivers/STM32F4xx_HAL_Driver/Src/stm32f4xx_ll_usb.c ****   USBx_DEVICE->DCFG |= ((uint32_t)address << 4) & USB_OTG_DCFG_DAD;
 2872              		.loc 1 1178 21 view .LVU998
 2873 0004 23F4FE63 		bic	r3, r3, #2032
 2874 0008 C0F80038 		str	r3, [r0, #2048]
1179:Drivers/STM32F4xx_HAL_Driver/Src/stm32f4xx_ll_usb.c **** 
 2875              		.loc 1 1179 3 is_stmt 1 view .LVU999
1179:Drivers/STM32F4xx_HAL_Driver/Src/stm32f4xx_ll_usb.c **** 
 2876              		.loc 1 1179 14 is_stmt 0 view .LVU1000
 2877 000c D0F80038 		ldr	r3, [r0, #2048]
ARM GAS  /tmp/cccSJnlz.s 			page 93


1179:Drivers/STM32F4xx_HAL_Driver/Src/stm32f4xx_ll_usb.c **** 
 2878              		.loc 1 1179 43 view .LVU1001
 2879 0010 0901     		lsls	r1, r1, #4
 2880              	.LVL206:
1179:Drivers/STM32F4xx_HAL_Driver/Src/stm32f4xx_ll_usb.c **** 
 2881              		.loc 1 1179 49 view .LVU1002
 2882 0012 01F4FE61 		and	r1, r1, #2032
1179:Drivers/STM32F4xx_HAL_Driver/Src/stm32f4xx_ll_usb.c **** 
 2883              		.loc 1 1179 21 view .LVU1003
 2884 0016 0B43     		orrs	r3, r3, r1
 2885 0018 C0F80038 		str	r3, [r0, #2048]
1181:Drivers/STM32F4xx_HAL_Driver/Src/stm32f4xx_ll_usb.c **** }
 2886              		.loc 1 1181 3 is_stmt 1 view .LVU1004
1182:Drivers/STM32F4xx_HAL_Driver/Src/stm32f4xx_ll_usb.c **** 
 2887              		.loc 1 1182 1 is_stmt 0 view .LVU1005
 2888 001c 0020     		movs	r0, #0
 2889              	.LVL207:
1182:Drivers/STM32F4xx_HAL_Driver/Src/stm32f4xx_ll_usb.c **** 
 2890              		.loc 1 1182 1 view .LVU1006
 2891 001e 7047     		bx	lr
 2892              		.cfi_endproc
 2893              	.LFE260:
 2895              		.section	.text.USB_DevConnect,"ax",%progbits
 2896              		.align	1
 2897              		.global	USB_DevConnect
 2898              		.syntax unified
 2899              		.thumb
 2900              		.thumb_func
 2902              	USB_DevConnect:
 2903              	.LVL208:
 2904              	.LFB261:
1190:Drivers/STM32F4xx_HAL_Driver/Src/stm32f4xx_ll_usb.c ****   uint32_t USBx_BASE = (uint32_t)USBx;
 2905              		.loc 1 1190 1 is_stmt 1 view -0
 2906              		.cfi_startproc
 2907              		@ args = 0, pretend = 0, frame = 0
 2908              		@ frame_needed = 0, uses_anonymous_args = 0
 2909              		@ link register save eliminated.
1191:Drivers/STM32F4xx_HAL_Driver/Src/stm32f4xx_ll_usb.c **** 
 2910              		.loc 1 1191 3 view .LVU1008
1194:Drivers/STM32F4xx_HAL_Driver/Src/stm32f4xx_ll_usb.c **** 
 2911              		.loc 1 1194 3 view .LVU1009
1194:Drivers/STM32F4xx_HAL_Driver/Src/stm32f4xx_ll_usb.c **** 
 2912              		.loc 1 1194 16 is_stmt 0 view .LVU1010
 2913 0000 D0F8003E 		ldr	r3, [r0, #3584]
 2914 0004 23F00303 		bic	r3, r3, #3
 2915 0008 C0F8003E 		str	r3, [r0, #3584]
1196:Drivers/STM32F4xx_HAL_Driver/Src/stm32f4xx_ll_usb.c **** 
 2916              		.loc 1 1196 3 is_stmt 1 view .LVU1011
1196:Drivers/STM32F4xx_HAL_Driver/Src/stm32f4xx_ll_usb.c **** 
 2917              		.loc 1 1196 14 is_stmt 0 view .LVU1012
 2918 000c D0F80438 		ldr	r3, [r0, #2052]
1196:Drivers/STM32F4xx_HAL_Driver/Src/stm32f4xx_ll_usb.c **** 
 2919              		.loc 1 1196 21 view .LVU1013
 2920 0010 23F00203 		bic	r3, r3, #2
 2921 0014 C0F80438 		str	r3, [r0, #2052]
1198:Drivers/STM32F4xx_HAL_Driver/Src/stm32f4xx_ll_usb.c **** }
 2922              		.loc 1 1198 3 is_stmt 1 view .LVU1014
ARM GAS  /tmp/cccSJnlz.s 			page 94


1199:Drivers/STM32F4xx_HAL_Driver/Src/stm32f4xx_ll_usb.c **** 
 2923              		.loc 1 1199 1 is_stmt 0 view .LVU1015
 2924 0018 0020     		movs	r0, #0
 2925              	.LVL209:
1199:Drivers/STM32F4xx_HAL_Driver/Src/stm32f4xx_ll_usb.c **** 
 2926              		.loc 1 1199 1 view .LVU1016
 2927 001a 7047     		bx	lr
 2928              		.cfi_endproc
 2929              	.LFE261:
 2931              		.section	.text.USB_DevDisconnect,"ax",%progbits
 2932              		.align	1
 2933              		.global	USB_DevDisconnect
 2934              		.syntax unified
 2935              		.thumb
 2936              		.thumb_func
 2938              	USB_DevDisconnect:
 2939              	.LVL210:
 2940              	.LFB262:
1207:Drivers/STM32F4xx_HAL_Driver/Src/stm32f4xx_ll_usb.c ****   uint32_t USBx_BASE = (uint32_t)USBx;
 2941              		.loc 1 1207 1 is_stmt 1 view -0
 2942              		.cfi_startproc
 2943              		@ args = 0, pretend = 0, frame = 0
 2944              		@ frame_needed = 0, uses_anonymous_args = 0
 2945              		@ link register save eliminated.
1208:Drivers/STM32F4xx_HAL_Driver/Src/stm32f4xx_ll_usb.c **** 
 2946              		.loc 1 1208 3 view .LVU1018
1211:Drivers/STM32F4xx_HAL_Driver/Src/stm32f4xx_ll_usb.c **** 
 2947              		.loc 1 1211 3 view .LVU1019
1211:Drivers/STM32F4xx_HAL_Driver/Src/stm32f4xx_ll_usb.c **** 
 2948              		.loc 1 1211 16 is_stmt 0 view .LVU1020
 2949 0000 D0F8003E 		ldr	r3, [r0, #3584]
 2950 0004 23F00303 		bic	r3, r3, #3
 2951 0008 C0F8003E 		str	r3, [r0, #3584]
1213:Drivers/STM32F4xx_HAL_Driver/Src/stm32f4xx_ll_usb.c **** 
 2952              		.loc 1 1213 3 is_stmt 1 view .LVU1021
1213:Drivers/STM32F4xx_HAL_Driver/Src/stm32f4xx_ll_usb.c **** 
 2953              		.loc 1 1213 14 is_stmt 0 view .LVU1022
 2954 000c D0F80438 		ldr	r3, [r0, #2052]
1213:Drivers/STM32F4xx_HAL_Driver/Src/stm32f4xx_ll_usb.c **** 
 2955              		.loc 1 1213 21 view .LVU1023
 2956 0010 43F00203 		orr	r3, r3, #2
 2957 0014 C0F80438 		str	r3, [r0, #2052]
1215:Drivers/STM32F4xx_HAL_Driver/Src/stm32f4xx_ll_usb.c **** }
 2958              		.loc 1 1215 3 is_stmt 1 view .LVU1024
1216:Drivers/STM32F4xx_HAL_Driver/Src/stm32f4xx_ll_usb.c **** 
 2959              		.loc 1 1216 1 is_stmt 0 view .LVU1025
 2960 0018 0020     		movs	r0, #0
 2961              	.LVL211:
1216:Drivers/STM32F4xx_HAL_Driver/Src/stm32f4xx_ll_usb.c **** 
 2962              		.loc 1 1216 1 view .LVU1026
 2963 001a 7047     		bx	lr
 2964              		.cfi_endproc
 2965              	.LFE262:
 2967              		.section	.text.USB_ReadInterrupts,"ax",%progbits
 2968              		.align	1
 2969              		.global	USB_ReadInterrupts
 2970              		.syntax unified
ARM GAS  /tmp/cccSJnlz.s 			page 95


 2971              		.thumb
 2972              		.thumb_func
 2974              	USB_ReadInterrupts:
 2975              	.LVL212:
 2976              	.LFB263:
1224:Drivers/STM32F4xx_HAL_Driver/Src/stm32f4xx_ll_usb.c ****   uint32_t tmpreg;
 2977              		.loc 1 1224 1 is_stmt 1 view -0
 2978              		.cfi_startproc
 2979              		@ args = 0, pretend = 0, frame = 0
 2980              		@ frame_needed = 0, uses_anonymous_args = 0
 2981              		@ link register save eliminated.
1225:Drivers/STM32F4xx_HAL_Driver/Src/stm32f4xx_ll_usb.c **** 
 2982              		.loc 1 1225 3 view .LVU1028
1227:Drivers/STM32F4xx_HAL_Driver/Src/stm32f4xx_ll_usb.c ****   tmpreg &= USBx->GINTMSK;
 2983              		.loc 1 1227 3 view .LVU1029
1227:Drivers/STM32F4xx_HAL_Driver/Src/stm32f4xx_ll_usb.c ****   tmpreg &= USBx->GINTMSK;
 2984              		.loc 1 1227 10 is_stmt 0 view .LVU1030
 2985 0000 4269     		ldr	r2, [r0, #20]
 2986              	.LVL213:
1228:Drivers/STM32F4xx_HAL_Driver/Src/stm32f4xx_ll_usb.c **** 
 2987              		.loc 1 1228 3 is_stmt 1 view .LVU1031
1228:Drivers/STM32F4xx_HAL_Driver/Src/stm32f4xx_ll_usb.c **** 
 2988              		.loc 1 1228 17 is_stmt 0 view .LVU1032
 2989 0002 8069     		ldr	r0, [r0, #24]
 2990              	.LVL214:
1230:Drivers/STM32F4xx_HAL_Driver/Src/stm32f4xx_ll_usb.c **** }
 2991              		.loc 1 1230 3 is_stmt 1 view .LVU1033
1231:Drivers/STM32F4xx_HAL_Driver/Src/stm32f4xx_ll_usb.c **** 
 2992              		.loc 1 1231 1 is_stmt 0 view .LVU1034
 2993 0004 1040     		ands	r0, r0, r2
 2994              	.LVL215:
1231:Drivers/STM32F4xx_HAL_Driver/Src/stm32f4xx_ll_usb.c **** 
 2995              		.loc 1 1231 1 view .LVU1035
 2996 0006 7047     		bx	lr
 2997              		.cfi_endproc
 2998              	.LFE263:
 3000              		.section	.text.USB_ReadChInterrupts,"ax",%progbits
 3001              		.align	1
 3002              		.global	USB_ReadChInterrupts
 3003              		.syntax unified
 3004              		.thumb
 3005              		.thumb_func
 3007              	USB_ReadChInterrupts:
 3008              	.LVL216:
 3009              	.LFB264:
1240:Drivers/STM32F4xx_HAL_Driver/Src/stm32f4xx_ll_usb.c ****   uint32_t USBx_BASE = (uint32_t)USBx;
 3010              		.loc 1 1240 1 is_stmt 1 view -0
 3011              		.cfi_startproc
 3012              		@ args = 0, pretend = 0, frame = 0
 3013              		@ frame_needed = 0, uses_anonymous_args = 0
 3014              		@ link register save eliminated.
1241:Drivers/STM32F4xx_HAL_Driver/Src/stm32f4xx_ll_usb.c ****   uint32_t tmpreg;
 3015              		.loc 1 1241 3 view .LVU1037
1242:Drivers/STM32F4xx_HAL_Driver/Src/stm32f4xx_ll_usb.c **** 
 3016              		.loc 1 1242 3 view .LVU1038
1244:Drivers/STM32F4xx_HAL_Driver/Src/stm32f4xx_ll_usb.c ****   tmpreg &= USBx_HC(chnum)->HCINTMSK;
 3017              		.loc 1 1244 3 view .LVU1039
ARM GAS  /tmp/cccSJnlz.s 			page 96


1244:Drivers/STM32F4xx_HAL_Driver/Src/stm32f4xx_ll_usb.c ****   tmpreg &= USBx_HC(chnum)->HCINTMSK;
 3018              		.loc 1 1244 12 is_stmt 0 view .LVU1040
 3019 0000 00EB4110 		add	r0, r0, r1, lsl #5
 3020              	.LVL217:
1244:Drivers/STM32F4xx_HAL_Driver/Src/stm32f4xx_ll_usb.c ****   tmpreg &= USBx_HC(chnum)->HCINTMSK;
 3021              		.loc 1 1244 12 view .LVU1041
 3022 0004 00F5A063 		add	r3, r0, #1280
1244:Drivers/STM32F4xx_HAL_Driver/Src/stm32f4xx_ll_usb.c ****   tmpreg &= USBx_HC(chnum)->HCINTMSK;
 3023              		.loc 1 1244 10 view .LVU1042
 3024 0008 D0F80805 		ldr	r0, [r0, #1288]
 3025              	.LVL218:
1245:Drivers/STM32F4xx_HAL_Driver/Src/stm32f4xx_ll_usb.c **** 
 3026              		.loc 1 1245 3 is_stmt 1 view .LVU1043
1245:Drivers/STM32F4xx_HAL_Driver/Src/stm32f4xx_ll_usb.c **** 
 3027              		.loc 1 1245 27 is_stmt 0 view .LVU1044
 3028 000c DB68     		ldr	r3, [r3, #12]
 3029              	.LVL219:
1247:Drivers/STM32F4xx_HAL_Driver/Src/stm32f4xx_ll_usb.c **** }
 3030              		.loc 1 1247 3 is_stmt 1 view .LVU1045
1248:Drivers/STM32F4xx_HAL_Driver/Src/stm32f4xx_ll_usb.c **** 
 3031              		.loc 1 1248 1 is_stmt 0 view .LVU1046
 3032 000e 1840     		ands	r0, r0, r3
 3033              	.LVL220:
1248:Drivers/STM32F4xx_HAL_Driver/Src/stm32f4xx_ll_usb.c **** 
 3034              		.loc 1 1248 1 view .LVU1047
 3035 0010 7047     		bx	lr
 3036              		.cfi_endproc
 3037              	.LFE264:
 3039              		.section	.text.USB_ReadDevAllOutEpInterrupt,"ax",%progbits
 3040              		.align	1
 3041              		.global	USB_ReadDevAllOutEpInterrupt
 3042              		.syntax unified
 3043              		.thumb
 3044              		.thumb_func
 3046              	USB_ReadDevAllOutEpInterrupt:
 3047              	.LVL221:
 3048              	.LFB265:
1256:Drivers/STM32F4xx_HAL_Driver/Src/stm32f4xx_ll_usb.c ****   uint32_t USBx_BASE = (uint32_t)USBx;
 3049              		.loc 1 1256 1 is_stmt 1 view -0
 3050              		.cfi_startproc
 3051              		@ args = 0, pretend = 0, frame = 0
 3052              		@ frame_needed = 0, uses_anonymous_args = 0
 3053              		@ link register save eliminated.
1257:Drivers/STM32F4xx_HAL_Driver/Src/stm32f4xx_ll_usb.c ****   uint32_t tmpreg;
 3054              		.loc 1 1257 3 view .LVU1049
1258:Drivers/STM32F4xx_HAL_Driver/Src/stm32f4xx_ll_usb.c **** 
 3055              		.loc 1 1258 3 view .LVU1050
1260:Drivers/STM32F4xx_HAL_Driver/Src/stm32f4xx_ll_usb.c ****   tmpreg &= USBx_DEVICE->DAINTMSK;
 3056              		.loc 1 1260 3 view .LVU1051
1260:Drivers/STM32F4xx_HAL_Driver/Src/stm32f4xx_ll_usb.c ****   tmpreg &= USBx_DEVICE->DAINTMSK;
 3057              		.loc 1 1260 11 is_stmt 0 view .LVU1052
 3058 0000 D0F81838 		ldr	r3, [r0, #2072]
1260:Drivers/STM32F4xx_HAL_Driver/Src/stm32f4xx_ll_usb.c ****   tmpreg &= USBx_DEVICE->DAINTMSK;
 3059              		.loc 1 1260 13 view .LVU1053
 3060 0004 00F50060 		add	r0, r0, #2048
 3061              	.LVL222:
1261:Drivers/STM32F4xx_HAL_Driver/Src/stm32f4xx_ll_usb.c **** 
ARM GAS  /tmp/cccSJnlz.s 			page 97


 3062              		.loc 1 1261 3 is_stmt 1 view .LVU1054
1261:Drivers/STM32F4xx_HAL_Driver/Src/stm32f4xx_ll_usb.c **** 
 3063              		.loc 1 1261 24 is_stmt 0 view .LVU1055
 3064 0008 C069     		ldr	r0, [r0, #28]
 3065              	.LVL223:
1261:Drivers/STM32F4xx_HAL_Driver/Src/stm32f4xx_ll_usb.c **** 
 3066              		.loc 1 1261 10 view .LVU1056
 3067 000a 1840     		ands	r0, r0, r3
 3068              	.LVL224:
1263:Drivers/STM32F4xx_HAL_Driver/Src/stm32f4xx_ll_usb.c **** }
 3069              		.loc 1 1263 3 is_stmt 1 view .LVU1057
1264:Drivers/STM32F4xx_HAL_Driver/Src/stm32f4xx_ll_usb.c **** 
 3070              		.loc 1 1264 1 is_stmt 0 view .LVU1058
 3071 000c 000C     		lsrs	r0, r0, #16
 3072              	.LVL225:
1264:Drivers/STM32F4xx_HAL_Driver/Src/stm32f4xx_ll_usb.c **** 
 3073              		.loc 1 1264 1 view .LVU1059
 3074 000e 7047     		bx	lr
 3075              		.cfi_endproc
 3076              	.LFE265:
 3078              		.section	.text.USB_ReadDevAllInEpInterrupt,"ax",%progbits
 3079              		.align	1
 3080              		.global	USB_ReadDevAllInEpInterrupt
 3081              		.syntax unified
 3082              		.thumb
 3083              		.thumb_func
 3085              	USB_ReadDevAllInEpInterrupt:
 3086              	.LVL226:
 3087              	.LFB266:
1272:Drivers/STM32F4xx_HAL_Driver/Src/stm32f4xx_ll_usb.c ****   uint32_t USBx_BASE = (uint32_t)USBx;
 3088              		.loc 1 1272 1 is_stmt 1 view -0
 3089              		.cfi_startproc
 3090              		@ args = 0, pretend = 0, frame = 0
 3091              		@ frame_needed = 0, uses_anonymous_args = 0
 3092              		@ link register save eliminated.
1273:Drivers/STM32F4xx_HAL_Driver/Src/stm32f4xx_ll_usb.c ****   uint32_t tmpreg;
 3093              		.loc 1 1273 3 view .LVU1061
1274:Drivers/STM32F4xx_HAL_Driver/Src/stm32f4xx_ll_usb.c **** 
 3094              		.loc 1 1274 3 view .LVU1062
1276:Drivers/STM32F4xx_HAL_Driver/Src/stm32f4xx_ll_usb.c ****   tmpreg &= USBx_DEVICE->DAINTMSK;
 3095              		.loc 1 1276 3 view .LVU1063
1276:Drivers/STM32F4xx_HAL_Driver/Src/stm32f4xx_ll_usb.c ****   tmpreg &= USBx_DEVICE->DAINTMSK;
 3096              		.loc 1 1276 11 is_stmt 0 view .LVU1064
 3097 0000 D0F81838 		ldr	r3, [r0, #2072]
1276:Drivers/STM32F4xx_HAL_Driver/Src/stm32f4xx_ll_usb.c ****   tmpreg &= USBx_DEVICE->DAINTMSK;
 3098              		.loc 1 1276 13 view .LVU1065
 3099 0004 00F50060 		add	r0, r0, #2048
 3100              	.LVL227:
1277:Drivers/STM32F4xx_HAL_Driver/Src/stm32f4xx_ll_usb.c **** 
 3101              		.loc 1 1277 3 is_stmt 1 view .LVU1066
1277:Drivers/STM32F4xx_HAL_Driver/Src/stm32f4xx_ll_usb.c **** 
 3102              		.loc 1 1277 24 is_stmt 0 view .LVU1067
 3103 0008 C069     		ldr	r0, [r0, #28]
 3104              	.LVL228:
1277:Drivers/STM32F4xx_HAL_Driver/Src/stm32f4xx_ll_usb.c **** 
 3105              		.loc 1 1277 10 view .LVU1068
 3106 000a 1840     		ands	r0, r0, r3
ARM GAS  /tmp/cccSJnlz.s 			page 98


 3107              	.LVL229:
1279:Drivers/STM32F4xx_HAL_Driver/Src/stm32f4xx_ll_usb.c **** }
 3108              		.loc 1 1279 3 is_stmt 1 view .LVU1069
1280:Drivers/STM32F4xx_HAL_Driver/Src/stm32f4xx_ll_usb.c **** 
 3109              		.loc 1 1280 1 is_stmt 0 view .LVU1070
 3110 000c 80B2     		uxth	r0, r0
 3111              	.LVL230:
1280:Drivers/STM32F4xx_HAL_Driver/Src/stm32f4xx_ll_usb.c **** 
 3112              		.loc 1 1280 1 view .LVU1071
 3113 000e 7047     		bx	lr
 3114              		.cfi_endproc
 3115              	.LFE266:
 3117              		.section	.text.USB_ReadDevOutEPInterrupt,"ax",%progbits
 3118              		.align	1
 3119              		.global	USB_ReadDevOutEPInterrupt
 3120              		.syntax unified
 3121              		.thumb
 3122              		.thumb_func
 3124              	USB_ReadDevOutEPInterrupt:
 3125              	.LVL231:
 3126              	.LFB267:
1290:Drivers/STM32F4xx_HAL_Driver/Src/stm32f4xx_ll_usb.c ****   uint32_t USBx_BASE = (uint32_t)USBx;
 3127              		.loc 1 1290 1 is_stmt 1 view -0
 3128              		.cfi_startproc
 3129              		@ args = 0, pretend = 0, frame = 0
 3130              		@ frame_needed = 0, uses_anonymous_args = 0
 3131              		@ link register save eliminated.
1291:Drivers/STM32F4xx_HAL_Driver/Src/stm32f4xx_ll_usb.c ****   uint32_t tmpreg;
 3132              		.loc 1 1291 3 view .LVU1073
1292:Drivers/STM32F4xx_HAL_Driver/Src/stm32f4xx_ll_usb.c **** 
 3133              		.loc 1 1292 3 view .LVU1074
1294:Drivers/STM32F4xx_HAL_Driver/Src/stm32f4xx_ll_usb.c ****   tmpreg &= USBx_DEVICE->DOEPMSK;
 3134              		.loc 1 1294 3 view .LVU1075
1294:Drivers/STM32F4xx_HAL_Driver/Src/stm32f4xx_ll_usb.c ****   tmpreg &= USBx_DEVICE->DOEPMSK;
 3135              		.loc 1 1294 13 is_stmt 0 view .LVU1076
 3136 0000 00EB4111 		add	r1, r0, r1, lsl #5
 3137              	.LVL232:
1294:Drivers/STM32F4xx_HAL_Driver/Src/stm32f4xx_ll_usb.c ****   tmpreg &= USBx_DEVICE->DOEPMSK;
 3138              		.loc 1 1294 11 view .LVU1077
 3139 0004 D1F8082B 		ldr	r2, [r1, #2824]
 3140              	.LVL233:
1295:Drivers/STM32F4xx_HAL_Driver/Src/stm32f4xx_ll_usb.c **** 
 3141              		.loc 1 1295 3 is_stmt 1 view .LVU1078
1295:Drivers/STM32F4xx_HAL_Driver/Src/stm32f4xx_ll_usb.c **** 
 3142              		.loc 1 1295 13 is_stmt 0 view .LVU1079
 3143 0008 00F50060 		add	r0, r0, #2048
 3144              	.LVL234:
1295:Drivers/STM32F4xx_HAL_Driver/Src/stm32f4xx_ll_usb.c **** 
 3145              		.loc 1 1295 24 view .LVU1080
 3146 000c 4069     		ldr	r0, [r0, #20]
 3147              	.LVL235:
1297:Drivers/STM32F4xx_HAL_Driver/Src/stm32f4xx_ll_usb.c **** }
 3148              		.loc 1 1297 3 is_stmt 1 view .LVU1081
1298:Drivers/STM32F4xx_HAL_Driver/Src/stm32f4xx_ll_usb.c **** 
 3149              		.loc 1 1298 1 is_stmt 0 view .LVU1082
 3150 000e 1040     		ands	r0, r0, r2
 3151              	.LVL236:
ARM GAS  /tmp/cccSJnlz.s 			page 99


1298:Drivers/STM32F4xx_HAL_Driver/Src/stm32f4xx_ll_usb.c **** 
 3152              		.loc 1 1298 1 view .LVU1083
 3153 0010 7047     		bx	lr
 3154              		.cfi_endproc
 3155              	.LFE267:
 3157              		.section	.text.USB_ReadDevInEPInterrupt,"ax",%progbits
 3158              		.align	1
 3159              		.global	USB_ReadDevInEPInterrupt
 3160              		.syntax unified
 3161              		.thumb
 3162              		.thumb_func
 3164              	USB_ReadDevInEPInterrupt:
 3165              	.LVL237:
 3166              	.LFB268:
1308:Drivers/STM32F4xx_HAL_Driver/Src/stm32f4xx_ll_usb.c ****   uint32_t USBx_BASE = (uint32_t)USBx;
 3167              		.loc 1 1308 1 is_stmt 1 view -0
 3168              		.cfi_startproc
 3169              		@ args = 0, pretend = 0, frame = 0
 3170              		@ frame_needed = 0, uses_anonymous_args = 0
 3171              		@ link register save eliminated.
1309:Drivers/STM32F4xx_HAL_Driver/Src/stm32f4xx_ll_usb.c ****   uint32_t tmpreg;
 3172              		.loc 1 1309 3 view .LVU1085
1310:Drivers/STM32F4xx_HAL_Driver/Src/stm32f4xx_ll_usb.c ****   uint32_t msk;
 3173              		.loc 1 1310 3 view .LVU1086
1311:Drivers/STM32F4xx_HAL_Driver/Src/stm32f4xx_ll_usb.c ****   uint32_t emp;
 3174              		.loc 1 1311 3 view .LVU1087
1312:Drivers/STM32F4xx_HAL_Driver/Src/stm32f4xx_ll_usb.c **** 
 3175              		.loc 1 1312 3 view .LVU1088
1314:Drivers/STM32F4xx_HAL_Driver/Src/stm32f4xx_ll_usb.c ****   emp = USBx_DEVICE->DIEPEMPMSK;
 3176              		.loc 1 1314 3 view .LVU1089
1314:Drivers/STM32F4xx_HAL_Driver/Src/stm32f4xx_ll_usb.c ****   emp = USBx_DEVICE->DIEPEMPMSK;
 3177              		.loc 1 1314 7 is_stmt 0 view .LVU1090
 3178 0000 D0F81028 		ldr	r2, [r0, #2064]
 3179              	.LVL238:
1315:Drivers/STM32F4xx_HAL_Driver/Src/stm32f4xx_ll_usb.c ****   msk |= ((emp >> (epnum & EP_ADDR_MSK)) & 0x1U) << 7;
 3180              		.loc 1 1315 3 is_stmt 1 view .LVU1091
1315:Drivers/STM32F4xx_HAL_Driver/Src/stm32f4xx_ll_usb.c ****   msk |= ((emp >> (epnum & EP_ADDR_MSK)) & 0x1U) << 7;
 3181              		.loc 1 1315 7 is_stmt 0 view .LVU1092
 3182 0004 D0F83438 		ldr	r3, [r0, #2100]
 3183              	.LVL239:
1316:Drivers/STM32F4xx_HAL_Driver/Src/stm32f4xx_ll_usb.c ****   tmpreg = USBx_INEP((uint32_t)epnum)->DIEPINT & msk;
 3184              		.loc 1 1316 3 is_stmt 1 view .LVU1093
1316:Drivers/STM32F4xx_HAL_Driver/Src/stm32f4xx_ll_usb.c ****   tmpreg = USBx_INEP((uint32_t)epnum)->DIEPINT & msk;
 3185              		.loc 1 1316 26 is_stmt 0 view .LVU1094
 3186 0008 01F00F0C 		and	ip, r1, #15
1316:Drivers/STM32F4xx_HAL_Driver/Src/stm32f4xx_ll_usb.c ****   tmpreg = USBx_INEP((uint32_t)epnum)->DIEPINT & msk;
 3187              		.loc 1 1316 16 view .LVU1095
 3188 000c 23FA0CF3 		lsr	r3, r3, ip
 3189              	.LVL240:
1316:Drivers/STM32F4xx_HAL_Driver/Src/stm32f4xx_ll_usb.c ****   tmpreg = USBx_INEP((uint32_t)epnum)->DIEPINT & msk;
 3190              		.loc 1 1316 50 view .LVU1096
 3191 0010 DB01     		lsls	r3, r3, #7
 3192 0012 DBB2     		uxtb	r3, r3
1316:Drivers/STM32F4xx_HAL_Driver/Src/stm32f4xx_ll_usb.c ****   tmpreg = USBx_INEP((uint32_t)epnum)->DIEPINT & msk;
 3193              		.loc 1 1316 7 view .LVU1097
 3194 0014 1343     		orrs	r3, r3, r2
 3195              	.LVL241:
ARM GAS  /tmp/cccSJnlz.s 			page 100


1317:Drivers/STM32F4xx_HAL_Driver/Src/stm32f4xx_ll_usb.c **** 
 3196              		.loc 1 1317 3 is_stmt 1 view .LVU1098
1317:Drivers/STM32F4xx_HAL_Driver/Src/stm32f4xx_ll_usb.c **** 
 3197              		.loc 1 1317 12 is_stmt 0 view .LVU1099
 3198 0016 00EB4110 		add	r0, r0, r1, lsl #5
 3199              	.LVL242:
1317:Drivers/STM32F4xx_HAL_Driver/Src/stm32f4xx_ll_usb.c **** 
 3200              		.loc 1 1317 12 view .LVU1100
 3201 001a 00F51060 		add	r0, r0, #2304
1317:Drivers/STM32F4xx_HAL_Driver/Src/stm32f4xx_ll_usb.c **** 
 3202              		.loc 1 1317 38 view .LVU1101
 3203 001e 8068     		ldr	r0, [r0, #8]
 3204              	.LVL243:
1319:Drivers/STM32F4xx_HAL_Driver/Src/stm32f4xx_ll_usb.c **** }
 3205              		.loc 1 1319 3 is_stmt 1 view .LVU1102
1320:Drivers/STM32F4xx_HAL_Driver/Src/stm32f4xx_ll_usb.c **** 
 3206              		.loc 1 1320 1 is_stmt 0 view .LVU1103
 3207 0020 1840     		ands	r0, r0, r3
 3208              	.LVL244:
1320:Drivers/STM32F4xx_HAL_Driver/Src/stm32f4xx_ll_usb.c **** 
 3209              		.loc 1 1320 1 view .LVU1104
 3210 0022 7047     		bx	lr
 3211              		.cfi_endproc
 3212              	.LFE268:
 3214              		.section	.text.USB_ClearInterrupts,"ax",%progbits
 3215              		.align	1
 3216              		.global	USB_ClearInterrupts
 3217              		.syntax unified
 3218              		.thumb
 3219              		.thumb_func
 3221              	USB_ClearInterrupts:
 3222              	.LVL245:
 3223              	.LFB269:
1329:Drivers/STM32F4xx_HAL_Driver/Src/stm32f4xx_ll_usb.c ****   USBx->GINTSTS &= interrupt;
 3224              		.loc 1 1329 1 is_stmt 1 view -0
 3225              		.cfi_startproc
 3226              		@ args = 0, pretend = 0, frame = 0
 3227              		@ frame_needed = 0, uses_anonymous_args = 0
 3228              		@ link register save eliminated.
1330:Drivers/STM32F4xx_HAL_Driver/Src/stm32f4xx_ll_usb.c **** }
 3229              		.loc 1 1330 3 view .LVU1106
1330:Drivers/STM32F4xx_HAL_Driver/Src/stm32f4xx_ll_usb.c **** }
 3230              		.loc 1 1330 7 is_stmt 0 view .LVU1107
 3231 0000 4369     		ldr	r3, [r0, #20]
1330:Drivers/STM32F4xx_HAL_Driver/Src/stm32f4xx_ll_usb.c **** }
 3232              		.loc 1 1330 17 view .LVU1108
 3233 0002 0B40     		ands	r3, r3, r1
 3234 0004 4361     		str	r3, [r0, #20]
1331:Drivers/STM32F4xx_HAL_Driver/Src/stm32f4xx_ll_usb.c **** 
 3235              		.loc 1 1331 1 view .LVU1109
 3236 0006 7047     		bx	lr
 3237              		.cfi_endproc
 3238              	.LFE269:
 3240              		.section	.text.USB_GetMode,"ax",%progbits
 3241              		.align	1
 3242              		.global	USB_GetMode
 3243              		.syntax unified
ARM GAS  /tmp/cccSJnlz.s 			page 101


 3244              		.thumb
 3245              		.thumb_func
 3247              	USB_GetMode:
 3248              	.LVL246:
 3249              	.LFB270:
1342:Drivers/STM32F4xx_HAL_Driver/Src/stm32f4xx_ll_usb.c ****   return ((USBx->GINTSTS) & 0x1U);
 3250              		.loc 1 1342 1 is_stmt 1 view -0
 3251              		.cfi_startproc
 3252              		@ args = 0, pretend = 0, frame = 0
 3253              		@ frame_needed = 0, uses_anonymous_args = 0
 3254              		@ link register save eliminated.
1343:Drivers/STM32F4xx_HAL_Driver/Src/stm32f4xx_ll_usb.c **** }
 3255              		.loc 1 1343 3 view .LVU1111
1343:Drivers/STM32F4xx_HAL_Driver/Src/stm32f4xx_ll_usb.c **** }
 3256              		.loc 1 1343 16 is_stmt 0 view .LVU1112
 3257 0000 4069     		ldr	r0, [r0, #20]
 3258              	.LVL247:
1344:Drivers/STM32F4xx_HAL_Driver/Src/stm32f4xx_ll_usb.c **** 
 3259              		.loc 1 1344 1 view .LVU1113
 3260 0002 00F00100 		and	r0, r0, #1
 3261 0006 7047     		bx	lr
 3262              		.cfi_endproc
 3263              	.LFE270:
 3265              		.section	.text.USB_SetCurrentMode,"ax",%progbits
 3266              		.align	1
 3267              		.global	USB_SetCurrentMode
 3268              		.syntax unified
 3269              		.thumb
 3270              		.thumb_func
 3272              	USB_SetCurrentMode:
 3273              	.LVL248:
 3274              	.LFB243:
 250:Drivers/STM32F4xx_HAL_Driver/Src/stm32f4xx_ll_usb.c ****   uint32_t ms = 0U;
 3275              		.loc 1 250 1 is_stmt 1 view -0
 3276              		.cfi_startproc
 3277              		@ args = 0, pretend = 0, frame = 0
 3278              		@ frame_needed = 0, uses_anonymous_args = 0
 250:Drivers/STM32F4xx_HAL_Driver/Src/stm32f4xx_ll_usb.c ****   uint32_t ms = 0U;
 3279              		.loc 1 250 1 is_stmt 0 view .LVU1115
 3280 0000 38B5     		push	{r3, r4, r5, lr}
 3281              	.LCFI35:
 3282              		.cfi_def_cfa_offset 16
 3283              		.cfi_offset 3, -16
 3284              		.cfi_offset 4, -12
 3285              		.cfi_offset 5, -8
 3286              		.cfi_offset 14, -4
 3287 0002 0546     		mov	r5, r0
 251:Drivers/STM32F4xx_HAL_Driver/Src/stm32f4xx_ll_usb.c **** 
 3288              		.loc 1 251 3 is_stmt 1 view .LVU1116
 3289              	.LVL249:
 253:Drivers/STM32F4xx_HAL_Driver/Src/stm32f4xx_ll_usb.c **** 
 3290              		.loc 1 253 3 view .LVU1117
 253:Drivers/STM32F4xx_HAL_Driver/Src/stm32f4xx_ll_usb.c **** 
 3291              		.loc 1 253 7 is_stmt 0 view .LVU1118
 3292 0004 C368     		ldr	r3, [r0, #12]
 253:Drivers/STM32F4xx_HAL_Driver/Src/stm32f4xx_ll_usb.c **** 
 3293              		.loc 1 253 17 view .LVU1119
ARM GAS  /tmp/cccSJnlz.s 			page 102


 3294 0006 23F0C043 		bic	r3, r3, #1610612736
 3295 000a C360     		str	r3, [r0, #12]
 255:Drivers/STM32F4xx_HAL_Driver/Src/stm32f4xx_ll_usb.c ****   {
 3296              		.loc 1 255 3 is_stmt 1 view .LVU1120
 255:Drivers/STM32F4xx_HAL_Driver/Src/stm32f4xx_ll_usb.c ****   {
 3297              		.loc 1 255 6 is_stmt 0 view .LVU1121
 3298 000c 0129     		cmp	r1, #1
 3299 000e 13D0     		beq	.L210
 265:Drivers/STM32F4xx_HAL_Driver/Src/stm32f4xx_ll_usb.c ****   {
 3300              		.loc 1 265 8 is_stmt 1 view .LVU1122
 265:Drivers/STM32F4xx_HAL_Driver/Src/stm32f4xx_ll_usb.c ****   {
 3301              		.loc 1 265 11 is_stmt 0 view .LVU1123
 3302 0010 19BB     		cbnz	r1, .L207
 267:Drivers/STM32F4xx_HAL_Driver/Src/stm32f4xx_ll_usb.c **** 
 3303              		.loc 1 267 5 is_stmt 1 view .LVU1124
 267:Drivers/STM32F4xx_HAL_Driver/Src/stm32f4xx_ll_usb.c **** 
 3304              		.loc 1 267 9 is_stmt 0 view .LVU1125
 3305 0012 C368     		ldr	r3, [r0, #12]
 267:Drivers/STM32F4xx_HAL_Driver/Src/stm32f4xx_ll_usb.c **** 
 3306              		.loc 1 267 19 view .LVU1126
 3307 0014 43F08043 		orr	r3, r3, #1073741824
 3308 0018 C360     		str	r3, [r0, #12]
 251:Drivers/STM32F4xx_HAL_Driver/Src/stm32f4xx_ll_usb.c **** 
 3309              		.loc 1 251 12 view .LVU1127
 3310 001a 0024     		movs	r4, #0
 3311              	.LVL250:
 3312              	.L206:
 269:Drivers/STM32F4xx_HAL_Driver/Src/stm32f4xx_ll_usb.c ****     {
 3313              		.loc 1 269 5 is_stmt 1 view .LVU1128
 271:Drivers/STM32F4xx_HAL_Driver/Src/stm32f4xx_ll_usb.c ****       ms += 10U;
 3314              		.loc 1 271 7 view .LVU1129
 3315 001c 0A20     		movs	r0, #10
 3316 001e FFF7FEFF 		bl	HAL_Delay
 3317              	.LVL251:
 272:Drivers/STM32F4xx_HAL_Driver/Src/stm32f4xx_ll_usb.c ****     } while ((USB_GetMode(USBx) != (uint32_t)USB_DEVICE_MODE) && (ms < HAL_USB_CURRENT_MODE_MAX_DEL
 3318              		.loc 1 272 7 view .LVU1130
 272:Drivers/STM32F4xx_HAL_Driver/Src/stm32f4xx_ll_usb.c ****     } while ((USB_GetMode(USBx) != (uint32_t)USB_DEVICE_MODE) && (ms < HAL_USB_CURRENT_MODE_MAX_DEL
 3319              		.loc 1 272 10 is_stmt 0 view .LVU1131
 3320 0022 0A34     		adds	r4, r4, #10
 3321              	.LVL252:
 273:Drivers/STM32F4xx_HAL_Driver/Src/stm32f4xx_ll_usb.c ****   }
 3322              		.loc 1 273 63 is_stmt 1 discriminator 2 view .LVU1132
 273:Drivers/STM32F4xx_HAL_Driver/Src/stm32f4xx_ll_usb.c ****   }
 3323              		.loc 1 273 15 is_stmt 0 discriminator 2 view .LVU1133
 3324 0024 2846     		mov	r0, r5
 3325 0026 FFF7FEFF 		bl	USB_GetMode
 3326              	.LVL253:
 273:Drivers/STM32F4xx_HAL_Driver/Src/stm32f4xx_ll_usb.c ****   }
 3327              		.loc 1 273 63 discriminator 2 view .LVU1134
 3328 002a 08B1     		cbz	r0, .L203
 273:Drivers/STM32F4xx_HAL_Driver/Src/stm32f4xx_ll_usb.c ****   }
 3329              		.loc 1 273 63 discriminator 1 view .LVU1135
 3330 002c C72C     		cmp	r4, #199
 3331 002e F5D9     		bls	.L206
 3332              	.L203:
 280:Drivers/STM32F4xx_HAL_Driver/Src/stm32f4xx_ll_usb.c ****   {
 3333              		.loc 1 280 3 is_stmt 1 view .LVU1136
ARM GAS  /tmp/cccSJnlz.s 			page 103


 280:Drivers/STM32F4xx_HAL_Driver/Src/stm32f4xx_ll_usb.c ****   {
 3334              		.loc 1 280 6 is_stmt 0 view .LVU1137
 3335 0030 C82C     		cmp	r4, #200
 3336 0032 14D0     		beq	.L208
 285:Drivers/STM32F4xx_HAL_Driver/Src/stm32f4xx_ll_usb.c **** }
 3337              		.loc 1 285 10 view .LVU1138
 3338 0034 0020     		movs	r0, #0
 3339              	.LVL254:
 3340              	.L205:
 286:Drivers/STM32F4xx_HAL_Driver/Src/stm32f4xx_ll_usb.c **** 
 3341              		.loc 1 286 1 view .LVU1139
 3342 0036 38BD     		pop	{r3, r4, r5, pc}
 3343              	.LVL255:
 3344              	.L210:
 257:Drivers/STM32F4xx_HAL_Driver/Src/stm32f4xx_ll_usb.c **** 
 3345              		.loc 1 257 5 is_stmt 1 view .LVU1140
 257:Drivers/STM32F4xx_HAL_Driver/Src/stm32f4xx_ll_usb.c **** 
 3346              		.loc 1 257 9 is_stmt 0 view .LVU1141
 3347 0038 C368     		ldr	r3, [r0, #12]
 257:Drivers/STM32F4xx_HAL_Driver/Src/stm32f4xx_ll_usb.c **** 
 3348              		.loc 1 257 19 view .LVU1142
 3349 003a 43F00053 		orr	r3, r3, #536870912
 3350 003e C360     		str	r3, [r0, #12]
 251:Drivers/STM32F4xx_HAL_Driver/Src/stm32f4xx_ll_usb.c **** 
 3351              		.loc 1 251 12 view .LVU1143
 3352 0040 0024     		movs	r4, #0
 3353              	.LVL256:
 3354              	.L204:
 259:Drivers/STM32F4xx_HAL_Driver/Src/stm32f4xx_ll_usb.c ****     {
 3355              		.loc 1 259 5 is_stmt 1 view .LVU1144
 261:Drivers/STM32F4xx_HAL_Driver/Src/stm32f4xx_ll_usb.c ****       ms += 10U;
 3356              		.loc 1 261 7 view .LVU1145
 3357 0042 0A20     		movs	r0, #10
 3358 0044 FFF7FEFF 		bl	HAL_Delay
 3359              	.LVL257:
 262:Drivers/STM32F4xx_HAL_Driver/Src/stm32f4xx_ll_usb.c ****     } while ((USB_GetMode(USBx) != (uint32_t)USB_HOST_MODE) && (ms < HAL_USB_CURRENT_MODE_MAX_DELAY
 3360              		.loc 1 262 7 view .LVU1146
 262:Drivers/STM32F4xx_HAL_Driver/Src/stm32f4xx_ll_usb.c ****     } while ((USB_GetMode(USBx) != (uint32_t)USB_HOST_MODE) && (ms < HAL_USB_CURRENT_MODE_MAX_DELAY
 3361              		.loc 1 262 10 is_stmt 0 view .LVU1147
 3362 0048 0A34     		adds	r4, r4, #10
 3363              	.LVL258:
 263:Drivers/STM32F4xx_HAL_Driver/Src/stm32f4xx_ll_usb.c ****   }
 3364              		.loc 1 263 61 is_stmt 1 discriminator 2 view .LVU1148
 263:Drivers/STM32F4xx_HAL_Driver/Src/stm32f4xx_ll_usb.c ****   }
 3365              		.loc 1 263 15 is_stmt 0 discriminator 2 view .LVU1149
 3366 004a 2846     		mov	r0, r5
 3367 004c FFF7FEFF 		bl	USB_GetMode
 3368              	.LVL259:
 263:Drivers/STM32F4xx_HAL_Driver/Src/stm32f4xx_ll_usb.c ****   }
 3369              		.loc 1 263 61 discriminator 2 view .LVU1150
 3370 0050 0128     		cmp	r0, #1
 3371 0052 EDD0     		beq	.L203
 263:Drivers/STM32F4xx_HAL_Driver/Src/stm32f4xx_ll_usb.c ****   }
 3372              		.loc 1 263 61 discriminator 1 view .LVU1151
 3373 0054 C72C     		cmp	r4, #199
 3374 0056 F4D9     		bls	.L204
 3375 0058 EAE7     		b	.L203
ARM GAS  /tmp/cccSJnlz.s 			page 104


 3376              	.LVL260:
 3377              	.L207:
 277:Drivers/STM32F4xx_HAL_Driver/Src/stm32f4xx_ll_usb.c ****   }
 3378              		.loc 1 277 12 view .LVU1152
 3379 005a 0120     		movs	r0, #1
 3380              	.LVL261:
 277:Drivers/STM32F4xx_HAL_Driver/Src/stm32f4xx_ll_usb.c ****   }
 3381              		.loc 1 277 12 view .LVU1153
 3382 005c EBE7     		b	.L205
 3383              	.LVL262:
 3384              	.L208:
 282:Drivers/STM32F4xx_HAL_Driver/Src/stm32f4xx_ll_usb.c ****   }
 3385              		.loc 1 282 12 view .LVU1154
 3386 005e 0120     		movs	r0, #1
 3387 0060 E9E7     		b	.L205
 3388              		.cfi_endproc
 3389              	.LFE243:
 3391              		.section	.text.USB_ActivateSetup,"ax",%progbits
 3392              		.align	1
 3393              		.global	USB_ActivateSetup
 3394              		.syntax unified
 3395              		.thumb
 3396              		.thumb_func
 3398              	USB_ActivateSetup:
 3399              	.LVL263:
 3400              	.LFB271:
1352:Drivers/STM32F4xx_HAL_Driver/Src/stm32f4xx_ll_usb.c ****   uint32_t USBx_BASE = (uint32_t)USBx;
 3401              		.loc 1 1352 1 is_stmt 1 view -0
 3402              		.cfi_startproc
 3403              		@ args = 0, pretend = 0, frame = 0
 3404              		@ frame_needed = 0, uses_anonymous_args = 0
 3405              		@ link register save eliminated.
1353:Drivers/STM32F4xx_HAL_Driver/Src/stm32f4xx_ll_usb.c **** 
 3406              		.loc 1 1353 3 view .LVU1156
1356:Drivers/STM32F4xx_HAL_Driver/Src/stm32f4xx_ll_usb.c **** 
 3407              		.loc 1 1356 3 view .LVU1157
1356:Drivers/STM32F4xx_HAL_Driver/Src/stm32f4xx_ll_usb.c **** 
 3408              		.loc 1 1356 16 is_stmt 0 view .LVU1158
 3409 0000 D0F80039 		ldr	r3, [r0, #2304]
1356:Drivers/STM32F4xx_HAL_Driver/Src/stm32f4xx_ll_usb.c **** 
 3410              		.loc 1 1356 26 view .LVU1159
 3411 0004 6FF30A03 		bfc	r3, #0, #11
 3412 0008 C0F80039 		str	r3, [r0, #2304]
1358:Drivers/STM32F4xx_HAL_Driver/Src/stm32f4xx_ll_usb.c **** 
 3413              		.loc 1 1358 3 is_stmt 1 view .LVU1160
1358:Drivers/STM32F4xx_HAL_Driver/Src/stm32f4xx_ll_usb.c **** 
 3414              		.loc 1 1358 14 is_stmt 0 view .LVU1161
 3415 000c D0F80438 		ldr	r3, [r0, #2052]
1358:Drivers/STM32F4xx_HAL_Driver/Src/stm32f4xx_ll_usb.c **** 
 3416              		.loc 1 1358 21 view .LVU1162
 3417 0010 43F48073 		orr	r3, r3, #256
 3418 0014 C0F80438 		str	r3, [r0, #2052]
1360:Drivers/STM32F4xx_HAL_Driver/Src/stm32f4xx_ll_usb.c **** }
 3419              		.loc 1 1360 3 is_stmt 1 view .LVU1163
1361:Drivers/STM32F4xx_HAL_Driver/Src/stm32f4xx_ll_usb.c **** 
 3420              		.loc 1 1361 1 is_stmt 0 view .LVU1164
 3421 0018 0020     		movs	r0, #0
ARM GAS  /tmp/cccSJnlz.s 			page 105


 3422              	.LVL264:
1361:Drivers/STM32F4xx_HAL_Driver/Src/stm32f4xx_ll_usb.c **** 
 3423              		.loc 1 1361 1 view .LVU1165
 3424 001a 7047     		bx	lr
 3425              		.cfi_endproc
 3426              	.LFE271:
 3428              		.section	.text.USB_EP0_OutStart,"ax",%progbits
 3429              		.align	1
 3430              		.global	USB_EP0_OutStart
 3431              		.syntax unified
 3432              		.thumb
 3433              		.thumb_func
 3435              	USB_EP0_OutStart:
 3436              	.LVL265:
 3437              	.LFB272:
1374:Drivers/STM32F4xx_HAL_Driver/Src/stm32f4xx_ll_usb.c ****   uint32_t USBx_BASE = (uint32_t)USBx;
 3438              		.loc 1 1374 1 is_stmt 1 view -0
 3439              		.cfi_startproc
 3440              		@ args = 0, pretend = 0, frame = 0
 3441              		@ frame_needed = 0, uses_anonymous_args = 0
 3442              		@ link register save eliminated.
1374:Drivers/STM32F4xx_HAL_Driver/Src/stm32f4xx_ll_usb.c ****   uint32_t USBx_BASE = (uint32_t)USBx;
 3443              		.loc 1 1374 1 is_stmt 0 view .LVU1167
 3444 0000 10B4     		push	{r4}
 3445              	.LCFI36:
 3446              		.cfi_def_cfa_offset 4
 3447              		.cfi_offset 4, -4
1375:Drivers/STM32F4xx_HAL_Driver/Src/stm32f4xx_ll_usb.c ****   uint32_t gSNPSiD = *(__IO const uint32_t *)(&USBx->CID + 0x1U);
 3448              		.loc 1 1375 3 is_stmt 1 view .LVU1168
 3449              	.LVL266:
1376:Drivers/STM32F4xx_HAL_Driver/Src/stm32f4xx_ll_usb.c **** 
 3450              		.loc 1 1376 3 view .LVU1169
1376:Drivers/STM32F4xx_HAL_Driver/Src/stm32f4xx_ll_usb.c **** 
 3451              		.loc 1 1376 12 is_stmt 0 view .LVU1170
 3452 0002 046C     		ldr	r4, [r0, #64]
 3453              	.LVL267:
1378:Drivers/STM32F4xx_HAL_Driver/Src/stm32f4xx_ll_usb.c ****   {
 3454              		.loc 1 1378 3 is_stmt 1 view .LVU1171
1378:Drivers/STM32F4xx_HAL_Driver/Src/stm32f4xx_ll_usb.c ****   {
 3455              		.loc 1 1378 6 is_stmt 0 view .LVU1172
 3456 0004 154B     		ldr	r3, .L217
 3457 0006 9C42     		cmp	r4, r3
 3458 0008 03D9     		bls	.L213
1380:Drivers/STM32F4xx_HAL_Driver/Src/stm32f4xx_ll_usb.c ****     {
 3459              		.loc 1 1380 5 is_stmt 1 view .LVU1173
1380:Drivers/STM32F4xx_HAL_Driver/Src/stm32f4xx_ll_usb.c ****     {
 3460              		.loc 1 1380 24 is_stmt 0 view .LVU1174
 3461 000a D0F8003B 		ldr	r3, [r0, #2816]
1380:Drivers/STM32F4xx_HAL_Driver/Src/stm32f4xx_ll_usb.c ****     {
 3462              		.loc 1 1380 8 view .LVU1175
 3463 000e 002B     		cmp	r3, #0
 3464 0010 16DB     		blt	.L214
 3465              	.L213:
1386:Drivers/STM32F4xx_HAL_Driver/Src/stm32f4xx_ll_usb.c ****   USBx_OUTEP(0U)->DOEPTSIZ |= (USB_OTG_DOEPTSIZ_PKTCNT & (1U << 19));
 3466              		.loc 1 1386 3 is_stmt 1 view .LVU1176
1386:Drivers/STM32F4xx_HAL_Driver/Src/stm32f4xx_ll_usb.c ****   USBx_OUTEP(0U)->DOEPTSIZ |= (USB_OTG_DOEPTSIZ_PKTCNT & (1U << 19));
 3467              		.loc 1 1386 28 is_stmt 0 view .LVU1177
ARM GAS  /tmp/cccSJnlz.s 			page 106


 3468 0012 0024     		movs	r4, #0
 3469              	.LVL268:
1386:Drivers/STM32F4xx_HAL_Driver/Src/stm32f4xx_ll_usb.c ****   USBx_OUTEP(0U)->DOEPTSIZ |= (USB_OTG_DOEPTSIZ_PKTCNT & (1U << 19));
 3470              		.loc 1 1386 28 view .LVU1178
 3471 0014 C0F8104B 		str	r4, [r0, #2832]
1387:Drivers/STM32F4xx_HAL_Driver/Src/stm32f4xx_ll_usb.c ****   USBx_OUTEP(0U)->DOEPTSIZ |= (3U * 8U);
 3472              		.loc 1 1387 3 is_stmt 1 view .LVU1179
1387:Drivers/STM32F4xx_HAL_Driver/Src/stm32f4xx_ll_usb.c ****   USBx_OUTEP(0U)->DOEPTSIZ |= (3U * 8U);
 3473              		.loc 1 1387 17 is_stmt 0 view .LVU1180
 3474 0018 D0F8104B 		ldr	r4, [r0, #2832]
1387:Drivers/STM32F4xx_HAL_Driver/Src/stm32f4xx_ll_usb.c ****   USBx_OUTEP(0U)->DOEPTSIZ |= (3U * 8U);
 3475              		.loc 1 1387 28 view .LVU1181
 3476 001c 44F40024 		orr	r4, r4, #524288
 3477 0020 C0F8104B 		str	r4, [r0, #2832]
1388:Drivers/STM32F4xx_HAL_Driver/Src/stm32f4xx_ll_usb.c ****   USBx_OUTEP(0U)->DOEPTSIZ |=  USB_OTG_DOEPTSIZ_STUPCNT;
 3478              		.loc 1 1388 3 is_stmt 1 view .LVU1182
1388:Drivers/STM32F4xx_HAL_Driver/Src/stm32f4xx_ll_usb.c ****   USBx_OUTEP(0U)->DOEPTSIZ |=  USB_OTG_DOEPTSIZ_STUPCNT;
 3479              		.loc 1 1388 17 is_stmt 0 view .LVU1183
 3480 0024 D0F8104B 		ldr	r4, [r0, #2832]
1388:Drivers/STM32F4xx_HAL_Driver/Src/stm32f4xx_ll_usb.c ****   USBx_OUTEP(0U)->DOEPTSIZ |=  USB_OTG_DOEPTSIZ_STUPCNT;
 3481              		.loc 1 1388 28 view .LVU1184
 3482 0028 44F01804 		orr	r4, r4, #24
 3483 002c C0F8104B 		str	r4, [r0, #2832]
1389:Drivers/STM32F4xx_HAL_Driver/Src/stm32f4xx_ll_usb.c **** 
 3484              		.loc 1 1389 3 is_stmt 1 view .LVU1185
1389:Drivers/STM32F4xx_HAL_Driver/Src/stm32f4xx_ll_usb.c **** 
 3485              		.loc 1 1389 17 is_stmt 0 view .LVU1186
 3486 0030 D0F8104B 		ldr	r4, [r0, #2832]
1389:Drivers/STM32F4xx_HAL_Driver/Src/stm32f4xx_ll_usb.c **** 
 3487              		.loc 1 1389 28 view .LVU1187
 3488 0034 44F0C044 		orr	r4, r4, #1610612736
 3489 0038 C0F8104B 		str	r4, [r0, #2832]
1391:Drivers/STM32F4xx_HAL_Driver/Src/stm32f4xx_ll_usb.c ****   {
 3490              		.loc 1 1391 3 is_stmt 1 view .LVU1188
1391:Drivers/STM32F4xx_HAL_Driver/Src/stm32f4xx_ll_usb.c ****   {
 3491              		.loc 1 1391 6 is_stmt 0 view .LVU1189
 3492 003c 0129     		cmp	r1, #1
 3493 003e 03D0     		beq	.L216
 3494              	.L214:
1399:Drivers/STM32F4xx_HAL_Driver/Src/stm32f4xx_ll_usb.c **** 
 3495              		.loc 1 1399 1 view .LVU1190
 3496 0040 0020     		movs	r0, #0
 3497              	.LVL269:
1399:Drivers/STM32F4xx_HAL_Driver/Src/stm32f4xx_ll_usb.c **** 
 3498              		.loc 1 1399 1 view .LVU1191
 3499 0042 5DF8044B 		ldr	r4, [sp], #4
 3500 0046 7047     		bx	lr
 3501              	.LVL270:
 3502              	.L216:
1393:Drivers/STM32F4xx_HAL_Driver/Src/stm32f4xx_ll_usb.c ****     /* EP enable */
 3503              		.loc 1 1393 5 is_stmt 1 view .LVU1192
1393:Drivers/STM32F4xx_HAL_Driver/Src/stm32f4xx_ll_usb.c ****     /* EP enable */
 3504              		.loc 1 1393 29 is_stmt 0 view .LVU1193
 3505 0048 C0F8142B 		str	r2, [r0, #2836]
1395:Drivers/STM32F4xx_HAL_Driver/Src/stm32f4xx_ll_usb.c ****   }
 3506              		.loc 1 1395 5 is_stmt 1 view .LVU1194
1395:Drivers/STM32F4xx_HAL_Driver/Src/stm32f4xx_ll_usb.c ****   }
ARM GAS  /tmp/cccSJnlz.s 			page 107


 3507              		.loc 1 1395 19 is_stmt 0 view .LVU1195
 3508 004c D0F8003B 		ldr	r3, [r0, #2816]
1395:Drivers/STM32F4xx_HAL_Driver/Src/stm32f4xx_ll_usb.c ****   }
 3509              		.loc 1 1395 29 view .LVU1196
 3510 0050 43F08023 		orr	r3, r3, #-2147450880
 3511 0054 C0F8003B 		str	r3, [r0, #2816]
 3512 0058 F2E7     		b	.L214
 3513              	.L218:
 3514 005a 00BF     		.align	2
 3515              	.L217:
 3516 005c 0A30544F 		.word	1330917386
 3517              		.cfi_endproc
 3518              	.LFE272:
 3520              		.section	.text.USB_HostInit,"ax",%progbits
 3521              		.align	1
 3522              		.global	USB_HostInit
 3523              		.syntax unified
 3524              		.thumb
 3525              		.thumb_func
 3527              	USB_HostInit:
 3528              	.LVL271:
 3529              	.LFB274:
1444:Drivers/STM32F4xx_HAL_Driver/Src/stm32f4xx_ll_usb.c **** 
1445:Drivers/STM32F4xx_HAL_Driver/Src/stm32f4xx_ll_usb.c **** /**
1446:Drivers/STM32F4xx_HAL_Driver/Src/stm32f4xx_ll_usb.c ****   * @brief  USB_HostInit : Initializes the USB OTG controller registers
1447:Drivers/STM32F4xx_HAL_Driver/Src/stm32f4xx_ll_usb.c ****   *         for Host mode
1448:Drivers/STM32F4xx_HAL_Driver/Src/stm32f4xx_ll_usb.c ****   * @param  USBx  Selected device
1449:Drivers/STM32F4xx_HAL_Driver/Src/stm32f4xx_ll_usb.c ****   * @param  cfg   pointer to a USB_OTG_CfgTypeDef structure that contains
1450:Drivers/STM32F4xx_HAL_Driver/Src/stm32f4xx_ll_usb.c ****   *         the configuration information for the specified USBx peripheral.
1451:Drivers/STM32F4xx_HAL_Driver/Src/stm32f4xx_ll_usb.c ****   * @retval HAL status
1452:Drivers/STM32F4xx_HAL_Driver/Src/stm32f4xx_ll_usb.c ****   */
1453:Drivers/STM32F4xx_HAL_Driver/Src/stm32f4xx_ll_usb.c **** HAL_StatusTypeDef USB_HostInit(USB_OTG_GlobalTypeDef *USBx, USB_OTG_CfgTypeDef cfg)
1454:Drivers/STM32F4xx_HAL_Driver/Src/stm32f4xx_ll_usb.c **** {
 3530              		.loc 1 1454 1 is_stmt 1 view -0
 3531              		.cfi_startproc
 3532              		@ args = 20, pretend = 16, frame = 0
 3533              		@ frame_needed = 0, uses_anonymous_args = 0
 3534              		.loc 1 1454 1 is_stmt 0 view .LVU1198
 3535 0000 84B0     		sub	sp, sp, #16
 3536              	.LCFI37:
 3537              		.cfi_def_cfa_offset 16
 3538 0002 38B5     		push	{r3, r4, r5, lr}
 3539              	.LCFI38:
 3540              		.cfi_def_cfa_offset 32
 3541              		.cfi_offset 3, -32
 3542              		.cfi_offset 4, -28
 3543              		.cfi_offset 5, -24
 3544              		.cfi_offset 14, -20
 3545 0004 0446     		mov	r4, r0
 3546 0006 05A8     		add	r0, sp, #20
 3547              	.LVL272:
 3548              		.loc 1 1454 1 view .LVU1199
 3549 0008 80E80E00 		stm	r0, {r1, r2, r3}
1455:Drivers/STM32F4xx_HAL_Driver/Src/stm32f4xx_ll_usb.c ****   HAL_StatusTypeDef ret = HAL_OK;
 3550              		.loc 1 1455 3 is_stmt 1 view .LVU1200
 3551              	.LVL273:
1456:Drivers/STM32F4xx_HAL_Driver/Src/stm32f4xx_ll_usb.c ****   uint32_t USBx_BASE = (uint32_t)USBx;
ARM GAS  /tmp/cccSJnlz.s 			page 108


 3552              		.loc 1 1456 3 view .LVU1201
1457:Drivers/STM32F4xx_HAL_Driver/Src/stm32f4xx_ll_usb.c ****   uint32_t i;
 3553              		.loc 1 1457 3 view .LVU1202
1458:Drivers/STM32F4xx_HAL_Driver/Src/stm32f4xx_ll_usb.c **** 
1459:Drivers/STM32F4xx_HAL_Driver/Src/stm32f4xx_ll_usb.c ****   /* Restart the Phy Clock */
1460:Drivers/STM32F4xx_HAL_Driver/Src/stm32f4xx_ll_usb.c ****   USBx_PCGCCTL = 0U;
 3554              		.loc 1 1460 3 view .LVU1203
 3555              		.loc 1 1460 16 is_stmt 0 view .LVU1204
 3556 000c 0023     		movs	r3, #0
 3557 000e C4F8003E 		str	r3, [r4, #3584]
1461:Drivers/STM32F4xx_HAL_Driver/Src/stm32f4xx_ll_usb.c **** 
1462:Drivers/STM32F4xx_HAL_Driver/Src/stm32f4xx_ll_usb.c **** #if defined(STM32F446xx) || defined(STM32F469xx) || defined(STM32F479xx) || defined(STM32F412Zx) \
1463:Drivers/STM32F4xx_HAL_Driver/Src/stm32f4xx_ll_usb.c ****  || defined(STM32F412Vx) || defined(STM32F412Rx) || defined(STM32F412Cx) || defined(STM32F413xx) \
1464:Drivers/STM32F4xx_HAL_Driver/Src/stm32f4xx_ll_usb.c ****  || defined(STM32F423xx)
1465:Drivers/STM32F4xx_HAL_Driver/Src/stm32f4xx_ll_usb.c ****   /* Disable HW VBUS sensing */
1466:Drivers/STM32F4xx_HAL_Driver/Src/stm32f4xx_ll_usb.c ****   USBx->GCCFG &= ~(USB_OTG_GCCFG_VBDEN);
1467:Drivers/STM32F4xx_HAL_Driver/Src/stm32f4xx_ll_usb.c **** #else
1468:Drivers/STM32F4xx_HAL_Driver/Src/stm32f4xx_ll_usb.c ****   /*
1469:Drivers/STM32F4xx_HAL_Driver/Src/stm32f4xx_ll_usb.c ****   * Disable HW VBUS sensing. VBUS is internally considered to be always
1470:Drivers/STM32F4xx_HAL_Driver/Src/stm32f4xx_ll_usb.c ****   * at VBUS-Valid level (5V).
1471:Drivers/STM32F4xx_HAL_Driver/Src/stm32f4xx_ll_usb.c ****   */
1472:Drivers/STM32F4xx_HAL_Driver/Src/stm32f4xx_ll_usb.c ****   USBx->GCCFG |= USB_OTG_GCCFG_NOVBUSSENS;
 3558              		.loc 1 1472 3 is_stmt 1 view .LVU1205
 3559              		.loc 1 1472 7 is_stmt 0 view .LVU1206
 3560 0012 A36B     		ldr	r3, [r4, #56]
 3561              		.loc 1 1472 15 view .LVU1207
 3562 0014 43F40013 		orr	r3, r3, #2097152
 3563 0018 A363     		str	r3, [r4, #56]
1473:Drivers/STM32F4xx_HAL_Driver/Src/stm32f4xx_ll_usb.c ****   USBx->GCCFG &= ~USB_OTG_GCCFG_VBUSBSEN;
 3564              		.loc 1 1473 3 is_stmt 1 view .LVU1208
 3565              		.loc 1 1473 7 is_stmt 0 view .LVU1209
 3566 001a A36B     		ldr	r3, [r4, #56]
 3567              		.loc 1 1473 15 view .LVU1210
 3568 001c 23F40023 		bic	r3, r3, #524288
 3569 0020 A363     		str	r3, [r4, #56]
1474:Drivers/STM32F4xx_HAL_Driver/Src/stm32f4xx_ll_usb.c ****   USBx->GCCFG &= ~USB_OTG_GCCFG_VBUSASEN;
 3570              		.loc 1 1474 3 is_stmt 1 view .LVU1211
 3571              		.loc 1 1474 7 is_stmt 0 view .LVU1212
 3572 0022 A36B     		ldr	r3, [r4, #56]
 3573              		.loc 1 1474 15 view .LVU1213
 3574 0024 23F48023 		bic	r3, r3, #262144
 3575 0028 A363     		str	r3, [r4, #56]
1475:Drivers/STM32F4xx_HAL_Driver/Src/stm32f4xx_ll_usb.c **** #endif /* defined(STM32F446xx) || defined(STM32F469xx) || defined(STM32F479xx) || defined(STM32F412
1476:Drivers/STM32F4xx_HAL_Driver/Src/stm32f4xx_ll_usb.c ****           defined(STM32F412Vx) || defined(STM32F412Rx) || defined(STM32F412Cx) || defined(STM32F413
1477:Drivers/STM32F4xx_HAL_Driver/Src/stm32f4xx_ll_usb.c ****           defined(STM32F423xx) */
1478:Drivers/STM32F4xx_HAL_Driver/Src/stm32f4xx_ll_usb.c **** #if defined(STM32F412Zx) || defined(STM32F412Vx) || defined(STM32F412Rx) \
1479:Drivers/STM32F4xx_HAL_Driver/Src/stm32f4xx_ll_usb.c ****  || defined(STM32F412Cx) || defined(STM32F413xx) || defined(STM32F423xx)
1480:Drivers/STM32F4xx_HAL_Driver/Src/stm32f4xx_ll_usb.c ****   /* Disable Battery chargin detector */
1481:Drivers/STM32F4xx_HAL_Driver/Src/stm32f4xx_ll_usb.c ****   USBx->GCCFG &= ~(USB_OTG_GCCFG_BCDEN);
1482:Drivers/STM32F4xx_HAL_Driver/Src/stm32f4xx_ll_usb.c **** #endif /* defined(STM32F412Zx) || defined(STM32F412Vx) || defined(STM32F412Rx) ||
1483:Drivers/STM32F4xx_HAL_Driver/Src/stm32f4xx_ll_usb.c ****           defined(STM32F412Cx) || defined(STM32F413xx) || defined(STM32F423xx) */
1484:Drivers/STM32F4xx_HAL_Driver/Src/stm32f4xx_ll_usb.c **** 
1485:Drivers/STM32F4xx_HAL_Driver/Src/stm32f4xx_ll_usb.c ****   if ((USBx->GUSBCFG & USB_OTG_GUSBCFG_PHYSEL) == 0U)
 3576              		.loc 1 1485 3 is_stmt 1 view .LVU1214
 3577              		.loc 1 1485 12 is_stmt 0 view .LVU1215
 3578 002a E368     		ldr	r3, [r4, #12]
 3579              		.loc 1 1485 6 view .LVU1216
ARM GAS  /tmp/cccSJnlz.s 			page 109


 3580 002c 13F0400F 		tst	r3, #64
 3581 0030 11D1     		bne	.L220
1486:Drivers/STM32F4xx_HAL_Driver/Src/stm32f4xx_ll_usb.c ****   {
1487:Drivers/STM32F4xx_HAL_Driver/Src/stm32f4xx_ll_usb.c ****     if (cfg.speed == USBH_FSLS_SPEED)
 3582              		.loc 1 1487 5 is_stmt 1 view .LVU1217
 3583              		.loc 1 1487 12 is_stmt 0 view .LVU1218
 3584 0032 9DF81730 		ldrb	r3, [sp, #23]	@ zero_extendqisi2
 3585              		.loc 1 1487 8 view .LVU1219
 3586 0036 012B     		cmp	r3, #1
 3587 0038 06D0     		beq	.L233
1488:Drivers/STM32F4xx_HAL_Driver/Src/stm32f4xx_ll_usb.c ****     {
1489:Drivers/STM32F4xx_HAL_Driver/Src/stm32f4xx_ll_usb.c ****       /* Force Device Enumeration to FS/LS mode only */
1490:Drivers/STM32F4xx_HAL_Driver/Src/stm32f4xx_ll_usb.c ****       USBx_HOST->HCFG |= USB_OTG_HCFG_FSLSS;
1491:Drivers/STM32F4xx_HAL_Driver/Src/stm32f4xx_ll_usb.c ****     }
1492:Drivers/STM32F4xx_HAL_Driver/Src/stm32f4xx_ll_usb.c ****     else
1493:Drivers/STM32F4xx_HAL_Driver/Src/stm32f4xx_ll_usb.c ****     {
1494:Drivers/STM32F4xx_HAL_Driver/Src/stm32f4xx_ll_usb.c ****       /* Set default Max speed support */
1495:Drivers/STM32F4xx_HAL_Driver/Src/stm32f4xx_ll_usb.c ****       USBx_HOST->HCFG &= ~(USB_OTG_HCFG_FSLSS);
 3588              		.loc 1 1495 7 is_stmt 1 view .LVU1220
 3589              		.loc 1 1495 16 is_stmt 0 view .LVU1221
 3590 003a D4F80034 		ldr	r3, [r4, #1024]
 3591              		.loc 1 1495 23 view .LVU1222
 3592 003e 23F00403 		bic	r3, r3, #4
 3593 0042 C4F80034 		str	r3, [r4, #1024]
 3594 0046 0CE0     		b	.L222
 3595              	.L233:
1490:Drivers/STM32F4xx_HAL_Driver/Src/stm32f4xx_ll_usb.c ****     }
 3596              		.loc 1 1490 7 is_stmt 1 view .LVU1223
1490:Drivers/STM32F4xx_HAL_Driver/Src/stm32f4xx_ll_usb.c ****     }
 3597              		.loc 1 1490 16 is_stmt 0 view .LVU1224
 3598 0048 D4F80034 		ldr	r3, [r4, #1024]
1490:Drivers/STM32F4xx_HAL_Driver/Src/stm32f4xx_ll_usb.c ****     }
 3599              		.loc 1 1490 23 view .LVU1225
 3600 004c 43F00403 		orr	r3, r3, #4
 3601 0050 C4F80034 		str	r3, [r4, #1024]
 3602 0054 05E0     		b	.L222
 3603              	.L220:
1496:Drivers/STM32F4xx_HAL_Driver/Src/stm32f4xx_ll_usb.c ****     }
1497:Drivers/STM32F4xx_HAL_Driver/Src/stm32f4xx_ll_usb.c ****   }
1498:Drivers/STM32F4xx_HAL_Driver/Src/stm32f4xx_ll_usb.c ****   else
1499:Drivers/STM32F4xx_HAL_Driver/Src/stm32f4xx_ll_usb.c ****   {
1500:Drivers/STM32F4xx_HAL_Driver/Src/stm32f4xx_ll_usb.c ****     /* Set default Max speed support */
1501:Drivers/STM32F4xx_HAL_Driver/Src/stm32f4xx_ll_usb.c ****     USBx_HOST->HCFG &= ~(USB_OTG_HCFG_FSLSS);
 3604              		.loc 1 1501 5 is_stmt 1 view .LVU1226
 3605              		.loc 1 1501 14 is_stmt 0 view .LVU1227
 3606 0056 D4F80034 		ldr	r3, [r4, #1024]
 3607              		.loc 1 1501 21 view .LVU1228
 3608 005a 23F00403 		bic	r3, r3, #4
 3609 005e C4F80034 		str	r3, [r4, #1024]
 3610              	.L222:
1502:Drivers/STM32F4xx_HAL_Driver/Src/stm32f4xx_ll_usb.c ****   }
1503:Drivers/STM32F4xx_HAL_Driver/Src/stm32f4xx_ll_usb.c **** 
1504:Drivers/STM32F4xx_HAL_Driver/Src/stm32f4xx_ll_usb.c ****   /* Make sure the FIFOs are flushed. */
1505:Drivers/STM32F4xx_HAL_Driver/Src/stm32f4xx_ll_usb.c ****   if (USB_FlushTxFifo(USBx, 0x10U) != HAL_OK) /* all Tx FIFOs */
 3611              		.loc 1 1505 3 is_stmt 1 view .LVU1229
 3612              		.loc 1 1505 7 is_stmt 0 view .LVU1230
 3613 0062 1021     		movs	r1, #16
ARM GAS  /tmp/cccSJnlz.s 			page 110


 3614 0064 2046     		mov	r0, r4
 3615 0066 FFF7FEFF 		bl	USB_FlushTxFifo
 3616              	.LVL274:
 3617              		.loc 1 1505 6 discriminator 1 view .LVU1231
 3618 006a 0546     		mov	r5, r0
 3619 006c 00B1     		cbz	r0, .L223
1506:Drivers/STM32F4xx_HAL_Driver/Src/stm32f4xx_ll_usb.c ****   {
1507:Drivers/STM32F4xx_HAL_Driver/Src/stm32f4xx_ll_usb.c ****     ret = HAL_ERROR;
 3620              		.loc 1 1507 9 view .LVU1232
 3621 006e 0125     		movs	r5, #1
 3622              	.L223:
 3623              	.LVL275:
1508:Drivers/STM32F4xx_HAL_Driver/Src/stm32f4xx_ll_usb.c ****   }
1509:Drivers/STM32F4xx_HAL_Driver/Src/stm32f4xx_ll_usb.c **** 
1510:Drivers/STM32F4xx_HAL_Driver/Src/stm32f4xx_ll_usb.c ****   if (USB_FlushRxFifo(USBx) != HAL_OK)
 3624              		.loc 1 1510 3 is_stmt 1 view .LVU1233
 3625              		.loc 1 1510 7 is_stmt 0 view .LVU1234
 3626 0070 2046     		mov	r0, r4
 3627 0072 FFF7FEFF 		bl	USB_FlushRxFifo
 3628              	.LVL276:
 3629              		.loc 1 1510 6 discriminator 1 view .LVU1235
 3630 0076 00B1     		cbz	r0, .L224
1511:Drivers/STM32F4xx_HAL_Driver/Src/stm32f4xx_ll_usb.c ****   {
1512:Drivers/STM32F4xx_HAL_Driver/Src/stm32f4xx_ll_usb.c ****     ret = HAL_ERROR;
 3631              		.loc 1 1512 9 view .LVU1236
 3632 0078 0125     		movs	r5, #1
 3633              	.LVL277:
 3634              	.L224:
1513:Drivers/STM32F4xx_HAL_Driver/Src/stm32f4xx_ll_usb.c ****   }
1514:Drivers/STM32F4xx_HAL_Driver/Src/stm32f4xx_ll_usb.c **** 
1515:Drivers/STM32F4xx_HAL_Driver/Src/stm32f4xx_ll_usb.c ****   /* Clear all pending HC Interrupts */
1516:Drivers/STM32F4xx_HAL_Driver/Src/stm32f4xx_ll_usb.c ****   for (i = 0U; i < cfg.Host_channels; i++)
 3635              		.loc 1 1516 3 is_stmt 1 view .LVU1237
 3636              		.loc 1 1516 10 is_stmt 0 view .LVU1238
 3637 007a 0022     		movs	r2, #0
 3638              		.loc 1 1516 3 view .LVU1239
 3639 007c 09E0     		b	.L225
 3640              	.LVL278:
 3641              	.L226:
1517:Drivers/STM32F4xx_HAL_Driver/Src/stm32f4xx_ll_usb.c ****   {
1518:Drivers/STM32F4xx_HAL_Driver/Src/stm32f4xx_ll_usb.c ****     USBx_HC(i)->HCINT = CLEAR_INTERRUPT_MASK;
 3642              		.loc 1 1518 5 is_stmt 1 view .LVU1240
 3643 007e 04EB4213 		add	r3, r4, r2, lsl #5
 3644              		.loc 1 1518 23 is_stmt 0 view .LVU1241
 3645 0082 4FF0FF31 		mov	r1, #-1
 3646 0086 C3F80815 		str	r1, [r3, #1288]
1519:Drivers/STM32F4xx_HAL_Driver/Src/stm32f4xx_ll_usb.c ****     USBx_HC(i)->HCINTMSK = 0U;
 3647              		.loc 1 1519 5 is_stmt 1 view .LVU1242
 3648              		.loc 1 1519 26 is_stmt 0 view .LVU1243
 3649 008a 0021     		movs	r1, #0
 3650 008c C3F80C15 		str	r1, [r3, #1292]
1516:Drivers/STM32F4xx_HAL_Driver/Src/stm32f4xx_ll_usb.c ****   {
 3651              		.loc 1 1516 40 is_stmt 1 discriminator 3 view .LVU1244
 3652 0090 0132     		adds	r2, r2, #1
 3653              	.LVL279:
 3654              	.L225:
1516:Drivers/STM32F4xx_HAL_Driver/Src/stm32f4xx_ll_usb.c ****   {
ARM GAS  /tmp/cccSJnlz.s 			page 111


 3655              		.loc 1 1516 18 discriminator 1 view .LVU1245
1516:Drivers/STM32F4xx_HAL_Driver/Src/stm32f4xx_ll_usb.c ****   {
 3656              		.loc 1 1516 23 is_stmt 0 discriminator 1 view .LVU1246
 3657 0092 9DF81530 		ldrb	r3, [sp, #21]	@ zero_extendqisi2
1516:Drivers/STM32F4xx_HAL_Driver/Src/stm32f4xx_ll_usb.c ****   {
 3658              		.loc 1 1516 18 discriminator 1 view .LVU1247
 3659 0096 9342     		cmp	r3, r2
 3660 0098 F1D8     		bhi	.L226
1520:Drivers/STM32F4xx_HAL_Driver/Src/stm32f4xx_ll_usb.c ****   }
1521:Drivers/STM32F4xx_HAL_Driver/Src/stm32f4xx_ll_usb.c **** 
1522:Drivers/STM32F4xx_HAL_Driver/Src/stm32f4xx_ll_usb.c ****   /* Disable all interrupts. */
1523:Drivers/STM32F4xx_HAL_Driver/Src/stm32f4xx_ll_usb.c ****   USBx->GINTMSK = 0U;
 3661              		.loc 1 1523 3 is_stmt 1 view .LVU1248
 3662              		.loc 1 1523 17 is_stmt 0 view .LVU1249
 3663 009a 0023     		movs	r3, #0
 3664 009c A361     		str	r3, [r4, #24]
1524:Drivers/STM32F4xx_HAL_Driver/Src/stm32f4xx_ll_usb.c **** 
1525:Drivers/STM32F4xx_HAL_Driver/Src/stm32f4xx_ll_usb.c ****   /* Clear any pending interrupts */
1526:Drivers/STM32F4xx_HAL_Driver/Src/stm32f4xx_ll_usb.c ****   USBx->GINTSTS = CLEAR_INTERRUPT_MASK;
 3665              		.loc 1 1526 3 is_stmt 1 view .LVU1250
 3666              		.loc 1 1526 17 is_stmt 0 view .LVU1251
 3667 009e 4FF0FF33 		mov	r3, #-1
 3668 00a2 6361     		str	r3, [r4, #20]
1527:Drivers/STM32F4xx_HAL_Driver/Src/stm32f4xx_ll_usb.c **** #if defined (USB_OTG_HS)
1528:Drivers/STM32F4xx_HAL_Driver/Src/stm32f4xx_ll_usb.c ****   if (USBx == USB_OTG_HS)
 3669              		.loc 1 1528 3 is_stmt 1 view .LVU1252
 3670              		.loc 1 1528 6 is_stmt 0 view .LVU1253
 3671 00a4 124B     		ldr	r3, .L235
 3672 00a6 9C42     		cmp	r4, r3
 3673 00a8 17D0     		beq	.L234
1529:Drivers/STM32F4xx_HAL_Driver/Src/stm32f4xx_ll_usb.c ****   {
1530:Drivers/STM32F4xx_HAL_Driver/Src/stm32f4xx_ll_usb.c ****     /* set Rx FIFO size */
1531:Drivers/STM32F4xx_HAL_Driver/Src/stm32f4xx_ll_usb.c ****     USBx->GRXFSIZ  = 0x200U;
1532:Drivers/STM32F4xx_HAL_Driver/Src/stm32f4xx_ll_usb.c ****     USBx->DIEPTXF0_HNPTXFSIZ = (uint32_t)(((0x100U << 16) & USB_OTG_NPTXFD) | 0x200U);
1533:Drivers/STM32F4xx_HAL_Driver/Src/stm32f4xx_ll_usb.c ****     USBx->HPTXFSIZ = (uint32_t)(((0xE0U << 16) & USB_OTG_HPTXFSIZ_PTXFD) | 0x300U);
1534:Drivers/STM32F4xx_HAL_Driver/Src/stm32f4xx_ll_usb.c ****   }
1535:Drivers/STM32F4xx_HAL_Driver/Src/stm32f4xx_ll_usb.c ****   else
1536:Drivers/STM32F4xx_HAL_Driver/Src/stm32f4xx_ll_usb.c **** #endif /* defined (USB_OTG_HS) */
1537:Drivers/STM32F4xx_HAL_Driver/Src/stm32f4xx_ll_usb.c ****   {
1538:Drivers/STM32F4xx_HAL_Driver/Src/stm32f4xx_ll_usb.c ****     /* set Rx FIFO size */
1539:Drivers/STM32F4xx_HAL_Driver/Src/stm32f4xx_ll_usb.c ****     USBx->GRXFSIZ  = 0x80U;
 3674              		.loc 1 1539 5 is_stmt 1 view .LVU1254
 3675              		.loc 1 1539 20 is_stmt 0 view .LVU1255
 3676 00aa 8023     		movs	r3, #128
 3677 00ac 6362     		str	r3, [r4, #36]
1540:Drivers/STM32F4xx_HAL_Driver/Src/stm32f4xx_ll_usb.c ****     USBx->DIEPTXF0_HNPTXFSIZ = (uint32_t)(((0x60U << 16) & USB_OTG_NPTXFD) | 0x80U);
 3678              		.loc 1 1540 5 is_stmt 1 view .LVU1256
 3679              		.loc 1 1540 30 is_stmt 0 view .LVU1257
 3680 00ae 03F5C003 		add	r3, r3, #6291456
 3681 00b2 A362     		str	r3, [r4, #40]
1541:Drivers/STM32F4xx_HAL_Driver/Src/stm32f4xx_ll_usb.c ****     USBx->HPTXFSIZ = (uint32_t)(((0x40U << 16)& USB_OTG_HPTXFSIZ_PTXFD) | 0xE0U);
 3682              		.loc 1 1541 5 is_stmt 1 view .LVU1258
 3683              		.loc 1 1541 20 is_stmt 0 view .LVU1259
 3684 00b4 0F4B     		ldr	r3, .L235+4
 3685 00b6 C4F80031 		str	r3, [r4, #256]
 3686              	.L228:
1542:Drivers/STM32F4xx_HAL_Driver/Src/stm32f4xx_ll_usb.c ****   }
ARM GAS  /tmp/cccSJnlz.s 			page 112


1543:Drivers/STM32F4xx_HAL_Driver/Src/stm32f4xx_ll_usb.c **** 
1544:Drivers/STM32F4xx_HAL_Driver/Src/stm32f4xx_ll_usb.c ****   /* Enable the common interrupts */
1545:Drivers/STM32F4xx_HAL_Driver/Src/stm32f4xx_ll_usb.c ****   if (cfg.dma_enable == 0U)
 3687              		.loc 1 1545 3 is_stmt 1 view .LVU1260
 3688              		.loc 1 1545 10 is_stmt 0 view .LVU1261
 3689 00ba 9DF81630 		ldrb	r3, [sp, #22]	@ zero_extendqisi2
 3690              		.loc 1 1545 6 view .LVU1262
 3691 00be 1BB9     		cbnz	r3, .L229
1546:Drivers/STM32F4xx_HAL_Driver/Src/stm32f4xx_ll_usb.c ****   {
1547:Drivers/STM32F4xx_HAL_Driver/Src/stm32f4xx_ll_usb.c ****     USBx->GINTMSK |= USB_OTG_GINTMSK_RXFLVLM;
 3692              		.loc 1 1547 5 is_stmt 1 view .LVU1263
 3693              		.loc 1 1547 9 is_stmt 0 view .LVU1264
 3694 00c0 A369     		ldr	r3, [r4, #24]
 3695              		.loc 1 1547 19 view .LVU1265
 3696 00c2 43F01003 		orr	r3, r3, #16
 3697 00c6 A361     		str	r3, [r4, #24]
 3698              	.L229:
1548:Drivers/STM32F4xx_HAL_Driver/Src/stm32f4xx_ll_usb.c ****   }
1549:Drivers/STM32F4xx_HAL_Driver/Src/stm32f4xx_ll_usb.c **** 
1550:Drivers/STM32F4xx_HAL_Driver/Src/stm32f4xx_ll_usb.c ****   /* Enable interrupts matching to the Host mode ONLY */
1551:Drivers/STM32F4xx_HAL_Driver/Src/stm32f4xx_ll_usb.c ****   USBx->GINTMSK |= (USB_OTG_GINTMSK_PRTIM            | USB_OTG_GINTMSK_HCIM | \
 3699              		.loc 1 1551 3 is_stmt 1 view .LVU1266
 3700              		.loc 1 1551 7 is_stmt 0 view .LVU1267
 3701 00c8 A269     		ldr	r2, [r4, #24]
 3702              	.LVL280:
 3703              		.loc 1 1551 17 view .LVU1268
 3704 00ca 0B4B     		ldr	r3, .L235+8
 3705 00cc 1343     		orrs	r3, r3, r2
 3706 00ce A361     		str	r3, [r4, #24]
1552:Drivers/STM32F4xx_HAL_Driver/Src/stm32f4xx_ll_usb.c ****                     USB_OTG_GINTMSK_SOFM             | USB_OTG_GINTSTS_DISCINT | \
1553:Drivers/STM32F4xx_HAL_Driver/Src/stm32f4xx_ll_usb.c ****                     USB_OTG_GINTMSK_PXFRM_IISOOXFRM  | USB_OTG_GINTMSK_WUIM);
1554:Drivers/STM32F4xx_HAL_Driver/Src/stm32f4xx_ll_usb.c **** 
1555:Drivers/STM32F4xx_HAL_Driver/Src/stm32f4xx_ll_usb.c ****   return ret;
 3707              		.loc 1 1555 3 is_stmt 1 view .LVU1269
1556:Drivers/STM32F4xx_HAL_Driver/Src/stm32f4xx_ll_usb.c **** }
 3708              		.loc 1 1556 1 is_stmt 0 view .LVU1270
 3709 00d0 2846     		mov	r0, r5
 3710 00d2 BDE83840 		pop	{r3, r4, r5, lr}
 3711              	.LCFI39:
 3712              		.cfi_remember_state
 3713              		.cfi_restore 14
 3714              		.cfi_restore 5
 3715              		.cfi_restore 4
 3716              		.cfi_restore 3
 3717              		.cfi_def_cfa_offset 16
 3718              	.LVL281:
 3719              		.loc 1 1556 1 view .LVU1271
 3720 00d6 04B0     		add	sp, sp, #16
 3721              	.LCFI40:
 3722              		.cfi_def_cfa_offset 0
 3723 00d8 7047     		bx	lr
 3724              	.LVL282:
 3725              	.L234:
 3726              	.LCFI41:
 3727              		.cfi_restore_state
1531:Drivers/STM32F4xx_HAL_Driver/Src/stm32f4xx_ll_usb.c ****     USBx->DIEPTXF0_HNPTXFSIZ = (uint32_t)(((0x100U << 16) & USB_OTG_NPTXFD) | 0x200U);
 3728              		.loc 1 1531 5 is_stmt 1 view .LVU1272
ARM GAS  /tmp/cccSJnlz.s 			page 113


1531:Drivers/STM32F4xx_HAL_Driver/Src/stm32f4xx_ll_usb.c ****     USBx->DIEPTXF0_HNPTXFSIZ = (uint32_t)(((0x100U << 16) & USB_OTG_NPTXFD) | 0x200U);
 3729              		.loc 1 1531 20 is_stmt 0 view .LVU1273
 3730 00da 4FF40073 		mov	r3, #512
 3731 00de 6362     		str	r3, [r4, #36]
1532:Drivers/STM32F4xx_HAL_Driver/Src/stm32f4xx_ll_usb.c ****     USBx->HPTXFSIZ = (uint32_t)(((0xE0U << 16) & USB_OTG_HPTXFSIZ_PTXFD) | 0x300U);
 3732              		.loc 1 1532 5 is_stmt 1 view .LVU1274
1532:Drivers/STM32F4xx_HAL_Driver/Src/stm32f4xx_ll_usb.c ****     USBx->HPTXFSIZ = (uint32_t)(((0xE0U << 16) & USB_OTG_HPTXFSIZ_PTXFD) | 0x300U);
 3733              		.loc 1 1532 30 is_stmt 0 view .LVU1275
 3734 00e0 03F18073 		add	r3, r3, #16777216
 3735 00e4 A362     		str	r3, [r4, #40]
1533:Drivers/STM32F4xx_HAL_Driver/Src/stm32f4xx_ll_usb.c ****   }
 3736              		.loc 1 1533 5 is_stmt 1 view .LVU1276
1533:Drivers/STM32F4xx_HAL_Driver/Src/stm32f4xx_ll_usb.c ****   }
 3737              		.loc 1 1533 20 is_stmt 0 view .LVU1277
 3738 00e6 054B     		ldr	r3, .L235+12
 3739 00e8 C4F80031 		str	r3, [r4, #256]
 3740 00ec E5E7     		b	.L228
 3741              	.L236:
 3742 00ee 00BF     		.align	2
 3743              	.L235:
 3744 00f0 00000440 		.word	1074003968
 3745 00f4 E0004000 		.word	4194528
 3746 00f8 080020A3 		.word	-1558183928
 3747 00fc 0003E000 		.word	14680832
 3748              		.cfi_endproc
 3749              	.LFE274:
 3751              		.section	.text.USB_InitFSLSPClkSel,"ax",%progbits
 3752              		.align	1
 3753              		.global	USB_InitFSLSPClkSel
 3754              		.syntax unified
 3755              		.thumb
 3756              		.thumb_func
 3758              	USB_InitFSLSPClkSel:
 3759              	.LVL283:
 3760              	.LFB275:
1557:Drivers/STM32F4xx_HAL_Driver/Src/stm32f4xx_ll_usb.c **** 
1558:Drivers/STM32F4xx_HAL_Driver/Src/stm32f4xx_ll_usb.c **** /**
1559:Drivers/STM32F4xx_HAL_Driver/Src/stm32f4xx_ll_usb.c ****   * @brief  USB_InitFSLSPClkSel : Initializes the FSLSPClkSel field of the
1560:Drivers/STM32F4xx_HAL_Driver/Src/stm32f4xx_ll_usb.c ****   *         HCFG register on the PHY type and set the right frame interval
1561:Drivers/STM32F4xx_HAL_Driver/Src/stm32f4xx_ll_usb.c ****   * @param  USBx  Selected device
1562:Drivers/STM32F4xx_HAL_Driver/Src/stm32f4xx_ll_usb.c ****   * @param  freq  clock frequency
1563:Drivers/STM32F4xx_HAL_Driver/Src/stm32f4xx_ll_usb.c ****   *          This parameter can be one of these values:
1564:Drivers/STM32F4xx_HAL_Driver/Src/stm32f4xx_ll_usb.c ****   *           HCFG_48_MHZ : Full Speed 48 MHz Clock
1565:Drivers/STM32F4xx_HAL_Driver/Src/stm32f4xx_ll_usb.c ****   *           HCFG_6_MHZ : Low Speed 6 MHz Clock
1566:Drivers/STM32F4xx_HAL_Driver/Src/stm32f4xx_ll_usb.c ****   * @retval HAL status
1567:Drivers/STM32F4xx_HAL_Driver/Src/stm32f4xx_ll_usb.c ****   */
1568:Drivers/STM32F4xx_HAL_Driver/Src/stm32f4xx_ll_usb.c **** HAL_StatusTypeDef USB_InitFSLSPClkSel(const USB_OTG_GlobalTypeDef *USBx, uint8_t freq)
1569:Drivers/STM32F4xx_HAL_Driver/Src/stm32f4xx_ll_usb.c **** {
 3761              		.loc 1 1569 1 is_stmt 1 view -0
 3762              		.cfi_startproc
 3763              		@ args = 0, pretend = 0, frame = 0
 3764              		@ frame_needed = 0, uses_anonymous_args = 0
 3765              		@ link register save eliminated.
1570:Drivers/STM32F4xx_HAL_Driver/Src/stm32f4xx_ll_usb.c ****   uint32_t USBx_BASE = (uint32_t)USBx;
 3766              		.loc 1 1570 3 view .LVU1279
1571:Drivers/STM32F4xx_HAL_Driver/Src/stm32f4xx_ll_usb.c **** 
1572:Drivers/STM32F4xx_HAL_Driver/Src/stm32f4xx_ll_usb.c ****   USBx_HOST->HCFG &= ~(USB_OTG_HCFG_FSLSPCS);
ARM GAS  /tmp/cccSJnlz.s 			page 114


 3767              		.loc 1 1572 3 view .LVU1280
 3768              		.loc 1 1572 12 is_stmt 0 view .LVU1281
 3769 0000 00F5806C 		add	ip, r0, #1024
 3770 0004 D0F80034 		ldr	r3, [r0, #1024]
 3771              		.loc 1 1572 19 view .LVU1282
 3772 0008 23F00303 		bic	r3, r3, #3
 3773 000c C0F80034 		str	r3, [r0, #1024]
1573:Drivers/STM32F4xx_HAL_Driver/Src/stm32f4xx_ll_usb.c ****   USBx_HOST->HCFG |= (uint32_t)freq & USB_OTG_HCFG_FSLSPCS;
 3774              		.loc 1 1573 3 is_stmt 1 view .LVU1283
 3775              		.loc 1 1573 12 is_stmt 0 view .LVU1284
 3776 0010 D0F80034 		ldr	r3, [r0, #1024]
 3777              		.loc 1 1573 37 view .LVU1285
 3778 0014 01F00302 		and	r2, r1, #3
 3779              		.loc 1 1573 19 view .LVU1286
 3780 0018 1343     		orrs	r3, r3, r2
 3781 001a C0F80034 		str	r3, [r0, #1024]
1574:Drivers/STM32F4xx_HAL_Driver/Src/stm32f4xx_ll_usb.c **** 
1575:Drivers/STM32F4xx_HAL_Driver/Src/stm32f4xx_ll_usb.c ****   if (freq == HCFG_48_MHZ)
 3782              		.loc 1 1575 3 is_stmt 1 view .LVU1287
 3783              		.loc 1 1575 6 is_stmt 0 view .LVU1288
 3784 001e 0129     		cmp	r1, #1
 3785 0020 07D0     		beq	.L241
1576:Drivers/STM32F4xx_HAL_Driver/Src/stm32f4xx_ll_usb.c ****   {
1577:Drivers/STM32F4xx_HAL_Driver/Src/stm32f4xx_ll_usb.c ****     USBx_HOST->HFIR = HFIR_48_MHZ;
1578:Drivers/STM32F4xx_HAL_Driver/Src/stm32f4xx_ll_usb.c ****   }
1579:Drivers/STM32F4xx_HAL_Driver/Src/stm32f4xx_ll_usb.c ****   else if (freq == HCFG_6_MHZ)
 3786              		.loc 1 1579 8 is_stmt 1 view .LVU1289
 3787              		.loc 1 1579 11 is_stmt 0 view .LVU1290
 3788 0022 0229     		cmp	r1, #2
 3789 0024 0BD1     		bne	.L240
1580:Drivers/STM32F4xx_HAL_Driver/Src/stm32f4xx_ll_usb.c ****   {
1581:Drivers/STM32F4xx_HAL_Driver/Src/stm32f4xx_ll_usb.c ****     USBx_HOST->HFIR = HFIR_6_MHZ;
 3790              		.loc 1 1581 5 is_stmt 1 view .LVU1291
 3791              		.loc 1 1581 21 is_stmt 0 view .LVU1292
 3792 0026 41F27073 		movw	r3, #6000
 3793 002a CCF80430 		str	r3, [ip, #4]
1582:Drivers/STM32F4xx_HAL_Driver/Src/stm32f4xx_ll_usb.c ****   }
1583:Drivers/STM32F4xx_HAL_Driver/Src/stm32f4xx_ll_usb.c ****   else
1584:Drivers/STM32F4xx_HAL_Driver/Src/stm32f4xx_ll_usb.c ****   {
1585:Drivers/STM32F4xx_HAL_Driver/Src/stm32f4xx_ll_usb.c ****     return HAL_ERROR;
1586:Drivers/STM32F4xx_HAL_Driver/Src/stm32f4xx_ll_usb.c ****   }
1587:Drivers/STM32F4xx_HAL_Driver/Src/stm32f4xx_ll_usb.c **** 
1588:Drivers/STM32F4xx_HAL_Driver/Src/stm32f4xx_ll_usb.c ****   return HAL_OK;
 3794              		.loc 1 1588 10 view .LVU1293
 3795 002e 0020     		movs	r0, #0
 3796              	.LVL284:
 3797              		.loc 1 1588 10 view .LVU1294
 3798 0030 7047     		bx	lr
 3799              	.LVL285:
 3800              	.L241:
1577:Drivers/STM32F4xx_HAL_Driver/Src/stm32f4xx_ll_usb.c ****   }
 3801              		.loc 1 1577 5 is_stmt 1 view .LVU1295
1577:Drivers/STM32F4xx_HAL_Driver/Src/stm32f4xx_ll_usb.c ****   }
 3802              		.loc 1 1577 21 is_stmt 0 view .LVU1296
 3803 0032 4BF68033 		movw	r3, #48000
 3804 0036 CCF80430 		str	r3, [ip, #4]
 3805              		.loc 1 1588 10 view .LVU1297
ARM GAS  /tmp/cccSJnlz.s 			page 115


 3806 003a 0020     		movs	r0, #0
 3807              	.LVL286:
 3808              		.loc 1 1588 10 view .LVU1298
 3809 003c 7047     		bx	lr
 3810              	.LVL287:
 3811              	.L240:
1585:Drivers/STM32F4xx_HAL_Driver/Src/stm32f4xx_ll_usb.c ****   }
 3812              		.loc 1 1585 12 view .LVU1299
 3813 003e 0120     		movs	r0, #1
 3814              	.LVL288:
1589:Drivers/STM32F4xx_HAL_Driver/Src/stm32f4xx_ll_usb.c **** }
 3815              		.loc 1 1589 1 view .LVU1300
 3816 0040 7047     		bx	lr
 3817              		.cfi_endproc
 3818              	.LFE275:
 3820              		.section	.text.USB_ResetPort,"ax",%progbits
 3821              		.align	1
 3822              		.global	USB_ResetPort
 3823              		.syntax unified
 3824              		.thumb
 3825              		.thumb_func
 3827              	USB_ResetPort:
 3828              	.LVL289:
 3829              	.LFB276:
1590:Drivers/STM32F4xx_HAL_Driver/Src/stm32f4xx_ll_usb.c **** 
1591:Drivers/STM32F4xx_HAL_Driver/Src/stm32f4xx_ll_usb.c **** /**
1592:Drivers/STM32F4xx_HAL_Driver/Src/stm32f4xx_ll_usb.c ****   * @brief  USB_OTG_ResetPort : Reset Host Port
1593:Drivers/STM32F4xx_HAL_Driver/Src/stm32f4xx_ll_usb.c ****   * @param  USBx  Selected device
1594:Drivers/STM32F4xx_HAL_Driver/Src/stm32f4xx_ll_usb.c ****   * @retval HAL status
1595:Drivers/STM32F4xx_HAL_Driver/Src/stm32f4xx_ll_usb.c ****   * @note (1)The application must wait at least 10 ms
1596:Drivers/STM32F4xx_HAL_Driver/Src/stm32f4xx_ll_usb.c ****   *   before clearing the reset bit.
1597:Drivers/STM32F4xx_HAL_Driver/Src/stm32f4xx_ll_usb.c ****   */
1598:Drivers/STM32F4xx_HAL_Driver/Src/stm32f4xx_ll_usb.c **** HAL_StatusTypeDef USB_ResetPort(const USB_OTG_GlobalTypeDef *USBx)
1599:Drivers/STM32F4xx_HAL_Driver/Src/stm32f4xx_ll_usb.c **** {
 3830              		.loc 1 1599 1 is_stmt 1 view -0
 3831              		.cfi_startproc
 3832              		@ args = 0, pretend = 0, frame = 8
 3833              		@ frame_needed = 0, uses_anonymous_args = 0
 3834              		.loc 1 1599 1 is_stmt 0 view .LVU1302
 3835 0000 30B5     		push	{r4, r5, lr}
 3836              	.LCFI42:
 3837              		.cfi_def_cfa_offset 12
 3838              		.cfi_offset 4, -12
 3839              		.cfi_offset 5, -8
 3840              		.cfi_offset 14, -4
 3841 0002 83B0     		sub	sp, sp, #12
 3842              	.LCFI43:
 3843              		.cfi_def_cfa_offset 24
 3844 0004 0446     		mov	r4, r0
1600:Drivers/STM32F4xx_HAL_Driver/Src/stm32f4xx_ll_usb.c ****   uint32_t USBx_BASE = (uint32_t)USBx;
 3845              		.loc 1 1600 3 is_stmt 1 view .LVU1303
 3846              	.LVL290:
1601:Drivers/STM32F4xx_HAL_Driver/Src/stm32f4xx_ll_usb.c **** 
1602:Drivers/STM32F4xx_HAL_Driver/Src/stm32f4xx_ll_usb.c ****   __IO uint32_t hprt0 = 0U;
 3847              		.loc 1 1602 3 view .LVU1304
 3848              		.loc 1 1602 17 is_stmt 0 view .LVU1305
 3849 0006 0025     		movs	r5, #0
ARM GAS  /tmp/cccSJnlz.s 			page 116


 3850 0008 0195     		str	r5, [sp, #4]
1603:Drivers/STM32F4xx_HAL_Driver/Src/stm32f4xx_ll_usb.c **** 
1604:Drivers/STM32F4xx_HAL_Driver/Src/stm32f4xx_ll_usb.c ****   hprt0 = USBx_HPRT0;
 3851              		.loc 1 1604 3 is_stmt 1 view .LVU1306
 3852              		.loc 1 1604 11 is_stmt 0 view .LVU1307
 3853 000a D0F84034 		ldr	r3, [r0, #1088]
 3854              		.loc 1 1604 9 view .LVU1308
 3855 000e 0193     		str	r3, [sp, #4]
1605:Drivers/STM32F4xx_HAL_Driver/Src/stm32f4xx_ll_usb.c **** 
1606:Drivers/STM32F4xx_HAL_Driver/Src/stm32f4xx_ll_usb.c ****   hprt0 &= ~(USB_OTG_HPRT_PENA | USB_OTG_HPRT_PCDET |
 3856              		.loc 1 1606 3 is_stmt 1 view .LVU1309
 3857              		.loc 1 1606 9 is_stmt 0 view .LVU1310
 3858 0010 019B     		ldr	r3, [sp, #4]
 3859 0012 23F02E03 		bic	r3, r3, #46
 3860 0016 0193     		str	r3, [sp, #4]
1607:Drivers/STM32F4xx_HAL_Driver/Src/stm32f4xx_ll_usb.c ****              USB_OTG_HPRT_PENCHNG | USB_OTG_HPRT_POCCHNG);
1608:Drivers/STM32F4xx_HAL_Driver/Src/stm32f4xx_ll_usb.c **** 
1609:Drivers/STM32F4xx_HAL_Driver/Src/stm32f4xx_ll_usb.c ****   USBx_HPRT0 = (USB_OTG_HPRT_PRST | hprt0);
 3861              		.loc 1 1609 3 is_stmt 1 view .LVU1311
 3862              		.loc 1 1609 35 is_stmt 0 view .LVU1312
 3863 0018 019B     		ldr	r3, [sp, #4]
 3864 001a 43F48073 		orr	r3, r3, #256
 3865              		.loc 1 1609 14 view .LVU1313
 3866 001e C0F84034 		str	r3, [r0, #1088]
1610:Drivers/STM32F4xx_HAL_Driver/Src/stm32f4xx_ll_usb.c ****   HAL_Delay(100U);                                 /* See Note #1 */
 3867              		.loc 1 1610 3 is_stmt 1 view .LVU1314
 3868 0022 6420     		movs	r0, #100
 3869              	.LVL291:
 3870              		.loc 1 1610 3 is_stmt 0 view .LVU1315
 3871 0024 FFF7FEFF 		bl	HAL_Delay
 3872              	.LVL292:
1611:Drivers/STM32F4xx_HAL_Driver/Src/stm32f4xx_ll_usb.c ****   USBx_HPRT0 = ((~USB_OTG_HPRT_PRST) & hprt0);
 3873              		.loc 1 1611 3 is_stmt 1 view .LVU1316
 3874              		.loc 1 1611 38 is_stmt 0 view .LVU1317
 3875 0028 019B     		ldr	r3, [sp, #4]
 3876 002a 23F48073 		bic	r3, r3, #256
 3877              		.loc 1 1611 14 view .LVU1318
 3878 002e C4F84034 		str	r3, [r4, #1088]
1612:Drivers/STM32F4xx_HAL_Driver/Src/stm32f4xx_ll_usb.c ****   HAL_Delay(10U);
 3879              		.loc 1 1612 3 is_stmt 1 view .LVU1319
 3880 0032 0A20     		movs	r0, #10
 3881 0034 FFF7FEFF 		bl	HAL_Delay
 3882              	.LVL293:
1613:Drivers/STM32F4xx_HAL_Driver/Src/stm32f4xx_ll_usb.c **** 
1614:Drivers/STM32F4xx_HAL_Driver/Src/stm32f4xx_ll_usb.c ****   return HAL_OK;
 3883              		.loc 1 1614 3 view .LVU1320
1615:Drivers/STM32F4xx_HAL_Driver/Src/stm32f4xx_ll_usb.c **** }
 3884              		.loc 1 1615 1 is_stmt 0 view .LVU1321
 3885 0038 2846     		mov	r0, r5
 3886 003a 03B0     		add	sp, sp, #12
 3887              	.LCFI44:
 3888              		.cfi_def_cfa_offset 12
 3889              		@ sp needed
 3890 003c 30BD     		pop	{r4, r5, pc}
 3891              		.loc 1 1615 1 view .LVU1322
 3892              		.cfi_endproc
 3893              	.LFE276:
ARM GAS  /tmp/cccSJnlz.s 			page 117


 3895              		.section	.text.USB_DriveVbus,"ax",%progbits
 3896              		.align	1
 3897              		.global	USB_DriveVbus
 3898              		.syntax unified
 3899              		.thumb
 3900              		.thumb_func
 3902              	USB_DriveVbus:
 3903              	.LVL294:
 3904              	.LFB277:
1616:Drivers/STM32F4xx_HAL_Driver/Src/stm32f4xx_ll_usb.c **** 
1617:Drivers/STM32F4xx_HAL_Driver/Src/stm32f4xx_ll_usb.c **** /**
1618:Drivers/STM32F4xx_HAL_Driver/Src/stm32f4xx_ll_usb.c ****   * @brief  USB_DriveVbus : activate or de-activate vbus
1619:Drivers/STM32F4xx_HAL_Driver/Src/stm32f4xx_ll_usb.c ****   * @param  state  VBUS state
1620:Drivers/STM32F4xx_HAL_Driver/Src/stm32f4xx_ll_usb.c ****   *          This parameter can be one of these values:
1621:Drivers/STM32F4xx_HAL_Driver/Src/stm32f4xx_ll_usb.c ****   *           0 : Deactivate VBUS
1622:Drivers/STM32F4xx_HAL_Driver/Src/stm32f4xx_ll_usb.c ****   *           1 : Activate VBUS
1623:Drivers/STM32F4xx_HAL_Driver/Src/stm32f4xx_ll_usb.c ****   * @retval HAL status
1624:Drivers/STM32F4xx_HAL_Driver/Src/stm32f4xx_ll_usb.c ****   */
1625:Drivers/STM32F4xx_HAL_Driver/Src/stm32f4xx_ll_usb.c **** HAL_StatusTypeDef USB_DriveVbus(const USB_OTG_GlobalTypeDef *USBx, uint8_t state)
1626:Drivers/STM32F4xx_HAL_Driver/Src/stm32f4xx_ll_usb.c **** {
 3905              		.loc 1 1626 1 is_stmt 1 view -0
 3906              		.cfi_startproc
 3907              		@ args = 0, pretend = 0, frame = 8
 3908              		@ frame_needed = 0, uses_anonymous_args = 0
 3909              		@ link register save eliminated.
 3910              		.loc 1 1626 1 is_stmt 0 view .LVU1324
 3911 0000 82B0     		sub	sp, sp, #8
 3912              	.LCFI45:
 3913              		.cfi_def_cfa_offset 8
1627:Drivers/STM32F4xx_HAL_Driver/Src/stm32f4xx_ll_usb.c ****   uint32_t USBx_BASE = (uint32_t)USBx;
 3914              		.loc 1 1627 3 is_stmt 1 view .LVU1325
 3915              	.LVL295:
1628:Drivers/STM32F4xx_HAL_Driver/Src/stm32f4xx_ll_usb.c ****   __IO uint32_t hprt0 = 0U;
 3916              		.loc 1 1628 3 view .LVU1326
 3917              		.loc 1 1628 17 is_stmt 0 view .LVU1327
 3918 0002 0023     		movs	r3, #0
 3919 0004 0193     		str	r3, [sp, #4]
1629:Drivers/STM32F4xx_HAL_Driver/Src/stm32f4xx_ll_usb.c **** 
1630:Drivers/STM32F4xx_HAL_Driver/Src/stm32f4xx_ll_usb.c ****   hprt0 = USBx_HPRT0;
 3920              		.loc 1 1630 3 is_stmt 1 view .LVU1328
 3921              		.loc 1 1630 11 is_stmt 0 view .LVU1329
 3922 0006 D0F84034 		ldr	r3, [r0, #1088]
 3923              		.loc 1 1630 9 view .LVU1330
 3924 000a 0193     		str	r3, [sp, #4]
1631:Drivers/STM32F4xx_HAL_Driver/Src/stm32f4xx_ll_usb.c **** 
1632:Drivers/STM32F4xx_HAL_Driver/Src/stm32f4xx_ll_usb.c ****   hprt0 &= ~(USB_OTG_HPRT_PENA | USB_OTG_HPRT_PCDET |
 3925              		.loc 1 1632 3 is_stmt 1 view .LVU1331
 3926              		.loc 1 1632 9 is_stmt 0 view .LVU1332
 3927 000c 019B     		ldr	r3, [sp, #4]
 3928 000e 23F02E03 		bic	r3, r3, #46
 3929 0012 0193     		str	r3, [sp, #4]
1633:Drivers/STM32F4xx_HAL_Driver/Src/stm32f4xx_ll_usb.c ****              USB_OTG_HPRT_PENCHNG | USB_OTG_HPRT_POCCHNG);
1634:Drivers/STM32F4xx_HAL_Driver/Src/stm32f4xx_ll_usb.c **** 
1635:Drivers/STM32F4xx_HAL_Driver/Src/stm32f4xx_ll_usb.c ****   if (((hprt0 & USB_OTG_HPRT_PPWR) == 0U) && (state == 1U))
 3930              		.loc 1 1635 3 is_stmt 1 view .LVU1333
 3931              		.loc 1 1635 15 is_stmt 0 view .LVU1334
 3932 0014 019B     		ldr	r3, [sp, #4]
ARM GAS  /tmp/cccSJnlz.s 			page 118


 3933              		.loc 1 1635 6 view .LVU1335
 3934 0016 13F4805F 		tst	r3, #4096
 3935 001a 01D1     		bne	.L245
 3936              		.loc 1 1635 43 discriminator 1 view .LVU1336
 3937 001c 0129     		cmp	r1, #1
 3938 001e 0CD0     		beq	.L248
 3939              	.L245:
1636:Drivers/STM32F4xx_HAL_Driver/Src/stm32f4xx_ll_usb.c ****   {
1637:Drivers/STM32F4xx_HAL_Driver/Src/stm32f4xx_ll_usb.c ****     USBx_HPRT0 = (USB_OTG_HPRT_PPWR | hprt0);
1638:Drivers/STM32F4xx_HAL_Driver/Src/stm32f4xx_ll_usb.c ****   }
1639:Drivers/STM32F4xx_HAL_Driver/Src/stm32f4xx_ll_usb.c ****   if (((hprt0 & USB_OTG_HPRT_PPWR) == USB_OTG_HPRT_PPWR) && (state == 0U))
 3940              		.loc 1 1639 3 is_stmt 1 view .LVU1337
 3941              		.loc 1 1639 15 is_stmt 0 view .LVU1338
 3942 0020 019B     		ldr	r3, [sp, #4]
 3943              		.loc 1 1639 6 view .LVU1339
 3944 0022 13F4805F 		tst	r3, #4096
 3945 0026 05D0     		beq	.L246
 3946              		.loc 1 1639 58 discriminator 1 view .LVU1340
 3947 0028 21B9     		cbnz	r1, .L246
1640:Drivers/STM32F4xx_HAL_Driver/Src/stm32f4xx_ll_usb.c ****   {
1641:Drivers/STM32F4xx_HAL_Driver/Src/stm32f4xx_ll_usb.c ****     USBx_HPRT0 = ((~USB_OTG_HPRT_PPWR) & hprt0);
 3948              		.loc 1 1641 5 is_stmt 1 view .LVU1341
 3949              		.loc 1 1641 40 is_stmt 0 view .LVU1342
 3950 002a 019B     		ldr	r3, [sp, #4]
 3951 002c 23F48053 		bic	r3, r3, #4096
 3952              		.loc 1 1641 16 view .LVU1343
 3953 0030 C0F84034 		str	r3, [r0, #1088]
 3954              	.L246:
1642:Drivers/STM32F4xx_HAL_Driver/Src/stm32f4xx_ll_usb.c ****   }
1643:Drivers/STM32F4xx_HAL_Driver/Src/stm32f4xx_ll_usb.c ****   return HAL_OK;
 3955              		.loc 1 1643 3 is_stmt 1 view .LVU1344
1644:Drivers/STM32F4xx_HAL_Driver/Src/stm32f4xx_ll_usb.c **** }
 3956              		.loc 1 1644 1 is_stmt 0 view .LVU1345
 3957 0034 0020     		movs	r0, #0
 3958              	.LVL296:
 3959              		.loc 1 1644 1 view .LVU1346
 3960 0036 02B0     		add	sp, sp, #8
 3961              	.LCFI46:
 3962              		.cfi_remember_state
 3963              		.cfi_def_cfa_offset 0
 3964              		@ sp needed
 3965 0038 7047     		bx	lr
 3966              	.LVL297:
 3967              	.L248:
 3968              	.LCFI47:
 3969              		.cfi_restore_state
1637:Drivers/STM32F4xx_HAL_Driver/Src/stm32f4xx_ll_usb.c ****   }
 3970              		.loc 1 1637 5 is_stmt 1 view .LVU1347
1637:Drivers/STM32F4xx_HAL_Driver/Src/stm32f4xx_ll_usb.c ****   }
 3971              		.loc 1 1637 37 is_stmt 0 view .LVU1348
 3972 003a 019B     		ldr	r3, [sp, #4]
 3973 003c 43F48053 		orr	r3, r3, #4096
1637:Drivers/STM32F4xx_HAL_Driver/Src/stm32f4xx_ll_usb.c ****   }
 3974              		.loc 1 1637 16 view .LVU1349
 3975 0040 C0F84034 		str	r3, [r0, #1088]
 3976 0044 ECE7     		b	.L245
 3977              		.cfi_endproc
ARM GAS  /tmp/cccSJnlz.s 			page 119


 3978              	.LFE277:
 3980              		.section	.text.USB_GetHostSpeed,"ax",%progbits
 3981              		.align	1
 3982              		.global	USB_GetHostSpeed
 3983              		.syntax unified
 3984              		.thumb
 3985              		.thumb_func
 3987              	USB_GetHostSpeed:
 3988              	.LVL298:
 3989              	.LFB278:
1645:Drivers/STM32F4xx_HAL_Driver/Src/stm32f4xx_ll_usb.c **** 
1646:Drivers/STM32F4xx_HAL_Driver/Src/stm32f4xx_ll_usb.c **** /**
1647:Drivers/STM32F4xx_HAL_Driver/Src/stm32f4xx_ll_usb.c ****   * @brief  Return Host Port speed
1648:Drivers/STM32F4xx_HAL_Driver/Src/stm32f4xx_ll_usb.c ****   * @param  USBx  Selected device
1649:Drivers/STM32F4xx_HAL_Driver/Src/stm32f4xx_ll_usb.c ****   * @retval speed : Host port device speed
1650:Drivers/STM32F4xx_HAL_Driver/Src/stm32f4xx_ll_usb.c ****   *          This parameter can be one of these values:
1651:Drivers/STM32F4xx_HAL_Driver/Src/stm32f4xx_ll_usb.c ****   *            @arg HCD_DEVICE_SPEED_HIGH: High speed mode
1652:Drivers/STM32F4xx_HAL_Driver/Src/stm32f4xx_ll_usb.c ****   *            @arg HCD_DEVICE_SPEED_FULL: Full speed mode
1653:Drivers/STM32F4xx_HAL_Driver/Src/stm32f4xx_ll_usb.c ****   *            @arg HCD_DEVICE_SPEED_LOW: Low speed mode
1654:Drivers/STM32F4xx_HAL_Driver/Src/stm32f4xx_ll_usb.c ****   */
1655:Drivers/STM32F4xx_HAL_Driver/Src/stm32f4xx_ll_usb.c **** uint32_t USB_GetHostSpeed(USB_OTG_GlobalTypeDef const *USBx)
1656:Drivers/STM32F4xx_HAL_Driver/Src/stm32f4xx_ll_usb.c **** {
 3990              		.loc 1 1656 1 is_stmt 1 view -0
 3991              		.cfi_startproc
 3992              		@ args = 0, pretend = 0, frame = 8
 3993              		@ frame_needed = 0, uses_anonymous_args = 0
 3994              		@ link register save eliminated.
 3995              		.loc 1 1656 1 is_stmt 0 view .LVU1351
 3996 0000 82B0     		sub	sp, sp, #8
 3997              	.LCFI48:
 3998              		.cfi_def_cfa_offset 8
1657:Drivers/STM32F4xx_HAL_Driver/Src/stm32f4xx_ll_usb.c ****   uint32_t USBx_BASE = (uint32_t)USBx;
 3999              		.loc 1 1657 3 is_stmt 1 view .LVU1352
 4000              	.LVL299:
1658:Drivers/STM32F4xx_HAL_Driver/Src/stm32f4xx_ll_usb.c ****   __IO uint32_t hprt0 = 0U;
 4001              		.loc 1 1658 3 view .LVU1353
 4002              		.loc 1 1658 17 is_stmt 0 view .LVU1354
 4003 0002 0023     		movs	r3, #0
 4004 0004 0193     		str	r3, [sp, #4]
1659:Drivers/STM32F4xx_HAL_Driver/Src/stm32f4xx_ll_usb.c **** 
1660:Drivers/STM32F4xx_HAL_Driver/Src/stm32f4xx_ll_usb.c ****   hprt0 = USBx_HPRT0;
 4005              		.loc 1 1660 3 is_stmt 1 view .LVU1355
 4006              		.loc 1 1660 11 is_stmt 0 view .LVU1356
 4007 0006 D0F84034 		ldr	r3, [r0, #1088]
 4008              		.loc 1 1660 9 view .LVU1357
 4009 000a 0193     		str	r3, [sp, #4]
1661:Drivers/STM32F4xx_HAL_Driver/Src/stm32f4xx_ll_usb.c ****   return ((hprt0 & USB_OTG_HPRT_PSPD) >> 17);
 4010              		.loc 1 1661 3 is_stmt 1 view .LVU1358
 4011              		.loc 1 1661 39 is_stmt 0 view .LVU1359
 4012 000c 0198     		ldr	r0, [sp, #4]
 4013              	.LVL300:
1662:Drivers/STM32F4xx_HAL_Driver/Src/stm32f4xx_ll_usb.c **** }
 4014              		.loc 1 1662 1 view .LVU1360
 4015 000e C0F34140 		ubfx	r0, r0, #17, #2
 4016 0012 02B0     		add	sp, sp, #8
 4017              	.LCFI49:
 4018              		.cfi_def_cfa_offset 0
ARM GAS  /tmp/cccSJnlz.s 			page 120


 4019              		@ sp needed
 4020 0014 7047     		bx	lr
 4021              		.cfi_endproc
 4022              	.LFE278:
 4024              		.section	.text.USB_GetCurrentFrame,"ax",%progbits
 4025              		.align	1
 4026              		.global	USB_GetCurrentFrame
 4027              		.syntax unified
 4028              		.thumb
 4029              		.thumb_func
 4031              	USB_GetCurrentFrame:
 4032              	.LVL301:
 4033              	.LFB279:
1663:Drivers/STM32F4xx_HAL_Driver/Src/stm32f4xx_ll_usb.c **** 
1664:Drivers/STM32F4xx_HAL_Driver/Src/stm32f4xx_ll_usb.c **** /**
1665:Drivers/STM32F4xx_HAL_Driver/Src/stm32f4xx_ll_usb.c ****   * @brief  Return Host Current Frame number
1666:Drivers/STM32F4xx_HAL_Driver/Src/stm32f4xx_ll_usb.c ****   * @param  USBx  Selected device
1667:Drivers/STM32F4xx_HAL_Driver/Src/stm32f4xx_ll_usb.c ****   * @retval current frame number
1668:Drivers/STM32F4xx_HAL_Driver/Src/stm32f4xx_ll_usb.c ****   */
1669:Drivers/STM32F4xx_HAL_Driver/Src/stm32f4xx_ll_usb.c **** uint32_t USB_GetCurrentFrame(USB_OTG_GlobalTypeDef const *USBx)
1670:Drivers/STM32F4xx_HAL_Driver/Src/stm32f4xx_ll_usb.c **** {
 4034              		.loc 1 1670 1 is_stmt 1 view -0
 4035              		.cfi_startproc
 4036              		@ args = 0, pretend = 0, frame = 0
 4037              		@ frame_needed = 0, uses_anonymous_args = 0
 4038              		@ link register save eliminated.
1671:Drivers/STM32F4xx_HAL_Driver/Src/stm32f4xx_ll_usb.c ****   uint32_t USBx_BASE = (uint32_t)USBx;
 4039              		.loc 1 1671 3 view .LVU1362
1672:Drivers/STM32F4xx_HAL_Driver/Src/stm32f4xx_ll_usb.c **** 
1673:Drivers/STM32F4xx_HAL_Driver/Src/stm32f4xx_ll_usb.c ****   return (USBx_HOST->HFNUM & USB_OTG_HFNUM_FRNUM);
 4040              		.loc 1 1673 3 view .LVU1363
 4041              		.loc 1 1673 11 is_stmt 0 view .LVU1364
 4042 0000 00F58060 		add	r0, r0, #1024
 4043              	.LVL302:
 4044              		.loc 1 1673 20 view .LVU1365
 4045 0004 8068     		ldr	r0, [r0, #8]
 4046              	.LVL303:
1674:Drivers/STM32F4xx_HAL_Driver/Src/stm32f4xx_ll_usb.c **** }
 4047              		.loc 1 1674 1 view .LVU1366
 4048 0006 80B2     		uxth	r0, r0
 4049 0008 7047     		bx	lr
 4050              		.cfi_endproc
 4051              	.LFE279:
 4053              		.section	.text.USB_HC_Init,"ax",%progbits
 4054              		.align	1
 4055              		.global	USB_HC_Init
 4056              		.syntax unified
 4057              		.thumb
 4058              		.thumb_func
 4060              	USB_HC_Init:
 4061              	.LVL304:
 4062              	.LFB280:
1675:Drivers/STM32F4xx_HAL_Driver/Src/stm32f4xx_ll_usb.c **** 
1676:Drivers/STM32F4xx_HAL_Driver/Src/stm32f4xx_ll_usb.c **** /**
1677:Drivers/STM32F4xx_HAL_Driver/Src/stm32f4xx_ll_usb.c ****   * @brief  Initialize a host channel
1678:Drivers/STM32F4xx_HAL_Driver/Src/stm32f4xx_ll_usb.c ****   * @param  USBx  Selected device
1679:Drivers/STM32F4xx_HAL_Driver/Src/stm32f4xx_ll_usb.c ****   * @param  ch_num  Channel number
ARM GAS  /tmp/cccSJnlz.s 			page 121


1680:Drivers/STM32F4xx_HAL_Driver/Src/stm32f4xx_ll_usb.c ****   *         This parameter can be a value from 1 to 15
1681:Drivers/STM32F4xx_HAL_Driver/Src/stm32f4xx_ll_usb.c ****   * @param  epnum  Endpoint number
1682:Drivers/STM32F4xx_HAL_Driver/Src/stm32f4xx_ll_usb.c ****   *          This parameter can be a value from 1 to 15
1683:Drivers/STM32F4xx_HAL_Driver/Src/stm32f4xx_ll_usb.c ****   * @param  dev_address  Current device address
1684:Drivers/STM32F4xx_HAL_Driver/Src/stm32f4xx_ll_usb.c ****   *          This parameter can be a value from 0 to 255
1685:Drivers/STM32F4xx_HAL_Driver/Src/stm32f4xx_ll_usb.c ****   * @param  speed  Current device speed
1686:Drivers/STM32F4xx_HAL_Driver/Src/stm32f4xx_ll_usb.c ****   *          This parameter can be one of these values:
1687:Drivers/STM32F4xx_HAL_Driver/Src/stm32f4xx_ll_usb.c ****   *            @arg USB_OTG_SPEED_HIGH: High speed mode
1688:Drivers/STM32F4xx_HAL_Driver/Src/stm32f4xx_ll_usb.c ****   *            @arg USB_OTG_SPEED_FULL: Full speed mode
1689:Drivers/STM32F4xx_HAL_Driver/Src/stm32f4xx_ll_usb.c ****   *            @arg USB_OTG_SPEED_LOW: Low speed mode
1690:Drivers/STM32F4xx_HAL_Driver/Src/stm32f4xx_ll_usb.c ****   * @param  ep_type  Endpoint Type
1691:Drivers/STM32F4xx_HAL_Driver/Src/stm32f4xx_ll_usb.c ****   *          This parameter can be one of these values:
1692:Drivers/STM32F4xx_HAL_Driver/Src/stm32f4xx_ll_usb.c ****   *            @arg EP_TYPE_CTRL: Control type
1693:Drivers/STM32F4xx_HAL_Driver/Src/stm32f4xx_ll_usb.c ****   *            @arg EP_TYPE_ISOC: Isochronous type
1694:Drivers/STM32F4xx_HAL_Driver/Src/stm32f4xx_ll_usb.c ****   *            @arg EP_TYPE_BULK: Bulk type
1695:Drivers/STM32F4xx_HAL_Driver/Src/stm32f4xx_ll_usb.c ****   *            @arg EP_TYPE_INTR: Interrupt type
1696:Drivers/STM32F4xx_HAL_Driver/Src/stm32f4xx_ll_usb.c ****   * @param  mps  Max Packet Size
1697:Drivers/STM32F4xx_HAL_Driver/Src/stm32f4xx_ll_usb.c ****   *          This parameter can be a value from 0 to 32K
1698:Drivers/STM32F4xx_HAL_Driver/Src/stm32f4xx_ll_usb.c ****   * @retval HAL state
1699:Drivers/STM32F4xx_HAL_Driver/Src/stm32f4xx_ll_usb.c ****   */
1700:Drivers/STM32F4xx_HAL_Driver/Src/stm32f4xx_ll_usb.c **** HAL_StatusTypeDef USB_HC_Init(USB_OTG_GlobalTypeDef *USBx, uint8_t ch_num,
1701:Drivers/STM32F4xx_HAL_Driver/Src/stm32f4xx_ll_usb.c ****                               uint8_t epnum, uint8_t dev_address, uint8_t speed,
1702:Drivers/STM32F4xx_HAL_Driver/Src/stm32f4xx_ll_usb.c ****                               uint8_t ep_type, uint16_t mps)
1703:Drivers/STM32F4xx_HAL_Driver/Src/stm32f4xx_ll_usb.c **** {
 4063              		.loc 1 1703 1 is_stmt 1 view -0
 4064              		.cfi_startproc
 4065              		@ args = 12, pretend = 0, frame = 0
 4066              		@ frame_needed = 0, uses_anonymous_args = 0
 4067              		.loc 1 1703 1 is_stmt 0 view .LVU1368
 4068 0000 2DE9F843 		push	{r3, r4, r5, r6, r7, r8, r9, lr}
 4069              	.LCFI50:
 4070              		.cfi_def_cfa_offset 32
 4071              		.cfi_offset 3, -32
 4072              		.cfi_offset 4, -28
 4073              		.cfi_offset 5, -24
 4074              		.cfi_offset 6, -20
 4075              		.cfi_offset 7, -16
 4076              		.cfi_offset 8, -12
 4077              		.cfi_offset 9, -8
 4078              		.cfi_offset 14, -4
 4079 0004 9146     		mov	r9, r2
 4080 0006 1C46     		mov	r4, r3
 4081 0008 9DF82450 		ldrb	r5, [sp, #36]	@ zero_extendqisi2
1704:Drivers/STM32F4xx_HAL_Driver/Src/stm32f4xx_ll_usb.c ****   HAL_StatusTypeDef ret = HAL_OK;
 4082              		.loc 1 1704 3 is_stmt 1 view .LVU1369
 4083              	.LVL305:
1705:Drivers/STM32F4xx_HAL_Driver/Src/stm32f4xx_ll_usb.c ****   uint32_t USBx_BASE = (uint32_t)USBx;
 4084              		.loc 1 1705 3 view .LVU1370
1706:Drivers/STM32F4xx_HAL_Driver/Src/stm32f4xx_ll_usb.c ****   uint32_t HCcharEpDir;
 4085              		.loc 1 1706 3 view .LVU1371
1707:Drivers/STM32F4xx_HAL_Driver/Src/stm32f4xx_ll_usb.c ****   uint32_t HCcharLowSpeed;
 4086              		.loc 1 1707 3 view .LVU1372
1708:Drivers/STM32F4xx_HAL_Driver/Src/stm32f4xx_ll_usb.c ****   uint32_t HostCoreSpeed;
 4087              		.loc 1 1708 3 view .LVU1373
1709:Drivers/STM32F4xx_HAL_Driver/Src/stm32f4xx_ll_usb.c **** 
1710:Drivers/STM32F4xx_HAL_Driver/Src/stm32f4xx_ll_usb.c ****   /* Clear old interrupt conditions for this host channel. */
1711:Drivers/STM32F4xx_HAL_Driver/Src/stm32f4xx_ll_usb.c ****   USBx_HC((uint32_t)ch_num)->HCINT = CLEAR_INTERRUPT_MASK;
ARM GAS  /tmp/cccSJnlz.s 			page 122


 4088              		.loc 1 1711 3 view .LVU1374
 4089 000c 00EB4116 		add	r6, r0, r1, lsl #5
 4090 0010 06F5A063 		add	r3, r6, #1280
 4091              	.LVL306:
 4092              		.loc 1 1711 36 is_stmt 0 view .LVU1375
 4093 0014 4FF0FF32 		mov	r2, #-1
 4094              	.LVL307:
 4095              		.loc 1 1711 36 view .LVU1376
 4096 0018 9A60     		str	r2, [r3, #8]
1712:Drivers/STM32F4xx_HAL_Driver/Src/stm32f4xx_ll_usb.c **** 
1713:Drivers/STM32F4xx_HAL_Driver/Src/stm32f4xx_ll_usb.c ****   /* Enable channel interrupts required for this transfer. */
1714:Drivers/STM32F4xx_HAL_Driver/Src/stm32f4xx_ll_usb.c ****   switch (ep_type)
 4097              		.loc 1 1714 3 is_stmt 1 view .LVU1377
 4098 001a 032D     		cmp	r5, #3
 4099 001c 7AD8     		bhi	.L263
 4100 001e DFE805F0 		tbb	[pc, r5]
 4101              	.L255:
 4102 0022 02       		.byte	(.L256-.L255)/2
 4103 0023 6B       		.byte	(.L257-.L255)/2
 4104 0024 02       		.byte	(.L256-.L255)/2
 4105 0025 5D       		.byte	(.L254-.L255)/2
 4106              		.p2align 1
 4107              	.L256:
1715:Drivers/STM32F4xx_HAL_Driver/Src/stm32f4xx_ll_usb.c ****   {
1716:Drivers/STM32F4xx_HAL_Driver/Src/stm32f4xx_ll_usb.c ****     case EP_TYPE_CTRL:
1717:Drivers/STM32F4xx_HAL_Driver/Src/stm32f4xx_ll_usb.c ****     case EP_TYPE_BULK:
1718:Drivers/STM32F4xx_HAL_Driver/Src/stm32f4xx_ll_usb.c ****       USBx_HC((uint32_t)ch_num)->HCINTMSK = USB_OTG_HCINTMSK_XFRCM  |
 4108              		.loc 1 1718 7 view .LVU1378
 4109              		.loc 1 1718 43 is_stmt 0 view .LVU1379
 4110 0026 40F29D42 		movw	r2, #1181
 4111 002a DA60     		str	r2, [r3, #12]
1719:Drivers/STM32F4xx_HAL_Driver/Src/stm32f4xx_ll_usb.c ****                                             USB_OTG_HCINTMSK_STALLM |
1720:Drivers/STM32F4xx_HAL_Driver/Src/stm32f4xx_ll_usb.c ****                                             USB_OTG_HCINTMSK_TXERRM |
1721:Drivers/STM32F4xx_HAL_Driver/Src/stm32f4xx_ll_usb.c ****                                             USB_OTG_HCINTMSK_DTERRM |
1722:Drivers/STM32F4xx_HAL_Driver/Src/stm32f4xx_ll_usb.c ****                                             USB_OTG_HCINTMSK_AHBERR |
1723:Drivers/STM32F4xx_HAL_Driver/Src/stm32f4xx_ll_usb.c ****                                             USB_OTG_HCINTMSK_NAKM;
1724:Drivers/STM32F4xx_HAL_Driver/Src/stm32f4xx_ll_usb.c **** 
1725:Drivers/STM32F4xx_HAL_Driver/Src/stm32f4xx_ll_usb.c ****       if ((epnum & 0x80U) == 0x80U)
 4112              		.loc 1 1725 7 is_stmt 1 view .LVU1380
 4113              		.loc 1 1725 10 is_stmt 0 view .LVU1381
 4114 002c 19F0800F 		tst	r9, #128
 4115 0030 48D1     		bne	.L271
1726:Drivers/STM32F4xx_HAL_Driver/Src/stm32f4xx_ll_usb.c ****       {
1727:Drivers/STM32F4xx_HAL_Driver/Src/stm32f4xx_ll_usb.c ****         USBx_HC((uint32_t)ch_num)->HCINTMSK |= USB_OTG_HCINTMSK_BBERRM;
1728:Drivers/STM32F4xx_HAL_Driver/Src/stm32f4xx_ll_usb.c ****       }
1729:Drivers/STM32F4xx_HAL_Driver/Src/stm32f4xx_ll_usb.c ****       else
1730:Drivers/STM32F4xx_HAL_Driver/Src/stm32f4xx_ll_usb.c ****       {
1731:Drivers/STM32F4xx_HAL_Driver/Src/stm32f4xx_ll_usb.c **** #if defined (USB_OTG_HS)
1732:Drivers/STM32F4xx_HAL_Driver/Src/stm32f4xx_ll_usb.c ****         if (USBx == USB_OTG_HS)
 4116              		.loc 1 1732 9 is_stmt 1 view .LVU1382
 4117              		.loc 1 1732 12 is_stmt 0 view .LVU1383
 4118 0032 3E4A     		ldr	r2, .L278
 4119 0034 9042     		cmp	r0, r2
 4120 0036 4BD0     		beq	.L272
1704:Drivers/STM32F4xx_HAL_Driver/Src/stm32f4xx_ll_usb.c ****   uint32_t USBx_BASE = (uint32_t)USBx;
 4121              		.loc 1 1704 21 view .LVU1384
 4122 0038 0027     		movs	r7, #0
ARM GAS  /tmp/cccSJnlz.s 			page 123


 4123              	.L253:
 4124              	.LVL308:
1733:Drivers/STM32F4xx_HAL_Driver/Src/stm32f4xx_ll_usb.c ****         {
1734:Drivers/STM32F4xx_HAL_Driver/Src/stm32f4xx_ll_usb.c ****           USBx_HC((uint32_t)ch_num)->HCINTMSK |= USB_OTG_HCINTMSK_NYET |
1735:Drivers/STM32F4xx_HAL_Driver/Src/stm32f4xx_ll_usb.c ****                                                  USB_OTG_HCINTMSK_ACKM;
1736:Drivers/STM32F4xx_HAL_Driver/Src/stm32f4xx_ll_usb.c ****         }
1737:Drivers/STM32F4xx_HAL_Driver/Src/stm32f4xx_ll_usb.c **** #endif /* defined (USB_OTG_HS) */
1738:Drivers/STM32F4xx_HAL_Driver/Src/stm32f4xx_ll_usb.c ****       }
1739:Drivers/STM32F4xx_HAL_Driver/Src/stm32f4xx_ll_usb.c ****       break;
1740:Drivers/STM32F4xx_HAL_Driver/Src/stm32f4xx_ll_usb.c **** 
1741:Drivers/STM32F4xx_HAL_Driver/Src/stm32f4xx_ll_usb.c ****     case EP_TYPE_INTR:
1742:Drivers/STM32F4xx_HAL_Driver/Src/stm32f4xx_ll_usb.c ****       USBx_HC((uint32_t)ch_num)->HCINTMSK = USB_OTG_HCINTMSK_XFRCM  |
1743:Drivers/STM32F4xx_HAL_Driver/Src/stm32f4xx_ll_usb.c ****                                             USB_OTG_HCINTMSK_STALLM |
1744:Drivers/STM32F4xx_HAL_Driver/Src/stm32f4xx_ll_usb.c ****                                             USB_OTG_HCINTMSK_TXERRM |
1745:Drivers/STM32F4xx_HAL_Driver/Src/stm32f4xx_ll_usb.c ****                                             USB_OTG_HCINTMSK_DTERRM |
1746:Drivers/STM32F4xx_HAL_Driver/Src/stm32f4xx_ll_usb.c ****                                             USB_OTG_HCINTMSK_NAKM   |
1747:Drivers/STM32F4xx_HAL_Driver/Src/stm32f4xx_ll_usb.c ****                                             USB_OTG_HCINTMSK_AHBERR |
1748:Drivers/STM32F4xx_HAL_Driver/Src/stm32f4xx_ll_usb.c ****                                             USB_OTG_HCINTMSK_FRMORM;
1749:Drivers/STM32F4xx_HAL_Driver/Src/stm32f4xx_ll_usb.c **** 
1750:Drivers/STM32F4xx_HAL_Driver/Src/stm32f4xx_ll_usb.c ****       if ((epnum & 0x80U) == 0x80U)
1751:Drivers/STM32F4xx_HAL_Driver/Src/stm32f4xx_ll_usb.c ****       {
1752:Drivers/STM32F4xx_HAL_Driver/Src/stm32f4xx_ll_usb.c ****         USBx_HC((uint32_t)ch_num)->HCINTMSK |= USB_OTG_HCINTMSK_BBERRM;
1753:Drivers/STM32F4xx_HAL_Driver/Src/stm32f4xx_ll_usb.c ****       }
1754:Drivers/STM32F4xx_HAL_Driver/Src/stm32f4xx_ll_usb.c **** 
1755:Drivers/STM32F4xx_HAL_Driver/Src/stm32f4xx_ll_usb.c ****       break;
1756:Drivers/STM32F4xx_HAL_Driver/Src/stm32f4xx_ll_usb.c **** 
1757:Drivers/STM32F4xx_HAL_Driver/Src/stm32f4xx_ll_usb.c ****     case EP_TYPE_ISOC:
1758:Drivers/STM32F4xx_HAL_Driver/Src/stm32f4xx_ll_usb.c ****       USBx_HC((uint32_t)ch_num)->HCINTMSK = USB_OTG_HCINTMSK_XFRCM  |
1759:Drivers/STM32F4xx_HAL_Driver/Src/stm32f4xx_ll_usb.c ****                                             USB_OTG_HCINTMSK_ACKM   |
1760:Drivers/STM32F4xx_HAL_Driver/Src/stm32f4xx_ll_usb.c ****                                             USB_OTG_HCINTMSK_AHBERR |
1761:Drivers/STM32F4xx_HAL_Driver/Src/stm32f4xx_ll_usb.c ****                                             USB_OTG_HCINTMSK_FRMORM;
1762:Drivers/STM32F4xx_HAL_Driver/Src/stm32f4xx_ll_usb.c **** 
1763:Drivers/STM32F4xx_HAL_Driver/Src/stm32f4xx_ll_usb.c ****       if ((epnum & 0x80U) == 0x80U)
1764:Drivers/STM32F4xx_HAL_Driver/Src/stm32f4xx_ll_usb.c ****       {
1765:Drivers/STM32F4xx_HAL_Driver/Src/stm32f4xx_ll_usb.c ****         USBx_HC((uint32_t)ch_num)->HCINTMSK |= (USB_OTG_HCINTMSK_TXERRM | USB_OTG_HCINTMSK_BBERRM);
1766:Drivers/STM32F4xx_HAL_Driver/Src/stm32f4xx_ll_usb.c ****       }
1767:Drivers/STM32F4xx_HAL_Driver/Src/stm32f4xx_ll_usb.c ****       break;
1768:Drivers/STM32F4xx_HAL_Driver/Src/stm32f4xx_ll_usb.c **** 
1769:Drivers/STM32F4xx_HAL_Driver/Src/stm32f4xx_ll_usb.c ****     default:
1770:Drivers/STM32F4xx_HAL_Driver/Src/stm32f4xx_ll_usb.c ****       ret = HAL_ERROR;
1771:Drivers/STM32F4xx_HAL_Driver/Src/stm32f4xx_ll_usb.c ****       break;
1772:Drivers/STM32F4xx_HAL_Driver/Src/stm32f4xx_ll_usb.c ****   }
1773:Drivers/STM32F4xx_HAL_Driver/Src/stm32f4xx_ll_usb.c **** 
1774:Drivers/STM32F4xx_HAL_Driver/Src/stm32f4xx_ll_usb.c ****   /* Clear Hub Start Split transaction */
1775:Drivers/STM32F4xx_HAL_Driver/Src/stm32f4xx_ll_usb.c ****   USBx_HC((uint32_t)ch_num)->HCSPLT = 0U;
 4125              		.loc 1 1775 3 is_stmt 1 view .LVU1385
 4126              		.loc 1 1775 37 is_stmt 0 view .LVU1386
 4127 003a 0022     		movs	r2, #0
 4128 003c 5A60     		str	r2, [r3, #4]
1776:Drivers/STM32F4xx_HAL_Driver/Src/stm32f4xx_ll_usb.c **** 
1777:Drivers/STM32F4xx_HAL_Driver/Src/stm32f4xx_ll_usb.c ****   /* Enable host channel Halt interrupt */
1778:Drivers/STM32F4xx_HAL_Driver/Src/stm32f4xx_ll_usb.c ****   USBx_HC((uint32_t)ch_num)->HCINTMSK |= USB_OTG_HCINTMSK_CHHM;
 4129              		.loc 1 1778 3 is_stmt 1 view .LVU1387
 4130              		.loc 1 1778 28 is_stmt 0 view .LVU1388
 4131 003e DA68     		ldr	r2, [r3, #12]
 4132              		.loc 1 1778 39 view .LVU1389
 4133 0040 42F00202 		orr	r2, r2, #2
ARM GAS  /tmp/cccSJnlz.s 			page 124


 4134 0044 DA60     		str	r2, [r3, #12]
1779:Drivers/STM32F4xx_HAL_Driver/Src/stm32f4xx_ll_usb.c **** 
1780:Drivers/STM32F4xx_HAL_Driver/Src/stm32f4xx_ll_usb.c ****   /* Enable the top level host channel interrupt. */
1781:Drivers/STM32F4xx_HAL_Driver/Src/stm32f4xx_ll_usb.c ****   USBx_HOST->HAINTMSK |= 1UL << (ch_num & 0xFU);
 4135              		.loc 1 1781 3 is_stmt 1 view .LVU1390
 4136              		.loc 1 1781 12 is_stmt 0 view .LVU1391
 4137 0046 D0F81834 		ldr	r3, [r0, #1048]
 4138              		.loc 1 1781 41 view .LVU1392
 4139 004a 01F00F01 		and	r1, r1, #15
 4140              	.LVL309:
 4141              		.loc 1 1781 30 view .LVU1393
 4142 004e 0122     		movs	r2, #1
 4143 0050 8A40     		lsls	r2, r2, r1
 4144              		.loc 1 1781 23 view .LVU1394
 4145 0052 1343     		orrs	r3, r3, r2
 4146 0054 C0F81834 		str	r3, [r0, #1048]
1782:Drivers/STM32F4xx_HAL_Driver/Src/stm32f4xx_ll_usb.c **** 
1783:Drivers/STM32F4xx_HAL_Driver/Src/stm32f4xx_ll_usb.c ****   /* Make sure host channel interrupts are enabled. */
1784:Drivers/STM32F4xx_HAL_Driver/Src/stm32f4xx_ll_usb.c ****   USBx->GINTMSK |= USB_OTG_GINTMSK_HCIM;
 4147              		.loc 1 1784 3 is_stmt 1 view .LVU1395
 4148              		.loc 1 1784 7 is_stmt 0 view .LVU1396
 4149 0058 8369     		ldr	r3, [r0, #24]
 4150              		.loc 1 1784 17 view .LVU1397
 4151 005a 43F00073 		orr	r3, r3, #33554432
 4152 005e 8361     		str	r3, [r0, #24]
1785:Drivers/STM32F4xx_HAL_Driver/Src/stm32f4xx_ll_usb.c **** 
1786:Drivers/STM32F4xx_HAL_Driver/Src/stm32f4xx_ll_usb.c ****   /* Program the HCCHAR register */
1787:Drivers/STM32F4xx_HAL_Driver/Src/stm32f4xx_ll_usb.c ****   if ((epnum & 0x80U) == 0x80U)
 4153              		.loc 1 1787 3 is_stmt 1 view .LVU1398
 4154              		.loc 1 1787 6 is_stmt 0 view .LVU1399
 4155 0060 19F0800F 		tst	r9, #128
 4156 0064 58D1     		bne	.L273
1788:Drivers/STM32F4xx_HAL_Driver/Src/stm32f4xx_ll_usb.c ****   {
1789:Drivers/STM32F4xx_HAL_Driver/Src/stm32f4xx_ll_usb.c ****     HCcharEpDir = (0x1U << 15) & USB_OTG_HCCHAR_EPDIR;
1790:Drivers/STM32F4xx_HAL_Driver/Src/stm32f4xx_ll_usb.c ****   }
1791:Drivers/STM32F4xx_HAL_Driver/Src/stm32f4xx_ll_usb.c ****   else
1792:Drivers/STM32F4xx_HAL_Driver/Src/stm32f4xx_ll_usb.c ****   {
1793:Drivers/STM32F4xx_HAL_Driver/Src/stm32f4xx_ll_usb.c ****     HCcharEpDir = 0U;
 4157              		.loc 1 1793 17 view .LVU1400
 4158 0066 4FF00008 		mov	r8, #0
 4159              	.L259:
 4160              	.LVL310:
1794:Drivers/STM32F4xx_HAL_Driver/Src/stm32f4xx_ll_usb.c ****   }
1795:Drivers/STM32F4xx_HAL_Driver/Src/stm32f4xx_ll_usb.c **** 
1796:Drivers/STM32F4xx_HAL_Driver/Src/stm32f4xx_ll_usb.c ****   HostCoreSpeed = USB_GetHostSpeed(USBx);
 4161              		.loc 1 1796 3 is_stmt 1 view .LVU1401
 4162              		.loc 1 1796 19 is_stmt 0 view .LVU1402
 4163 006a FFF7FEFF 		bl	USB_GetHostSpeed
 4164              	.LVL311:
1797:Drivers/STM32F4xx_HAL_Driver/Src/stm32f4xx_ll_usb.c **** 
1798:Drivers/STM32F4xx_HAL_Driver/Src/stm32f4xx_ll_usb.c ****   /* LS device plugged to HUB */
1799:Drivers/STM32F4xx_HAL_Driver/Src/stm32f4xx_ll_usb.c ****   if ((speed == HPRT0_PRTSPD_LOW_SPEED) && (HostCoreSpeed != HPRT0_PRTSPD_LOW_SPEED))
 4165              		.loc 1 1799 3 is_stmt 1 view .LVU1403
 4166              		.loc 1 1799 6 is_stmt 0 view .LVU1404
 4167 006e 9DF82030 		ldrb	r3, [sp, #32]	@ zero_extendqisi2
 4168 0072 022B     		cmp	r3, #2
 4169 0074 53D0     		beq	.L274
ARM GAS  /tmp/cccSJnlz.s 			page 125


1800:Drivers/STM32F4xx_HAL_Driver/Src/stm32f4xx_ll_usb.c ****   {
1801:Drivers/STM32F4xx_HAL_Driver/Src/stm32f4xx_ll_usb.c ****     HCcharLowSpeed = (0x1U << 17) & USB_OTG_HCCHAR_LSDEV;
1802:Drivers/STM32F4xx_HAL_Driver/Src/stm32f4xx_ll_usb.c ****   }
1803:Drivers/STM32F4xx_HAL_Driver/Src/stm32f4xx_ll_usb.c ****   else
1804:Drivers/STM32F4xx_HAL_Driver/Src/stm32f4xx_ll_usb.c ****   {
1805:Drivers/STM32F4xx_HAL_Driver/Src/stm32f4xx_ll_usb.c ****     HCcharLowSpeed = 0U;
 4170              		.loc 1 1805 20 view .LVU1405
 4171 0076 0022     		movs	r2, #0
 4172              	.L260:
 4173              	.LVL312:
1806:Drivers/STM32F4xx_HAL_Driver/Src/stm32f4xx_ll_usb.c ****   }
1807:Drivers/STM32F4xx_HAL_Driver/Src/stm32f4xx_ll_usb.c **** 
1808:Drivers/STM32F4xx_HAL_Driver/Src/stm32f4xx_ll_usb.c ****   USBx_HC((uint32_t)ch_num)->HCCHAR = (((uint32_t)dev_address << 22) & USB_OTG_HCCHAR_DAD) |
 4174              		.loc 1 1808 3 is_stmt 1 view .LVU1406
 4175              		.loc 1 1808 63 is_stmt 0 view .LVU1407
 4176 0078 A305     		lsls	r3, r4, #22
 4177              		.loc 1 1808 70 view .LVU1408
 4178 007a 03F0FE53 		and	r3, r3, #532676608
1809:Drivers/STM32F4xx_HAL_Driver/Src/stm32f4xx_ll_usb.c ****                                       ((((uint32_t)epnum & 0x7FU) << 11) & USB_OTG_HCCHAR_EPNUM) |
 4179              		.loc 1 1809 67 view .LVU1409
 4180 007e 4FEAC929 		lsl	r9, r9, #11
 4181              	.LVL313:
 4182              		.loc 1 1809 74 view .LVU1410
 4183 0082 09F4F049 		and	r9, r9, #30720
1808:Drivers/STM32F4xx_HAL_Driver/Src/stm32f4xx_ll_usb.c ****                                       ((((uint32_t)epnum & 0x7FU) << 11) & USB_OTG_HCCHAR_EPNUM) |
 4184              		.loc 1 1808 92 view .LVU1411
 4185 0086 43EA0903 		orr	r3, r3, r9
1810:Drivers/STM32F4xx_HAL_Driver/Src/stm32f4xx_ll_usb.c ****                                       (((uint32_t)ep_type << 18) & USB_OTG_HCCHAR_EPTYP) |
 4186              		.loc 1 1810 59 view .LVU1412
 4187 008a A904     		lsls	r1, r5, #18
 4188              		.loc 1 1810 66 view .LVU1413
 4189 008c 01F44021 		and	r1, r1, #786432
1809:Drivers/STM32F4xx_HAL_Driver/Src/stm32f4xx_ll_usb.c ****                                       ((((uint32_t)epnum & 0x7FU) << 11) & USB_OTG_HCCHAR_EPNUM) |
 4190              		.loc 1 1809 98 view .LVU1414
 4191 0090 0B43     		orrs	r3, r3, r1
1811:Drivers/STM32F4xx_HAL_Driver/Src/stm32f4xx_ll_usb.c ****                                       ((uint32_t)mps & USB_OTG_HCCHAR_MPSIZ) |
 4192              		.loc 1 1811 54 view .LVU1415
 4193 0092 BDF82810 		ldrh	r1, [sp, #40]
 4194 0096 C1F30A01 		ubfx	r1, r1, #0, #11
1810:Drivers/STM32F4xx_HAL_Driver/Src/stm32f4xx_ll_usb.c ****                                       (((uint32_t)ep_type << 18) & USB_OTG_HCCHAR_EPTYP) |
 4195              		.loc 1 1810 90 view .LVU1416
 4196 009a 0B43     		orrs	r3, r3, r1
1812:Drivers/STM32F4xx_HAL_Driver/Src/stm32f4xx_ll_usb.c ****                                       USB_OTG_HCCHAR_MC_0 | HCcharEpDir | HCcharLowSpeed;
 4197              		.loc 1 1812 59 view .LVU1417
 4198 009c 43EA0803 		orr	r3, r3, r8
 4199              		.loc 1 1812 73 view .LVU1418
 4200 00a0 1343     		orrs	r3, r3, r2
 4201 00a2 43F48013 		orr	r3, r3, #1048576
1808:Drivers/STM32F4xx_HAL_Driver/Src/stm32f4xx_ll_usb.c ****                                       ((((uint32_t)epnum & 0x7FU) << 11) & USB_OTG_HCCHAR_EPNUM) |
 4202              		.loc 1 1808 37 view .LVU1419
 4203 00a6 C6F80035 		str	r3, [r6, #1280]
1813:Drivers/STM32F4xx_HAL_Driver/Src/stm32f4xx_ll_usb.c **** 
1814:Drivers/STM32F4xx_HAL_Driver/Src/stm32f4xx_ll_usb.c ****   if ((ep_type == EP_TYPE_INTR) || (ep_type == EP_TYPE_ISOC))
 4204              		.loc 1 1814 3 is_stmt 1 view .LVU1420
 4205              		.loc 1 1814 6 is_stmt 0 view .LVU1421
 4206 00aa 032D     		cmp	r5, #3
 4207 00ac 01D0     		beq	.L261
ARM GAS  /tmp/cccSJnlz.s 			page 126


 4208              		.loc 1 1814 33 discriminator 1 view .LVU1422
 4209 00ae 012D     		cmp	r5, #1
 4210 00b0 05D1     		bne	.L262
 4211              	.L261:
1815:Drivers/STM32F4xx_HAL_Driver/Src/stm32f4xx_ll_usb.c ****   {
1816:Drivers/STM32F4xx_HAL_Driver/Src/stm32f4xx_ll_usb.c ****     USBx_HC((uint32_t)ch_num)->HCCHAR |= USB_OTG_HCCHAR_ODDFRM;
 4212              		.loc 1 1816 5 is_stmt 1 view .LVU1423
 4213              		.loc 1 1816 30 is_stmt 0 view .LVU1424
 4214 00b2 D6F80035 		ldr	r3, [r6, #1280]
 4215              		.loc 1 1816 39 view .LVU1425
 4216 00b6 43F00053 		orr	r3, r3, #536870912
 4217 00ba C6F80035 		str	r3, [r6, #1280]
 4218              	.L262:
1817:Drivers/STM32F4xx_HAL_Driver/Src/stm32f4xx_ll_usb.c ****   }
1818:Drivers/STM32F4xx_HAL_Driver/Src/stm32f4xx_ll_usb.c **** 
1819:Drivers/STM32F4xx_HAL_Driver/Src/stm32f4xx_ll_usb.c ****   return ret;
 4219              		.loc 1 1819 3 is_stmt 1 view .LVU1426
1820:Drivers/STM32F4xx_HAL_Driver/Src/stm32f4xx_ll_usb.c **** }
 4220              		.loc 1 1820 1 is_stmt 0 view .LVU1427
 4221 00be 3846     		mov	r0, r7
 4222              	.LVL314:
 4223              		.loc 1 1820 1 view .LVU1428
 4224 00c0 BDE8F883 		pop	{r3, r4, r5, r6, r7, r8, r9, pc}
 4225              	.LVL315:
 4226              	.L271:
1727:Drivers/STM32F4xx_HAL_Driver/Src/stm32f4xx_ll_usb.c ****       }
 4227              		.loc 1 1727 9 is_stmt 1 view .LVU1429
1727:Drivers/STM32F4xx_HAL_Driver/Src/stm32f4xx_ll_usb.c ****       }
 4228              		.loc 1 1727 34 is_stmt 0 view .LVU1430
 4229 00c4 DA68     		ldr	r2, [r3, #12]
1727:Drivers/STM32F4xx_HAL_Driver/Src/stm32f4xx_ll_usb.c ****       }
 4230              		.loc 1 1727 45 view .LVU1431
 4231 00c6 42F48072 		orr	r2, r2, #256
 4232 00ca DA60     		str	r2, [r3, #12]
1704:Drivers/STM32F4xx_HAL_Driver/Src/stm32f4xx_ll_usb.c ****   uint32_t USBx_BASE = (uint32_t)USBx;
 4233              		.loc 1 1704 21 view .LVU1432
 4234 00cc 0027     		movs	r7, #0
 4235 00ce B4E7     		b	.L253
 4236              	.L272:
1734:Drivers/STM32F4xx_HAL_Driver/Src/stm32f4xx_ll_usb.c ****                                                  USB_OTG_HCINTMSK_ACKM;
 4237              		.loc 1 1734 11 is_stmt 1 view .LVU1433
1734:Drivers/STM32F4xx_HAL_Driver/Src/stm32f4xx_ll_usb.c ****                                                  USB_OTG_HCINTMSK_ACKM;
 4238              		.loc 1 1734 36 is_stmt 0 view .LVU1434
 4239 00d0 DA68     		ldr	r2, [r3, #12]
1734:Drivers/STM32F4xx_HAL_Driver/Src/stm32f4xx_ll_usb.c ****                                                  USB_OTG_HCINTMSK_ACKM;
 4240              		.loc 1 1734 47 view .LVU1435
 4241 00d2 42F06002 		orr	r2, r2, #96
 4242 00d6 DA60     		str	r2, [r3, #12]
1704:Drivers/STM32F4xx_HAL_Driver/Src/stm32f4xx_ll_usb.c ****   uint32_t USBx_BASE = (uint32_t)USBx;
 4243              		.loc 1 1704 21 view .LVU1436
 4244 00d8 0027     		movs	r7, #0
 4245 00da AEE7     		b	.L253
 4246              	.L254:
1742:Drivers/STM32F4xx_HAL_Driver/Src/stm32f4xx_ll_usb.c ****                                             USB_OTG_HCINTMSK_STALLM |
 4247              		.loc 1 1742 7 is_stmt 1 view .LVU1437
1742:Drivers/STM32F4xx_HAL_Driver/Src/stm32f4xx_ll_usb.c ****                                             USB_OTG_HCINTMSK_STALLM |
 4248              		.loc 1 1742 43 is_stmt 0 view .LVU1438
ARM GAS  /tmp/cccSJnlz.s 			page 127


 4249 00dc 40F29D62 		movw	r2, #1693
 4250 00e0 DA60     		str	r2, [r3, #12]
1750:Drivers/STM32F4xx_HAL_Driver/Src/stm32f4xx_ll_usb.c ****       {
 4251              		.loc 1 1750 7 is_stmt 1 view .LVU1439
1750:Drivers/STM32F4xx_HAL_Driver/Src/stm32f4xx_ll_usb.c ****       {
 4252              		.loc 1 1750 10 is_stmt 0 view .LVU1440
 4253 00e2 19F0800F 		tst	r9, #128
 4254 00e6 01D1     		bne	.L275
1704:Drivers/STM32F4xx_HAL_Driver/Src/stm32f4xx_ll_usb.c ****   uint32_t USBx_BASE = (uint32_t)USBx;
 4255              		.loc 1 1704 21 view .LVU1441
 4256 00e8 0027     		movs	r7, #0
 4257 00ea A6E7     		b	.L253
 4258              	.L275:
1752:Drivers/STM32F4xx_HAL_Driver/Src/stm32f4xx_ll_usb.c ****       }
 4259              		.loc 1 1752 9 is_stmt 1 view .LVU1442
1752:Drivers/STM32F4xx_HAL_Driver/Src/stm32f4xx_ll_usb.c ****       }
 4260              		.loc 1 1752 34 is_stmt 0 view .LVU1443
 4261 00ec DA68     		ldr	r2, [r3, #12]
1752:Drivers/STM32F4xx_HAL_Driver/Src/stm32f4xx_ll_usb.c ****       }
 4262              		.loc 1 1752 45 view .LVU1444
 4263 00ee 42F48072 		orr	r2, r2, #256
 4264 00f2 DA60     		str	r2, [r3, #12]
1704:Drivers/STM32F4xx_HAL_Driver/Src/stm32f4xx_ll_usb.c ****   uint32_t USBx_BASE = (uint32_t)USBx;
 4265              		.loc 1 1704 21 view .LVU1445
 4266 00f4 0027     		movs	r7, #0
 4267 00f6 A0E7     		b	.L253
 4268              	.L257:
1758:Drivers/STM32F4xx_HAL_Driver/Src/stm32f4xx_ll_usb.c ****                                             USB_OTG_HCINTMSK_ACKM   |
 4269              		.loc 1 1758 7 is_stmt 1 view .LVU1446
1758:Drivers/STM32F4xx_HAL_Driver/Src/stm32f4xx_ll_usb.c ****                                             USB_OTG_HCINTMSK_ACKM   |
 4270              		.loc 1 1758 43 is_stmt 0 view .LVU1447
 4271 00f8 40F22522 		movw	r2, #549
 4272 00fc DA60     		str	r2, [r3, #12]
1763:Drivers/STM32F4xx_HAL_Driver/Src/stm32f4xx_ll_usb.c ****       {
 4273              		.loc 1 1763 7 is_stmt 1 view .LVU1448
1763:Drivers/STM32F4xx_HAL_Driver/Src/stm32f4xx_ll_usb.c ****       {
 4274              		.loc 1 1763 10 is_stmt 0 view .LVU1449
 4275 00fe 19F0800F 		tst	r9, #128
 4276 0102 01D1     		bne	.L276
1704:Drivers/STM32F4xx_HAL_Driver/Src/stm32f4xx_ll_usb.c ****   uint32_t USBx_BASE = (uint32_t)USBx;
 4277              		.loc 1 1704 21 view .LVU1450
 4278 0104 0027     		movs	r7, #0
 4279 0106 98E7     		b	.L253
 4280              	.L276:
1765:Drivers/STM32F4xx_HAL_Driver/Src/stm32f4xx_ll_usb.c ****       }
 4281              		.loc 1 1765 9 is_stmt 1 view .LVU1451
1765:Drivers/STM32F4xx_HAL_Driver/Src/stm32f4xx_ll_usb.c ****       }
 4282              		.loc 1 1765 34 is_stmt 0 view .LVU1452
 4283 0108 DA68     		ldr	r2, [r3, #12]
1765:Drivers/STM32F4xx_HAL_Driver/Src/stm32f4xx_ll_usb.c ****       }
 4284              		.loc 1 1765 45 view .LVU1453
 4285 010a 42F4C072 		orr	r2, r2, #384
 4286 010e DA60     		str	r2, [r3, #12]
1704:Drivers/STM32F4xx_HAL_Driver/Src/stm32f4xx_ll_usb.c ****   uint32_t USBx_BASE = (uint32_t)USBx;
 4287              		.loc 1 1704 21 view .LVU1454
 4288 0110 0027     		movs	r7, #0
 4289 0112 92E7     		b	.L253
ARM GAS  /tmp/cccSJnlz.s 			page 128


 4290              	.L263:
1714:Drivers/STM32F4xx_HAL_Driver/Src/stm32f4xx_ll_usb.c ****   {
 4291              		.loc 1 1714 3 view .LVU1455
 4292 0114 0127     		movs	r7, #1
 4293 0116 90E7     		b	.L253
 4294              	.LVL316:
 4295              	.L273:
1789:Drivers/STM32F4xx_HAL_Driver/Src/stm32f4xx_ll_usb.c ****   }
 4296              		.loc 1 1789 17 view .LVU1456
 4297 0118 4FF40048 		mov	r8, #32768
 4298 011c A5E7     		b	.L259
 4299              	.LVL317:
 4300              	.L274:
1799:Drivers/STM32F4xx_HAL_Driver/Src/stm32f4xx_ll_usb.c ****   {
 4301              		.loc 1 1799 41 discriminator 1 view .LVU1457
 4302 011e 0228     		cmp	r0, #2
 4303 0120 02D0     		beq	.L277
1801:Drivers/STM32F4xx_HAL_Driver/Src/stm32f4xx_ll_usb.c ****   }
 4304              		.loc 1 1801 20 view .LVU1458
 4305 0122 4FF40032 		mov	r2, #131072
 4306 0126 A7E7     		b	.L260
 4307              	.L277:
1805:Drivers/STM32F4xx_HAL_Driver/Src/stm32f4xx_ll_usb.c ****   }
 4308              		.loc 1 1805 20 view .LVU1459
 4309 0128 0022     		movs	r2, #0
 4310 012a A5E7     		b	.L260
 4311              	.L279:
 4312              		.align	2
 4313              	.L278:
 4314 012c 00000440 		.word	1074003968
 4315              		.cfi_endproc
 4316              	.LFE280:
 4318              		.section	.text.USB_HC_ReadInterrupt,"ax",%progbits
 4319              		.align	1
 4320              		.global	USB_HC_ReadInterrupt
 4321              		.syntax unified
 4322              		.thumb
 4323              		.thumb_func
 4325              	USB_HC_ReadInterrupt:
 4326              	.LVL318:
 4327              	.LFB282:
1821:Drivers/STM32F4xx_HAL_Driver/Src/stm32f4xx_ll_usb.c **** 
1822:Drivers/STM32F4xx_HAL_Driver/Src/stm32f4xx_ll_usb.c **** /**
1823:Drivers/STM32F4xx_HAL_Driver/Src/stm32f4xx_ll_usb.c ****   * @brief  Start a transfer over a host channel
1824:Drivers/STM32F4xx_HAL_Driver/Src/stm32f4xx_ll_usb.c ****   * @param  USBx  Selected device
1825:Drivers/STM32F4xx_HAL_Driver/Src/stm32f4xx_ll_usb.c ****   * @param  hc  pointer to host channel structure
1826:Drivers/STM32F4xx_HAL_Driver/Src/stm32f4xx_ll_usb.c ****   * @param  dma USB dma enabled or disabled
1827:Drivers/STM32F4xx_HAL_Driver/Src/stm32f4xx_ll_usb.c ****   *          This parameter can be one of these values:
1828:Drivers/STM32F4xx_HAL_Driver/Src/stm32f4xx_ll_usb.c ****   *           0 : DMA feature not used
1829:Drivers/STM32F4xx_HAL_Driver/Src/stm32f4xx_ll_usb.c ****   *           1 : DMA feature used
1830:Drivers/STM32F4xx_HAL_Driver/Src/stm32f4xx_ll_usb.c ****   * @retval HAL state
1831:Drivers/STM32F4xx_HAL_Driver/Src/stm32f4xx_ll_usb.c ****   */
1832:Drivers/STM32F4xx_HAL_Driver/Src/stm32f4xx_ll_usb.c **** HAL_StatusTypeDef USB_HC_StartXfer(USB_OTG_GlobalTypeDef *USBx, USB_OTG_HCTypeDef *hc, uint8_t dma)
1833:Drivers/STM32F4xx_HAL_Driver/Src/stm32f4xx_ll_usb.c **** {
1834:Drivers/STM32F4xx_HAL_Driver/Src/stm32f4xx_ll_usb.c ****   uint32_t USBx_BASE = (uint32_t)USBx;
1835:Drivers/STM32F4xx_HAL_Driver/Src/stm32f4xx_ll_usb.c ****   uint32_t ch_num = (uint32_t)hc->ch_num;
1836:Drivers/STM32F4xx_HAL_Driver/Src/stm32f4xx_ll_usb.c ****   __IO uint32_t tmpreg;
ARM GAS  /tmp/cccSJnlz.s 			page 129


1837:Drivers/STM32F4xx_HAL_Driver/Src/stm32f4xx_ll_usb.c ****   uint8_t  is_oddframe;
1838:Drivers/STM32F4xx_HAL_Driver/Src/stm32f4xx_ll_usb.c ****   uint16_t len_words;
1839:Drivers/STM32F4xx_HAL_Driver/Src/stm32f4xx_ll_usb.c ****   uint16_t num_packets;
1840:Drivers/STM32F4xx_HAL_Driver/Src/stm32f4xx_ll_usb.c ****   uint16_t max_hc_pkt_count = HC_MAX_PKT_CNT;
1841:Drivers/STM32F4xx_HAL_Driver/Src/stm32f4xx_ll_usb.c **** 
1842:Drivers/STM32F4xx_HAL_Driver/Src/stm32f4xx_ll_usb.c **** #if defined (USB_OTG_HS)
1843:Drivers/STM32F4xx_HAL_Driver/Src/stm32f4xx_ll_usb.c ****   if (USBx == USB_OTG_HS)
1844:Drivers/STM32F4xx_HAL_Driver/Src/stm32f4xx_ll_usb.c ****   {
1845:Drivers/STM32F4xx_HAL_Driver/Src/stm32f4xx_ll_usb.c ****     /* in DMA mode host Core automatically issues ping in case of NYET/NAK */
1846:Drivers/STM32F4xx_HAL_Driver/Src/stm32f4xx_ll_usb.c ****     if (dma == 1U)
1847:Drivers/STM32F4xx_HAL_Driver/Src/stm32f4xx_ll_usb.c ****     {
1848:Drivers/STM32F4xx_HAL_Driver/Src/stm32f4xx_ll_usb.c ****       if (((hc->ep_type == EP_TYPE_CTRL) || (hc->ep_type == EP_TYPE_BULK)) && (hc->do_ssplit == 0U)
1849:Drivers/STM32F4xx_HAL_Driver/Src/stm32f4xx_ll_usb.c ****       {
1850:Drivers/STM32F4xx_HAL_Driver/Src/stm32f4xx_ll_usb.c **** 
1851:Drivers/STM32F4xx_HAL_Driver/Src/stm32f4xx_ll_usb.c ****         USBx_HC((uint32_t)ch_num)->HCINTMSK &= ~(USB_OTG_HCINTMSK_NYET |
1852:Drivers/STM32F4xx_HAL_Driver/Src/stm32f4xx_ll_usb.c ****                                                  USB_OTG_HCINTMSK_ACKM |
1853:Drivers/STM32F4xx_HAL_Driver/Src/stm32f4xx_ll_usb.c ****                                                  USB_OTG_HCINTMSK_NAKM);
1854:Drivers/STM32F4xx_HAL_Driver/Src/stm32f4xx_ll_usb.c ****       }
1855:Drivers/STM32F4xx_HAL_Driver/Src/stm32f4xx_ll_usb.c ****     }
1856:Drivers/STM32F4xx_HAL_Driver/Src/stm32f4xx_ll_usb.c ****     else
1857:Drivers/STM32F4xx_HAL_Driver/Src/stm32f4xx_ll_usb.c ****     {
1858:Drivers/STM32F4xx_HAL_Driver/Src/stm32f4xx_ll_usb.c ****       if ((hc->speed == USBH_HS_SPEED) && (hc->do_ping == 1U))
1859:Drivers/STM32F4xx_HAL_Driver/Src/stm32f4xx_ll_usb.c ****       {
1860:Drivers/STM32F4xx_HAL_Driver/Src/stm32f4xx_ll_usb.c ****         (void)USB_DoPing(USBx, hc->ch_num);
1861:Drivers/STM32F4xx_HAL_Driver/Src/stm32f4xx_ll_usb.c ****         return HAL_OK;
1862:Drivers/STM32F4xx_HAL_Driver/Src/stm32f4xx_ll_usb.c ****       }
1863:Drivers/STM32F4xx_HAL_Driver/Src/stm32f4xx_ll_usb.c ****     }
1864:Drivers/STM32F4xx_HAL_Driver/Src/stm32f4xx_ll_usb.c ****   }
1865:Drivers/STM32F4xx_HAL_Driver/Src/stm32f4xx_ll_usb.c **** #endif /* defined (USB_OTG_HS) */
1866:Drivers/STM32F4xx_HAL_Driver/Src/stm32f4xx_ll_usb.c **** 
1867:Drivers/STM32F4xx_HAL_Driver/Src/stm32f4xx_ll_usb.c ****   if (hc->do_ssplit == 1U)
1868:Drivers/STM32F4xx_HAL_Driver/Src/stm32f4xx_ll_usb.c ****   {
1869:Drivers/STM32F4xx_HAL_Driver/Src/stm32f4xx_ll_usb.c ****     /* Set number of packet to 1 for Split transaction */
1870:Drivers/STM32F4xx_HAL_Driver/Src/stm32f4xx_ll_usb.c ****     num_packets = 1U;
1871:Drivers/STM32F4xx_HAL_Driver/Src/stm32f4xx_ll_usb.c **** 
1872:Drivers/STM32F4xx_HAL_Driver/Src/stm32f4xx_ll_usb.c ****     if (hc->ep_is_in != 0U)
1873:Drivers/STM32F4xx_HAL_Driver/Src/stm32f4xx_ll_usb.c ****     {
1874:Drivers/STM32F4xx_HAL_Driver/Src/stm32f4xx_ll_usb.c ****       hc->XferSize = (uint32_t)num_packets * hc->max_packet;
1875:Drivers/STM32F4xx_HAL_Driver/Src/stm32f4xx_ll_usb.c ****     }
1876:Drivers/STM32F4xx_HAL_Driver/Src/stm32f4xx_ll_usb.c ****     else
1877:Drivers/STM32F4xx_HAL_Driver/Src/stm32f4xx_ll_usb.c ****     {
1878:Drivers/STM32F4xx_HAL_Driver/Src/stm32f4xx_ll_usb.c ****       if (hc->ep_type == EP_TYPE_ISOC)
1879:Drivers/STM32F4xx_HAL_Driver/Src/stm32f4xx_ll_usb.c ****       {
1880:Drivers/STM32F4xx_HAL_Driver/Src/stm32f4xx_ll_usb.c ****         if (hc->xfer_len > ISO_SPLT_MPS)
1881:Drivers/STM32F4xx_HAL_Driver/Src/stm32f4xx_ll_usb.c ****         {
1882:Drivers/STM32F4xx_HAL_Driver/Src/stm32f4xx_ll_usb.c ****           /* Isochrone Max Packet Size for Split mode */
1883:Drivers/STM32F4xx_HAL_Driver/Src/stm32f4xx_ll_usb.c ****           hc->XferSize = hc->max_packet;
1884:Drivers/STM32F4xx_HAL_Driver/Src/stm32f4xx_ll_usb.c ****           hc->xfer_len = hc->XferSize;
1885:Drivers/STM32F4xx_HAL_Driver/Src/stm32f4xx_ll_usb.c **** 
1886:Drivers/STM32F4xx_HAL_Driver/Src/stm32f4xx_ll_usb.c ****           if ((hc->iso_splt_xactPos == HCSPLT_BEGIN) || (hc->iso_splt_xactPos == HCSPLT_MIDDLE))
1887:Drivers/STM32F4xx_HAL_Driver/Src/stm32f4xx_ll_usb.c ****           {
1888:Drivers/STM32F4xx_HAL_Driver/Src/stm32f4xx_ll_usb.c ****             hc->iso_splt_xactPos = HCSPLT_MIDDLE;
1889:Drivers/STM32F4xx_HAL_Driver/Src/stm32f4xx_ll_usb.c ****           }
1890:Drivers/STM32F4xx_HAL_Driver/Src/stm32f4xx_ll_usb.c ****           else
1891:Drivers/STM32F4xx_HAL_Driver/Src/stm32f4xx_ll_usb.c ****           {
1892:Drivers/STM32F4xx_HAL_Driver/Src/stm32f4xx_ll_usb.c ****             hc->iso_splt_xactPos = HCSPLT_BEGIN;
1893:Drivers/STM32F4xx_HAL_Driver/Src/stm32f4xx_ll_usb.c ****           }
ARM GAS  /tmp/cccSJnlz.s 			page 130


1894:Drivers/STM32F4xx_HAL_Driver/Src/stm32f4xx_ll_usb.c ****         }
1895:Drivers/STM32F4xx_HAL_Driver/Src/stm32f4xx_ll_usb.c ****         else
1896:Drivers/STM32F4xx_HAL_Driver/Src/stm32f4xx_ll_usb.c ****         {
1897:Drivers/STM32F4xx_HAL_Driver/Src/stm32f4xx_ll_usb.c ****           hc->XferSize = hc->xfer_len;
1898:Drivers/STM32F4xx_HAL_Driver/Src/stm32f4xx_ll_usb.c **** 
1899:Drivers/STM32F4xx_HAL_Driver/Src/stm32f4xx_ll_usb.c ****           if ((hc->iso_splt_xactPos != HCSPLT_BEGIN) && (hc->iso_splt_xactPos != HCSPLT_MIDDLE))
1900:Drivers/STM32F4xx_HAL_Driver/Src/stm32f4xx_ll_usb.c ****           {
1901:Drivers/STM32F4xx_HAL_Driver/Src/stm32f4xx_ll_usb.c ****             hc->iso_splt_xactPos = HCSPLT_FULL;
1902:Drivers/STM32F4xx_HAL_Driver/Src/stm32f4xx_ll_usb.c ****           }
1903:Drivers/STM32F4xx_HAL_Driver/Src/stm32f4xx_ll_usb.c ****           else
1904:Drivers/STM32F4xx_HAL_Driver/Src/stm32f4xx_ll_usb.c ****           {
1905:Drivers/STM32F4xx_HAL_Driver/Src/stm32f4xx_ll_usb.c ****             hc->iso_splt_xactPos = HCSPLT_END;
1906:Drivers/STM32F4xx_HAL_Driver/Src/stm32f4xx_ll_usb.c ****           }
1907:Drivers/STM32F4xx_HAL_Driver/Src/stm32f4xx_ll_usb.c ****         }
1908:Drivers/STM32F4xx_HAL_Driver/Src/stm32f4xx_ll_usb.c ****       }
1909:Drivers/STM32F4xx_HAL_Driver/Src/stm32f4xx_ll_usb.c ****       else
1910:Drivers/STM32F4xx_HAL_Driver/Src/stm32f4xx_ll_usb.c ****       {
1911:Drivers/STM32F4xx_HAL_Driver/Src/stm32f4xx_ll_usb.c ****         if ((dma == 1U) && (hc->xfer_len > hc->max_packet))
1912:Drivers/STM32F4xx_HAL_Driver/Src/stm32f4xx_ll_usb.c ****         {
1913:Drivers/STM32F4xx_HAL_Driver/Src/stm32f4xx_ll_usb.c ****           hc->XferSize = (uint32_t)num_packets * hc->max_packet;
1914:Drivers/STM32F4xx_HAL_Driver/Src/stm32f4xx_ll_usb.c ****         }
1915:Drivers/STM32F4xx_HAL_Driver/Src/stm32f4xx_ll_usb.c ****         else
1916:Drivers/STM32F4xx_HAL_Driver/Src/stm32f4xx_ll_usb.c ****         {
1917:Drivers/STM32F4xx_HAL_Driver/Src/stm32f4xx_ll_usb.c ****           hc->XferSize = hc->xfer_len;
1918:Drivers/STM32F4xx_HAL_Driver/Src/stm32f4xx_ll_usb.c ****         }
1919:Drivers/STM32F4xx_HAL_Driver/Src/stm32f4xx_ll_usb.c ****       }
1920:Drivers/STM32F4xx_HAL_Driver/Src/stm32f4xx_ll_usb.c ****     }
1921:Drivers/STM32F4xx_HAL_Driver/Src/stm32f4xx_ll_usb.c ****   }
1922:Drivers/STM32F4xx_HAL_Driver/Src/stm32f4xx_ll_usb.c ****   else
1923:Drivers/STM32F4xx_HAL_Driver/Src/stm32f4xx_ll_usb.c ****   {
1924:Drivers/STM32F4xx_HAL_Driver/Src/stm32f4xx_ll_usb.c ****     /* Compute the expected number of packets associated to the transfer */
1925:Drivers/STM32F4xx_HAL_Driver/Src/stm32f4xx_ll_usb.c ****     if (hc->xfer_len > 0U)
1926:Drivers/STM32F4xx_HAL_Driver/Src/stm32f4xx_ll_usb.c ****     {
1927:Drivers/STM32F4xx_HAL_Driver/Src/stm32f4xx_ll_usb.c ****       num_packets = (uint16_t)((hc->xfer_len + hc->max_packet - 1U) / hc->max_packet);
1928:Drivers/STM32F4xx_HAL_Driver/Src/stm32f4xx_ll_usb.c **** 
1929:Drivers/STM32F4xx_HAL_Driver/Src/stm32f4xx_ll_usb.c ****       if (num_packets > max_hc_pkt_count)
1930:Drivers/STM32F4xx_HAL_Driver/Src/stm32f4xx_ll_usb.c ****       {
1931:Drivers/STM32F4xx_HAL_Driver/Src/stm32f4xx_ll_usb.c ****         num_packets = max_hc_pkt_count;
1932:Drivers/STM32F4xx_HAL_Driver/Src/stm32f4xx_ll_usb.c ****         hc->XferSize = (uint32_t)num_packets * hc->max_packet;
1933:Drivers/STM32F4xx_HAL_Driver/Src/stm32f4xx_ll_usb.c ****       }
1934:Drivers/STM32F4xx_HAL_Driver/Src/stm32f4xx_ll_usb.c ****     }
1935:Drivers/STM32F4xx_HAL_Driver/Src/stm32f4xx_ll_usb.c ****     else
1936:Drivers/STM32F4xx_HAL_Driver/Src/stm32f4xx_ll_usb.c ****     {
1937:Drivers/STM32F4xx_HAL_Driver/Src/stm32f4xx_ll_usb.c ****       num_packets = 1U;
1938:Drivers/STM32F4xx_HAL_Driver/Src/stm32f4xx_ll_usb.c ****     }
1939:Drivers/STM32F4xx_HAL_Driver/Src/stm32f4xx_ll_usb.c **** 
1940:Drivers/STM32F4xx_HAL_Driver/Src/stm32f4xx_ll_usb.c ****     /*
1941:Drivers/STM32F4xx_HAL_Driver/Src/stm32f4xx_ll_usb.c ****     * For IN channel HCTSIZ.XferSize is expected to be an integer multiple of
1942:Drivers/STM32F4xx_HAL_Driver/Src/stm32f4xx_ll_usb.c ****     * max_packet size.
1943:Drivers/STM32F4xx_HAL_Driver/Src/stm32f4xx_ll_usb.c ****     */
1944:Drivers/STM32F4xx_HAL_Driver/Src/stm32f4xx_ll_usb.c ****     if (hc->ep_is_in != 0U)
1945:Drivers/STM32F4xx_HAL_Driver/Src/stm32f4xx_ll_usb.c ****     {
1946:Drivers/STM32F4xx_HAL_Driver/Src/stm32f4xx_ll_usb.c ****       hc->XferSize = (uint32_t)num_packets * hc->max_packet;
1947:Drivers/STM32F4xx_HAL_Driver/Src/stm32f4xx_ll_usb.c ****     }
1948:Drivers/STM32F4xx_HAL_Driver/Src/stm32f4xx_ll_usb.c ****     else
1949:Drivers/STM32F4xx_HAL_Driver/Src/stm32f4xx_ll_usb.c ****     {
1950:Drivers/STM32F4xx_HAL_Driver/Src/stm32f4xx_ll_usb.c ****       hc->XferSize = hc->xfer_len;
ARM GAS  /tmp/cccSJnlz.s 			page 131


1951:Drivers/STM32F4xx_HAL_Driver/Src/stm32f4xx_ll_usb.c ****     }
1952:Drivers/STM32F4xx_HAL_Driver/Src/stm32f4xx_ll_usb.c ****   }
1953:Drivers/STM32F4xx_HAL_Driver/Src/stm32f4xx_ll_usb.c **** 
1954:Drivers/STM32F4xx_HAL_Driver/Src/stm32f4xx_ll_usb.c ****   /* Initialize the HCTSIZn register */
1955:Drivers/STM32F4xx_HAL_Driver/Src/stm32f4xx_ll_usb.c ****   USBx_HC(ch_num)->HCTSIZ = (hc->XferSize & USB_OTG_HCTSIZ_XFRSIZ) |
1956:Drivers/STM32F4xx_HAL_Driver/Src/stm32f4xx_ll_usb.c ****                             (((uint32_t)num_packets << 19) & USB_OTG_HCTSIZ_PKTCNT) |
1957:Drivers/STM32F4xx_HAL_Driver/Src/stm32f4xx_ll_usb.c ****                             (((uint32_t)hc->data_pid << 29) & USB_OTG_HCTSIZ_DPID);
1958:Drivers/STM32F4xx_HAL_Driver/Src/stm32f4xx_ll_usb.c **** 
1959:Drivers/STM32F4xx_HAL_Driver/Src/stm32f4xx_ll_usb.c ****   if (dma != 0U)
1960:Drivers/STM32F4xx_HAL_Driver/Src/stm32f4xx_ll_usb.c ****   {
1961:Drivers/STM32F4xx_HAL_Driver/Src/stm32f4xx_ll_usb.c ****     /* xfer_buff MUST be 32-bits aligned */
1962:Drivers/STM32F4xx_HAL_Driver/Src/stm32f4xx_ll_usb.c ****     USBx_HC(ch_num)->HCDMA = (uint32_t)hc->xfer_buff;
1963:Drivers/STM32F4xx_HAL_Driver/Src/stm32f4xx_ll_usb.c ****   }
1964:Drivers/STM32F4xx_HAL_Driver/Src/stm32f4xx_ll_usb.c **** 
1965:Drivers/STM32F4xx_HAL_Driver/Src/stm32f4xx_ll_usb.c ****   is_oddframe = (((uint32_t)USBx_HOST->HFNUM & 0x01U) != 0U) ? 0U : 1U;
1966:Drivers/STM32F4xx_HAL_Driver/Src/stm32f4xx_ll_usb.c ****   USBx_HC(ch_num)->HCCHAR &= ~USB_OTG_HCCHAR_ODDFRM;
1967:Drivers/STM32F4xx_HAL_Driver/Src/stm32f4xx_ll_usb.c ****   USBx_HC(ch_num)->HCCHAR |= (uint32_t)is_oddframe << 29;
1968:Drivers/STM32F4xx_HAL_Driver/Src/stm32f4xx_ll_usb.c **** 
1969:Drivers/STM32F4xx_HAL_Driver/Src/stm32f4xx_ll_usb.c ****   if (hc->do_ssplit == 1U)
1970:Drivers/STM32F4xx_HAL_Driver/Src/stm32f4xx_ll_usb.c ****   {
1971:Drivers/STM32F4xx_HAL_Driver/Src/stm32f4xx_ll_usb.c ****     /* Set Hub start Split transaction */
1972:Drivers/STM32F4xx_HAL_Driver/Src/stm32f4xx_ll_usb.c ****     USBx_HC((uint32_t)ch_num)->HCSPLT = ((uint32_t)hc->hub_addr << USB_OTG_HCSPLT_HUBADDR_Pos) |
1973:Drivers/STM32F4xx_HAL_Driver/Src/stm32f4xx_ll_usb.c ****                                         (uint32_t)hc->hub_port_nbr | USB_OTG_HCSPLT_SPLITEN;
1974:Drivers/STM32F4xx_HAL_Driver/Src/stm32f4xx_ll_usb.c **** 
1975:Drivers/STM32F4xx_HAL_Driver/Src/stm32f4xx_ll_usb.c ****     /* unmask ack & nyet for IN/OUT transactions */
1976:Drivers/STM32F4xx_HAL_Driver/Src/stm32f4xx_ll_usb.c ****     USBx_HC((uint32_t)ch_num)->HCINTMSK |= (USB_OTG_HCINTMSK_ACKM |
1977:Drivers/STM32F4xx_HAL_Driver/Src/stm32f4xx_ll_usb.c ****                                             USB_OTG_HCINTMSK_NYET);
1978:Drivers/STM32F4xx_HAL_Driver/Src/stm32f4xx_ll_usb.c **** 
1979:Drivers/STM32F4xx_HAL_Driver/Src/stm32f4xx_ll_usb.c ****     if ((hc->do_csplit == 1U) && (hc->ep_is_in == 0U))
1980:Drivers/STM32F4xx_HAL_Driver/Src/stm32f4xx_ll_usb.c ****     {
1981:Drivers/STM32F4xx_HAL_Driver/Src/stm32f4xx_ll_usb.c ****       USBx_HC((uint32_t)ch_num)->HCSPLT |= USB_OTG_HCSPLT_COMPLSPLT;
1982:Drivers/STM32F4xx_HAL_Driver/Src/stm32f4xx_ll_usb.c ****       USBx_HC((uint32_t)ch_num)->HCINTMSK |= USB_OTG_HCINTMSK_NYET;
1983:Drivers/STM32F4xx_HAL_Driver/Src/stm32f4xx_ll_usb.c ****     }
1984:Drivers/STM32F4xx_HAL_Driver/Src/stm32f4xx_ll_usb.c **** 
1985:Drivers/STM32F4xx_HAL_Driver/Src/stm32f4xx_ll_usb.c ****     if (((hc->ep_type == EP_TYPE_ISOC) || (hc->ep_type == EP_TYPE_INTR)) &&
1986:Drivers/STM32F4xx_HAL_Driver/Src/stm32f4xx_ll_usb.c ****         (hc->do_csplit == 1U) && (hc->ep_is_in == 1U))
1987:Drivers/STM32F4xx_HAL_Driver/Src/stm32f4xx_ll_usb.c ****     {
1988:Drivers/STM32F4xx_HAL_Driver/Src/stm32f4xx_ll_usb.c ****       USBx_HC((uint32_t)ch_num)->HCSPLT |= USB_OTG_HCSPLT_COMPLSPLT;
1989:Drivers/STM32F4xx_HAL_Driver/Src/stm32f4xx_ll_usb.c ****     }
1990:Drivers/STM32F4xx_HAL_Driver/Src/stm32f4xx_ll_usb.c **** 
1991:Drivers/STM32F4xx_HAL_Driver/Src/stm32f4xx_ll_usb.c ****     /* Position management for iso out transaction on split mode */
1992:Drivers/STM32F4xx_HAL_Driver/Src/stm32f4xx_ll_usb.c ****     if ((hc->ep_type == EP_TYPE_ISOC) && (hc->ep_is_in == 0U))
1993:Drivers/STM32F4xx_HAL_Driver/Src/stm32f4xx_ll_usb.c ****     {
1994:Drivers/STM32F4xx_HAL_Driver/Src/stm32f4xx_ll_usb.c ****       /* Set data payload position */
1995:Drivers/STM32F4xx_HAL_Driver/Src/stm32f4xx_ll_usb.c ****       switch (hc->iso_splt_xactPos)
1996:Drivers/STM32F4xx_HAL_Driver/Src/stm32f4xx_ll_usb.c ****       {
1997:Drivers/STM32F4xx_HAL_Driver/Src/stm32f4xx_ll_usb.c ****         case HCSPLT_BEGIN:
1998:Drivers/STM32F4xx_HAL_Driver/Src/stm32f4xx_ll_usb.c ****           /* First data payload for OUT Transaction */
1999:Drivers/STM32F4xx_HAL_Driver/Src/stm32f4xx_ll_usb.c ****           USBx_HC((uint32_t)ch_num)->HCSPLT |= USB_OTG_HCSPLT_XACTPOS_1;
2000:Drivers/STM32F4xx_HAL_Driver/Src/stm32f4xx_ll_usb.c ****           break;
2001:Drivers/STM32F4xx_HAL_Driver/Src/stm32f4xx_ll_usb.c **** 
2002:Drivers/STM32F4xx_HAL_Driver/Src/stm32f4xx_ll_usb.c ****         case HCSPLT_MIDDLE:
2003:Drivers/STM32F4xx_HAL_Driver/Src/stm32f4xx_ll_usb.c ****           /* Middle data payload for OUT Transaction */
2004:Drivers/STM32F4xx_HAL_Driver/Src/stm32f4xx_ll_usb.c ****           USBx_HC((uint32_t)ch_num)->HCSPLT |= USB_OTG_HCSPLT_XACTPOS_Pos;
2005:Drivers/STM32F4xx_HAL_Driver/Src/stm32f4xx_ll_usb.c ****           break;
2006:Drivers/STM32F4xx_HAL_Driver/Src/stm32f4xx_ll_usb.c **** 
2007:Drivers/STM32F4xx_HAL_Driver/Src/stm32f4xx_ll_usb.c ****         case HCSPLT_END:
ARM GAS  /tmp/cccSJnlz.s 			page 132


2008:Drivers/STM32F4xx_HAL_Driver/Src/stm32f4xx_ll_usb.c ****           /* End data payload for OUT Transaction */
2009:Drivers/STM32F4xx_HAL_Driver/Src/stm32f4xx_ll_usb.c ****           USBx_HC((uint32_t)ch_num)->HCSPLT |= USB_OTG_HCSPLT_XACTPOS_0;
2010:Drivers/STM32F4xx_HAL_Driver/Src/stm32f4xx_ll_usb.c ****           break;
2011:Drivers/STM32F4xx_HAL_Driver/Src/stm32f4xx_ll_usb.c **** 
2012:Drivers/STM32F4xx_HAL_Driver/Src/stm32f4xx_ll_usb.c ****         case HCSPLT_FULL:
2013:Drivers/STM32F4xx_HAL_Driver/Src/stm32f4xx_ll_usb.c ****           /* Entire data payload for OUT Transaction */
2014:Drivers/STM32F4xx_HAL_Driver/Src/stm32f4xx_ll_usb.c ****           USBx_HC((uint32_t)ch_num)->HCSPLT |= USB_OTG_HCSPLT_XACTPOS;
2015:Drivers/STM32F4xx_HAL_Driver/Src/stm32f4xx_ll_usb.c ****           break;
2016:Drivers/STM32F4xx_HAL_Driver/Src/stm32f4xx_ll_usb.c **** 
2017:Drivers/STM32F4xx_HAL_Driver/Src/stm32f4xx_ll_usb.c ****         default:
2018:Drivers/STM32F4xx_HAL_Driver/Src/stm32f4xx_ll_usb.c ****           break;
2019:Drivers/STM32F4xx_HAL_Driver/Src/stm32f4xx_ll_usb.c ****       }
2020:Drivers/STM32F4xx_HAL_Driver/Src/stm32f4xx_ll_usb.c ****     }
2021:Drivers/STM32F4xx_HAL_Driver/Src/stm32f4xx_ll_usb.c ****   }
2022:Drivers/STM32F4xx_HAL_Driver/Src/stm32f4xx_ll_usb.c ****   else
2023:Drivers/STM32F4xx_HAL_Driver/Src/stm32f4xx_ll_usb.c ****   {
2024:Drivers/STM32F4xx_HAL_Driver/Src/stm32f4xx_ll_usb.c ****     /* Clear Hub Start Split transaction */
2025:Drivers/STM32F4xx_HAL_Driver/Src/stm32f4xx_ll_usb.c ****     USBx_HC((uint32_t)ch_num)->HCSPLT = 0U;
2026:Drivers/STM32F4xx_HAL_Driver/Src/stm32f4xx_ll_usb.c ****   }
2027:Drivers/STM32F4xx_HAL_Driver/Src/stm32f4xx_ll_usb.c **** 
2028:Drivers/STM32F4xx_HAL_Driver/Src/stm32f4xx_ll_usb.c ****   /* Set host channel enable */
2029:Drivers/STM32F4xx_HAL_Driver/Src/stm32f4xx_ll_usb.c ****   tmpreg = USBx_HC(ch_num)->HCCHAR;
2030:Drivers/STM32F4xx_HAL_Driver/Src/stm32f4xx_ll_usb.c ****   tmpreg &= ~USB_OTG_HCCHAR_CHDIS;
2031:Drivers/STM32F4xx_HAL_Driver/Src/stm32f4xx_ll_usb.c **** 
2032:Drivers/STM32F4xx_HAL_Driver/Src/stm32f4xx_ll_usb.c ****   /* make sure to set the correct ep direction */
2033:Drivers/STM32F4xx_HAL_Driver/Src/stm32f4xx_ll_usb.c ****   if (hc->ep_is_in != 0U)
2034:Drivers/STM32F4xx_HAL_Driver/Src/stm32f4xx_ll_usb.c ****   {
2035:Drivers/STM32F4xx_HAL_Driver/Src/stm32f4xx_ll_usb.c ****     tmpreg |= USB_OTG_HCCHAR_EPDIR;
2036:Drivers/STM32F4xx_HAL_Driver/Src/stm32f4xx_ll_usb.c ****   }
2037:Drivers/STM32F4xx_HAL_Driver/Src/stm32f4xx_ll_usb.c ****   else
2038:Drivers/STM32F4xx_HAL_Driver/Src/stm32f4xx_ll_usb.c ****   {
2039:Drivers/STM32F4xx_HAL_Driver/Src/stm32f4xx_ll_usb.c ****     tmpreg &= ~USB_OTG_HCCHAR_EPDIR;
2040:Drivers/STM32F4xx_HAL_Driver/Src/stm32f4xx_ll_usb.c ****   }
2041:Drivers/STM32F4xx_HAL_Driver/Src/stm32f4xx_ll_usb.c ****   tmpreg |= USB_OTG_HCCHAR_CHENA;
2042:Drivers/STM32F4xx_HAL_Driver/Src/stm32f4xx_ll_usb.c ****   USBx_HC(ch_num)->HCCHAR = tmpreg;
2043:Drivers/STM32F4xx_HAL_Driver/Src/stm32f4xx_ll_usb.c **** 
2044:Drivers/STM32F4xx_HAL_Driver/Src/stm32f4xx_ll_usb.c ****   if (dma != 0U) /* dma mode */
2045:Drivers/STM32F4xx_HAL_Driver/Src/stm32f4xx_ll_usb.c ****   {
2046:Drivers/STM32F4xx_HAL_Driver/Src/stm32f4xx_ll_usb.c ****     return HAL_OK;
2047:Drivers/STM32F4xx_HAL_Driver/Src/stm32f4xx_ll_usb.c ****   }
2048:Drivers/STM32F4xx_HAL_Driver/Src/stm32f4xx_ll_usb.c **** 
2049:Drivers/STM32F4xx_HAL_Driver/Src/stm32f4xx_ll_usb.c ****   if ((hc->ep_is_in == 0U) && (hc->xfer_len > 0U) && (hc->do_csplit == 0U))
2050:Drivers/STM32F4xx_HAL_Driver/Src/stm32f4xx_ll_usb.c ****   {
2051:Drivers/STM32F4xx_HAL_Driver/Src/stm32f4xx_ll_usb.c ****     switch (hc->ep_type)
2052:Drivers/STM32F4xx_HAL_Driver/Src/stm32f4xx_ll_usb.c ****     {
2053:Drivers/STM32F4xx_HAL_Driver/Src/stm32f4xx_ll_usb.c ****       /* Non periodic transfer */
2054:Drivers/STM32F4xx_HAL_Driver/Src/stm32f4xx_ll_usb.c ****       case EP_TYPE_CTRL:
2055:Drivers/STM32F4xx_HAL_Driver/Src/stm32f4xx_ll_usb.c ****       case EP_TYPE_BULK:
2056:Drivers/STM32F4xx_HAL_Driver/Src/stm32f4xx_ll_usb.c **** 
2057:Drivers/STM32F4xx_HAL_Driver/Src/stm32f4xx_ll_usb.c ****         len_words = (uint16_t)((hc->xfer_len + 3U) / 4U);
2058:Drivers/STM32F4xx_HAL_Driver/Src/stm32f4xx_ll_usb.c **** 
2059:Drivers/STM32F4xx_HAL_Driver/Src/stm32f4xx_ll_usb.c ****         /* check if there is enough space in FIFO space */
2060:Drivers/STM32F4xx_HAL_Driver/Src/stm32f4xx_ll_usb.c ****         if (len_words > (USBx->HNPTXSTS & 0xFFFFU))
2061:Drivers/STM32F4xx_HAL_Driver/Src/stm32f4xx_ll_usb.c ****         {
2062:Drivers/STM32F4xx_HAL_Driver/Src/stm32f4xx_ll_usb.c ****           /* need to process data in nptxfempty interrupt */
2063:Drivers/STM32F4xx_HAL_Driver/Src/stm32f4xx_ll_usb.c ****           USBx->GINTMSK |= USB_OTG_GINTMSK_NPTXFEM;
2064:Drivers/STM32F4xx_HAL_Driver/Src/stm32f4xx_ll_usb.c ****         }
ARM GAS  /tmp/cccSJnlz.s 			page 133


2065:Drivers/STM32F4xx_HAL_Driver/Src/stm32f4xx_ll_usb.c ****         break;
2066:Drivers/STM32F4xx_HAL_Driver/Src/stm32f4xx_ll_usb.c **** 
2067:Drivers/STM32F4xx_HAL_Driver/Src/stm32f4xx_ll_usb.c ****       /* Periodic transfer */
2068:Drivers/STM32F4xx_HAL_Driver/Src/stm32f4xx_ll_usb.c ****       case EP_TYPE_INTR:
2069:Drivers/STM32F4xx_HAL_Driver/Src/stm32f4xx_ll_usb.c ****       case EP_TYPE_ISOC:
2070:Drivers/STM32F4xx_HAL_Driver/Src/stm32f4xx_ll_usb.c ****         len_words = (uint16_t)((hc->xfer_len + 3U) / 4U);
2071:Drivers/STM32F4xx_HAL_Driver/Src/stm32f4xx_ll_usb.c ****         /* check if there is enough space in FIFO space */
2072:Drivers/STM32F4xx_HAL_Driver/Src/stm32f4xx_ll_usb.c ****         if (len_words > (USBx_HOST->HPTXSTS & 0xFFFFU)) /* split the transfer */
2073:Drivers/STM32F4xx_HAL_Driver/Src/stm32f4xx_ll_usb.c ****         {
2074:Drivers/STM32F4xx_HAL_Driver/Src/stm32f4xx_ll_usb.c ****           /* need to process data in ptxfempty interrupt */
2075:Drivers/STM32F4xx_HAL_Driver/Src/stm32f4xx_ll_usb.c ****           USBx->GINTMSK |= USB_OTG_GINTMSK_PTXFEM;
2076:Drivers/STM32F4xx_HAL_Driver/Src/stm32f4xx_ll_usb.c ****         }
2077:Drivers/STM32F4xx_HAL_Driver/Src/stm32f4xx_ll_usb.c ****         break;
2078:Drivers/STM32F4xx_HAL_Driver/Src/stm32f4xx_ll_usb.c **** 
2079:Drivers/STM32F4xx_HAL_Driver/Src/stm32f4xx_ll_usb.c ****       default:
2080:Drivers/STM32F4xx_HAL_Driver/Src/stm32f4xx_ll_usb.c ****         break;
2081:Drivers/STM32F4xx_HAL_Driver/Src/stm32f4xx_ll_usb.c ****     }
2082:Drivers/STM32F4xx_HAL_Driver/Src/stm32f4xx_ll_usb.c **** 
2083:Drivers/STM32F4xx_HAL_Driver/Src/stm32f4xx_ll_usb.c ****     /* Write packet into the Tx FIFO. */
2084:Drivers/STM32F4xx_HAL_Driver/Src/stm32f4xx_ll_usb.c ****     (void)USB_WritePacket(USBx, hc->xfer_buff, hc->ch_num, (uint16_t)hc->xfer_len, 0);
2085:Drivers/STM32F4xx_HAL_Driver/Src/stm32f4xx_ll_usb.c ****   }
2086:Drivers/STM32F4xx_HAL_Driver/Src/stm32f4xx_ll_usb.c **** 
2087:Drivers/STM32F4xx_HAL_Driver/Src/stm32f4xx_ll_usb.c ****   return HAL_OK;
2088:Drivers/STM32F4xx_HAL_Driver/Src/stm32f4xx_ll_usb.c **** }
2089:Drivers/STM32F4xx_HAL_Driver/Src/stm32f4xx_ll_usb.c **** 
2090:Drivers/STM32F4xx_HAL_Driver/Src/stm32f4xx_ll_usb.c **** /**
2091:Drivers/STM32F4xx_HAL_Driver/Src/stm32f4xx_ll_usb.c ****   * @brief Read all host channel interrupts status
2092:Drivers/STM32F4xx_HAL_Driver/Src/stm32f4xx_ll_usb.c ****   * @param  USBx  Selected device
2093:Drivers/STM32F4xx_HAL_Driver/Src/stm32f4xx_ll_usb.c ****   * @retval HAL state
2094:Drivers/STM32F4xx_HAL_Driver/Src/stm32f4xx_ll_usb.c ****   */
2095:Drivers/STM32F4xx_HAL_Driver/Src/stm32f4xx_ll_usb.c **** uint32_t USB_HC_ReadInterrupt(const USB_OTG_GlobalTypeDef *USBx)
2096:Drivers/STM32F4xx_HAL_Driver/Src/stm32f4xx_ll_usb.c **** {
 4328              		.loc 1 2096 1 is_stmt 1 view -0
 4329              		.cfi_startproc
 4330              		@ args = 0, pretend = 0, frame = 0
 4331              		@ frame_needed = 0, uses_anonymous_args = 0
 4332              		@ link register save eliminated.
2097:Drivers/STM32F4xx_HAL_Driver/Src/stm32f4xx_ll_usb.c ****   uint32_t USBx_BASE = (uint32_t)USBx;
 4333              		.loc 1 2097 3 view .LVU1461
2098:Drivers/STM32F4xx_HAL_Driver/Src/stm32f4xx_ll_usb.c **** 
2099:Drivers/STM32F4xx_HAL_Driver/Src/stm32f4xx_ll_usb.c ****   return ((USBx_HOST->HAINT) & 0xFFFFU);
 4334              		.loc 1 2099 3 view .LVU1462
 4335              		.loc 1 2099 12 is_stmt 0 view .LVU1463
 4336 0000 00F58060 		add	r0, r0, #1024
 4337              	.LVL319:
 4338              		.loc 1 2099 21 view .LVU1464
 4339 0004 4069     		ldr	r0, [r0, #20]
 4340              	.LVL320:
2100:Drivers/STM32F4xx_HAL_Driver/Src/stm32f4xx_ll_usb.c **** }
 4341              		.loc 1 2100 1 view .LVU1465
 4342 0006 80B2     		uxth	r0, r0
 4343 0008 7047     		bx	lr
 4344              		.cfi_endproc
 4345              	.LFE282:
 4347              		.section	.text.USB_HC_Halt,"ax",%progbits
 4348              		.align	1
 4349              		.global	USB_HC_Halt
ARM GAS  /tmp/cccSJnlz.s 			page 134


 4350              		.syntax unified
 4351              		.thumb
 4352              		.thumb_func
 4354              	USB_HC_Halt:
 4355              	.LVL321:
 4356              	.LFB283:
2101:Drivers/STM32F4xx_HAL_Driver/Src/stm32f4xx_ll_usb.c **** 
2102:Drivers/STM32F4xx_HAL_Driver/Src/stm32f4xx_ll_usb.c **** /**
2103:Drivers/STM32F4xx_HAL_Driver/Src/stm32f4xx_ll_usb.c ****   * @brief  Halt a host channel
2104:Drivers/STM32F4xx_HAL_Driver/Src/stm32f4xx_ll_usb.c ****   * @param  USBx  Selected device
2105:Drivers/STM32F4xx_HAL_Driver/Src/stm32f4xx_ll_usb.c ****   * @param  hc_num  Host Channel number
2106:Drivers/STM32F4xx_HAL_Driver/Src/stm32f4xx_ll_usb.c ****   *         This parameter can be a value from 1 to 15
2107:Drivers/STM32F4xx_HAL_Driver/Src/stm32f4xx_ll_usb.c ****   * @retval HAL state
2108:Drivers/STM32F4xx_HAL_Driver/Src/stm32f4xx_ll_usb.c ****   */
2109:Drivers/STM32F4xx_HAL_Driver/Src/stm32f4xx_ll_usb.c **** HAL_StatusTypeDef USB_HC_Halt(const USB_OTG_GlobalTypeDef *USBx, uint8_t hc_num)
2110:Drivers/STM32F4xx_HAL_Driver/Src/stm32f4xx_ll_usb.c **** {
 4357              		.loc 1 2110 1 is_stmt 1 view -0
 4358              		.cfi_startproc
 4359              		@ args = 0, pretend = 0, frame = 8
 4360              		@ frame_needed = 0, uses_anonymous_args = 0
 4361              		@ link register save eliminated.
 4362              		.loc 1 2110 1 is_stmt 0 view .LVU1467
 4363 0000 70B4     		push	{r4, r5, r6}
 4364              	.LCFI51:
 4365              		.cfi_def_cfa_offset 12
 4366              		.cfi_offset 4, -12
 4367              		.cfi_offset 5, -8
 4368              		.cfi_offset 6, -4
 4369 0002 83B0     		sub	sp, sp, #12
 4370              	.LCFI52:
 4371              		.cfi_def_cfa_offset 24
2111:Drivers/STM32F4xx_HAL_Driver/Src/stm32f4xx_ll_usb.c ****   uint32_t USBx_BASE = (uint32_t)USBx;
 4372              		.loc 1 2111 3 is_stmt 1 view .LVU1468
 4373              	.LVL322:
2112:Drivers/STM32F4xx_HAL_Driver/Src/stm32f4xx_ll_usb.c ****   uint32_t hcnum = (uint32_t)hc_num;
 4374              		.loc 1 2112 3 view .LVU1469
2113:Drivers/STM32F4xx_HAL_Driver/Src/stm32f4xx_ll_usb.c ****   __IO uint32_t count = 0U;
 4375              		.loc 1 2113 3 view .LVU1470
 4376              		.loc 1 2113 17 is_stmt 0 view .LVU1471
 4377 0004 0023     		movs	r3, #0
 4378 0006 0193     		str	r3, [sp, #4]
2114:Drivers/STM32F4xx_HAL_Driver/Src/stm32f4xx_ll_usb.c ****   uint32_t HcEpType = (USBx_HC(hcnum)->HCCHAR & USB_OTG_HCCHAR_EPTYP) >> 18;
 4379              		.loc 1 2114 3 is_stmt 1 view .LVU1472
 4380              		.loc 1 2114 24 is_stmt 0 view .LVU1473
 4381 0008 00EB4111 		add	r1, r0, r1, lsl #5
 4382              	.LVL323:
 4383              		.loc 1 2114 24 view .LVU1474
 4384 000c 01F5A062 		add	r2, r1, #1280
 4385              		.loc 1 2114 38 view .LVU1475
 4386 0010 D1F80035 		ldr	r3, [r1, #1280]
 4387              		.loc 1 2114 12 view .LVU1476
 4388 0014 C3F38143 		ubfx	r3, r3, #18, #2
 4389              	.LVL324:
2115:Drivers/STM32F4xx_HAL_Driver/Src/stm32f4xx_ll_usb.c ****   uint32_t ChannelEna = (USBx_HC(hcnum)->HCCHAR & USB_OTG_HCCHAR_CHENA) >> 31;
 4390              		.loc 1 2115 3 is_stmt 1 view .LVU1477
 4391              		.loc 1 2115 40 is_stmt 0 view .LVU1478
 4392 0018 D1F80055 		ldr	r5, [r1, #1280]
ARM GAS  /tmp/cccSJnlz.s 			page 135


 4393              	.LVL325:
2116:Drivers/STM32F4xx_HAL_Driver/Src/stm32f4xx_ll_usb.c ****   uint32_t SplitEna = (USBx_HC(hcnum)->HCSPLT & USB_OTG_HCSPLT_SPLITEN) >> 31;
 4394              		.loc 1 2116 3 is_stmt 1 view .LVU1479
 4395              		.loc 1 2116 38 is_stmt 0 view .LVU1480
 4396 001c 5468     		ldr	r4, [r2, #4]
 4397              	.LVL326:
2117:Drivers/STM32F4xx_HAL_Driver/Src/stm32f4xx_ll_usb.c **** 
2118:Drivers/STM32F4xx_HAL_Driver/Src/stm32f4xx_ll_usb.c ****   /* In buffer DMA, Channel disable must not be programmed for non-split periodic channels.
2119:Drivers/STM32F4xx_HAL_Driver/Src/stm32f4xx_ll_usb.c ****      At the end of the next uframe/frame (in the worst case), the core generates a channel halted
2120:Drivers/STM32F4xx_HAL_Driver/Src/stm32f4xx_ll_usb.c ****      and disables the channel automatically. */
2121:Drivers/STM32F4xx_HAL_Driver/Src/stm32f4xx_ll_usb.c **** 
2122:Drivers/STM32F4xx_HAL_Driver/Src/stm32f4xx_ll_usb.c ****   if ((((USBx->GAHBCFG & USB_OTG_GAHBCFG_DMAEN) == USB_OTG_GAHBCFG_DMAEN) && (SplitEna == 0U)) &&
 4398              		.loc 1 2122 3 is_stmt 1 view .LVU1481
 4399              		.loc 1 2122 14 is_stmt 0 view .LVU1482
 4400 001e 8668     		ldr	r6, [r0, #8]
 4401              		.loc 1 2122 6 view .LVU1483
 4402 0020 16F0200F 		tst	r6, #32
 4403 0024 08D0     		beq	.L282
 4404 0026 ED0F     		lsrs	r5, r5, #31
 4405              	.LVL327:
 4406              		.loc 1 2122 6 view .LVU1484
 4407 0028 E40F     		lsrs	r4, r4, #31
 4408              	.LVL328:
 4409              		.loc 1 2122 75 discriminator 1 view .LVU1485
 4410 002a 2CB9     		cbnz	r4, .L282
 4411              		.loc 1 2122 96 discriminator 2 view .LVU1486
 4412 002c 002D     		cmp	r5, #0
 4413 002e 5AD0     		beq	.L283
2123:Drivers/STM32F4xx_HAL_Driver/Src/stm32f4xx_ll_usb.c ****       ((ChannelEna == 0U) || (((HcEpType == HCCHAR_ISOC) || (HcEpType == HCCHAR_INTR)))))
 4414              		.loc 1 2123 27 view .LVU1487
 4415 0030 012B     		cmp	r3, #1
 4416 0032 58D0     		beq	.L283
 4417              		.loc 1 2123 58 discriminator 1 view .LVU1488
 4418 0034 032B     		cmp	r3, #3
 4419 0036 56D0     		beq	.L283
 4420              	.LVL329:
 4421              	.L282:
2124:Drivers/STM32F4xx_HAL_Driver/Src/stm32f4xx_ll_usb.c ****   {
2125:Drivers/STM32F4xx_HAL_Driver/Src/stm32f4xx_ll_usb.c ****     return HAL_OK;
2126:Drivers/STM32F4xx_HAL_Driver/Src/stm32f4xx_ll_usb.c ****   }
2127:Drivers/STM32F4xx_HAL_Driver/Src/stm32f4xx_ll_usb.c **** 
2128:Drivers/STM32F4xx_HAL_Driver/Src/stm32f4xx_ll_usb.c ****   /* Check for space in the request queue to issue the halt. */
2129:Drivers/STM32F4xx_HAL_Driver/Src/stm32f4xx_ll_usb.c ****   if ((HcEpType == HCCHAR_CTRL) || (HcEpType == HCCHAR_BULK))
 4422              		.loc 1 2129 3 is_stmt 1 view .LVU1489
 4423              		.loc 1 2129 6 is_stmt 0 view .LVU1490
 4424 0038 1BB3     		cbz	r3, .L284
 4425              		.loc 1 2129 33 discriminator 1 view .LVU1491
 4426 003a 022B     		cmp	r3, #2
 4427 003c 21D0     		beq	.L284
2130:Drivers/STM32F4xx_HAL_Driver/Src/stm32f4xx_ll_usb.c ****   {
2131:Drivers/STM32F4xx_HAL_Driver/Src/stm32f4xx_ll_usb.c ****     USBx_HC(hcnum)->HCCHAR |= USB_OTG_HCCHAR_CHDIS;
2132:Drivers/STM32F4xx_HAL_Driver/Src/stm32f4xx_ll_usb.c **** 
2133:Drivers/STM32F4xx_HAL_Driver/Src/stm32f4xx_ll_usb.c ****     if ((USBx->GAHBCFG & USB_OTG_GAHBCFG_DMAEN) == 0U)
2134:Drivers/STM32F4xx_HAL_Driver/Src/stm32f4xx_ll_usb.c ****     {
2135:Drivers/STM32F4xx_HAL_Driver/Src/stm32f4xx_ll_usb.c ****       if ((USBx->HNPTXSTS & (0xFFU << 16)) == 0U)
2136:Drivers/STM32F4xx_HAL_Driver/Src/stm32f4xx_ll_usb.c ****       {
2137:Drivers/STM32F4xx_HAL_Driver/Src/stm32f4xx_ll_usb.c ****         USBx_HC(hcnum)->HCCHAR &= ~USB_OTG_HCCHAR_CHENA;
ARM GAS  /tmp/cccSJnlz.s 			page 136


2138:Drivers/STM32F4xx_HAL_Driver/Src/stm32f4xx_ll_usb.c ****         USBx_HC(hcnum)->HCCHAR |= USB_OTG_HCCHAR_CHENA;
2139:Drivers/STM32F4xx_HAL_Driver/Src/stm32f4xx_ll_usb.c ****         do
2140:Drivers/STM32F4xx_HAL_Driver/Src/stm32f4xx_ll_usb.c ****         {
2141:Drivers/STM32F4xx_HAL_Driver/Src/stm32f4xx_ll_usb.c ****           count++;
2142:Drivers/STM32F4xx_HAL_Driver/Src/stm32f4xx_ll_usb.c **** 
2143:Drivers/STM32F4xx_HAL_Driver/Src/stm32f4xx_ll_usb.c ****           if (count > 1000U)
2144:Drivers/STM32F4xx_HAL_Driver/Src/stm32f4xx_ll_usb.c ****           {
2145:Drivers/STM32F4xx_HAL_Driver/Src/stm32f4xx_ll_usb.c ****             break;
2146:Drivers/STM32F4xx_HAL_Driver/Src/stm32f4xx_ll_usb.c ****           }
2147:Drivers/STM32F4xx_HAL_Driver/Src/stm32f4xx_ll_usb.c ****         } while ((USBx_HC(hcnum)->HCCHAR & USB_OTG_HCCHAR_CHENA) == USB_OTG_HCCHAR_CHENA);
2148:Drivers/STM32F4xx_HAL_Driver/Src/stm32f4xx_ll_usb.c ****       }
2149:Drivers/STM32F4xx_HAL_Driver/Src/stm32f4xx_ll_usb.c ****       else
2150:Drivers/STM32F4xx_HAL_Driver/Src/stm32f4xx_ll_usb.c ****       {
2151:Drivers/STM32F4xx_HAL_Driver/Src/stm32f4xx_ll_usb.c ****         USBx_HC(hcnum)->HCCHAR |= USB_OTG_HCCHAR_CHENA;
2152:Drivers/STM32F4xx_HAL_Driver/Src/stm32f4xx_ll_usb.c ****       }
2153:Drivers/STM32F4xx_HAL_Driver/Src/stm32f4xx_ll_usb.c ****     }
2154:Drivers/STM32F4xx_HAL_Driver/Src/stm32f4xx_ll_usb.c ****     else
2155:Drivers/STM32F4xx_HAL_Driver/Src/stm32f4xx_ll_usb.c ****     {
2156:Drivers/STM32F4xx_HAL_Driver/Src/stm32f4xx_ll_usb.c ****       USBx_HC(hcnum)->HCCHAR |= USB_OTG_HCCHAR_CHENA;
2157:Drivers/STM32F4xx_HAL_Driver/Src/stm32f4xx_ll_usb.c ****     }
2158:Drivers/STM32F4xx_HAL_Driver/Src/stm32f4xx_ll_usb.c ****   }
2159:Drivers/STM32F4xx_HAL_Driver/Src/stm32f4xx_ll_usb.c ****   else
2160:Drivers/STM32F4xx_HAL_Driver/Src/stm32f4xx_ll_usb.c ****   {
2161:Drivers/STM32F4xx_HAL_Driver/Src/stm32f4xx_ll_usb.c ****     USBx_HC(hcnum)->HCCHAR |= USB_OTG_HCCHAR_CHDIS;
 4428              		.loc 1 2161 5 is_stmt 1 view .LVU1492
 4429              		.loc 1 2161 19 is_stmt 0 view .LVU1493
 4430 003e D1F80035 		ldr	r3, [r1, #1280]
 4431              	.LVL330:
 4432              		.loc 1 2161 28 view .LVU1494
 4433 0042 43F08043 		orr	r3, r3, #1073741824
 4434 0046 C1F80035 		str	r3, [r1, #1280]
2162:Drivers/STM32F4xx_HAL_Driver/Src/stm32f4xx_ll_usb.c **** 
2163:Drivers/STM32F4xx_HAL_Driver/Src/stm32f4xx_ll_usb.c ****     if ((USBx_HOST->HPTXSTS & (0xFFU << 16)) == 0U)
 4435              		.loc 1 2163 5 is_stmt 1 view .LVU1495
 4436              		.loc 1 2163 19 is_stmt 0 view .LVU1496
 4437 004a D0F81034 		ldr	r3, [r0, #1040]
 4438              		.loc 1 2163 8 view .LVU1497
 4439 004e 13F47F0F 		tst	r3, #16711680
 4440 0052 4CD1     		bne	.L289
2164:Drivers/STM32F4xx_HAL_Driver/Src/stm32f4xx_ll_usb.c ****     {
2165:Drivers/STM32F4xx_HAL_Driver/Src/stm32f4xx_ll_usb.c ****       USBx_HC(hcnum)->HCCHAR &= ~USB_OTG_HCCHAR_CHENA;
 4441              		.loc 1 2165 7 is_stmt 1 view .LVU1498
 4442              		.loc 1 2165 21 is_stmt 0 view .LVU1499
 4443 0054 D1F80035 		ldr	r3, [r1, #1280]
 4444              		.loc 1 2165 30 view .LVU1500
 4445 0058 23F00043 		bic	r3, r3, #-2147483648
 4446 005c C1F80035 		str	r3, [r1, #1280]
2166:Drivers/STM32F4xx_HAL_Driver/Src/stm32f4xx_ll_usb.c ****       USBx_HC(hcnum)->HCCHAR |= USB_OTG_HCCHAR_CHENA;
 4447              		.loc 1 2166 7 is_stmt 1 view .LVU1501
 4448              		.loc 1 2166 21 is_stmt 0 view .LVU1502
 4449 0060 D1F80035 		ldr	r3, [r1, #1280]
 4450              		.loc 1 2166 30 view .LVU1503
 4451 0064 43F00043 		orr	r3, r3, #-2147483648
 4452 0068 C1F80035 		str	r3, [r1, #1280]
 4453              	.L290:
2167:Drivers/STM32F4xx_HAL_Driver/Src/stm32f4xx_ll_usb.c ****       do
 4454              		.loc 1 2167 7 is_stmt 1 view .LVU1504
ARM GAS  /tmp/cccSJnlz.s 			page 137


2168:Drivers/STM32F4xx_HAL_Driver/Src/stm32f4xx_ll_usb.c ****       {
2169:Drivers/STM32F4xx_HAL_Driver/Src/stm32f4xx_ll_usb.c ****         count++;
 4455              		.loc 1 2169 9 view .LVU1505
 4456              		.loc 1 2169 14 is_stmt 0 view .LVU1506
 4457 006c 019B     		ldr	r3, [sp, #4]
 4458 006e 0133     		adds	r3, r3, #1
 4459 0070 0193     		str	r3, [sp, #4]
2170:Drivers/STM32F4xx_HAL_Driver/Src/stm32f4xx_ll_usb.c **** 
2171:Drivers/STM32F4xx_HAL_Driver/Src/stm32f4xx_ll_usb.c ****         if (count > 1000U)
 4460              		.loc 1 2171 9 is_stmt 1 view .LVU1507
 4461              		.loc 1 2171 19 is_stmt 0 view .LVU1508
 4462 0072 019B     		ldr	r3, [sp, #4]
 4463              		.loc 1 2171 12 view .LVU1509
 4464 0074 B3F57A7F 		cmp	r3, #1000
 4465 0078 35D8     		bhi	.L283
2172:Drivers/STM32F4xx_HAL_Driver/Src/stm32f4xx_ll_usb.c ****         {
2173:Drivers/STM32F4xx_HAL_Driver/Src/stm32f4xx_ll_usb.c ****           break;
2174:Drivers/STM32F4xx_HAL_Driver/Src/stm32f4xx_ll_usb.c ****         }
2175:Drivers/STM32F4xx_HAL_Driver/Src/stm32f4xx_ll_usb.c ****       } while ((USBx_HC(hcnum)->HCCHAR & USB_OTG_HCCHAR_CHENA) == USB_OTG_HCCHAR_CHENA);
 4466              		.loc 1 2175 64 is_stmt 1 view .LVU1510
 4467              		.loc 1 2175 31 is_stmt 0 view .LVU1511
 4468 007a 1368     		ldr	r3, [r2]
 4469              		.loc 1 2175 64 view .LVU1512
 4470 007c 002B     		cmp	r3, #0
 4471 007e F5DB     		blt	.L290
 4472 0080 31E0     		b	.L283
 4473              	.LVL331:
 4474              	.L284:
2131:Drivers/STM32F4xx_HAL_Driver/Src/stm32f4xx_ll_usb.c **** 
 4475              		.loc 1 2131 5 is_stmt 1 view .LVU1513
2131:Drivers/STM32F4xx_HAL_Driver/Src/stm32f4xx_ll_usb.c **** 
 4476              		.loc 1 2131 19 is_stmt 0 view .LVU1514
 4477 0082 D1F80035 		ldr	r3, [r1, #1280]
 4478              	.LVL332:
2131:Drivers/STM32F4xx_HAL_Driver/Src/stm32f4xx_ll_usb.c **** 
 4479              		.loc 1 2131 28 view .LVU1515
 4480 0086 43F08043 		orr	r3, r3, #1073741824
 4481 008a C1F80035 		str	r3, [r1, #1280]
2133:Drivers/STM32F4xx_HAL_Driver/Src/stm32f4xx_ll_usb.c ****     {
 4482              		.loc 1 2133 5 is_stmt 1 view .LVU1516
2133:Drivers/STM32F4xx_HAL_Driver/Src/stm32f4xx_ll_usb.c ****     {
 4483              		.loc 1 2133 14 is_stmt 0 view .LVU1517
 4484 008e 8368     		ldr	r3, [r0, #8]
2133:Drivers/STM32F4xx_HAL_Driver/Src/stm32f4xx_ll_usb.c ****     {
 4485              		.loc 1 2133 8 view .LVU1518
 4486 0090 13F0200F 		tst	r3, #32
 4487 0094 21D1     		bne	.L286
2135:Drivers/STM32F4xx_HAL_Driver/Src/stm32f4xx_ll_usb.c ****       {
 4488              		.loc 1 2135 7 is_stmt 1 view .LVU1519
2135:Drivers/STM32F4xx_HAL_Driver/Src/stm32f4xx_ll_usb.c ****       {
 4489              		.loc 1 2135 16 is_stmt 0 view .LVU1520
 4490 0096 C36A     		ldr	r3, [r0, #44]
2135:Drivers/STM32F4xx_HAL_Driver/Src/stm32f4xx_ll_usb.c ****       {
 4491              		.loc 1 2135 10 view .LVU1521
 4492 0098 13F47F0F 		tst	r3, #16711680
 4493 009c 16D1     		bne	.L287
2137:Drivers/STM32F4xx_HAL_Driver/Src/stm32f4xx_ll_usb.c ****         USBx_HC(hcnum)->HCCHAR |= USB_OTG_HCCHAR_CHENA;
ARM GAS  /tmp/cccSJnlz.s 			page 138


 4494              		.loc 1 2137 9 is_stmt 1 view .LVU1522
2137:Drivers/STM32F4xx_HAL_Driver/Src/stm32f4xx_ll_usb.c ****         USBx_HC(hcnum)->HCCHAR |= USB_OTG_HCCHAR_CHENA;
 4495              		.loc 1 2137 23 is_stmt 0 view .LVU1523
 4496 009e D1F80035 		ldr	r3, [r1, #1280]
2137:Drivers/STM32F4xx_HAL_Driver/Src/stm32f4xx_ll_usb.c ****         USBx_HC(hcnum)->HCCHAR |= USB_OTG_HCCHAR_CHENA;
 4497              		.loc 1 2137 32 view .LVU1524
 4498 00a2 23F00043 		bic	r3, r3, #-2147483648
 4499 00a6 C1F80035 		str	r3, [r1, #1280]
2138:Drivers/STM32F4xx_HAL_Driver/Src/stm32f4xx_ll_usb.c ****         do
 4500              		.loc 1 2138 9 is_stmt 1 view .LVU1525
2138:Drivers/STM32F4xx_HAL_Driver/Src/stm32f4xx_ll_usb.c ****         do
 4501              		.loc 1 2138 23 is_stmt 0 view .LVU1526
 4502 00aa D1F80035 		ldr	r3, [r1, #1280]
2138:Drivers/STM32F4xx_HAL_Driver/Src/stm32f4xx_ll_usb.c ****         do
 4503              		.loc 1 2138 32 view .LVU1527
 4504 00ae 43F00043 		orr	r3, r3, #-2147483648
 4505 00b2 C1F80035 		str	r3, [r1, #1280]
 4506              	.L288:
2139:Drivers/STM32F4xx_HAL_Driver/Src/stm32f4xx_ll_usb.c ****         {
 4507              		.loc 1 2139 9 is_stmt 1 view .LVU1528
2141:Drivers/STM32F4xx_HAL_Driver/Src/stm32f4xx_ll_usb.c **** 
 4508              		.loc 1 2141 11 view .LVU1529
2141:Drivers/STM32F4xx_HAL_Driver/Src/stm32f4xx_ll_usb.c **** 
 4509              		.loc 1 2141 16 is_stmt 0 view .LVU1530
 4510 00b6 019B     		ldr	r3, [sp, #4]
 4511 00b8 0133     		adds	r3, r3, #1
 4512 00ba 0193     		str	r3, [sp, #4]
2143:Drivers/STM32F4xx_HAL_Driver/Src/stm32f4xx_ll_usb.c ****           {
 4513              		.loc 1 2143 11 is_stmt 1 view .LVU1531
2143:Drivers/STM32F4xx_HAL_Driver/Src/stm32f4xx_ll_usb.c ****           {
 4514              		.loc 1 2143 21 is_stmt 0 view .LVU1532
 4515 00bc 019B     		ldr	r3, [sp, #4]
2143:Drivers/STM32F4xx_HAL_Driver/Src/stm32f4xx_ll_usb.c ****           {
 4516              		.loc 1 2143 14 view .LVU1533
 4517 00be B3F57A7F 		cmp	r3, #1000
 4518 00c2 10D8     		bhi	.L283
2147:Drivers/STM32F4xx_HAL_Driver/Src/stm32f4xx_ll_usb.c ****       }
 4519              		.loc 1 2147 66 is_stmt 1 view .LVU1534
2147:Drivers/STM32F4xx_HAL_Driver/Src/stm32f4xx_ll_usb.c ****       }
 4520              		.loc 1 2147 33 is_stmt 0 view .LVU1535
 4521 00c4 1368     		ldr	r3, [r2]
2147:Drivers/STM32F4xx_HAL_Driver/Src/stm32f4xx_ll_usb.c ****       }
 4522              		.loc 1 2147 66 view .LVU1536
 4523 00c6 002B     		cmp	r3, #0
 4524 00c8 F5DB     		blt	.L288
 4525 00ca 0CE0     		b	.L283
 4526              	.L287:
2151:Drivers/STM32F4xx_HAL_Driver/Src/stm32f4xx_ll_usb.c ****       }
 4527              		.loc 1 2151 9 is_stmt 1 view .LVU1537
2151:Drivers/STM32F4xx_HAL_Driver/Src/stm32f4xx_ll_usb.c ****       }
 4528              		.loc 1 2151 23 is_stmt 0 view .LVU1538
 4529 00cc D1F80035 		ldr	r3, [r1, #1280]
2151:Drivers/STM32F4xx_HAL_Driver/Src/stm32f4xx_ll_usb.c ****       }
 4530              		.loc 1 2151 32 view .LVU1539
 4531 00d0 43F00043 		orr	r3, r3, #-2147483648
 4532 00d4 C1F80035 		str	r3, [r1, #1280]
 4533 00d8 05E0     		b	.L283
ARM GAS  /tmp/cccSJnlz.s 			page 139


 4534              	.L286:
2156:Drivers/STM32F4xx_HAL_Driver/Src/stm32f4xx_ll_usb.c ****     }
 4535              		.loc 1 2156 7 is_stmt 1 view .LVU1540
2156:Drivers/STM32F4xx_HAL_Driver/Src/stm32f4xx_ll_usb.c ****     }
 4536              		.loc 1 2156 21 is_stmt 0 view .LVU1541
 4537 00da D1F80035 		ldr	r3, [r1, #1280]
2156:Drivers/STM32F4xx_HAL_Driver/Src/stm32f4xx_ll_usb.c ****     }
 4538              		.loc 1 2156 30 view .LVU1542
 4539 00de 43F00043 		orr	r3, r3, #-2147483648
 4540 00e2 C1F80035 		str	r3, [r1, #1280]
 4541              	.L283:
2176:Drivers/STM32F4xx_HAL_Driver/Src/stm32f4xx_ll_usb.c ****     }
2177:Drivers/STM32F4xx_HAL_Driver/Src/stm32f4xx_ll_usb.c ****     else
2178:Drivers/STM32F4xx_HAL_Driver/Src/stm32f4xx_ll_usb.c ****     {
2179:Drivers/STM32F4xx_HAL_Driver/Src/stm32f4xx_ll_usb.c ****       USBx_HC(hcnum)->HCCHAR |= USB_OTG_HCCHAR_CHENA;
2180:Drivers/STM32F4xx_HAL_Driver/Src/stm32f4xx_ll_usb.c ****     }
2181:Drivers/STM32F4xx_HAL_Driver/Src/stm32f4xx_ll_usb.c ****   }
2182:Drivers/STM32F4xx_HAL_Driver/Src/stm32f4xx_ll_usb.c **** 
2183:Drivers/STM32F4xx_HAL_Driver/Src/stm32f4xx_ll_usb.c ****   return HAL_OK;
2184:Drivers/STM32F4xx_HAL_Driver/Src/stm32f4xx_ll_usb.c **** }
 4542              		.loc 1 2184 1 view .LVU1543
 4543 00e6 0020     		movs	r0, #0
 4544              	.LVL333:
 4545              		.loc 1 2184 1 view .LVU1544
 4546 00e8 03B0     		add	sp, sp, #12
 4547              	.LCFI53:
 4548              		.cfi_remember_state
 4549              		.cfi_def_cfa_offset 12
 4550              		@ sp needed
 4551 00ea 70BC     		pop	{r4, r5, r6}
 4552              	.LCFI54:
 4553              		.cfi_restore 6
 4554              		.cfi_restore 5
 4555              		.cfi_restore 4
 4556              		.cfi_def_cfa_offset 0
 4557 00ec 7047     		bx	lr
 4558              	.LVL334:
 4559              	.L289:
 4560              	.LCFI55:
 4561              		.cfi_restore_state
2179:Drivers/STM32F4xx_HAL_Driver/Src/stm32f4xx_ll_usb.c ****     }
 4562              		.loc 1 2179 7 is_stmt 1 view .LVU1545
2179:Drivers/STM32F4xx_HAL_Driver/Src/stm32f4xx_ll_usb.c ****     }
 4563              		.loc 1 2179 21 is_stmt 0 view .LVU1546
 4564 00ee D1F80035 		ldr	r3, [r1, #1280]
2179:Drivers/STM32F4xx_HAL_Driver/Src/stm32f4xx_ll_usb.c ****     }
 4565              		.loc 1 2179 30 view .LVU1547
 4566 00f2 43F00043 		orr	r3, r3, #-2147483648
 4567 00f6 C1F80035 		str	r3, [r1, #1280]
 4568 00fa F4E7     		b	.L283
 4569              		.cfi_endproc
 4570              	.LFE283:
 4572              		.section	.text.USB_DoPing,"ax",%progbits
 4573              		.align	1
 4574              		.global	USB_DoPing
 4575              		.syntax unified
 4576              		.thumb
ARM GAS  /tmp/cccSJnlz.s 			page 140


 4577              		.thumb_func
 4579              	USB_DoPing:
 4580              	.LVL335:
 4581              	.LFB284:
2185:Drivers/STM32F4xx_HAL_Driver/Src/stm32f4xx_ll_usb.c **** 
2186:Drivers/STM32F4xx_HAL_Driver/Src/stm32f4xx_ll_usb.c **** /**
2187:Drivers/STM32F4xx_HAL_Driver/Src/stm32f4xx_ll_usb.c ****   * @brief  Initiate Do Ping protocol
2188:Drivers/STM32F4xx_HAL_Driver/Src/stm32f4xx_ll_usb.c ****   * @param  USBx  Selected device
2189:Drivers/STM32F4xx_HAL_Driver/Src/stm32f4xx_ll_usb.c ****   * @param  hc_num  Host Channel number
2190:Drivers/STM32F4xx_HAL_Driver/Src/stm32f4xx_ll_usb.c ****   *         This parameter can be a value from 1 to 15
2191:Drivers/STM32F4xx_HAL_Driver/Src/stm32f4xx_ll_usb.c ****   * @retval HAL state
2192:Drivers/STM32F4xx_HAL_Driver/Src/stm32f4xx_ll_usb.c ****   */
2193:Drivers/STM32F4xx_HAL_Driver/Src/stm32f4xx_ll_usb.c **** HAL_StatusTypeDef USB_DoPing(const USB_OTG_GlobalTypeDef *USBx, uint8_t ch_num)
2194:Drivers/STM32F4xx_HAL_Driver/Src/stm32f4xx_ll_usb.c **** {
 4582              		.loc 1 2194 1 is_stmt 1 view -0
 4583              		.cfi_startproc
 4584              		@ args = 0, pretend = 0, frame = 0
 4585              		@ frame_needed = 0, uses_anonymous_args = 0
 4586              		@ link register save eliminated.
2195:Drivers/STM32F4xx_HAL_Driver/Src/stm32f4xx_ll_usb.c ****   uint32_t USBx_BASE = (uint32_t)USBx;
 4587              		.loc 1 2195 3 view .LVU1549
2196:Drivers/STM32F4xx_HAL_Driver/Src/stm32f4xx_ll_usb.c ****   uint32_t chnum = (uint32_t)ch_num;
 4588              		.loc 1 2196 3 view .LVU1550
2197:Drivers/STM32F4xx_HAL_Driver/Src/stm32f4xx_ll_usb.c ****   uint32_t num_packets = 1U;
 4589              		.loc 1 2197 3 view .LVU1551
2198:Drivers/STM32F4xx_HAL_Driver/Src/stm32f4xx_ll_usb.c ****   uint32_t tmpreg;
 4590              		.loc 1 2198 3 view .LVU1552
2199:Drivers/STM32F4xx_HAL_Driver/Src/stm32f4xx_ll_usb.c **** 
2200:Drivers/STM32F4xx_HAL_Driver/Src/stm32f4xx_ll_usb.c ****   USBx_HC(chnum)->HCTSIZ = ((num_packets << 19) & USB_OTG_HCTSIZ_PKTCNT) |
 4591              		.loc 1 2200 3 view .LVU1553
 4592 0000 00EB4110 		add	r0, r0, r1, lsl #5
 4593              	.LVL336:
 4594              		.loc 1 2200 26 is_stmt 0 view .LVU1554
 4595 0004 064A     		ldr	r2, .L293
 4596 0006 C0F81025 		str	r2, [r0, #1296]
2201:Drivers/STM32F4xx_HAL_Driver/Src/stm32f4xx_ll_usb.c ****                            USB_OTG_HCTSIZ_DOPING;
2202:Drivers/STM32F4xx_HAL_Driver/Src/stm32f4xx_ll_usb.c **** 
2203:Drivers/STM32F4xx_HAL_Driver/Src/stm32f4xx_ll_usb.c ****   /* Set host channel enable */
2204:Drivers/STM32F4xx_HAL_Driver/Src/stm32f4xx_ll_usb.c ****   tmpreg = USBx_HC(chnum)->HCCHAR;
 4597              		.loc 1 2204 3 is_stmt 1 view .LVU1555
 4598              		.loc 1 2204 10 is_stmt 0 view .LVU1556
 4599 000a D0F80035 		ldr	r3, [r0, #1280]
 4600              	.LVL337:
2205:Drivers/STM32F4xx_HAL_Driver/Src/stm32f4xx_ll_usb.c ****   tmpreg &= ~USB_OTG_HCCHAR_CHDIS;
 4601              		.loc 1 2205 3 is_stmt 1 view .LVU1557
 4602              		.loc 1 2205 10 is_stmt 0 view .LVU1558
 4603 000e 23F08043 		bic	r3, r3, #1073741824
 4604              	.LVL338:
2206:Drivers/STM32F4xx_HAL_Driver/Src/stm32f4xx_ll_usb.c ****   tmpreg |= USB_OTG_HCCHAR_CHENA;
 4605              		.loc 1 2206 3 is_stmt 1 view .LVU1559
 4606              		.loc 1 2206 10 is_stmt 0 view .LVU1560
 4607 0012 43F00043 		orr	r3, r3, #-2147483648
 4608              	.LVL339:
2207:Drivers/STM32F4xx_HAL_Driver/Src/stm32f4xx_ll_usb.c ****   USBx_HC(chnum)->HCCHAR = tmpreg;
 4609              		.loc 1 2207 3 is_stmt 1 view .LVU1561
 4610              		.loc 1 2207 26 is_stmt 0 view .LVU1562
 4611 0016 C0F80035 		str	r3, [r0, #1280]
ARM GAS  /tmp/cccSJnlz.s 			page 141


2208:Drivers/STM32F4xx_HAL_Driver/Src/stm32f4xx_ll_usb.c **** 
2209:Drivers/STM32F4xx_HAL_Driver/Src/stm32f4xx_ll_usb.c ****   return HAL_OK;
 4612              		.loc 1 2209 3 is_stmt 1 view .LVU1563
2210:Drivers/STM32F4xx_HAL_Driver/Src/stm32f4xx_ll_usb.c **** }
 4613              		.loc 1 2210 1 is_stmt 0 view .LVU1564
 4614 001a 0020     		movs	r0, #0
 4615 001c 7047     		bx	lr
 4616              	.L294:
 4617 001e 00BF     		.align	2
 4618              	.L293:
 4619 0020 00000880 		.word	-2146959360
 4620              		.cfi_endproc
 4621              	.LFE284:
 4623              		.section	.text.USB_HC_StartXfer,"ax",%progbits
 4624              		.align	1
 4625              		.global	USB_HC_StartXfer
 4626              		.syntax unified
 4627              		.thumb
 4628              		.thumb_func
 4630              	USB_HC_StartXfer:
 4631              	.LVL340:
 4632              	.LFB281:
1833:Drivers/STM32F4xx_HAL_Driver/Src/stm32f4xx_ll_usb.c ****   uint32_t USBx_BASE = (uint32_t)USBx;
 4633              		.loc 1 1833 1 is_stmt 1 view -0
 4634              		.cfi_startproc
 4635              		@ args = 0, pretend = 0, frame = 8
 4636              		@ frame_needed = 0, uses_anonymous_args = 0
1833:Drivers/STM32F4xx_HAL_Driver/Src/stm32f4xx_ll_usb.c ****   uint32_t USBx_BASE = (uint32_t)USBx;
 4637              		.loc 1 1833 1 is_stmt 0 view .LVU1566
 4638 0000 70B5     		push	{r4, r5, r6, lr}
 4639              	.LCFI56:
 4640              		.cfi_def_cfa_offset 16
 4641              		.cfi_offset 4, -16
 4642              		.cfi_offset 5, -12
 4643              		.cfi_offset 6, -8
 4644              		.cfi_offset 14, -4
 4645 0002 84B0     		sub	sp, sp, #16
 4646              	.LCFI57:
 4647              		.cfi_def_cfa_offset 32
1834:Drivers/STM32F4xx_HAL_Driver/Src/stm32f4xx_ll_usb.c ****   uint32_t ch_num = (uint32_t)hc->ch_num;
 4648              		.loc 1 1834 3 is_stmt 1 view .LVU1567
 4649              	.LVL341:
1835:Drivers/STM32F4xx_HAL_Driver/Src/stm32f4xx_ll_usb.c ****   __IO uint32_t tmpreg;
 4650              		.loc 1 1835 3 view .LVU1568
1835:Drivers/STM32F4xx_HAL_Driver/Src/stm32f4xx_ll_usb.c ****   __IO uint32_t tmpreg;
 4651              		.loc 1 1835 33 is_stmt 0 view .LVU1569
 4652 0004 4B78     		ldrb	r3, [r1, #1]	@ zero_extendqisi2
 4653              	.LVL342:
1836:Drivers/STM32F4xx_HAL_Driver/Src/stm32f4xx_ll_usb.c ****   uint8_t  is_oddframe;
 4654              		.loc 1 1836 3 is_stmt 1 view .LVU1570
1837:Drivers/STM32F4xx_HAL_Driver/Src/stm32f4xx_ll_usb.c ****   uint16_t len_words;
 4655              		.loc 1 1837 3 view .LVU1571
1838:Drivers/STM32F4xx_HAL_Driver/Src/stm32f4xx_ll_usb.c ****   uint16_t num_packets;
 4656              		.loc 1 1838 3 view .LVU1572
1839:Drivers/STM32F4xx_HAL_Driver/Src/stm32f4xx_ll_usb.c ****   uint16_t max_hc_pkt_count = HC_MAX_PKT_CNT;
 4657              		.loc 1 1839 3 view .LVU1573
1840:Drivers/STM32F4xx_HAL_Driver/Src/stm32f4xx_ll_usb.c **** 
ARM GAS  /tmp/cccSJnlz.s 			page 142


 4658              		.loc 1 1840 3 view .LVU1574
1843:Drivers/STM32F4xx_HAL_Driver/Src/stm32f4xx_ll_usb.c ****   {
 4659              		.loc 1 1843 3 view .LVU1575
1843:Drivers/STM32F4xx_HAL_Driver/Src/stm32f4xx_ll_usb.c ****   {
 4660              		.loc 1 1843 6 is_stmt 0 view .LVU1576
 4661 0006 9D4C     		ldr	r4, .L339
 4662 0008 A042     		cmp	r0, r4
 4663 000a 16D0     		beq	.L331
 4664              	.L296:
1867:Drivers/STM32F4xx_HAL_Driver/Src/stm32f4xx_ll_usb.c ****   {
 4665              		.loc 1 1867 3 is_stmt 1 view .LVU1577
1867:Drivers/STM32F4xx_HAL_Driver/Src/stm32f4xx_ll_usb.c ****   {
 4666              		.loc 1 1867 9 is_stmt 0 view .LVU1578
 4667 000c 8C79     		ldrb	r4, [r1, #6]	@ zero_extendqisi2
1867:Drivers/STM32F4xx_HAL_Driver/Src/stm32f4xx_ll_usb.c ****   {
 4668              		.loc 1 1867 6 view .LVU1579
 4669 000e 012C     		cmp	r4, #1
 4670 0010 2DD0     		beq	.L332
1925:Drivers/STM32F4xx_HAL_Driver/Src/stm32f4xx_ll_usb.c ****     {
 4671              		.loc 1 1925 5 is_stmt 1 view .LVU1580
1925:Drivers/STM32F4xx_HAL_Driver/Src/stm32f4xx_ll_usb.c ****     {
 4672              		.loc 1 1925 11 is_stmt 0 view .LVU1581
 4673 0012 0C6A     		ldr	r4, [r1, #32]
1925:Drivers/STM32F4xx_HAL_Driver/Src/stm32f4xx_ll_usb.c ****     {
 4674              		.loc 1 1925 8 view .LVU1582
 4675 0014 002C     		cmp	r4, #0
 4676 0016 65D0     		beq	.L327
1927:Drivers/STM32F4xx_HAL_Driver/Src/stm32f4xx_ll_usb.c **** 
 4677              		.loc 1 1927 7 is_stmt 1 view .LVU1583
1927:Drivers/STM32F4xx_HAL_Driver/Src/stm32f4xx_ll_usb.c **** 
 4678              		.loc 1 1927 50 is_stmt 0 view .LVU1584
 4679 0018 8D8A     		ldrh	r5, [r1, #20]
1927:Drivers/STM32F4xx_HAL_Driver/Src/stm32f4xx_ll_usb.c **** 
 4680              		.loc 1 1927 46 view .LVU1585
 4681 001a 04EB050C 		add	ip, r4, r5
1927:Drivers/STM32F4xx_HAL_Driver/Src/stm32f4xx_ll_usb.c **** 
 4682              		.loc 1 1927 63 view .LVU1586
 4683 001e 0CF1FF3C 		add	ip, ip, #-1
1927:Drivers/STM32F4xx_HAL_Driver/Src/stm32f4xx_ll_usb.c **** 
 4684              		.loc 1 1927 69 view .LVU1587
 4685 0022 BCFBF5FC 		udiv	ip, ip, r5
1927:Drivers/STM32F4xx_HAL_Driver/Src/stm32f4xx_ll_usb.c **** 
 4686              		.loc 1 1927 19 view .LVU1588
 4687 0026 1FFA8CFC 		uxth	ip, ip
 4688              	.LVL343:
1929:Drivers/STM32F4xx_HAL_Driver/Src/stm32f4xx_ll_usb.c ****       {
 4689              		.loc 1 1929 7 is_stmt 1 view .LVU1589
1929:Drivers/STM32F4xx_HAL_Driver/Src/stm32f4xx_ll_usb.c ****       {
 4690              		.loc 1 1929 10 is_stmt 0 view .LVU1590
 4691 002a BCF5807F 		cmp	ip, #256
 4692 002e 5BD9     		bls	.L308
1931:Drivers/STM32F4xx_HAL_Driver/Src/stm32f4xx_ll_usb.c ****         hc->XferSize = (uint32_t)num_packets * hc->max_packet;
 4693              		.loc 1 1931 9 is_stmt 1 view .LVU1591
 4694              	.LVL344:
1932:Drivers/STM32F4xx_HAL_Driver/Src/stm32f4xx_ll_usb.c ****       }
 4695              		.loc 1 1932 9 view .LVU1592
1932:Drivers/STM32F4xx_HAL_Driver/Src/stm32f4xx_ll_usb.c ****       }
ARM GAS  /tmp/cccSJnlz.s 			page 143


 4696              		.loc 1 1932 46 is_stmt 0 view .LVU1593
 4697 0030 2D02     		lsls	r5, r5, #8
1932:Drivers/STM32F4xx_HAL_Driver/Src/stm32f4xx_ll_usb.c ****       }
 4698              		.loc 1 1932 22 view .LVU1594
 4699 0032 CD61     		str	r5, [r1, #28]
1931:Drivers/STM32F4xx_HAL_Driver/Src/stm32f4xx_ll_usb.c ****         hc->XferSize = (uint32_t)num_packets * hc->max_packet;
 4700              		.loc 1 1931 21 view .LVU1595
 4701 0034 4FF4807C 		mov	ip, #256
 4702 0038 56E0     		b	.L308
 4703              	.LVL345:
 4704              	.L331:
1846:Drivers/STM32F4xx_HAL_Driver/Src/stm32f4xx_ll_usb.c ****     {
 4705              		.loc 1 1846 5 is_stmt 1 view .LVU1596
1846:Drivers/STM32F4xx_HAL_Driver/Src/stm32f4xx_ll_usb.c ****     {
 4706              		.loc 1 1846 8 is_stmt 0 view .LVU1597
 4707 003a 012A     		cmp	r2, #1
 4708 003c 07D0     		beq	.L333
1858:Drivers/STM32F4xx_HAL_Driver/Src/stm32f4xx_ll_usb.c ****       {
 4709              		.loc 1 1858 7 is_stmt 1 view .LVU1598
1858:Drivers/STM32F4xx_HAL_Driver/Src/stm32f4xx_ll_usb.c ****       {
 4710              		.loc 1 1858 40 is_stmt 0 view .LVU1599
 4711 003e 8C88     		ldrh	r4, [r1, #4]
1858:Drivers/STM32F4xx_HAL_Driver/Src/stm32f4xx_ll_usb.c ****       {
 4712              		.loc 1 1858 10 view .LVU1600
 4713 0040 B4F5807F 		cmp	r4, #256
 4714 0044 E2D1     		bne	.L296
1860:Drivers/STM32F4xx_HAL_Driver/Src/stm32f4xx_ll_usb.c ****         return HAL_OK;
 4715              		.loc 1 1860 9 is_stmt 1 view .LVU1601
1860:Drivers/STM32F4xx_HAL_Driver/Src/stm32f4xx_ll_usb.c ****         return HAL_OK;
 4716              		.loc 1 1860 15 is_stmt 0 view .LVU1602
 4717 0046 1946     		mov	r1, r3
 4718              	.LVL346:
1860:Drivers/STM32F4xx_HAL_Driver/Src/stm32f4xx_ll_usb.c ****         return HAL_OK;
 4719              		.loc 1 1860 15 view .LVU1603
 4720 0048 FFF7FEFF 		bl	USB_DoPing
 4721              	.LVL347:
1861:Drivers/STM32F4xx_HAL_Driver/Src/stm32f4xx_ll_usb.c ****       }
 4722              		.loc 1 1861 9 is_stmt 1 view .LVU1604
1861:Drivers/STM32F4xx_HAL_Driver/Src/stm32f4xx_ll_usb.c ****       }
 4723              		.loc 1 1861 16 is_stmt 0 view .LVU1605
 4724 004c 2CE1     		b	.L299
 4725              	.LVL348:
 4726              	.L333:
1848:Drivers/STM32F4xx_HAL_Driver/Src/stm32f4xx_ll_usb.c ****       {
 4727              		.loc 1 1848 7 is_stmt 1 view .LVU1606
1848:Drivers/STM32F4xx_HAL_Driver/Src/stm32f4xx_ll_usb.c ****       {
 4728              		.loc 1 1848 15 is_stmt 0 view .LVU1607
 4729 004e 8C7C     		ldrb	r4, [r1, #18]	@ zero_extendqisi2
1848:Drivers/STM32F4xx_HAL_Driver/Src/stm32f4xx_ll_usb.c ****       {
 4730              		.loc 1 1848 10 view .LVU1608
 4731 0050 0CB1     		cbz	r4, .L298
1848:Drivers/STM32F4xx_HAL_Driver/Src/stm32f4xx_ll_usb.c ****       {
 4732              		.loc 1 1848 42 discriminator 2 view .LVU1609
 4733 0052 022C     		cmp	r4, #2
 4734 0054 DAD1     		bne	.L296
 4735              	.L298:
1848:Drivers/STM32F4xx_HAL_Driver/Src/stm32f4xx_ll_usb.c ****       {
ARM GAS  /tmp/cccSJnlz.s 			page 144


 4736              		.loc 1 1848 82 discriminator 3 view .LVU1610
 4737 0056 8C79     		ldrb	r4, [r1, #6]	@ zero_extendqisi2
1848:Drivers/STM32F4xx_HAL_Driver/Src/stm32f4xx_ll_usb.c ****       {
 4738              		.loc 1 1848 76 discriminator 3 view .LVU1611
 4739 0058 002C     		cmp	r4, #0
 4740 005a D7D1     		bne	.L296
1851:Drivers/STM32F4xx_HAL_Driver/Src/stm32f4xx_ll_usb.c ****                                                  USB_OTG_HCINTMSK_ACKM |
 4741              		.loc 1 1851 9 is_stmt 1 view .LVU1612
1851:Drivers/STM32F4xx_HAL_Driver/Src/stm32f4xx_ll_usb.c ****                                                  USB_OTG_HCINTMSK_ACKM |
 4742              		.loc 1 1851 34 is_stmt 0 view .LVU1613
 4743 005c 00EB4314 		add	r4, r0, r3, lsl #5
 4744 0060 D4F80C55 		ldr	r5, [r4, #1292]
1851:Drivers/STM32F4xx_HAL_Driver/Src/stm32f4xx_ll_usb.c ****                                                  USB_OTG_HCINTMSK_ACKM |
 4745              		.loc 1 1851 45 view .LVU1614
 4746 0064 25F07005 		bic	r5, r5, #112
 4747 0068 C4F80C55 		str	r5, [r4, #1292]
 4748 006c CEE7     		b	.L296
 4749              	.L332:
1870:Drivers/STM32F4xx_HAL_Driver/Src/stm32f4xx_ll_usb.c **** 
 4750              		.loc 1 1870 5 is_stmt 1 view .LVU1615
 4751              	.LVL349:
1872:Drivers/STM32F4xx_HAL_Driver/Src/stm32f4xx_ll_usb.c ****     {
 4752              		.loc 1 1872 5 view .LVU1616
1872:Drivers/STM32F4xx_HAL_Driver/Src/stm32f4xx_ll_usb.c ****     {
 4753              		.loc 1 1872 11 is_stmt 0 view .LVU1617
 4754 006e CC78     		ldrb	r4, [r1, #3]	@ zero_extendqisi2
1872:Drivers/STM32F4xx_HAL_Driver/Src/stm32f4xx_ll_usb.c ****     {
 4755              		.loc 1 1872 8 view .LVU1618
 4756 0070 24B1     		cbz	r4, .L301
1874:Drivers/STM32F4xx_HAL_Driver/Src/stm32f4xx_ll_usb.c ****     }
 4757              		.loc 1 1874 7 is_stmt 1 view .LVU1619
1874:Drivers/STM32F4xx_HAL_Driver/Src/stm32f4xx_ll_usb.c ****     }
 4758              		.loc 1 1874 48 is_stmt 0 view .LVU1620
 4759 0072 8C8A     		ldrh	r4, [r1, #20]
1874:Drivers/STM32F4xx_HAL_Driver/Src/stm32f4xx_ll_usb.c ****     }
 4760              		.loc 1 1874 20 view .LVU1621
 4761 0074 CC61     		str	r4, [r1, #28]
1870:Drivers/STM32F4xx_HAL_Driver/Src/stm32f4xx_ll_usb.c **** 
 4762              		.loc 1 1870 17 view .LVU1622
 4763 0076 4FF0010C 		mov	ip, #1
 4764 007a 3CE0     		b	.L302
 4765              	.L301:
1878:Drivers/STM32F4xx_HAL_Driver/Src/stm32f4xx_ll_usb.c ****       {
 4766              		.loc 1 1878 7 is_stmt 1 view .LVU1623
1878:Drivers/STM32F4xx_HAL_Driver/Src/stm32f4xx_ll_usb.c ****       {
 4767              		.loc 1 1878 13 is_stmt 0 view .LVU1624
 4768 007c 8C7C     		ldrb	r4, [r1, #18]	@ zero_extendqisi2
1878:Drivers/STM32F4xx_HAL_Driver/Src/stm32f4xx_ll_usb.c ****       {
 4769              		.loc 1 1878 10 view .LVU1625
 4770 007e 012C     		cmp	r4, #1
 4771 0080 06D0     		beq	.L334
1911:Drivers/STM32F4xx_HAL_Driver/Src/stm32f4xx_ll_usb.c ****         {
 4772              		.loc 1 1911 9 is_stmt 1 view .LVU1626
1911:Drivers/STM32F4xx_HAL_Driver/Src/stm32f4xx_ll_usb.c ****         {
 4773              		.loc 1 1911 12 is_stmt 0 view .LVU1627
 4774 0082 012A     		cmp	r2, #1
 4775 0084 26D0     		beq	.L335
ARM GAS  /tmp/cccSJnlz.s 			page 145


 4776              	.L307:
1917:Drivers/STM32F4xx_HAL_Driver/Src/stm32f4xx_ll_usb.c ****         }
 4777              		.loc 1 1917 11 is_stmt 1 view .LVU1628
1917:Drivers/STM32F4xx_HAL_Driver/Src/stm32f4xx_ll_usb.c ****         }
 4778              		.loc 1 1917 28 is_stmt 0 view .LVU1629
 4779 0086 0C6A     		ldr	r4, [r1, #32]
1917:Drivers/STM32F4xx_HAL_Driver/Src/stm32f4xx_ll_usb.c ****         }
 4780              		.loc 1 1917 24 view .LVU1630
 4781 0088 CC61     		str	r4, [r1, #28]
1870:Drivers/STM32F4xx_HAL_Driver/Src/stm32f4xx_ll_usb.c **** 
 4782              		.loc 1 1870 17 view .LVU1631
 4783 008a 4FF0010C 		mov	ip, #1
 4784 008e 32E0     		b	.L302
 4785              	.L334:
1880:Drivers/STM32F4xx_HAL_Driver/Src/stm32f4xx_ll_usb.c ****         {
 4786              		.loc 1 1880 9 is_stmt 1 view .LVU1632
1880:Drivers/STM32F4xx_HAL_Driver/Src/stm32f4xx_ll_usb.c ****         {
 4787              		.loc 1 1880 15 is_stmt 0 view .LVU1633
 4788 0090 0C6A     		ldr	r4, [r1, #32]
1880:Drivers/STM32F4xx_HAL_Driver/Src/stm32f4xx_ll_usb.c ****         {
 4789              		.loc 1 1880 12 view .LVU1634
 4790 0092 BC2C     		cmp	r4, #188
 4791 0094 0FD9     		bls	.L304
1883:Drivers/STM32F4xx_HAL_Driver/Src/stm32f4xx_ll_usb.c ****           hc->xfer_len = hc->XferSize;
 4792              		.loc 1 1883 11 is_stmt 1 view .LVU1635
1883:Drivers/STM32F4xx_HAL_Driver/Src/stm32f4xx_ll_usb.c ****           hc->xfer_len = hc->XferSize;
 4793              		.loc 1 1883 28 is_stmt 0 view .LVU1636
 4794 0096 8C8A     		ldrh	r4, [r1, #20]
1883:Drivers/STM32F4xx_HAL_Driver/Src/stm32f4xx_ll_usb.c ****           hc->xfer_len = hc->XferSize;
 4795              		.loc 1 1883 24 view .LVU1637
 4796 0098 CC61     		str	r4, [r1, #28]
1884:Drivers/STM32F4xx_HAL_Driver/Src/stm32f4xx_ll_usb.c **** 
 4797              		.loc 1 1884 11 is_stmt 1 view .LVU1638
1884:Drivers/STM32F4xx_HAL_Driver/Src/stm32f4xx_ll_usb.c **** 
 4798              		.loc 1 1884 24 is_stmt 0 view .LVU1639
 4799 009a 0C62     		str	r4, [r1, #32]
1886:Drivers/STM32F4xx_HAL_Driver/Src/stm32f4xx_ll_usb.c ****           {
 4800              		.loc 1 1886 11 is_stmt 1 view .LVU1640
1886:Drivers/STM32F4xx_HAL_Driver/Src/stm32f4xx_ll_usb.c ****           {
 4801              		.loc 1 1886 18 is_stmt 0 view .LVU1641
 4802 009c CC68     		ldr	r4, [r1, #12]
1886:Drivers/STM32F4xx_HAL_Driver/Src/stm32f4xx_ll_usb.c ****           {
 4803              		.loc 1 1886 54 view .LVU1642
 4804 009e 013C     		subs	r4, r4, #1
1886:Drivers/STM32F4xx_HAL_Driver/Src/stm32f4xx_ll_usb.c ****           {
 4805              		.loc 1 1886 14 view .LVU1643
 4806 00a0 012C     		cmp	r4, #1
 4807 00a2 03D9     		bls	.L336
1892:Drivers/STM32F4xx_HAL_Driver/Src/stm32f4xx_ll_usb.c ****           }
 4808              		.loc 1 1892 13 is_stmt 1 view .LVU1644
1892:Drivers/STM32F4xx_HAL_Driver/Src/stm32f4xx_ll_usb.c ****           }
 4809              		.loc 1 1892 34 is_stmt 0 view .LVU1645
 4810 00a4 0124     		movs	r4, #1
 4811 00a6 CC60     		str	r4, [r1, #12]
1870:Drivers/STM32F4xx_HAL_Driver/Src/stm32f4xx_ll_usb.c **** 
 4812              		.loc 1 1870 17 view .LVU1646
 4813 00a8 A446     		mov	ip, r4
ARM GAS  /tmp/cccSJnlz.s 			page 146


 4814 00aa 24E0     		b	.L302
 4815              	.L336:
1888:Drivers/STM32F4xx_HAL_Driver/Src/stm32f4xx_ll_usb.c ****           }
 4816              		.loc 1 1888 13 is_stmt 1 view .LVU1647
1888:Drivers/STM32F4xx_HAL_Driver/Src/stm32f4xx_ll_usb.c ****           }
 4817              		.loc 1 1888 34 is_stmt 0 view .LVU1648
 4818 00ac 0224     		movs	r4, #2
 4819 00ae CC60     		str	r4, [r1, #12]
1870:Drivers/STM32F4xx_HAL_Driver/Src/stm32f4xx_ll_usb.c **** 
 4820              		.loc 1 1870 17 view .LVU1649
 4821 00b0 4FF0010C 		mov	ip, #1
 4822 00b4 1FE0     		b	.L302
 4823              	.L304:
1897:Drivers/STM32F4xx_HAL_Driver/Src/stm32f4xx_ll_usb.c **** 
 4824              		.loc 1 1897 11 is_stmt 1 view .LVU1650
1897:Drivers/STM32F4xx_HAL_Driver/Src/stm32f4xx_ll_usb.c **** 
 4825              		.loc 1 1897 24 is_stmt 0 view .LVU1651
 4826 00b6 CC61     		str	r4, [r1, #28]
1899:Drivers/STM32F4xx_HAL_Driver/Src/stm32f4xx_ll_usb.c ****           {
 4827              		.loc 1 1899 11 is_stmt 1 view .LVU1652
1899:Drivers/STM32F4xx_HAL_Driver/Src/stm32f4xx_ll_usb.c ****           {
 4828              		.loc 1 1899 18 is_stmt 0 view .LVU1653
 4829 00b8 CC68     		ldr	r4, [r1, #12]
1899:Drivers/STM32F4xx_HAL_Driver/Src/stm32f4xx_ll_usb.c ****           {
 4830              		.loc 1 1899 54 view .LVU1654
 4831 00ba 013C     		subs	r4, r4, #1
1899:Drivers/STM32F4xx_HAL_Driver/Src/stm32f4xx_ll_usb.c ****           {
 4832              		.loc 1 1899 14 view .LVU1655
 4833 00bc 012C     		cmp	r4, #1
 4834 00be 04D9     		bls	.L306
1901:Drivers/STM32F4xx_HAL_Driver/Src/stm32f4xx_ll_usb.c ****           }
 4835              		.loc 1 1901 13 is_stmt 1 view .LVU1656
1901:Drivers/STM32F4xx_HAL_Driver/Src/stm32f4xx_ll_usb.c ****           }
 4836              		.loc 1 1901 34 is_stmt 0 view .LVU1657
 4837 00c0 0424     		movs	r4, #4
 4838 00c2 CC60     		str	r4, [r1, #12]
1870:Drivers/STM32F4xx_HAL_Driver/Src/stm32f4xx_ll_usb.c **** 
 4839              		.loc 1 1870 17 view .LVU1658
 4840 00c4 4FF0010C 		mov	ip, #1
 4841 00c8 15E0     		b	.L302
 4842              	.L306:
1905:Drivers/STM32F4xx_HAL_Driver/Src/stm32f4xx_ll_usb.c ****           }
 4843              		.loc 1 1905 13 is_stmt 1 view .LVU1659
1905:Drivers/STM32F4xx_HAL_Driver/Src/stm32f4xx_ll_usb.c ****           }
 4844              		.loc 1 1905 34 is_stmt 0 view .LVU1660
 4845 00ca 0324     		movs	r4, #3
 4846 00cc CC60     		str	r4, [r1, #12]
1870:Drivers/STM32F4xx_HAL_Driver/Src/stm32f4xx_ll_usb.c **** 
 4847              		.loc 1 1870 17 view .LVU1661
 4848 00ce 4FF0010C 		mov	ip, #1
 4849 00d2 10E0     		b	.L302
 4850              	.L335:
1911:Drivers/STM32F4xx_HAL_Driver/Src/stm32f4xx_ll_usb.c ****         {
 4851              		.loc 1 1911 31 discriminator 1 view .LVU1662
 4852 00d4 0D6A     		ldr	r5, [r1, #32]
1911:Drivers/STM32F4xx_HAL_Driver/Src/stm32f4xx_ll_usb.c ****         {
 4853              		.loc 1 1911 46 discriminator 1 view .LVU1663
ARM GAS  /tmp/cccSJnlz.s 			page 147


 4854 00d6 8C8A     		ldrh	r4, [r1, #20]
1911:Drivers/STM32F4xx_HAL_Driver/Src/stm32f4xx_ll_usb.c ****         {
 4855              		.loc 1 1911 25 discriminator 1 view .LVU1664
 4856 00d8 A542     		cmp	r5, r4
 4857 00da D4D9     		bls	.L307
1913:Drivers/STM32F4xx_HAL_Driver/Src/stm32f4xx_ll_usb.c ****         }
 4858              		.loc 1 1913 11 is_stmt 1 view .LVU1665
1913:Drivers/STM32F4xx_HAL_Driver/Src/stm32f4xx_ll_usb.c ****         }
 4859              		.loc 1 1913 24 is_stmt 0 view .LVU1666
 4860 00dc CC61     		str	r4, [r1, #28]
1870:Drivers/STM32F4xx_HAL_Driver/Src/stm32f4xx_ll_usb.c **** 
 4861              		.loc 1 1870 17 view .LVU1667
 4862 00de 4FF0010C 		mov	ip, #1
1913:Drivers/STM32F4xx_HAL_Driver/Src/stm32f4xx_ll_usb.c ****         }
 4863              		.loc 1 1913 24 view .LVU1668
 4864 00e2 08E0     		b	.L302
 4865              	.LVL350:
 4866              	.L327:
1937:Drivers/STM32F4xx_HAL_Driver/Src/stm32f4xx_ll_usb.c ****     }
 4867              		.loc 1 1937 19 view .LVU1669
 4868 00e4 4FF0010C 		mov	ip, #1
 4869              	.L308:
 4870              	.LVL351:
1944:Drivers/STM32F4xx_HAL_Driver/Src/stm32f4xx_ll_usb.c ****     {
 4871              		.loc 1 1944 5 is_stmt 1 view .LVU1670
1944:Drivers/STM32F4xx_HAL_Driver/Src/stm32f4xx_ll_usb.c ****     {
 4872              		.loc 1 1944 11 is_stmt 0 view .LVU1671
 4873 00e8 CD78     		ldrb	r5, [r1, #3]	@ zero_extendqisi2
1944:Drivers/STM32F4xx_HAL_Driver/Src/stm32f4xx_ll_usb.c ****     {
 4874              		.loc 1 1944 8 view .LVU1672
 4875 00ea 002D     		cmp	r5, #0
 4876 00ec 62D0     		beq	.L309
1946:Drivers/STM32F4xx_HAL_Driver/Src/stm32f4xx_ll_usb.c ****     }
 4877              		.loc 1 1946 7 is_stmt 1 view .LVU1673
1946:Drivers/STM32F4xx_HAL_Driver/Src/stm32f4xx_ll_usb.c ****     }
 4878              		.loc 1 1946 48 is_stmt 0 view .LVU1674
 4879 00ee 8C8A     		ldrh	r4, [r1, #20]
1946:Drivers/STM32F4xx_HAL_Driver/Src/stm32f4xx_ll_usb.c ****     }
 4880              		.loc 1 1946 44 view .LVU1675
 4881 00f0 04FB0CF4 		mul	r4, r4, ip
1946:Drivers/STM32F4xx_HAL_Driver/Src/stm32f4xx_ll_usb.c ****     }
 4882              		.loc 1 1946 20 view .LVU1676
 4883 00f4 CC61     		str	r4, [r1, #28]
 4884              	.LVL352:
 4885              	.L302:
1955:Drivers/STM32F4xx_HAL_Driver/Src/stm32f4xx_ll_usb.c ****                             (((uint32_t)num_packets << 19) & USB_OTG_HCTSIZ_PKTCNT) |
 4886              		.loc 1 1955 3 is_stmt 1 view .LVU1677
1955:Drivers/STM32F4xx_HAL_Driver/Src/stm32f4xx_ll_usb.c ****                             (((uint32_t)num_packets << 19) & USB_OTG_HCTSIZ_PKTCNT) |
 4887              		.loc 1 1955 32 is_stmt 0 view .LVU1678
 4888 00f6 CC69     		ldr	r4, [r1, #28]
1955:Drivers/STM32F4xx_HAL_Driver/Src/stm32f4xx_ll_usb.c ****                             (((uint32_t)num_packets << 19) & USB_OTG_HCTSIZ_PKTCNT) |
 4889              		.loc 1 1955 43 view .LVU1679
 4890 00f8 C4F31204 		ubfx	r4, r4, #0, #19
1956:Drivers/STM32F4xx_HAL_Driver/Src/stm32f4xx_ll_usb.c ****                             (((uint32_t)hc->data_pid << 29) & USB_OTG_HCTSIZ_DPID);
 4891              		.loc 1 1956 60 view .LVU1680
 4892 00fc 604D     		ldr	r5, .L339+4
 4893 00fe 05EACC45 		and	r5, r5, ip, lsl #19
ARM GAS  /tmp/cccSJnlz.s 			page 148


1955:Drivers/STM32F4xx_HAL_Driver/Src/stm32f4xx_ll_usb.c ****                             (((uint32_t)num_packets << 19) & USB_OTG_HCTSIZ_PKTCNT) |
 4894              		.loc 1 1955 68 view .LVU1681
 4895 0102 2C43     		orrs	r4, r4, r5
1957:Drivers/STM32F4xx_HAL_Driver/Src/stm32f4xx_ll_usb.c **** 
 4896              		.loc 1 1957 43 view .LVU1682
 4897 0104 91F816C0 		ldrb	ip, [r1, #22]	@ zero_extendqisi2
 4898              	.LVL353:
1957:Drivers/STM32F4xx_HAL_Driver/Src/stm32f4xx_ll_usb.c **** 
 4899              		.loc 1 1957 54 view .LVU1683
 4900 0108 4FEA4C7C 		lsl	ip, ip, #29
1957:Drivers/STM32F4xx_HAL_Driver/Src/stm32f4xx_ll_usb.c **** 
 4901              		.loc 1 1957 61 view .LVU1684
 4902 010c 0CF0C04C 		and	ip, ip, #1610612736
1955:Drivers/STM32F4xx_HAL_Driver/Src/stm32f4xx_ll_usb.c ****                             (((uint32_t)num_packets << 19) & USB_OTG_HCTSIZ_PKTCNT) |
 4903              		.loc 1 1955 3 view .LVU1685
 4904 0110 00EB4313 		add	r3, r0, r3, lsl #5
 4905              	.LVL354:
1955:Drivers/STM32F4xx_HAL_Driver/Src/stm32f4xx_ll_usb.c ****                             (((uint32_t)num_packets << 19) & USB_OTG_HCTSIZ_PKTCNT) |
 4906              		.loc 1 1955 3 view .LVU1686
 4907 0114 03F5A06E 		add	lr, r3, #1280
1956:Drivers/STM32F4xx_HAL_Driver/Src/stm32f4xx_ll_usb.c ****                             (((uint32_t)hc->data_pid << 29) & USB_OTG_HCTSIZ_DPID);
 4908              		.loc 1 1956 85 view .LVU1687
 4909 0118 44EA0C04 		orr	r4, r4, ip
1955:Drivers/STM32F4xx_HAL_Driver/Src/stm32f4xx_ll_usb.c ****                             (((uint32_t)num_packets << 19) & USB_OTG_HCTSIZ_PKTCNT) |
 4910              		.loc 1 1955 27 view .LVU1688
 4911 011c CEF81040 		str	r4, [lr, #16]
1959:Drivers/STM32F4xx_HAL_Driver/Src/stm32f4xx_ll_usb.c ****   {
 4912              		.loc 1 1959 3 is_stmt 1 view .LVU1689
1959:Drivers/STM32F4xx_HAL_Driver/Src/stm32f4xx_ll_usb.c ****   {
 4913              		.loc 1 1959 6 is_stmt 0 view .LVU1690
 4914 0120 12B1     		cbz	r2, .L310
1962:Drivers/STM32F4xx_HAL_Driver/Src/stm32f4xx_ll_usb.c ****   }
 4915              		.loc 1 1962 5 is_stmt 1 view .LVU1691
1962:Drivers/STM32F4xx_HAL_Driver/Src/stm32f4xx_ll_usb.c ****   }
 4916              		.loc 1 1962 42 is_stmt 0 view .LVU1692
 4917 0122 8C69     		ldr	r4, [r1, #24]
1962:Drivers/STM32F4xx_HAL_Driver/Src/stm32f4xx_ll_usb.c ****   }
 4918              		.loc 1 1962 28 view .LVU1693
 4919 0124 CEF81440 		str	r4, [lr, #20]
 4920              	.L310:
1965:Drivers/STM32F4xx_HAL_Driver/Src/stm32f4xx_ll_usb.c ****   USBx_HC(ch_num)->HCCHAR &= ~USB_OTG_HCCHAR_ODDFRM;
 4921              		.loc 1 1965 3 is_stmt 1 view .LVU1694
1965:Drivers/STM32F4xx_HAL_Driver/Src/stm32f4xx_ll_usb.c ****   USBx_HC(ch_num)->HCCHAR &= ~USB_OTG_HCCHAR_ODDFRM;
 4922              		.loc 1 1965 29 is_stmt 0 view .LVU1695
 4923 0128 00F58065 		add	r5, r0, #1024
1965:Drivers/STM32F4xx_HAL_Driver/Src/stm32f4xx_ll_usb.c ****   USBx_HC(ch_num)->HCCHAR &= ~USB_OTG_HCCHAR_ODDFRM;
 4924              		.loc 1 1965 38 view .LVU1696
 4925 012c AC68     		ldr	r4, [r5, #8]
 4926              	.LVL355:
1966:Drivers/STM32F4xx_HAL_Driver/Src/stm32f4xx_ll_usb.c ****   USBx_HC(ch_num)->HCCHAR |= (uint32_t)is_oddframe << 29;
 4927              		.loc 1 1966 3 is_stmt 1 view .LVU1697
1966:Drivers/STM32F4xx_HAL_Driver/Src/stm32f4xx_ll_usb.c ****   USBx_HC(ch_num)->HCCHAR |= (uint32_t)is_oddframe << 29;
 4928              		.loc 1 1966 18 is_stmt 0 view .LVU1698
 4929 012e D3F80065 		ldr	r6, [r3, #1280]
1966:Drivers/STM32F4xx_HAL_Driver/Src/stm32f4xx_ll_usb.c ****   USBx_HC(ch_num)->HCCHAR |= (uint32_t)is_oddframe << 29;
 4930              		.loc 1 1966 27 view .LVU1699
 4931 0132 26F00056 		bic	r6, r6, #536870912
ARM GAS  /tmp/cccSJnlz.s 			page 149


 4932 0136 C3F80065 		str	r6, [r3, #1280]
1967:Drivers/STM32F4xx_HAL_Driver/Src/stm32f4xx_ll_usb.c **** 
 4933              		.loc 1 1967 3 is_stmt 1 view .LVU1700
1967:Drivers/STM32F4xx_HAL_Driver/Src/stm32f4xx_ll_usb.c **** 
 4934              		.loc 1 1967 18 is_stmt 0 view .LVU1701
 4935 013a D3F80065 		ldr	r6, [r3, #1280]
1967:Drivers/STM32F4xx_HAL_Driver/Src/stm32f4xx_ll_usb.c **** 
 4936              		.loc 1 1967 52 view .LVU1702
 4937 013e 6FEA040C 		mvn	ip, r4
 4938 0142 4FEA4C7C 		lsl	ip, ip, #29
 4939 0146 0CF0005C 		and	ip, ip, #536870912
1967:Drivers/STM32F4xx_HAL_Driver/Src/stm32f4xx_ll_usb.c **** 
 4940              		.loc 1 1967 27 view .LVU1703
 4941 014a 46EA0C06 		orr	r6, r6, ip
 4942 014e C3F80065 		str	r6, [r3, #1280]
1969:Drivers/STM32F4xx_HAL_Driver/Src/stm32f4xx_ll_usb.c ****   {
 4943              		.loc 1 1969 3 is_stmt 1 view .LVU1704
1969:Drivers/STM32F4xx_HAL_Driver/Src/stm32f4xx_ll_usb.c ****   {
 4944              		.loc 1 1969 9 is_stmt 0 view .LVU1705
 4945 0152 8C79     		ldrb	r4, [r1, #6]	@ zero_extendqisi2
 4946              	.LVL356:
1969:Drivers/STM32F4xx_HAL_Driver/Src/stm32f4xx_ll_usb.c ****   {
 4947              		.loc 1 1969 6 view .LVU1706
 4948 0154 012C     		cmp	r4, #1
 4949 0156 2FD0     		beq	.L337
2025:Drivers/STM32F4xx_HAL_Driver/Src/stm32f4xx_ll_usb.c ****   }
 4950              		.loc 1 2025 5 is_stmt 1 view .LVU1707
2025:Drivers/STM32F4xx_HAL_Driver/Src/stm32f4xx_ll_usb.c ****   }
 4951              		.loc 1 2025 39 is_stmt 0 view .LVU1708
 4952 0158 0024     		movs	r4, #0
 4953 015a CEF80440 		str	r4, [lr, #4]
 4954              	.L315:
2029:Drivers/STM32F4xx_HAL_Driver/Src/stm32f4xx_ll_usb.c ****   tmpreg &= ~USB_OTG_HCCHAR_CHDIS;
 4955              		.loc 1 2029 3 is_stmt 1 view .LVU1709
2029:Drivers/STM32F4xx_HAL_Driver/Src/stm32f4xx_ll_usb.c ****   tmpreg &= ~USB_OTG_HCCHAR_CHDIS;
 4956              		.loc 1 2029 27 is_stmt 0 view .LVU1710
 4957 015e D3F80045 		ldr	r4, [r3, #1280]
2029:Drivers/STM32F4xx_HAL_Driver/Src/stm32f4xx_ll_usb.c ****   tmpreg &= ~USB_OTG_HCCHAR_CHDIS;
 4958              		.loc 1 2029 10 view .LVU1711
 4959 0162 0394     		str	r4, [sp, #12]
2030:Drivers/STM32F4xx_HAL_Driver/Src/stm32f4xx_ll_usb.c **** 
 4960              		.loc 1 2030 3 is_stmt 1 view .LVU1712
2030:Drivers/STM32F4xx_HAL_Driver/Src/stm32f4xx_ll_usb.c **** 
 4961              		.loc 1 2030 10 is_stmt 0 view .LVU1713
 4962 0164 039C     		ldr	r4, [sp, #12]
 4963 0166 24F08044 		bic	r4, r4, #1073741824
 4964 016a 0394     		str	r4, [sp, #12]
2033:Drivers/STM32F4xx_HAL_Driver/Src/stm32f4xx_ll_usb.c ****   {
 4965              		.loc 1 2033 3 is_stmt 1 view .LVU1714
2033:Drivers/STM32F4xx_HAL_Driver/Src/stm32f4xx_ll_usb.c ****   {
 4966              		.loc 1 2033 9 is_stmt 0 view .LVU1715
 4967 016c CC78     		ldrb	r4, [r1, #3]	@ zero_extendqisi2
2033:Drivers/STM32F4xx_HAL_Driver/Src/stm32f4xx_ll_usb.c ****   {
 4968              		.loc 1 2033 6 view .LVU1716
 4969 016e 002C     		cmp	r4, #0
 4970 0170 7FD0     		beq	.L321
2035:Drivers/STM32F4xx_HAL_Driver/Src/stm32f4xx_ll_usb.c ****   }
ARM GAS  /tmp/cccSJnlz.s 			page 150


 4971              		.loc 1 2035 5 is_stmt 1 view .LVU1717
2035:Drivers/STM32F4xx_HAL_Driver/Src/stm32f4xx_ll_usb.c ****   }
 4972              		.loc 1 2035 12 is_stmt 0 view .LVU1718
 4973 0172 039C     		ldr	r4, [sp, #12]
 4974 0174 44F40044 		orr	r4, r4, #32768
 4975 0178 0394     		str	r4, [sp, #12]
 4976              	.L322:
2041:Drivers/STM32F4xx_HAL_Driver/Src/stm32f4xx_ll_usb.c ****   USBx_HC(ch_num)->HCCHAR = tmpreg;
 4977              		.loc 1 2041 3 is_stmt 1 view .LVU1719
2041:Drivers/STM32F4xx_HAL_Driver/Src/stm32f4xx_ll_usb.c ****   USBx_HC(ch_num)->HCCHAR = tmpreg;
 4978              		.loc 1 2041 10 is_stmt 0 view .LVU1720
 4979 017a 039C     		ldr	r4, [sp, #12]
 4980 017c 44F00044 		orr	r4, r4, #-2147483648
 4981 0180 0394     		str	r4, [sp, #12]
2042:Drivers/STM32F4xx_HAL_Driver/Src/stm32f4xx_ll_usb.c **** 
 4982              		.loc 1 2042 3 is_stmt 1 view .LVU1721
2042:Drivers/STM32F4xx_HAL_Driver/Src/stm32f4xx_ll_usb.c **** 
 4983              		.loc 1 2042 27 is_stmt 0 view .LVU1722
 4984 0182 039C     		ldr	r4, [sp, #12]
 4985 0184 C3F80045 		str	r4, [r3, #1280]
2044:Drivers/STM32F4xx_HAL_Driver/Src/stm32f4xx_ll_usb.c ****   {
 4986              		.loc 1 2044 3 is_stmt 1 view .LVU1723
2044:Drivers/STM32F4xx_HAL_Driver/Src/stm32f4xx_ll_usb.c ****   {
 4987              		.loc 1 2044 6 is_stmt 0 view .LVU1724
 4988 0188 002A     		cmp	r2, #0
 4989 018a 40F08D80 		bne	.L299
2049:Drivers/STM32F4xx_HAL_Driver/Src/stm32f4xx_ll_usb.c ****   {
 4990              		.loc 1 2049 3 is_stmt 1 view .LVU1725
2049:Drivers/STM32F4xx_HAL_Driver/Src/stm32f4xx_ll_usb.c ****   {
 4991              		.loc 1 2049 10 is_stmt 0 view .LVU1726
 4992 018e CB78     		ldrb	r3, [r1, #3]	@ zero_extendqisi2
2049:Drivers/STM32F4xx_HAL_Driver/Src/stm32f4xx_ll_usb.c ****   {
 4993              		.loc 1 2049 6 view .LVU1727
 4994 0190 002B     		cmp	r3, #0
 4995 0192 40F08980 		bne	.L299
2049:Drivers/STM32F4xx_HAL_Driver/Src/stm32f4xx_ll_usb.c ****   {
 4996              		.loc 1 2049 34 discriminator 1 view .LVU1728
 4997 0196 0B6A     		ldr	r3, [r1, #32]
2049:Drivers/STM32F4xx_HAL_Driver/Src/stm32f4xx_ll_usb.c ****   {
 4998              		.loc 1 2049 28 discriminator 1 view .LVU1729
 4999 0198 002B     		cmp	r3, #0
 5000 019a 00F08580 		beq	.L299
2049:Drivers/STM32F4xx_HAL_Driver/Src/stm32f4xx_ll_usb.c ****   {
 5001              		.loc 1 2049 57 discriminator 2 view .LVU1730
 5002 019e CA79     		ldrb	r2, [r1, #7]	@ zero_extendqisi2
 5003              	.LVL357:
2049:Drivers/STM32F4xx_HAL_Driver/Src/stm32f4xx_ll_usb.c ****   {
 5004              		.loc 1 2049 51 discriminator 2 view .LVU1731
 5005 01a0 002A     		cmp	r2, #0
 5006 01a2 40F08180 		bne	.L299
2051:Drivers/STM32F4xx_HAL_Driver/Src/stm32f4xx_ll_usb.c ****     {
 5007              		.loc 1 2051 5 is_stmt 1 view .LVU1732
2051:Drivers/STM32F4xx_HAL_Driver/Src/stm32f4xx_ll_usb.c ****     {
 5008              		.loc 1 2051 15 is_stmt 0 view .LVU1733
 5009 01a6 8A7C     		ldrb	r2, [r1, #18]	@ zero_extendqisi2
2051:Drivers/STM32F4xx_HAL_Driver/Src/stm32f4xx_ll_usb.c ****     {
 5010              		.loc 1 2051 5 view .LVU1734
ARM GAS  /tmp/cccSJnlz.s 			page 151


 5011 01a8 032A     		cmp	r2, #3
 5012 01aa 76D8     		bhi	.L323
 5013 01ac DFE802F0 		tbb	[pc, r2]
 5014              	.L325:
 5015 01b0 6A       		.byte	(.L326-.L325)/2
 5016 01b1 7F       		.byte	(.L324-.L325)/2
 5017 01b2 6A       		.byte	(.L326-.L325)/2
 5018 01b3 7F       		.byte	(.L324-.L325)/2
 5019              	.LVL358:
 5020              		.p2align 1
 5021              	.L309:
1950:Drivers/STM32F4xx_HAL_Driver/Src/stm32f4xx_ll_usb.c ****     }
 5022              		.loc 1 1950 7 is_stmt 1 view .LVU1735
1950:Drivers/STM32F4xx_HAL_Driver/Src/stm32f4xx_ll_usb.c ****     }
 5023              		.loc 1 1950 20 is_stmt 0 view .LVU1736
 5024 01b4 CC61     		str	r4, [r1, #28]
 5025 01b6 9EE7     		b	.L302
 5026              	.LVL359:
 5027              	.L337:
1972:Drivers/STM32F4xx_HAL_Driver/Src/stm32f4xx_ll_usb.c ****                                         (uint32_t)hc->hub_port_nbr | USB_OTG_HCSPLT_SPLITEN;
 5028              		.loc 1 1972 5 is_stmt 1 view .LVU1737
1972:Drivers/STM32F4xx_HAL_Driver/Src/stm32f4xx_ll_usb.c ****                                         (uint32_t)hc->hub_port_nbr | USB_OTG_HCSPLT_SPLITEN;
 5029              		.loc 1 1972 54 is_stmt 0 view .LVU1738
 5030 01b8 4E7C     		ldrb	r6, [r1, #17]	@ zero_extendqisi2
1973:Drivers/STM32F4xx_HAL_Driver/Src/stm32f4xx_ll_usb.c **** 
 5031              		.loc 1 1973 53 view .LVU1739
 5032 01ba 0C7C     		ldrb	r4, [r1, #16]	@ zero_extendqisi2
1972:Drivers/STM32F4xx_HAL_Driver/Src/stm32f4xx_ll_usb.c ****                                         (uint32_t)hc->hub_port_nbr | USB_OTG_HCSPLT_SPLITEN;
 5033              		.loc 1 1972 96 view .LVU1740
 5034 01bc 44EAC614 		orr	r4, r4, r6, lsl #7
1973:Drivers/STM32F4xx_HAL_Driver/Src/stm32f4xx_ll_usb.c **** 
 5035              		.loc 1 1973 68 view .LVU1741
 5036 01c0 44F00044 		orr	r4, r4, #-2147483648
1972:Drivers/STM32F4xx_HAL_Driver/Src/stm32f4xx_ll_usb.c ****                                         (uint32_t)hc->hub_port_nbr | USB_OTG_HCSPLT_SPLITEN;
 5037              		.loc 1 1972 39 view .LVU1742
 5038 01c4 CEF80440 		str	r4, [lr, #4]
1976:Drivers/STM32F4xx_HAL_Driver/Src/stm32f4xx_ll_usb.c ****                                             USB_OTG_HCINTMSK_NYET);
 5039              		.loc 1 1976 5 is_stmt 1 view .LVU1743
1976:Drivers/STM32F4xx_HAL_Driver/Src/stm32f4xx_ll_usb.c ****                                             USB_OTG_HCINTMSK_NYET);
 5040              		.loc 1 1976 30 is_stmt 0 view .LVU1744
 5041 01c8 DEF80C40 		ldr	r4, [lr, #12]
1976:Drivers/STM32F4xx_HAL_Driver/Src/stm32f4xx_ll_usb.c ****                                             USB_OTG_HCINTMSK_NYET);
 5042              		.loc 1 1976 41 view .LVU1745
 5043 01cc 44F06004 		orr	r4, r4, #96
 5044 01d0 CEF80C40 		str	r4, [lr, #12]
1979:Drivers/STM32F4xx_HAL_Driver/Src/stm32f4xx_ll_usb.c ****     {
 5045              		.loc 1 1979 5 is_stmt 1 view .LVU1746
1979:Drivers/STM32F4xx_HAL_Driver/Src/stm32f4xx_ll_usb.c ****     {
 5046              		.loc 1 1979 12 is_stmt 0 view .LVU1747
 5047 01d4 CC79     		ldrb	r4, [r1, #7]	@ zero_extendqisi2
1979:Drivers/STM32F4xx_HAL_Driver/Src/stm32f4xx_ll_usb.c ****     {
 5048              		.loc 1 1979 8 view .LVU1748
 5049 01d6 012C     		cmp	r4, #1
 5050 01d8 12D0     		beq	.L338
 5051              	.L312:
1985:Drivers/STM32F4xx_HAL_Driver/Src/stm32f4xx_ll_usb.c ****         (hc->do_csplit == 1U) && (hc->ep_is_in == 1U))
 5052              		.loc 1 1985 5 is_stmt 1 view .LVU1749
ARM GAS  /tmp/cccSJnlz.s 			page 152


1985:Drivers/STM32F4xx_HAL_Driver/Src/stm32f4xx_ll_usb.c ****         (hc->do_csplit == 1U) && (hc->ep_is_in == 1U))
 5053              		.loc 1 1985 13 is_stmt 0 view .LVU1750
 5054 01da 8C7C     		ldrb	r4, [r1, #18]	@ zero_extendqisi2
1985:Drivers/STM32F4xx_HAL_Driver/Src/stm32f4xx_ll_usb.c ****         (hc->do_csplit == 1U) && (hc->ep_is_in == 1U))
 5055              		.loc 1 1985 8 view .LVU1751
 5056 01dc 012C     		cmp	r4, #1
 5057 01de 1FD0     		beq	.L313
1985:Drivers/STM32F4xx_HAL_Driver/Src/stm32f4xx_ll_usb.c ****         (hc->do_csplit == 1U) && (hc->ep_is_in == 1U))
 5058              		.loc 1 1985 40 discriminator 2 view .LVU1752
 5059 01e0 032C     		cmp	r4, #3
 5060 01e2 1DD0     		beq	.L313
 5061              	.L314:
1992:Drivers/STM32F4xx_HAL_Driver/Src/stm32f4xx_ll_usb.c ****     {
 5062              		.loc 1 1992 5 is_stmt 1 view .LVU1753
1992:Drivers/STM32F4xx_HAL_Driver/Src/stm32f4xx_ll_usb.c ****     {
 5063              		.loc 1 1992 12 is_stmt 0 view .LVU1754
 5064 01e4 8C7C     		ldrb	r4, [r1, #18]	@ zero_extendqisi2
1992:Drivers/STM32F4xx_HAL_Driver/Src/stm32f4xx_ll_usb.c ****     {
 5065              		.loc 1 1992 8 view .LVU1755
 5066 01e6 012C     		cmp	r4, #1
 5067 01e8 B9D1     		bne	.L315
1992:Drivers/STM32F4xx_HAL_Driver/Src/stm32f4xx_ll_usb.c ****     {
 5068              		.loc 1 1992 45 discriminator 1 view .LVU1756
 5069 01ea CC78     		ldrb	r4, [r1, #3]	@ zero_extendqisi2
1992:Drivers/STM32F4xx_HAL_Driver/Src/stm32f4xx_ll_usb.c ****     {
 5070              		.loc 1 1992 39 discriminator 1 view .LVU1757
 5071 01ec 002C     		cmp	r4, #0
 5072 01ee B6D1     		bne	.L315
1995:Drivers/STM32F4xx_HAL_Driver/Src/stm32f4xx_ll_usb.c ****       {
 5073              		.loc 1 1995 7 is_stmt 1 view .LVU1758
1995:Drivers/STM32F4xx_HAL_Driver/Src/stm32f4xx_ll_usb.c ****       {
 5074              		.loc 1 1995 17 is_stmt 0 view .LVU1759
 5075 01f0 CC68     		ldr	r4, [r1, #12]
1995:Drivers/STM32F4xx_HAL_Driver/Src/stm32f4xx_ll_usb.c ****       {
 5076              		.loc 1 1995 7 view .LVU1760
 5077 01f2 013C     		subs	r4, r4, #1
 5078 01f4 032C     		cmp	r4, #3
 5079 01f6 B2D8     		bhi	.L315
 5080 01f8 DFE804F0 		tbb	[pc, r4]
 5081              	.L317:
 5082 01fc 1F       		.byte	(.L320-.L317)/2
 5083 01fd 26       		.byte	(.L319-.L317)/2
 5084 01fe 2D       		.byte	(.L318-.L317)/2
 5085 01ff 34       		.byte	(.L316-.L317)/2
 5086              		.p2align 1
 5087              	.L338:
1979:Drivers/STM32F4xx_HAL_Driver/Src/stm32f4xx_ll_usb.c ****     {
 5088              		.loc 1 1979 37 discriminator 1 view .LVU1761
 5089 0200 CC78     		ldrb	r4, [r1, #3]	@ zero_extendqisi2
1979:Drivers/STM32F4xx_HAL_Driver/Src/stm32f4xx_ll_usb.c ****     {
 5090              		.loc 1 1979 31 discriminator 1 view .LVU1762
 5091 0202 002C     		cmp	r4, #0
 5092 0204 E9D1     		bne	.L312
1981:Drivers/STM32F4xx_HAL_Driver/Src/stm32f4xx_ll_usb.c ****       USBx_HC((uint32_t)ch_num)->HCINTMSK |= USB_OTG_HCINTMSK_NYET;
 5093              		.loc 1 1981 7 is_stmt 1 view .LVU1763
1981:Drivers/STM32F4xx_HAL_Driver/Src/stm32f4xx_ll_usb.c ****       USBx_HC((uint32_t)ch_num)->HCINTMSK |= USB_OTG_HCINTMSK_NYET;
 5094              		.loc 1 1981 32 is_stmt 0 view .LVU1764
ARM GAS  /tmp/cccSJnlz.s 			page 153


 5095 0206 DEF80440 		ldr	r4, [lr, #4]
1981:Drivers/STM32F4xx_HAL_Driver/Src/stm32f4xx_ll_usb.c ****       USBx_HC((uint32_t)ch_num)->HCINTMSK |= USB_OTG_HCINTMSK_NYET;
 5096              		.loc 1 1981 41 view .LVU1765
 5097 020a 44F48034 		orr	r4, r4, #65536
 5098 020e CEF80440 		str	r4, [lr, #4]
1982:Drivers/STM32F4xx_HAL_Driver/Src/stm32f4xx_ll_usb.c ****     }
 5099              		.loc 1 1982 7 is_stmt 1 view .LVU1766
1982:Drivers/STM32F4xx_HAL_Driver/Src/stm32f4xx_ll_usb.c ****     }
 5100              		.loc 1 1982 32 is_stmt 0 view .LVU1767
 5101 0212 DEF80C40 		ldr	r4, [lr, #12]
1982:Drivers/STM32F4xx_HAL_Driver/Src/stm32f4xx_ll_usb.c ****     }
 5102              		.loc 1 1982 43 view .LVU1768
 5103 0216 44F04004 		orr	r4, r4, #64
 5104 021a CEF80C40 		str	r4, [lr, #12]
 5105 021e DCE7     		b	.L312
 5106              	.L313:
1986:Drivers/STM32F4xx_HAL_Driver/Src/stm32f4xx_ll_usb.c ****     {
 5107              		.loc 1 1986 12 view .LVU1769
 5108 0220 CC79     		ldrb	r4, [r1, #7]	@ zero_extendqisi2
1985:Drivers/STM32F4xx_HAL_Driver/Src/stm32f4xx_ll_usb.c ****         (hc->do_csplit == 1U) && (hc->ep_is_in == 1U))
 5109              		.loc 1 1985 74 discriminator 3 view .LVU1770
 5110 0222 012C     		cmp	r4, #1
 5111 0224 DED1     		bne	.L314
1986:Drivers/STM32F4xx_HAL_Driver/Src/stm32f4xx_ll_usb.c ****     {
 5112              		.loc 1 1986 37 view .LVU1771
 5113 0226 CC78     		ldrb	r4, [r1, #3]	@ zero_extendqisi2
1986:Drivers/STM32F4xx_HAL_Driver/Src/stm32f4xx_ll_usb.c ****     {
 5114              		.loc 1 1986 31 view .LVU1772
 5115 0228 012C     		cmp	r4, #1
 5116 022a DBD1     		bne	.L314
1988:Drivers/STM32F4xx_HAL_Driver/Src/stm32f4xx_ll_usb.c ****     }
 5117              		.loc 1 1988 7 is_stmt 1 view .LVU1773
1988:Drivers/STM32F4xx_HAL_Driver/Src/stm32f4xx_ll_usb.c ****     }
 5118              		.loc 1 1988 32 is_stmt 0 view .LVU1774
 5119 022c DEF80440 		ldr	r4, [lr, #4]
1988:Drivers/STM32F4xx_HAL_Driver/Src/stm32f4xx_ll_usb.c ****     }
 5120              		.loc 1 1988 41 view .LVU1775
 5121 0230 44F48034 		orr	r4, r4, #65536
 5122 0234 CEF80440 		str	r4, [lr, #4]
 5123 0238 D4E7     		b	.L314
 5124              	.L320:
1999:Drivers/STM32F4xx_HAL_Driver/Src/stm32f4xx_ll_usb.c ****           break;
 5125              		.loc 1 1999 11 is_stmt 1 view .LVU1776
1999:Drivers/STM32F4xx_HAL_Driver/Src/stm32f4xx_ll_usb.c ****           break;
 5126              		.loc 1 1999 36 is_stmt 0 view .LVU1777
 5127 023a DEF80440 		ldr	r4, [lr, #4]
1999:Drivers/STM32F4xx_HAL_Driver/Src/stm32f4xx_ll_usb.c ****           break;
 5128              		.loc 1 1999 45 view .LVU1778
 5129 023e 44F40044 		orr	r4, r4, #32768
 5130 0242 CEF80440 		str	r4, [lr, #4]
2000:Drivers/STM32F4xx_HAL_Driver/Src/stm32f4xx_ll_usb.c **** 
 5131              		.loc 1 2000 11 is_stmt 1 view .LVU1779
 5132 0246 8AE7     		b	.L315
 5133              	.L319:
2004:Drivers/STM32F4xx_HAL_Driver/Src/stm32f4xx_ll_usb.c ****           break;
 5134              		.loc 1 2004 11 view .LVU1780
2004:Drivers/STM32F4xx_HAL_Driver/Src/stm32f4xx_ll_usb.c ****           break;
ARM GAS  /tmp/cccSJnlz.s 			page 154


 5135              		.loc 1 2004 36 is_stmt 0 view .LVU1781
 5136 0248 DEF80440 		ldr	r4, [lr, #4]
2004:Drivers/STM32F4xx_HAL_Driver/Src/stm32f4xx_ll_usb.c ****           break;
 5137              		.loc 1 2004 45 view .LVU1782
 5138 024c 44F00E04 		orr	r4, r4, #14
 5139 0250 CEF80440 		str	r4, [lr, #4]
2005:Drivers/STM32F4xx_HAL_Driver/Src/stm32f4xx_ll_usb.c **** 
 5140              		.loc 1 2005 11 is_stmt 1 view .LVU1783
 5141 0254 83E7     		b	.L315
 5142              	.L318:
2009:Drivers/STM32F4xx_HAL_Driver/Src/stm32f4xx_ll_usb.c ****           break;
 5143              		.loc 1 2009 11 view .LVU1784
2009:Drivers/STM32F4xx_HAL_Driver/Src/stm32f4xx_ll_usb.c ****           break;
 5144              		.loc 1 2009 36 is_stmt 0 view .LVU1785
 5145 0256 DEF80440 		ldr	r4, [lr, #4]
2009:Drivers/STM32F4xx_HAL_Driver/Src/stm32f4xx_ll_usb.c ****           break;
 5146              		.loc 1 2009 45 view .LVU1786
 5147 025a 44F48044 		orr	r4, r4, #16384
 5148 025e CEF80440 		str	r4, [lr, #4]
2010:Drivers/STM32F4xx_HAL_Driver/Src/stm32f4xx_ll_usb.c **** 
 5149              		.loc 1 2010 11 is_stmt 1 view .LVU1787
 5150 0262 7CE7     		b	.L315
 5151              	.L316:
2014:Drivers/STM32F4xx_HAL_Driver/Src/stm32f4xx_ll_usb.c ****           break;
 5152              		.loc 1 2014 11 view .LVU1788
2014:Drivers/STM32F4xx_HAL_Driver/Src/stm32f4xx_ll_usb.c ****           break;
 5153              		.loc 1 2014 36 is_stmt 0 view .LVU1789
 5154 0264 DEF80440 		ldr	r4, [lr, #4]
2014:Drivers/STM32F4xx_HAL_Driver/Src/stm32f4xx_ll_usb.c ****           break;
 5155              		.loc 1 2014 45 view .LVU1790
 5156 0268 44F44044 		orr	r4, r4, #49152
 5157 026c CEF80440 		str	r4, [lr, #4]
2015:Drivers/STM32F4xx_HAL_Driver/Src/stm32f4xx_ll_usb.c **** 
 5158              		.loc 1 2015 11 is_stmt 1 view .LVU1791
 5159 0270 75E7     		b	.L315
 5160              	.L321:
2039:Drivers/STM32F4xx_HAL_Driver/Src/stm32f4xx_ll_usb.c ****   }
 5161              		.loc 1 2039 5 view .LVU1792
2039:Drivers/STM32F4xx_HAL_Driver/Src/stm32f4xx_ll_usb.c ****   }
 5162              		.loc 1 2039 12 is_stmt 0 view .LVU1793
 5163 0272 039C     		ldr	r4, [sp, #12]
 5164 0274 24F40044 		bic	r4, r4, #32768
 5165 0278 0394     		str	r4, [sp, #12]
 5166 027a 7EE7     		b	.L322
 5167              	.L340:
 5168              		.align	2
 5169              	.L339:
 5170 027c 00000440 		.word	1074003968
 5171 0280 0000F81F 		.word	536346624
 5172              	.LVL360:
 5173              	.L326:
2057:Drivers/STM32F4xx_HAL_Driver/Src/stm32f4xx_ll_usb.c **** 
 5174              		.loc 1 2057 9 is_stmt 1 view .LVU1794
2057:Drivers/STM32F4xx_HAL_Driver/Src/stm32f4xx_ll_usb.c **** 
 5175              		.loc 1 2057 46 is_stmt 0 view .LVU1795
 5176 0284 0333     		adds	r3, r3, #3
 5177              	.LVL361:
ARM GAS  /tmp/cccSJnlz.s 			page 155


2060:Drivers/STM32F4xx_HAL_Driver/Src/stm32f4xx_ll_usb.c ****         {
 5178              		.loc 1 2060 9 is_stmt 1 view .LVU1796
2060:Drivers/STM32F4xx_HAL_Driver/Src/stm32f4xx_ll_usb.c ****         {
 5179              		.loc 1 2060 30 is_stmt 0 view .LVU1797
 5180 0286 C26A     		ldr	r2, [r0, #44]
2060:Drivers/STM32F4xx_HAL_Driver/Src/stm32f4xx_ll_usb.c ****         {
 5181              		.loc 1 2060 41 view .LVU1798
 5182 0288 92B2     		uxth	r2, r2
2060:Drivers/STM32F4xx_HAL_Driver/Src/stm32f4xx_ll_usb.c ****         {
 5183              		.loc 1 2060 12 view .LVU1799
 5184 028a C3F38F03 		ubfx	r3, r3, #2, #16
 5185              	.LVL362:
2060:Drivers/STM32F4xx_HAL_Driver/Src/stm32f4xx_ll_usb.c ****         {
 5186              		.loc 1 2060 12 view .LVU1800
 5187 028e 9A42     		cmp	r2, r3
 5188 0290 03D2     		bcs	.L323
2063:Drivers/STM32F4xx_HAL_Driver/Src/stm32f4xx_ll_usb.c ****         }
 5189              		.loc 1 2063 11 is_stmt 1 view .LVU1801
2063:Drivers/STM32F4xx_HAL_Driver/Src/stm32f4xx_ll_usb.c ****         }
 5190              		.loc 1 2063 15 is_stmt 0 view .LVU1802
 5191 0292 8369     		ldr	r3, [r0, #24]
2063:Drivers/STM32F4xx_HAL_Driver/Src/stm32f4xx_ll_usb.c ****         }
 5192              		.loc 1 2063 25 view .LVU1803
 5193 0294 43F02003 		orr	r3, r3, #32
 5194 0298 8361     		str	r3, [r0, #24]
 5195              	.LVL363:
 5196              	.L323:
2084:Drivers/STM32F4xx_HAL_Driver/Src/stm32f4xx_ll_usb.c ****   }
 5197              		.loc 1 2084 5 is_stmt 1 view .LVU1804
2084:Drivers/STM32F4xx_HAL_Driver/Src/stm32f4xx_ll_usb.c ****   }
 5198              		.loc 1 2084 11 is_stmt 0 view .LVU1805
 5199 029a 0023     		movs	r3, #0
 5200 029c 0093     		str	r3, [sp]
 5201 029e 0B8C     		ldrh	r3, [r1, #32]
 5202 02a0 4A78     		ldrb	r2, [r1, #1]	@ zero_extendqisi2
 5203 02a2 8969     		ldr	r1, [r1, #24]
 5204              	.LVL364:
2084:Drivers/STM32F4xx_HAL_Driver/Src/stm32f4xx_ll_usb.c ****   }
 5205              		.loc 1 2084 11 view .LVU1806
 5206 02a4 FFF7FEFF 		bl	USB_WritePacket
 5207              	.LVL365:
 5208              	.L299:
2088:Drivers/STM32F4xx_HAL_Driver/Src/stm32f4xx_ll_usb.c **** 
 5209              		.loc 1 2088 1 view .LVU1807
 5210 02a8 0020     		movs	r0, #0
 5211 02aa 04B0     		add	sp, sp, #16
 5212              	.LCFI58:
 5213              		.cfi_remember_state
 5214              		.cfi_def_cfa_offset 16
 5215              		@ sp needed
 5216 02ac 70BD     		pop	{r4, r5, r6, pc}
 5217              	.LVL366:
 5218              	.L324:
 5219              	.LCFI59:
 5220              		.cfi_restore_state
2070:Drivers/STM32F4xx_HAL_Driver/Src/stm32f4xx_ll_usb.c ****         /* check if there is enough space in FIFO space */
 5221              		.loc 1 2070 9 is_stmt 1 view .LVU1808
ARM GAS  /tmp/cccSJnlz.s 			page 156


2070:Drivers/STM32F4xx_HAL_Driver/Src/stm32f4xx_ll_usb.c ****         /* check if there is enough space in FIFO space */
 5222              		.loc 1 2070 46 is_stmt 0 view .LVU1809
 5223 02ae 0333     		adds	r3, r3, #3
 5224              	.LVL367:
2072:Drivers/STM32F4xx_HAL_Driver/Src/stm32f4xx_ll_usb.c ****         {
 5225              		.loc 1 2072 9 is_stmt 1 view .LVU1810
2072:Drivers/STM32F4xx_HAL_Driver/Src/stm32f4xx_ll_usb.c ****         {
 5226              		.loc 1 2072 35 is_stmt 0 view .LVU1811
 5227 02b0 2A69     		ldr	r2, [r5, #16]
2072:Drivers/STM32F4xx_HAL_Driver/Src/stm32f4xx_ll_usb.c ****         {
 5228              		.loc 1 2072 45 view .LVU1812
 5229 02b2 92B2     		uxth	r2, r2
2072:Drivers/STM32F4xx_HAL_Driver/Src/stm32f4xx_ll_usb.c ****         {
 5230              		.loc 1 2072 12 view .LVU1813
 5231 02b4 C3F38F03 		ubfx	r3, r3, #2, #16
 5232              	.LVL368:
2072:Drivers/STM32F4xx_HAL_Driver/Src/stm32f4xx_ll_usb.c ****         {
 5233              		.loc 1 2072 12 view .LVU1814
 5234 02b8 9A42     		cmp	r2, r3
 5235 02ba EED2     		bcs	.L323
2075:Drivers/STM32F4xx_HAL_Driver/Src/stm32f4xx_ll_usb.c ****         }
 5236              		.loc 1 2075 11 is_stmt 1 view .LVU1815
2075:Drivers/STM32F4xx_HAL_Driver/Src/stm32f4xx_ll_usb.c ****         }
 5237              		.loc 1 2075 15 is_stmt 0 view .LVU1816
 5238 02bc 8369     		ldr	r3, [r0, #24]
2075:Drivers/STM32F4xx_HAL_Driver/Src/stm32f4xx_ll_usb.c ****         }
 5239              		.loc 1 2075 25 view .LVU1817
 5240 02be 43F08063 		orr	r3, r3, #67108864
 5241 02c2 8361     		str	r3, [r0, #24]
 5242              	.LVL369:
2075:Drivers/STM32F4xx_HAL_Driver/Src/stm32f4xx_ll_usb.c ****         }
 5243              		.loc 1 2075 25 view .LVU1818
 5244 02c4 E9E7     		b	.L323
 5245              		.cfi_endproc
 5246              	.LFE281:
 5248 02c6 00BF     		.section	.text.USB_StopHost,"ax",%progbits
 5249              		.align	1
 5250              		.global	USB_StopHost
 5251              		.syntax unified
 5252              		.thumb
 5253              		.thumb_func
 5255              	USB_StopHost:
 5256              	.LVL370:
 5257              	.LFB285:
2211:Drivers/STM32F4xx_HAL_Driver/Src/stm32f4xx_ll_usb.c **** 
2212:Drivers/STM32F4xx_HAL_Driver/Src/stm32f4xx_ll_usb.c **** /**
2213:Drivers/STM32F4xx_HAL_Driver/Src/stm32f4xx_ll_usb.c ****   * @brief  Stop Host Core
2214:Drivers/STM32F4xx_HAL_Driver/Src/stm32f4xx_ll_usb.c ****   * @param  USBx  Selected device
2215:Drivers/STM32F4xx_HAL_Driver/Src/stm32f4xx_ll_usb.c ****   * @retval HAL state
2216:Drivers/STM32F4xx_HAL_Driver/Src/stm32f4xx_ll_usb.c ****   */
2217:Drivers/STM32F4xx_HAL_Driver/Src/stm32f4xx_ll_usb.c **** HAL_StatusTypeDef USB_StopHost(USB_OTG_GlobalTypeDef *USBx)
2218:Drivers/STM32F4xx_HAL_Driver/Src/stm32f4xx_ll_usb.c **** {
 5258              		.loc 1 2218 1 is_stmt 1 view -0
 5259              		.cfi_startproc
 5260              		@ args = 0, pretend = 0, frame = 8
 5261              		@ frame_needed = 0, uses_anonymous_args = 0
 5262              		.loc 1 2218 1 is_stmt 0 view .LVU1820
ARM GAS  /tmp/cccSJnlz.s 			page 157


 5263 0000 30B5     		push	{r4, r5, lr}
 5264              	.LCFI60:
 5265              		.cfi_def_cfa_offset 12
 5266              		.cfi_offset 4, -12
 5267              		.cfi_offset 5, -8
 5268              		.cfi_offset 14, -4
 5269 0002 83B0     		sub	sp, sp, #12
 5270              	.LCFI61:
 5271              		.cfi_def_cfa_offset 24
 5272 0004 0446     		mov	r4, r0
2219:Drivers/STM32F4xx_HAL_Driver/Src/stm32f4xx_ll_usb.c ****   HAL_StatusTypeDef ret = HAL_OK;
 5273              		.loc 1 2219 3 is_stmt 1 view .LVU1821
 5274              	.LVL371:
2220:Drivers/STM32F4xx_HAL_Driver/Src/stm32f4xx_ll_usb.c ****   uint32_t USBx_BASE = (uint32_t)USBx;
 5275              		.loc 1 2220 3 view .LVU1822
2221:Drivers/STM32F4xx_HAL_Driver/Src/stm32f4xx_ll_usb.c ****   __IO uint32_t count = 0U;
 5276              		.loc 1 2221 3 view .LVU1823
 5277              		.loc 1 2221 17 is_stmt 0 view .LVU1824
 5278 0006 0023     		movs	r3, #0
 5279 0008 0193     		str	r3, [sp, #4]
2222:Drivers/STM32F4xx_HAL_Driver/Src/stm32f4xx_ll_usb.c ****   uint32_t value;
 5280              		.loc 1 2222 3 is_stmt 1 view .LVU1825
2223:Drivers/STM32F4xx_HAL_Driver/Src/stm32f4xx_ll_usb.c ****   uint32_t i;
 5281              		.loc 1 2223 3 view .LVU1826
2224:Drivers/STM32F4xx_HAL_Driver/Src/stm32f4xx_ll_usb.c **** 
2225:Drivers/STM32F4xx_HAL_Driver/Src/stm32f4xx_ll_usb.c ****   (void)USB_DisableGlobalInt(USBx);
 5282              		.loc 1 2225 3 view .LVU1827
 5283              		.loc 1 2225 9 is_stmt 0 view .LVU1828
 5284 000a FFF7FEFF 		bl	USB_DisableGlobalInt
 5285              	.LVL372:
2226:Drivers/STM32F4xx_HAL_Driver/Src/stm32f4xx_ll_usb.c **** 
2227:Drivers/STM32F4xx_HAL_Driver/Src/stm32f4xx_ll_usb.c ****   /* Flush USB FIFO */
2228:Drivers/STM32F4xx_HAL_Driver/Src/stm32f4xx_ll_usb.c ****   if (USB_FlushTxFifo(USBx, 0x10U) != HAL_OK) /* all Tx FIFOs */
 5286              		.loc 1 2228 3 is_stmt 1 view .LVU1829
 5287              		.loc 1 2228 7 is_stmt 0 view .LVU1830
 5288 000e 1021     		movs	r1, #16
 5289 0010 2046     		mov	r0, r4
 5290 0012 FFF7FEFF 		bl	USB_FlushTxFifo
 5291              	.LVL373:
 5292              		.loc 1 2228 6 discriminator 1 view .LVU1831
 5293 0016 0546     		mov	r5, r0
 5294 0018 00B1     		cbz	r0, .L342
2229:Drivers/STM32F4xx_HAL_Driver/Src/stm32f4xx_ll_usb.c ****   {
2230:Drivers/STM32F4xx_HAL_Driver/Src/stm32f4xx_ll_usb.c ****     ret = HAL_ERROR;
 5295              		.loc 1 2230 9 view .LVU1832
 5296 001a 0125     		movs	r5, #1
 5297              	.L342:
 5298              	.LVL374:
2231:Drivers/STM32F4xx_HAL_Driver/Src/stm32f4xx_ll_usb.c ****   }
2232:Drivers/STM32F4xx_HAL_Driver/Src/stm32f4xx_ll_usb.c **** 
2233:Drivers/STM32F4xx_HAL_Driver/Src/stm32f4xx_ll_usb.c ****   if (USB_FlushRxFifo(USBx) != HAL_OK)
 5299              		.loc 1 2233 3 is_stmt 1 view .LVU1833
 5300              		.loc 1 2233 7 is_stmt 0 view .LVU1834
 5301 001c 2046     		mov	r0, r4
 5302 001e FFF7FEFF 		bl	USB_FlushRxFifo
 5303              	.LVL375:
 5304              		.loc 1 2233 6 discriminator 1 view .LVU1835
ARM GAS  /tmp/cccSJnlz.s 			page 158


 5305 0022 00B1     		cbz	r0, .L343
2234:Drivers/STM32F4xx_HAL_Driver/Src/stm32f4xx_ll_usb.c ****   {
2235:Drivers/STM32F4xx_HAL_Driver/Src/stm32f4xx_ll_usb.c ****     ret = HAL_ERROR;
 5306              		.loc 1 2235 9 view .LVU1836
 5307 0024 0125     		movs	r5, #1
 5308              	.LVL376:
 5309              	.L343:
2236:Drivers/STM32F4xx_HAL_Driver/Src/stm32f4xx_ll_usb.c ****   }
2237:Drivers/STM32F4xx_HAL_Driver/Src/stm32f4xx_ll_usb.c **** 
2238:Drivers/STM32F4xx_HAL_Driver/Src/stm32f4xx_ll_usb.c ****   /* Flush out any leftover queued requests. */
2239:Drivers/STM32F4xx_HAL_Driver/Src/stm32f4xx_ll_usb.c ****   for (i = 0U; i <= 15U; i++)
 5310              		.loc 1 2239 3 is_stmt 1 view .LVU1837
 5311              		.loc 1 2239 10 is_stmt 0 view .LVU1838
 5312 0026 0022     		movs	r2, #0
 5313              		.loc 1 2239 3 view .LVU1839
 5314 0028 0AE0     		b	.L344
 5315              	.LVL377:
 5316              	.L345:
2240:Drivers/STM32F4xx_HAL_Driver/Src/stm32f4xx_ll_usb.c ****   {
2241:Drivers/STM32F4xx_HAL_Driver/Src/stm32f4xx_ll_usb.c ****     value = USBx_HC(i)->HCCHAR;
 5317              		.loc 1 2241 5 is_stmt 1 view .LVU1840
 5318              		.loc 1 2241 13 is_stmt 0 view .LVU1841
 5319 002a 04EB4211 		add	r1, r4, r2, lsl #5
 5320              		.loc 1 2241 11 view .LVU1842
 5321 002e D1F80035 		ldr	r3, [r1, #1280]
 5322              	.LVL378:
2242:Drivers/STM32F4xx_HAL_Driver/Src/stm32f4xx_ll_usb.c ****     value |=  USB_OTG_HCCHAR_CHDIS;
 5323              		.loc 1 2242 5 is_stmt 1 view .LVU1843
2243:Drivers/STM32F4xx_HAL_Driver/Src/stm32f4xx_ll_usb.c ****     value &= ~USB_OTG_HCCHAR_CHENA;
 5324              		.loc 1 2243 5 view .LVU1844
2244:Drivers/STM32F4xx_HAL_Driver/Src/stm32f4xx_ll_usb.c ****     value &= ~USB_OTG_HCCHAR_EPDIR;
 5325              		.loc 1 2244 5 view .LVU1845
 5326 0032 23F08023 		bic	r3, r3, #-2147450880
 5327              	.LVL379:
 5328              		.loc 1 2244 11 is_stmt 0 view .LVU1846
 5329 0036 43F08043 		orr	r3, r3, #1073741824
 5330              	.LVL380:
2245:Drivers/STM32F4xx_HAL_Driver/Src/stm32f4xx_ll_usb.c ****     USBx_HC(i)->HCCHAR = value;
 5331              		.loc 1 2245 5 is_stmt 1 view .LVU1847
 5332              		.loc 1 2245 24 is_stmt 0 view .LVU1848
 5333 003a C1F80035 		str	r3, [r1, #1280]
2239:Drivers/STM32F4xx_HAL_Driver/Src/stm32f4xx_ll_usb.c ****   {
 5334              		.loc 1 2239 27 is_stmt 1 discriminator 3 view .LVU1849
 5335 003e 0132     		adds	r2, r2, #1
 5336              	.LVL381:
 5337              	.L344:
2239:Drivers/STM32F4xx_HAL_Driver/Src/stm32f4xx_ll_usb.c ****   {
 5338              		.loc 1 2239 18 discriminator 1 view .LVU1850
 5339 0040 0F2A     		cmp	r2, #15
 5340 0042 F2D9     		bls	.L345
2246:Drivers/STM32F4xx_HAL_Driver/Src/stm32f4xx_ll_usb.c ****   }
2247:Drivers/STM32F4xx_HAL_Driver/Src/stm32f4xx_ll_usb.c **** 
2248:Drivers/STM32F4xx_HAL_Driver/Src/stm32f4xx_ll_usb.c ****   /* Halt all channels to put them into a known state. */
2249:Drivers/STM32F4xx_HAL_Driver/Src/stm32f4xx_ll_usb.c ****   for (i = 0U; i <= 15U; i++)
 5341              		.loc 1 2249 10 is_stmt 0 view .LVU1851
 5342 0044 0021     		movs	r1, #0
 5343 0046 00E0     		b	.L346
ARM GAS  /tmp/cccSJnlz.s 			page 159


 5344              	.LVL382:
 5345              	.L347:
 5346              		.loc 1 2249 27 is_stmt 1 discriminator 2 view .LVU1852
 5347 0048 0131     		adds	r1, r1, #1
 5348              	.LVL383:
 5349              	.L346:
 5350              		.loc 1 2249 18 discriminator 1 view .LVU1853
 5351 004a 0F29     		cmp	r1, #15
 5352 004c 16D8     		bhi	.L353
2250:Drivers/STM32F4xx_HAL_Driver/Src/stm32f4xx_ll_usb.c ****   {
2251:Drivers/STM32F4xx_HAL_Driver/Src/stm32f4xx_ll_usb.c ****     value = USBx_HC(i)->HCCHAR;
 5353              		.loc 1 2251 5 view .LVU1854
 5354              		.loc 1 2251 13 is_stmt 0 view .LVU1855
 5355 004e 04EB4110 		add	r0, r4, r1, lsl #5
 5356 0052 00F5A062 		add	r2, r0, #1280
 5357              		.loc 1 2251 11 view .LVU1856
 5358 0056 D0F80035 		ldr	r3, [r0, #1280]
 5359              	.LVL384:
2252:Drivers/STM32F4xx_HAL_Driver/Src/stm32f4xx_ll_usb.c ****     value |= USB_OTG_HCCHAR_CHDIS;
 5360              		.loc 1 2252 5 is_stmt 1 view .LVU1857
2253:Drivers/STM32F4xx_HAL_Driver/Src/stm32f4xx_ll_usb.c ****     value |= USB_OTG_HCCHAR_CHENA;
 5361              		.loc 1 2253 5 view .LVU1858
2254:Drivers/STM32F4xx_HAL_Driver/Src/stm32f4xx_ll_usb.c ****     value &= ~USB_OTG_HCCHAR_EPDIR;
 5362              		.loc 1 2254 5 view .LVU1859
 5363 005a 23F40043 		bic	r3, r3, #32768
 5364              	.LVL385:
 5365              		.loc 1 2254 11 is_stmt 0 view .LVU1860
 5366 005e 43F04043 		orr	r3, r3, #-1073741824
 5367              	.LVL386:
2255:Drivers/STM32F4xx_HAL_Driver/Src/stm32f4xx_ll_usb.c ****     USBx_HC(i)->HCCHAR = value;
 5368              		.loc 1 2255 5 is_stmt 1 view .LVU1861
 5369              		.loc 1 2255 24 is_stmt 0 view .LVU1862
 5370 0062 C0F80035 		str	r3, [r0, #1280]
 5371              	.LVL387:
 5372              	.L348:
2256:Drivers/STM32F4xx_HAL_Driver/Src/stm32f4xx_ll_usb.c **** 
2257:Drivers/STM32F4xx_HAL_Driver/Src/stm32f4xx_ll_usb.c ****     do
 5373              		.loc 1 2257 5 is_stmt 1 view .LVU1863
2258:Drivers/STM32F4xx_HAL_Driver/Src/stm32f4xx_ll_usb.c ****     {
2259:Drivers/STM32F4xx_HAL_Driver/Src/stm32f4xx_ll_usb.c ****       count++;
 5374              		.loc 1 2259 7 view .LVU1864
 5375              		.loc 1 2259 12 is_stmt 0 view .LVU1865
 5376 0066 019B     		ldr	r3, [sp, #4]
 5377 0068 0133     		adds	r3, r3, #1
 5378 006a 0193     		str	r3, [sp, #4]
2260:Drivers/STM32F4xx_HAL_Driver/Src/stm32f4xx_ll_usb.c **** 
2261:Drivers/STM32F4xx_HAL_Driver/Src/stm32f4xx_ll_usb.c ****       if (count > 1000U)
 5379              		.loc 1 2261 7 is_stmt 1 view .LVU1866
 5380              		.loc 1 2261 17 is_stmt 0 view .LVU1867
 5381 006c 019B     		ldr	r3, [sp, #4]
 5382              		.loc 1 2261 10 view .LVU1868
 5383 006e B3F57A7F 		cmp	r3, #1000
 5384 0072 E9D8     		bhi	.L347
2262:Drivers/STM32F4xx_HAL_Driver/Src/stm32f4xx_ll_usb.c ****       {
2263:Drivers/STM32F4xx_HAL_Driver/Src/stm32f4xx_ll_usb.c ****         break;
2264:Drivers/STM32F4xx_HAL_Driver/Src/stm32f4xx_ll_usb.c ****       }
2265:Drivers/STM32F4xx_HAL_Driver/Src/stm32f4xx_ll_usb.c ****     } while ((USBx_HC(i)->HCCHAR & USB_OTG_HCCHAR_CHENA) == USB_OTG_HCCHAR_CHENA);
ARM GAS  /tmp/cccSJnlz.s 			page 160


 5385              		.loc 1 2265 58 is_stmt 1 view .LVU1869
 5386              		.loc 1 2265 25 is_stmt 0 view .LVU1870
 5387 0074 1368     		ldr	r3, [r2]
 5388              		.loc 1 2265 58 view .LVU1871
 5389 0076 002B     		cmp	r3, #0
 5390 0078 F5DB     		blt	.L348
 5391 007a E5E7     		b	.L347
 5392              	.LVL388:
 5393              	.L353:
2266:Drivers/STM32F4xx_HAL_Driver/Src/stm32f4xx_ll_usb.c ****   }
2267:Drivers/STM32F4xx_HAL_Driver/Src/stm32f4xx_ll_usb.c **** 
2268:Drivers/STM32F4xx_HAL_Driver/Src/stm32f4xx_ll_usb.c ****   /* Clear any pending Host interrupts */
2269:Drivers/STM32F4xx_HAL_Driver/Src/stm32f4xx_ll_usb.c ****   USBx_HOST->HAINT = CLEAR_INTERRUPT_MASK;
 5394              		.loc 1 2269 3 is_stmt 1 view .LVU1872
 5395              		.loc 1 2269 20 is_stmt 0 view .LVU1873
 5396 007c 4FF0FF33 		mov	r3, #-1
 5397 0080 C4F81434 		str	r3, [r4, #1044]
2270:Drivers/STM32F4xx_HAL_Driver/Src/stm32f4xx_ll_usb.c ****   USBx->GINTSTS = CLEAR_INTERRUPT_MASK;
 5398              		.loc 1 2270 3 is_stmt 1 view .LVU1874
 5399              		.loc 1 2270 17 is_stmt 0 view .LVU1875
 5400 0084 6361     		str	r3, [r4, #20]
2271:Drivers/STM32F4xx_HAL_Driver/Src/stm32f4xx_ll_usb.c **** 
2272:Drivers/STM32F4xx_HAL_Driver/Src/stm32f4xx_ll_usb.c ****   (void)USB_EnableGlobalInt(USBx);
 5401              		.loc 1 2272 3 is_stmt 1 view .LVU1876
 5402              		.loc 1 2272 9 is_stmt 0 view .LVU1877
 5403 0086 2046     		mov	r0, r4
 5404 0088 FFF7FEFF 		bl	USB_EnableGlobalInt
 5405              	.LVL389:
2273:Drivers/STM32F4xx_HAL_Driver/Src/stm32f4xx_ll_usb.c **** 
2274:Drivers/STM32F4xx_HAL_Driver/Src/stm32f4xx_ll_usb.c ****   return ret;
 5406              		.loc 1 2274 3 is_stmt 1 view .LVU1878
2275:Drivers/STM32F4xx_HAL_Driver/Src/stm32f4xx_ll_usb.c **** }
 5407              		.loc 1 2275 1 is_stmt 0 view .LVU1879
 5408 008c 2846     		mov	r0, r5
 5409 008e 03B0     		add	sp, sp, #12
 5410              	.LCFI62:
 5411              		.cfi_def_cfa_offset 12
 5412              		@ sp needed
 5413 0090 30BD     		pop	{r4, r5, pc}
 5414              		.loc 1 2275 1 view .LVU1880
 5415              		.cfi_endproc
 5416              	.LFE285:
 5418              		.section	.text.USB_ActivateRemoteWakeup,"ax",%progbits
 5419              		.align	1
 5420              		.global	USB_ActivateRemoteWakeup
 5421              		.syntax unified
 5422              		.thumb
 5423              		.thumb_func
 5425              	USB_ActivateRemoteWakeup:
 5426              	.LVL390:
 5427              	.LFB286:
2276:Drivers/STM32F4xx_HAL_Driver/Src/stm32f4xx_ll_usb.c **** 
2277:Drivers/STM32F4xx_HAL_Driver/Src/stm32f4xx_ll_usb.c **** /**
2278:Drivers/STM32F4xx_HAL_Driver/Src/stm32f4xx_ll_usb.c ****   * @brief  USB_ActivateRemoteWakeup active remote wakeup signalling
2279:Drivers/STM32F4xx_HAL_Driver/Src/stm32f4xx_ll_usb.c ****   * @param  USBx Selected device
2280:Drivers/STM32F4xx_HAL_Driver/Src/stm32f4xx_ll_usb.c ****   * @retval HAL status
2281:Drivers/STM32F4xx_HAL_Driver/Src/stm32f4xx_ll_usb.c ****   */
ARM GAS  /tmp/cccSJnlz.s 			page 161


2282:Drivers/STM32F4xx_HAL_Driver/Src/stm32f4xx_ll_usb.c **** HAL_StatusTypeDef USB_ActivateRemoteWakeup(const USB_OTG_GlobalTypeDef *USBx)
2283:Drivers/STM32F4xx_HAL_Driver/Src/stm32f4xx_ll_usb.c **** {
 5428              		.loc 1 2283 1 is_stmt 1 view -0
 5429              		.cfi_startproc
 5430              		@ args = 0, pretend = 0, frame = 0
 5431              		@ frame_needed = 0, uses_anonymous_args = 0
 5432              		@ link register save eliminated.
2284:Drivers/STM32F4xx_HAL_Driver/Src/stm32f4xx_ll_usb.c ****   uint32_t USBx_BASE = (uint32_t)USBx;
 5433              		.loc 1 2284 3 view .LVU1882
2285:Drivers/STM32F4xx_HAL_Driver/Src/stm32f4xx_ll_usb.c **** 
2286:Drivers/STM32F4xx_HAL_Driver/Src/stm32f4xx_ll_usb.c ****   if ((USBx_DEVICE->DSTS & USB_OTG_DSTS_SUSPSTS) == USB_OTG_DSTS_SUSPSTS)
 5434              		.loc 1 2286 3 view .LVU1883
 5435              		.loc 1 2286 19 is_stmt 0 view .LVU1884
 5436 0000 D0F80838 		ldr	r3, [r0, #2056]
 5437              		.loc 1 2286 8 view .LVU1885
 5438 0004 00F50060 		add	r0, r0, #2048
 5439              	.LVL391:
 5440              		.loc 1 2286 6 view .LVU1886
 5441 0008 13F0010F 		tst	r3, #1
 5442 000c 03D0     		beq	.L355
2287:Drivers/STM32F4xx_HAL_Driver/Src/stm32f4xx_ll_usb.c ****   {
2288:Drivers/STM32F4xx_HAL_Driver/Src/stm32f4xx_ll_usb.c ****     /* active Remote wakeup signalling */
2289:Drivers/STM32F4xx_HAL_Driver/Src/stm32f4xx_ll_usb.c ****     USBx_DEVICE->DCTL |= USB_OTG_DCTL_RWUSIG;
 5443              		.loc 1 2289 5 is_stmt 1 view .LVU1887
 5444              		.loc 1 2289 16 is_stmt 0 view .LVU1888
 5445 000e 4368     		ldr	r3, [r0, #4]
 5446              		.loc 1 2289 23 view .LVU1889
 5447 0010 43F00103 		orr	r3, r3, #1
 5448 0014 4360     		str	r3, [r0, #4]
 5449              	.L355:
2290:Drivers/STM32F4xx_HAL_Driver/Src/stm32f4xx_ll_usb.c ****   }
2291:Drivers/STM32F4xx_HAL_Driver/Src/stm32f4xx_ll_usb.c **** 
2292:Drivers/STM32F4xx_HAL_Driver/Src/stm32f4xx_ll_usb.c ****   return HAL_OK;
 5450              		.loc 1 2292 3 is_stmt 1 view .LVU1890
2293:Drivers/STM32F4xx_HAL_Driver/Src/stm32f4xx_ll_usb.c **** }
 5451              		.loc 1 2293 1 is_stmt 0 view .LVU1891
 5452 0016 0020     		movs	r0, #0
 5453              	.LVL392:
 5454              		.loc 1 2293 1 view .LVU1892
 5455 0018 7047     		bx	lr
 5456              		.cfi_endproc
 5457              	.LFE286:
 5459              		.section	.text.USB_DeActivateRemoteWakeup,"ax",%progbits
 5460              		.align	1
 5461              		.global	USB_DeActivateRemoteWakeup
 5462              		.syntax unified
 5463              		.thumb
 5464              		.thumb_func
 5466              	USB_DeActivateRemoteWakeup:
 5467              	.LVL393:
 5468              	.LFB287:
2294:Drivers/STM32F4xx_HAL_Driver/Src/stm32f4xx_ll_usb.c **** 
2295:Drivers/STM32F4xx_HAL_Driver/Src/stm32f4xx_ll_usb.c **** /**
2296:Drivers/STM32F4xx_HAL_Driver/Src/stm32f4xx_ll_usb.c ****   * @brief  USB_DeActivateRemoteWakeup de-active remote wakeup signalling
2297:Drivers/STM32F4xx_HAL_Driver/Src/stm32f4xx_ll_usb.c ****   * @param  USBx Selected device
2298:Drivers/STM32F4xx_HAL_Driver/Src/stm32f4xx_ll_usb.c ****   * @retval HAL status
2299:Drivers/STM32F4xx_HAL_Driver/Src/stm32f4xx_ll_usb.c ****   */
ARM GAS  /tmp/cccSJnlz.s 			page 162


2300:Drivers/STM32F4xx_HAL_Driver/Src/stm32f4xx_ll_usb.c **** HAL_StatusTypeDef USB_DeActivateRemoteWakeup(const USB_OTG_GlobalTypeDef *USBx)
2301:Drivers/STM32F4xx_HAL_Driver/Src/stm32f4xx_ll_usb.c **** {
 5469              		.loc 1 2301 1 is_stmt 1 view -0
 5470              		.cfi_startproc
 5471              		@ args = 0, pretend = 0, frame = 0
 5472              		@ frame_needed = 0, uses_anonymous_args = 0
 5473              		@ link register save eliminated.
2302:Drivers/STM32F4xx_HAL_Driver/Src/stm32f4xx_ll_usb.c ****   uint32_t USBx_BASE = (uint32_t)USBx;
 5474              		.loc 1 2302 3 view .LVU1894
2303:Drivers/STM32F4xx_HAL_Driver/Src/stm32f4xx_ll_usb.c **** 
2304:Drivers/STM32F4xx_HAL_Driver/Src/stm32f4xx_ll_usb.c ****   /* active Remote wakeup signalling */
2305:Drivers/STM32F4xx_HAL_Driver/Src/stm32f4xx_ll_usb.c ****   USBx_DEVICE->DCTL &= ~(USB_OTG_DCTL_RWUSIG);
 5475              		.loc 1 2305 3 view .LVU1895
 5476              		.loc 1 2305 14 is_stmt 0 view .LVU1896
 5477 0000 D0F80438 		ldr	r3, [r0, #2052]
 5478              		.loc 1 2305 21 view .LVU1897
 5479 0004 23F00103 		bic	r3, r3, #1
 5480 0008 C0F80438 		str	r3, [r0, #2052]
2306:Drivers/STM32F4xx_HAL_Driver/Src/stm32f4xx_ll_usb.c **** 
2307:Drivers/STM32F4xx_HAL_Driver/Src/stm32f4xx_ll_usb.c ****   return HAL_OK;
 5481              		.loc 1 2307 3 is_stmt 1 view .LVU1898
2308:Drivers/STM32F4xx_HAL_Driver/Src/stm32f4xx_ll_usb.c **** }
 5482              		.loc 1 2308 1 is_stmt 0 view .LVU1899
 5483 000c 0020     		movs	r0, #0
 5484              	.LVL394:
 5485              		.loc 1 2308 1 view .LVU1900
 5486 000e 7047     		bx	lr
 5487              		.cfi_endproc
 5488              	.LFE287:
 5490              		.text
 5491              	.Letext0:
 5492              		.file 2 "/opt/st/stm32cubeclt_1.21.0/GNU-tools-for-STM32/arm-none-eabi/include/machine/_default_ty
 5493              		.file 3 "/opt/st/stm32cubeclt_1.21.0/GNU-tools-for-STM32/arm-none-eabi/include/sys/_stdint.h"
 5494              		.file 4 "Drivers/CMSIS/Include/cmsis_gcc.h"
 5495              		.file 5 "Drivers/CMSIS/Device/ST/STM32F4xx/Include/stm32f407xx.h"
 5496              		.file 6 "Drivers/STM32F4xx_HAL_Driver/Inc/stm32f4xx_hal_def.h"
 5497              		.file 7 "Drivers/STM32F4xx_HAL_Driver/Inc/stm32f4xx_ll_usb.h"
 5498              		.file 8 "Drivers/STM32F4xx_HAL_Driver/Inc/stm32f4xx_hal.h"
ARM GAS  /tmp/cccSJnlz.s 			page 163


DEFINED SYMBOLS
                            *ABS*:00000000 stm32f4xx_ll_usb.c
     /tmp/cccSJnlz.s:21     .text.USB_CoreReset:00000000 $t
     /tmp/cccSJnlz.s:26     .text.USB_CoreReset:00000000 USB_CoreReset
     /tmp/cccSJnlz.s:135    .text.USB_CoreInit:00000000 $t
     /tmp/cccSJnlz.s:141    .text.USB_CoreInit:00000000 USB_CoreInit
     /tmp/cccSJnlz.s:283    .text.USB_SetTurnaroundTime:00000000 $t
     /tmp/cccSJnlz.s:289    .text.USB_SetTurnaroundTime:00000000 USB_SetTurnaroundTime
     /tmp/cccSJnlz.s:442    .text.USB_SetTurnaroundTime:000000a8 $d
     /tmp/cccSJnlz.s:461    .text.USB_EnableGlobalInt:00000000 $t
     /tmp/cccSJnlz.s:467    .text.USB_EnableGlobalInt:00000000 USB_EnableGlobalInt
     /tmp/cccSJnlz.s:491    .text.USB_DisableGlobalInt:00000000 $t
     /tmp/cccSJnlz.s:497    .text.USB_DisableGlobalInt:00000000 USB_DisableGlobalInt
     /tmp/cccSJnlz.s:521    .text.USB_FlushTxFifo:00000000 $t
     /tmp/cccSJnlz.s:527    .text.USB_FlushTxFifo:00000000 USB_FlushTxFifo
     /tmp/cccSJnlz.s:624    .text.USB_FlushRxFifo:00000000 $t
     /tmp/cccSJnlz.s:630    .text.USB_FlushRxFifo:00000000 USB_FlushRxFifo
     /tmp/cccSJnlz.s:723    .text.USB_SetDevSpeed:00000000 $t
     /tmp/cccSJnlz.s:729    .text.USB_SetDevSpeed:00000000 USB_SetDevSpeed
     /tmp/cccSJnlz.s:756    .text.USB_DevInit:00000000 $t
     /tmp/cccSJnlz.s:762    .text.USB_DevInit:00000000 USB_DevInit
     /tmp/cccSJnlz.s:1121   .text.USB_DevInit:00000194 $d
     /tmp/cccSJnlz.s:1126   .text.USB_GetDevSpeed:00000000 $t
     /tmp/cccSJnlz.s:1132   .text.USB_GetDevSpeed:00000000 USB_GetDevSpeed
     /tmp/cccSJnlz.s:1185   .text.USB_ActivateEndpoint:00000000 $t
     /tmp/cccSJnlz.s:1191   .text.USB_ActivateEndpoint:00000000 USB_ActivateEndpoint
     /tmp/cccSJnlz.s:1307   .text.USB_ActivateDedicatedEndpoint:00000000 $t
     /tmp/cccSJnlz.s:1313   .text.USB_ActivateDedicatedEndpoint:00000000 USB_ActivateDedicatedEndpoint
     /tmp/cccSJnlz.s:1438   .text.USB_DeactivateEndpoint:00000000 $t
     /tmp/cccSJnlz.s:1444   .text.USB_DeactivateEndpoint:00000000 USB_DeactivateEndpoint
     /tmp/cccSJnlz.s:1615   .text.USB_DeactivateEndpoint:000000d8 $d
     /tmp/cccSJnlz.s:1621   .text.USB_DeactivateDedicatedEndpoint:00000000 $t
     /tmp/cccSJnlz.s:1627   .text.USB_DeactivateDedicatedEndpoint:00000000 USB_DeactivateDedicatedEndpoint
     /tmp/cccSJnlz.s:1756   .text.USB_EPStopXfer:00000000 $t
     /tmp/cccSJnlz.s:1762   .text.USB_EPStopXfer:00000000 USB_EPStopXfer
     /tmp/cccSJnlz.s:1921   .text.USB_WritePacket:00000000 $t
     /tmp/cccSJnlz.s:1927   .text.USB_WritePacket:00000000 USB_WritePacket
     /tmp/cccSJnlz.s:1996   .text.USB_EPStartXfer:00000000 $t
     /tmp/cccSJnlz.s:2002   .text.USB_EPStartXfer:00000000 USB_EPStartXfer
     /tmp/cccSJnlz.s:2476   .text.USB_EPStartXfer:00000240 $d
     /tmp/cccSJnlz.s:2481   .text.USB_ReadPacket:00000000 $t
     /tmp/cccSJnlz.s:2487   .text.USB_ReadPacket:00000000 USB_ReadPacket
     /tmp/cccSJnlz.s:2586   .text.USB_EPSetStall:00000000 $t
     /tmp/cccSJnlz.s:2592   .text.USB_EPSetStall:00000000 USB_EPSetStall
     /tmp/cccSJnlz.s:2675   .text.USB_EPClearStall:00000000 $t
     /tmp/cccSJnlz.s:2681   .text.USB_EPClearStall:00000000 USB_EPClearStall
     /tmp/cccSJnlz.s:2766   .text.USB_StopDevice:00000000 $t
     /tmp/cccSJnlz.s:2772   .text.USB_StopDevice:00000000 USB_StopDevice
     /tmp/cccSJnlz.s:2854   .text.USB_SetDevAddress:00000000 $t
     /tmp/cccSJnlz.s:2860   .text.USB_SetDevAddress:00000000 USB_SetDevAddress
     /tmp/cccSJnlz.s:2896   .text.USB_DevConnect:00000000 $t
     /tmp/cccSJnlz.s:2902   .text.USB_DevConnect:00000000 USB_DevConnect
     /tmp/cccSJnlz.s:2932   .text.USB_DevDisconnect:00000000 $t
     /tmp/cccSJnlz.s:2938   .text.USB_DevDisconnect:00000000 USB_DevDisconnect
     /tmp/cccSJnlz.s:2968   .text.USB_ReadInterrupts:00000000 $t
     /tmp/cccSJnlz.s:2974   .text.USB_ReadInterrupts:00000000 USB_ReadInterrupts
     /tmp/cccSJnlz.s:3001   .text.USB_ReadChInterrupts:00000000 $t
ARM GAS  /tmp/cccSJnlz.s 			page 164


     /tmp/cccSJnlz.s:3007   .text.USB_ReadChInterrupts:00000000 USB_ReadChInterrupts
     /tmp/cccSJnlz.s:3040   .text.USB_ReadDevAllOutEpInterrupt:00000000 $t
     /tmp/cccSJnlz.s:3046   .text.USB_ReadDevAllOutEpInterrupt:00000000 USB_ReadDevAllOutEpInterrupt
     /tmp/cccSJnlz.s:3079   .text.USB_ReadDevAllInEpInterrupt:00000000 $t
     /tmp/cccSJnlz.s:3085   .text.USB_ReadDevAllInEpInterrupt:00000000 USB_ReadDevAllInEpInterrupt
     /tmp/cccSJnlz.s:3118   .text.USB_ReadDevOutEPInterrupt:00000000 $t
     /tmp/cccSJnlz.s:3124   .text.USB_ReadDevOutEPInterrupt:00000000 USB_ReadDevOutEPInterrupt
     /tmp/cccSJnlz.s:3158   .text.USB_ReadDevInEPInterrupt:00000000 $t
     /tmp/cccSJnlz.s:3164   .text.USB_ReadDevInEPInterrupt:00000000 USB_ReadDevInEPInterrupt
     /tmp/cccSJnlz.s:3215   .text.USB_ClearInterrupts:00000000 $t
     /tmp/cccSJnlz.s:3221   .text.USB_ClearInterrupts:00000000 USB_ClearInterrupts
     /tmp/cccSJnlz.s:3241   .text.USB_GetMode:00000000 $t
     /tmp/cccSJnlz.s:3247   .text.USB_GetMode:00000000 USB_GetMode
     /tmp/cccSJnlz.s:3266   .text.USB_SetCurrentMode:00000000 $t
     /tmp/cccSJnlz.s:3272   .text.USB_SetCurrentMode:00000000 USB_SetCurrentMode
     /tmp/cccSJnlz.s:3392   .text.USB_ActivateSetup:00000000 $t
     /tmp/cccSJnlz.s:3398   .text.USB_ActivateSetup:00000000 USB_ActivateSetup
     /tmp/cccSJnlz.s:3429   .text.USB_EP0_OutStart:00000000 $t
     /tmp/cccSJnlz.s:3435   .text.USB_EP0_OutStart:00000000 USB_EP0_OutStart
     /tmp/cccSJnlz.s:3516   .text.USB_EP0_OutStart:0000005c $d
     /tmp/cccSJnlz.s:3521   .text.USB_HostInit:00000000 $t
     /tmp/cccSJnlz.s:3527   .text.USB_HostInit:00000000 USB_HostInit
     /tmp/cccSJnlz.s:3744   .text.USB_HostInit:000000f0 $d
     /tmp/cccSJnlz.s:3752   .text.USB_InitFSLSPClkSel:00000000 $t
     /tmp/cccSJnlz.s:3758   .text.USB_InitFSLSPClkSel:00000000 USB_InitFSLSPClkSel
     /tmp/cccSJnlz.s:3821   .text.USB_ResetPort:00000000 $t
     /tmp/cccSJnlz.s:3827   .text.USB_ResetPort:00000000 USB_ResetPort
     /tmp/cccSJnlz.s:3896   .text.USB_DriveVbus:00000000 $t
     /tmp/cccSJnlz.s:3902   .text.USB_DriveVbus:00000000 USB_DriveVbus
     /tmp/cccSJnlz.s:3981   .text.USB_GetHostSpeed:00000000 $t
     /tmp/cccSJnlz.s:3987   .text.USB_GetHostSpeed:00000000 USB_GetHostSpeed
     /tmp/cccSJnlz.s:4025   .text.USB_GetCurrentFrame:00000000 $t
     /tmp/cccSJnlz.s:4031   .text.USB_GetCurrentFrame:00000000 USB_GetCurrentFrame
     /tmp/cccSJnlz.s:4054   .text.USB_HC_Init:00000000 $t
     /tmp/cccSJnlz.s:4060   .text.USB_HC_Init:00000000 USB_HC_Init
     /tmp/cccSJnlz.s:4102   .text.USB_HC_Init:00000022 $d
     /tmp/cccSJnlz.s:4106   .text.USB_HC_Init:00000026 $t
     /tmp/cccSJnlz.s:4314   .text.USB_HC_Init:0000012c $d
     /tmp/cccSJnlz.s:4319   .text.USB_HC_ReadInterrupt:00000000 $t
     /tmp/cccSJnlz.s:4325   .text.USB_HC_ReadInterrupt:00000000 USB_HC_ReadInterrupt
     /tmp/cccSJnlz.s:4348   .text.USB_HC_Halt:00000000 $t
     /tmp/cccSJnlz.s:4354   .text.USB_HC_Halt:00000000 USB_HC_Halt
     /tmp/cccSJnlz.s:4573   .text.USB_DoPing:00000000 $t
     /tmp/cccSJnlz.s:4579   .text.USB_DoPing:00000000 USB_DoPing
     /tmp/cccSJnlz.s:4619   .text.USB_DoPing:00000020 $d
     /tmp/cccSJnlz.s:4624   .text.USB_HC_StartXfer:00000000 $t
     /tmp/cccSJnlz.s:4630   .text.USB_HC_StartXfer:00000000 USB_HC_StartXfer
     /tmp/cccSJnlz.s:5015   .text.USB_HC_StartXfer:000001b0 $d
     /tmp/cccSJnlz.s:5020   .text.USB_HC_StartXfer:000001b4 $t
     /tmp/cccSJnlz.s:5082   .text.USB_HC_StartXfer:000001fc $d
     /tmp/cccSJnlz.s:5086   .text.USB_HC_StartXfer:00000200 $t
     /tmp/cccSJnlz.s:5170   .text.USB_HC_StartXfer:0000027c $d
     /tmp/cccSJnlz.s:5176   .text.USB_HC_StartXfer:00000284 $t
     /tmp/cccSJnlz.s:5249   .text.USB_StopHost:00000000 $t
     /tmp/cccSJnlz.s:5255   .text.USB_StopHost:00000000 USB_StopHost
     /tmp/cccSJnlz.s:5419   .text.USB_ActivateRemoteWakeup:00000000 $t
     /tmp/cccSJnlz.s:5425   .text.USB_ActivateRemoteWakeup:00000000 USB_ActivateRemoteWakeup
ARM GAS  /tmp/cccSJnlz.s 			page 165


     /tmp/cccSJnlz.s:5460   .text.USB_DeActivateRemoteWakeup:00000000 $t
     /tmp/cccSJnlz.s:5466   .text.USB_DeActivateRemoteWakeup:00000000 USB_DeActivateRemoteWakeup

UNDEFINED SYMBOLS
HAL_Delay
