ARM GAS  /tmp/ccXjaJpZ.s 			page 1


   1              		.cpu cortex-m4
   2              		.arch armv7e-m
   3              		.fpu fpv4-sp-d16
   4              		.eabi_attribute 27, 1
   5              		.eabi_attribute 28, 1
   6              		.eabi_attribute 20, 1
   7              		.eabi_attribute 21, 1
   8              		.eabi_attribute 23, 3
   9              		.eabi_attribute 24, 1
  10              		.eabi_attribute 25, 1
  11              		.eabi_attribute 26, 1
  12              		.eabi_attribute 30, 1
  13              		.eabi_attribute 34, 1
  14              		.eabi_attribute 18, 4
  15              		.file	"stm32f4xx_hal_i2s_ex.c"
  16              		.text
  17              	.Ltext0:
  18              		.cfi_sections	.debug_frame
  19              		.file 1 "Drivers/STM32F4xx_HAL_Driver/Src/stm32f4xx_hal_i2s_ex.c"
  20              		.section	.text.I2SEx_FullDuplexWaitFlagStateUntilTimeout,"ax",%progbits
  21              		.align	1
  22              		.syntax unified
  23              		.thumb
  24              		.thumb_func
  26              	I2SEx_FullDuplexWaitFlagStateUntilTimeout:
  27              	.LVL0:
  28              	.LFB252:
   1:Drivers/STM32F4xx_HAL_Driver/Src/stm32f4xx_hal_i2s_ex.c **** /**
   2:Drivers/STM32F4xx_HAL_Driver/Src/stm32f4xx_hal_i2s_ex.c ****   ******************************************************************************
   3:Drivers/STM32F4xx_HAL_Driver/Src/stm32f4xx_hal_i2s_ex.c ****   * @file    stm32f4xx_hal_i2s_ex.c
   4:Drivers/STM32F4xx_HAL_Driver/Src/stm32f4xx_hal_i2s_ex.c ****   * @author  MCD Application Team
   5:Drivers/STM32F4xx_HAL_Driver/Src/stm32f4xx_hal_i2s_ex.c ****   * @brief   I2S HAL module driver.
   6:Drivers/STM32F4xx_HAL_Driver/Src/stm32f4xx_hal_i2s_ex.c ****   *          This file provides firmware functions to manage the following
   7:Drivers/STM32F4xx_HAL_Driver/Src/stm32f4xx_hal_i2s_ex.c ****   *          functionalities of I2S extension peripheral:
   8:Drivers/STM32F4xx_HAL_Driver/Src/stm32f4xx_hal_i2s_ex.c ****   *           + Extension features Functions
   9:Drivers/STM32F4xx_HAL_Driver/Src/stm32f4xx_hal_i2s_ex.c ****   ******************************************************************************
  10:Drivers/STM32F4xx_HAL_Driver/Src/stm32f4xx_hal_i2s_ex.c ****   * @attention
  11:Drivers/STM32F4xx_HAL_Driver/Src/stm32f4xx_hal_i2s_ex.c ****   *
  12:Drivers/STM32F4xx_HAL_Driver/Src/stm32f4xx_hal_i2s_ex.c ****   * Copyright (c) 2016 STMicroelectronics.
  13:Drivers/STM32F4xx_HAL_Driver/Src/stm32f4xx_hal_i2s_ex.c ****   * All rights reserved.
  14:Drivers/STM32F4xx_HAL_Driver/Src/stm32f4xx_hal_i2s_ex.c ****   *
  15:Drivers/STM32F4xx_HAL_Driver/Src/stm32f4xx_hal_i2s_ex.c ****   * This software is licensed under terms that can be found in the LICENSE file
  16:Drivers/STM32F4xx_HAL_Driver/Src/stm32f4xx_hal_i2s_ex.c ****   * in the root directory of this software component.
  17:Drivers/STM32F4xx_HAL_Driver/Src/stm32f4xx_hal_i2s_ex.c ****   * If no LICENSE file comes with this software, it is provided AS-IS.
  18:Drivers/STM32F4xx_HAL_Driver/Src/stm32f4xx_hal_i2s_ex.c ****   *
  19:Drivers/STM32F4xx_HAL_Driver/Src/stm32f4xx_hal_i2s_ex.c ****   ******************************************************************************
  20:Drivers/STM32F4xx_HAL_Driver/Src/stm32f4xx_hal_i2s_ex.c ****   @verbatim
  21:Drivers/STM32F4xx_HAL_Driver/Src/stm32f4xx_hal_i2s_ex.c ****   ==============================================================================
  22:Drivers/STM32F4xx_HAL_Driver/Src/stm32f4xx_hal_i2s_ex.c ****                     ##### I2S Extension features #####
  23:Drivers/STM32F4xx_HAL_Driver/Src/stm32f4xx_hal_i2s_ex.c ****   ==============================================================================
  24:Drivers/STM32F4xx_HAL_Driver/Src/stm32f4xx_hal_i2s_ex.c ****   [..]
  25:Drivers/STM32F4xx_HAL_Driver/Src/stm32f4xx_hal_i2s_ex.c ****      (#) In I2S full duplex mode, each SPI peripheral is able to manage sending and receiving
  26:Drivers/STM32F4xx_HAL_Driver/Src/stm32f4xx_hal_i2s_ex.c ****          data simultaneously using two data lines. Each SPI peripheral has an extended block
  27:Drivers/STM32F4xx_HAL_Driver/Src/stm32f4xx_hal_i2s_ex.c ****          called I2Sxext (i.e I2S2ext for SPI2 and I2S3ext for SPI3).
  28:Drivers/STM32F4xx_HAL_Driver/Src/stm32f4xx_hal_i2s_ex.c ****      (#) The extension block is not a full SPI IP, it is used only as I2S slave to
  29:Drivers/STM32F4xx_HAL_Driver/Src/stm32f4xx_hal_i2s_ex.c ****          implement full duplex mode. The extension block uses the same clock sources
  30:Drivers/STM32F4xx_HAL_Driver/Src/stm32f4xx_hal_i2s_ex.c ****          as its master.
ARM GAS  /tmp/ccXjaJpZ.s 			page 2


  31:Drivers/STM32F4xx_HAL_Driver/Src/stm32f4xx_hal_i2s_ex.c **** 
  32:Drivers/STM32F4xx_HAL_Driver/Src/stm32f4xx_hal_i2s_ex.c ****      (#) Both I2Sx and I2Sx_ext can be configured as transmitters or receivers.
  33:Drivers/STM32F4xx_HAL_Driver/Src/stm32f4xx_hal_i2s_ex.c **** 
  34:Drivers/STM32F4xx_HAL_Driver/Src/stm32f4xx_hal_i2s_ex.c ****      [..]
  35:Drivers/STM32F4xx_HAL_Driver/Src/stm32f4xx_hal_i2s_ex.c ****        (@) Only I2Sx can deliver SCK and WS to I2Sx_ext in full duplex mode, where
  36:Drivers/STM32F4xx_HAL_Driver/Src/stm32f4xx_hal_i2s_ex.c ****          I2Sx can be I2S2 or I2S3.
  37:Drivers/STM32F4xx_HAL_Driver/Src/stm32f4xx_hal_i2s_ex.c **** 
  38:Drivers/STM32F4xx_HAL_Driver/Src/stm32f4xx_hal_i2s_ex.c ****                   ##### How to use this driver #####
  39:Drivers/STM32F4xx_HAL_Driver/Src/stm32f4xx_hal_i2s_ex.c ****  ===============================================================================
  40:Drivers/STM32F4xx_HAL_Driver/Src/stm32f4xx_hal_i2s_ex.c ****  [..]
  41:Drivers/STM32F4xx_HAL_Driver/Src/stm32f4xx_hal_i2s_ex.c ****    Three operation modes are available within this driver :
  42:Drivers/STM32F4xx_HAL_Driver/Src/stm32f4xx_hal_i2s_ex.c **** 
  43:Drivers/STM32F4xx_HAL_Driver/Src/stm32f4xx_hal_i2s_ex.c ****    *** Polling mode IO operation ***
  44:Drivers/STM32F4xx_HAL_Driver/Src/stm32f4xx_hal_i2s_ex.c ****    =================================
  45:Drivers/STM32F4xx_HAL_Driver/Src/stm32f4xx_hal_i2s_ex.c ****    [..]
  46:Drivers/STM32F4xx_HAL_Driver/Src/stm32f4xx_hal_i2s_ex.c ****      (+) Send and receive in the same time an amount of data in blocking mode using HAL_I2SEx_Trans
  47:Drivers/STM32F4xx_HAL_Driver/Src/stm32f4xx_hal_i2s_ex.c **** 
  48:Drivers/STM32F4xx_HAL_Driver/Src/stm32f4xx_hal_i2s_ex.c ****    *** Interrupt mode IO operation ***
  49:Drivers/STM32F4xx_HAL_Driver/Src/stm32f4xx_hal_i2s_ex.c ****    ===================================
  50:Drivers/STM32F4xx_HAL_Driver/Src/stm32f4xx_hal_i2s_ex.c ****    [..]
  51:Drivers/STM32F4xx_HAL_Driver/Src/stm32f4xx_hal_i2s_ex.c ****      (+) Send and receive in the same time an amount of data in non blocking mode using HAL_I2SEx_T
  52:Drivers/STM32F4xx_HAL_Driver/Src/stm32f4xx_hal_i2s_ex.c ****      (+) At transmission/reception end of transfer HAL_I2SEx_TxRxCpltCallback is executed and user 
  53:Drivers/STM32F4xx_HAL_Driver/Src/stm32f4xx_hal_i2s_ex.c ****          add his own code by customization of function pointer HAL_I2SEx_TxRxCpltCallback
  54:Drivers/STM32F4xx_HAL_Driver/Src/stm32f4xx_hal_i2s_ex.c ****      (+) In case of transfer Error, HAL_I2S_ErrorCallback() function is executed and user can
  55:Drivers/STM32F4xx_HAL_Driver/Src/stm32f4xx_hal_i2s_ex.c ****          add his own code by customization of function pointer HAL_I2S_ErrorCallback
  56:Drivers/STM32F4xx_HAL_Driver/Src/stm32f4xx_hal_i2s_ex.c **** 
  57:Drivers/STM32F4xx_HAL_Driver/Src/stm32f4xx_hal_i2s_ex.c ****    *** DMA mode IO operation ***
  58:Drivers/STM32F4xx_HAL_Driver/Src/stm32f4xx_hal_i2s_ex.c ****    ==============================
  59:Drivers/STM32F4xx_HAL_Driver/Src/stm32f4xx_hal_i2s_ex.c ****    [..]
  60:Drivers/STM32F4xx_HAL_Driver/Src/stm32f4xx_hal_i2s_ex.c ****      (+) Send and receive an amount of data in non blocking mode (DMA) using HAL_I2SEx_TransmitRece
  61:Drivers/STM32F4xx_HAL_Driver/Src/stm32f4xx_hal_i2s_ex.c ****      (+) At transmission/reception end of transfer HAL_I2SEx_TxRxCpltCallback is executed and user 
  62:Drivers/STM32F4xx_HAL_Driver/Src/stm32f4xx_hal_i2s_ex.c ****          add his own code by customization of function pointer HAL_I2S_TxRxCpltCallback
  63:Drivers/STM32F4xx_HAL_Driver/Src/stm32f4xx_hal_i2s_ex.c ****      (+) In case of transfer Error, HAL_I2S_ErrorCallback() function is executed and user can
  64:Drivers/STM32F4xx_HAL_Driver/Src/stm32f4xx_hal_i2s_ex.c ****          add his own code by customization of function pointer HAL_I2S_ErrorCallback
  65:Drivers/STM32F4xx_HAL_Driver/Src/stm32f4xx_hal_i2s_ex.c ****      (+) __HAL_I2SEXT_FLUSH_RX_DR: In Full-Duplex Slave mode, if HAL_I2S_DMAStop is used to stop th
  66:Drivers/STM32F4xx_HAL_Driver/Src/stm32f4xx_hal_i2s_ex.c ****          communication, an error HAL_I2S_ERROR_BUSY_LINE_RX is raised as the master continue to tra
  67:Drivers/STM32F4xx_HAL_Driver/Src/stm32f4xx_hal_i2s_ex.c ****          In this case __HAL_I2SEXT_FLUSH_RX_DR macro must be used to flush the remaining data
  68:Drivers/STM32F4xx_HAL_Driver/Src/stm32f4xx_hal_i2s_ex.c ****          inside I2Sx and I2Sx_ext DR registers and avoid using DeInit/Init process for the next tra
  69:Drivers/STM32F4xx_HAL_Driver/Src/stm32f4xx_hal_i2s_ex.c ****   @endverbatim
  70:Drivers/STM32F4xx_HAL_Driver/Src/stm32f4xx_hal_i2s_ex.c **** 
  71:Drivers/STM32F4xx_HAL_Driver/Src/stm32f4xx_hal_i2s_ex.c ****  Additional Figure: The Extended block uses the same clock sources as its master.
  72:Drivers/STM32F4xx_HAL_Driver/Src/stm32f4xx_hal_i2s_ex.c **** 
  73:Drivers/STM32F4xx_HAL_Driver/Src/stm32f4xx_hal_i2s_ex.c ****                 +-----------------------+
  74:Drivers/STM32F4xx_HAL_Driver/Src/stm32f4xx_hal_i2s_ex.c ****     I2Sx_SCK    |                       |
  75:Drivers/STM32F4xx_HAL_Driver/Src/stm32f4xx_hal_i2s_ex.c ****  ----------+-->|          I2Sx         |------------------->I2Sx_SD(in/out)
  76:Drivers/STM32F4xx_HAL_Driver/Src/stm32f4xx_hal_i2s_ex.c ****          +--|-->|                       |
  77:Drivers/STM32F4xx_HAL_Driver/Src/stm32f4xx_hal_i2s_ex.c ****         |   |   +-----------------------+
  78:Drivers/STM32F4xx_HAL_Driver/Src/stm32f4xx_hal_i2s_ex.c ****         |   |
  79:Drivers/STM32F4xx_HAL_Driver/Src/stm32f4xx_hal_i2s_ex.c ****  I2S_WS |   |
  80:Drivers/STM32F4xx_HAL_Driver/Src/stm32f4xx_hal_i2s_ex.c ****  ------>|   |
  81:Drivers/STM32F4xx_HAL_Driver/Src/stm32f4xx_hal_i2s_ex.c ****         |   |   +-----------------------+
  82:Drivers/STM32F4xx_HAL_Driver/Src/stm32f4xx_hal_i2s_ex.c ****         |   +-->|                       |
  83:Drivers/STM32F4xx_HAL_Driver/Src/stm32f4xx_hal_i2s_ex.c ****         |       |       I2Sx_ext        |------------------->I2Sx_extSD(in/out)
  84:Drivers/STM32F4xx_HAL_Driver/Src/stm32f4xx_hal_i2s_ex.c ****          +----->|                       |
  85:Drivers/STM32F4xx_HAL_Driver/Src/stm32f4xx_hal_i2s_ex.c ****                 +-----------------------+
  86:Drivers/STM32F4xx_HAL_Driver/Src/stm32f4xx_hal_i2s_ex.c ****   */
  87:Drivers/STM32F4xx_HAL_Driver/Src/stm32f4xx_hal_i2s_ex.c **** 
ARM GAS  /tmp/ccXjaJpZ.s 			page 3


  88:Drivers/STM32F4xx_HAL_Driver/Src/stm32f4xx_hal_i2s_ex.c **** /* Includes ------------------------------------------------------------------*/
  89:Drivers/STM32F4xx_HAL_Driver/Src/stm32f4xx_hal_i2s_ex.c **** #include "stm32f4xx_hal.h"
  90:Drivers/STM32F4xx_HAL_Driver/Src/stm32f4xx_hal_i2s_ex.c **** 
  91:Drivers/STM32F4xx_HAL_Driver/Src/stm32f4xx_hal_i2s_ex.c **** /** @addtogroup STM32F4xx_HAL_Driver
  92:Drivers/STM32F4xx_HAL_Driver/Src/stm32f4xx_hal_i2s_ex.c ****   * @{
  93:Drivers/STM32F4xx_HAL_Driver/Src/stm32f4xx_hal_i2s_ex.c ****   */
  94:Drivers/STM32F4xx_HAL_Driver/Src/stm32f4xx_hal_i2s_ex.c **** 
  95:Drivers/STM32F4xx_HAL_Driver/Src/stm32f4xx_hal_i2s_ex.c **** #ifdef HAL_I2S_MODULE_ENABLED
  96:Drivers/STM32F4xx_HAL_Driver/Src/stm32f4xx_hal_i2s_ex.c **** 
  97:Drivers/STM32F4xx_HAL_Driver/Src/stm32f4xx_hal_i2s_ex.c **** /** @defgroup I2SEx I2SEx
  98:Drivers/STM32F4xx_HAL_Driver/Src/stm32f4xx_hal_i2s_ex.c ****   * @brief I2S Extended HAL module driver
  99:Drivers/STM32F4xx_HAL_Driver/Src/stm32f4xx_hal_i2s_ex.c ****   * @{
 100:Drivers/STM32F4xx_HAL_Driver/Src/stm32f4xx_hal_i2s_ex.c ****   */
 101:Drivers/STM32F4xx_HAL_Driver/Src/stm32f4xx_hal_i2s_ex.c **** 
 102:Drivers/STM32F4xx_HAL_Driver/Src/stm32f4xx_hal_i2s_ex.c **** #if defined (SPI_I2S_FULLDUPLEX_SUPPORT)
 103:Drivers/STM32F4xx_HAL_Driver/Src/stm32f4xx_hal_i2s_ex.c **** 
 104:Drivers/STM32F4xx_HAL_Driver/Src/stm32f4xx_hal_i2s_ex.c **** /* Private typedef -----------------------------------------------------------*/
 105:Drivers/STM32F4xx_HAL_Driver/Src/stm32f4xx_hal_i2s_ex.c **** /** @defgroup I2SEx_Private_Typedef I2S Extended Private Typedef
 106:Drivers/STM32F4xx_HAL_Driver/Src/stm32f4xx_hal_i2s_ex.c ****   * @{
 107:Drivers/STM32F4xx_HAL_Driver/Src/stm32f4xx_hal_i2s_ex.c ****   */
 108:Drivers/STM32F4xx_HAL_Driver/Src/stm32f4xx_hal_i2s_ex.c **** typedef enum
 109:Drivers/STM32F4xx_HAL_Driver/Src/stm32f4xx_hal_i2s_ex.c **** {
 110:Drivers/STM32F4xx_HAL_Driver/Src/stm32f4xx_hal_i2s_ex.c ****   I2S_USE_I2S      = 0x00U,   /*!< I2Sx should be used      */
 111:Drivers/STM32F4xx_HAL_Driver/Src/stm32f4xx_hal_i2s_ex.c ****   I2S_USE_I2SEXT   = 0x01U,   /*!< I2Sx_ext should be used  */
 112:Drivers/STM32F4xx_HAL_Driver/Src/stm32f4xx_hal_i2s_ex.c **** } I2S_UseTypeDef;
 113:Drivers/STM32F4xx_HAL_Driver/Src/stm32f4xx_hal_i2s_ex.c **** /**
 114:Drivers/STM32F4xx_HAL_Driver/Src/stm32f4xx_hal_i2s_ex.c ****   * @}
 115:Drivers/STM32F4xx_HAL_Driver/Src/stm32f4xx_hal_i2s_ex.c ****   */
 116:Drivers/STM32F4xx_HAL_Driver/Src/stm32f4xx_hal_i2s_ex.c **** /* Private define ------------------------------------------------------------*/
 117:Drivers/STM32F4xx_HAL_Driver/Src/stm32f4xx_hal_i2s_ex.c **** /* Private macro -------------------------------------------------------------*/
 118:Drivers/STM32F4xx_HAL_Driver/Src/stm32f4xx_hal_i2s_ex.c **** /* Private variables ---------------------------------------------------------*/
 119:Drivers/STM32F4xx_HAL_Driver/Src/stm32f4xx_hal_i2s_ex.c **** /* Private function prototypes -----------------------------------------------*/
 120:Drivers/STM32F4xx_HAL_Driver/Src/stm32f4xx_hal_i2s_ex.c **** /** @defgroup I2SEx_Private_Functions I2S Extended Private Functions
 121:Drivers/STM32F4xx_HAL_Driver/Src/stm32f4xx_hal_i2s_ex.c ****   * @{
 122:Drivers/STM32F4xx_HAL_Driver/Src/stm32f4xx_hal_i2s_ex.c ****   */
 123:Drivers/STM32F4xx_HAL_Driver/Src/stm32f4xx_hal_i2s_ex.c **** static void I2SEx_TxRxDMAHalfCplt(DMA_HandleTypeDef *hdma);
 124:Drivers/STM32F4xx_HAL_Driver/Src/stm32f4xx_hal_i2s_ex.c **** static void I2SEx_TxRxDMACplt(DMA_HandleTypeDef *hdma);
 125:Drivers/STM32F4xx_HAL_Driver/Src/stm32f4xx_hal_i2s_ex.c **** static void I2SEx_TxRxDMAError(DMA_HandleTypeDef *hdma);
 126:Drivers/STM32F4xx_HAL_Driver/Src/stm32f4xx_hal_i2s_ex.c **** static void I2SEx_RxISR_I2S(I2S_HandleTypeDef *hi2s);
 127:Drivers/STM32F4xx_HAL_Driver/Src/stm32f4xx_hal_i2s_ex.c **** static void I2SEx_RxISR_I2SExt(I2S_HandleTypeDef *hi2s);
 128:Drivers/STM32F4xx_HAL_Driver/Src/stm32f4xx_hal_i2s_ex.c **** static void I2SEx_TxISR_I2S(I2S_HandleTypeDef *hi2s);
 129:Drivers/STM32F4xx_HAL_Driver/Src/stm32f4xx_hal_i2s_ex.c **** static void I2SEx_TxISR_I2SExt(I2S_HandleTypeDef *hi2s);
 130:Drivers/STM32F4xx_HAL_Driver/Src/stm32f4xx_hal_i2s_ex.c **** static HAL_StatusTypeDef I2SEx_FullDuplexWaitFlagStateUntilTimeout(I2S_HandleTypeDef *hi2s,
 131:Drivers/STM32F4xx_HAL_Driver/Src/stm32f4xx_hal_i2s_ex.c ****                                                                    uint32_t Flag,
 132:Drivers/STM32F4xx_HAL_Driver/Src/stm32f4xx_hal_i2s_ex.c ****                                                                    uint32_t State,
 133:Drivers/STM32F4xx_HAL_Driver/Src/stm32f4xx_hal_i2s_ex.c ****                                                                    uint32_t Timeout,
 134:Drivers/STM32F4xx_HAL_Driver/Src/stm32f4xx_hal_i2s_ex.c ****                                                                    I2S_UseTypeDef i2sUsed);
 135:Drivers/STM32F4xx_HAL_Driver/Src/stm32f4xx_hal_i2s_ex.c **** /**
 136:Drivers/STM32F4xx_HAL_Driver/Src/stm32f4xx_hal_i2s_ex.c ****   * @}
 137:Drivers/STM32F4xx_HAL_Driver/Src/stm32f4xx_hal_i2s_ex.c ****   */
 138:Drivers/STM32F4xx_HAL_Driver/Src/stm32f4xx_hal_i2s_ex.c **** 
 139:Drivers/STM32F4xx_HAL_Driver/Src/stm32f4xx_hal_i2s_ex.c **** /**
 140:Drivers/STM32F4xx_HAL_Driver/Src/stm32f4xx_hal_i2s_ex.c ****   * @}
 141:Drivers/STM32F4xx_HAL_Driver/Src/stm32f4xx_hal_i2s_ex.c ****   */
 142:Drivers/STM32F4xx_HAL_Driver/Src/stm32f4xx_hal_i2s_ex.c **** 
 143:Drivers/STM32F4xx_HAL_Driver/Src/stm32f4xx_hal_i2s_ex.c **** /* Private functions ---------------------------------------------------------*/
 144:Drivers/STM32F4xx_HAL_Driver/Src/stm32f4xx_hal_i2s_ex.c **** /* Exported functions --------------------------------------------------------*/
ARM GAS  /tmp/ccXjaJpZ.s 			page 4


 145:Drivers/STM32F4xx_HAL_Driver/Src/stm32f4xx_hal_i2s_ex.c **** 
 146:Drivers/STM32F4xx_HAL_Driver/Src/stm32f4xx_hal_i2s_ex.c **** /** @addtogroup I2SEx I2SEx
 147:Drivers/STM32F4xx_HAL_Driver/Src/stm32f4xx_hal_i2s_ex.c ****   * @{
 148:Drivers/STM32F4xx_HAL_Driver/Src/stm32f4xx_hal_i2s_ex.c ****   */
 149:Drivers/STM32F4xx_HAL_Driver/Src/stm32f4xx_hal_i2s_ex.c **** 
 150:Drivers/STM32F4xx_HAL_Driver/Src/stm32f4xx_hal_i2s_ex.c **** /** @addtogroup I2SEx_Exported_Functions I2S Extended Exported Functions
 151:Drivers/STM32F4xx_HAL_Driver/Src/stm32f4xx_hal_i2s_ex.c ****   * @{
 152:Drivers/STM32F4xx_HAL_Driver/Src/stm32f4xx_hal_i2s_ex.c ****   */
 153:Drivers/STM32F4xx_HAL_Driver/Src/stm32f4xx_hal_i2s_ex.c **** 
 154:Drivers/STM32F4xx_HAL_Driver/Src/stm32f4xx_hal_i2s_ex.c **** /** @defgroup I2SEx_Exported_Functions_Group1 I2S Extended IO operation functions
 155:Drivers/STM32F4xx_HAL_Driver/Src/stm32f4xx_hal_i2s_ex.c ****   *  @brief   I2SEx IO operation functions
 156:Drivers/STM32F4xx_HAL_Driver/Src/stm32f4xx_hal_i2s_ex.c ****   *
 157:Drivers/STM32F4xx_HAL_Driver/Src/stm32f4xx_hal_i2s_ex.c **** @verbatim
 158:Drivers/STM32F4xx_HAL_Driver/Src/stm32f4xx_hal_i2s_ex.c ****  ===============================================================================
 159:Drivers/STM32F4xx_HAL_Driver/Src/stm32f4xx_hal_i2s_ex.c ****                        ##### IO operation functions#####
 160:Drivers/STM32F4xx_HAL_Driver/Src/stm32f4xx_hal_i2s_ex.c ****  ===============================================================================
 161:Drivers/STM32F4xx_HAL_Driver/Src/stm32f4xx_hal_i2s_ex.c ****     [..]
 162:Drivers/STM32F4xx_HAL_Driver/Src/stm32f4xx_hal_i2s_ex.c ****     This subsection provides a set of functions allowing to manage the I2S data
 163:Drivers/STM32F4xx_HAL_Driver/Src/stm32f4xx_hal_i2s_ex.c ****     transfers.
 164:Drivers/STM32F4xx_HAL_Driver/Src/stm32f4xx_hal_i2s_ex.c **** 
 165:Drivers/STM32F4xx_HAL_Driver/Src/stm32f4xx_hal_i2s_ex.c ****     (#) There are two modes of transfer:
 166:Drivers/STM32F4xx_HAL_Driver/Src/stm32f4xx_hal_i2s_ex.c ****        (++) Blocking mode : The communication is performed in the polling mode.
 167:Drivers/STM32F4xx_HAL_Driver/Src/stm32f4xx_hal_i2s_ex.c ****             The status of all data processing is returned by the same function
 168:Drivers/STM32F4xx_HAL_Driver/Src/stm32f4xx_hal_i2s_ex.c ****             after finishing transfer.
 169:Drivers/STM32F4xx_HAL_Driver/Src/stm32f4xx_hal_i2s_ex.c ****        (++) No-Blocking mode : The communication is performed using Interrupts
 170:Drivers/STM32F4xx_HAL_Driver/Src/stm32f4xx_hal_i2s_ex.c ****             or DMA. These functions return the status of the transfer startup.
 171:Drivers/STM32F4xx_HAL_Driver/Src/stm32f4xx_hal_i2s_ex.c ****             The end of the data processing will be indicated through the
 172:Drivers/STM32F4xx_HAL_Driver/Src/stm32f4xx_hal_i2s_ex.c ****             dedicated I2S IRQ when using Interrupt mode or the DMA IRQ when
 173:Drivers/STM32F4xx_HAL_Driver/Src/stm32f4xx_hal_i2s_ex.c ****             using DMA mode.
 174:Drivers/STM32F4xx_HAL_Driver/Src/stm32f4xx_hal_i2s_ex.c **** 
 175:Drivers/STM32F4xx_HAL_Driver/Src/stm32f4xx_hal_i2s_ex.c ****     (#) Blocking mode functions are :
 176:Drivers/STM32F4xx_HAL_Driver/Src/stm32f4xx_hal_i2s_ex.c ****         (++) HAL_I2SEx_TransmitReceive()
 177:Drivers/STM32F4xx_HAL_Driver/Src/stm32f4xx_hal_i2s_ex.c **** 
 178:Drivers/STM32F4xx_HAL_Driver/Src/stm32f4xx_hal_i2s_ex.c ****     (#) No-Blocking mode functions with Interrupt are :
 179:Drivers/STM32F4xx_HAL_Driver/Src/stm32f4xx_hal_i2s_ex.c ****         (++) HAL_I2SEx_TransmitReceive_IT()
 180:Drivers/STM32F4xx_HAL_Driver/Src/stm32f4xx_hal_i2s_ex.c ****         (++) HAL_I2SEx_FullDuplex_IRQHandler()
 181:Drivers/STM32F4xx_HAL_Driver/Src/stm32f4xx_hal_i2s_ex.c **** 
 182:Drivers/STM32F4xx_HAL_Driver/Src/stm32f4xx_hal_i2s_ex.c ****     (#) No-Blocking mode functions with DMA are :
 183:Drivers/STM32F4xx_HAL_Driver/Src/stm32f4xx_hal_i2s_ex.c ****         (++) HAL_I2SEx_TransmitReceive_DMA()
 184:Drivers/STM32F4xx_HAL_Driver/Src/stm32f4xx_hal_i2s_ex.c **** 
 185:Drivers/STM32F4xx_HAL_Driver/Src/stm32f4xx_hal_i2s_ex.c ****     (#) A set of Transfer Complete Callback are provided in non Blocking mode:
 186:Drivers/STM32F4xx_HAL_Driver/Src/stm32f4xx_hal_i2s_ex.c ****         (++) HAL_I2SEx_TxRxCpltCallback()
 187:Drivers/STM32F4xx_HAL_Driver/Src/stm32f4xx_hal_i2s_ex.c **** @endverbatim
 188:Drivers/STM32F4xx_HAL_Driver/Src/stm32f4xx_hal_i2s_ex.c ****   * @{
 189:Drivers/STM32F4xx_HAL_Driver/Src/stm32f4xx_hal_i2s_ex.c ****   */
 190:Drivers/STM32F4xx_HAL_Driver/Src/stm32f4xx_hal_i2s_ex.c **** /**
 191:Drivers/STM32F4xx_HAL_Driver/Src/stm32f4xx_hal_i2s_ex.c ****   * @brief  Full-Duplex Transmit/Receive data in blocking mode.
 192:Drivers/STM32F4xx_HAL_Driver/Src/stm32f4xx_hal_i2s_ex.c ****   * @param  hi2s pointer to a I2S_HandleTypeDef structure that contains
 193:Drivers/STM32F4xx_HAL_Driver/Src/stm32f4xx_hal_i2s_ex.c ****   *         the configuration information for I2S module
 194:Drivers/STM32F4xx_HAL_Driver/Src/stm32f4xx_hal_i2s_ex.c ****   * @param  pTxData a 16-bit pointer to the Transmit data buffer.
 195:Drivers/STM32F4xx_HAL_Driver/Src/stm32f4xx_hal_i2s_ex.c ****   * @param  pRxData a 16-bit pointer to the Receive data buffer.
 196:Drivers/STM32F4xx_HAL_Driver/Src/stm32f4xx_hal_i2s_ex.c ****   * @param  Size number of data sample to be sent:
 197:Drivers/STM32F4xx_HAL_Driver/Src/stm32f4xx_hal_i2s_ex.c ****   * @note   When a 16-bit data frame or a 16-bit data frame extended is selected during the I2S
 198:Drivers/STM32F4xx_HAL_Driver/Src/stm32f4xx_hal_i2s_ex.c ****   *         configuration phase, the Size parameter means the number of 16-bit data length
 199:Drivers/STM32F4xx_HAL_Driver/Src/stm32f4xx_hal_i2s_ex.c ****   *         in the transaction and when a 24-bit data frame or a 32-bit data frame is selected
 200:Drivers/STM32F4xx_HAL_Driver/Src/stm32f4xx_hal_i2s_ex.c ****   *         the Size parameter means the number of 16-bit data length.
 201:Drivers/STM32F4xx_HAL_Driver/Src/stm32f4xx_hal_i2s_ex.c ****   * @param  Timeout Timeout duration
ARM GAS  /tmp/ccXjaJpZ.s 			page 5


 202:Drivers/STM32F4xx_HAL_Driver/Src/stm32f4xx_hal_i2s_ex.c ****   * @note   The I2S is kept enabled at the end of transaction to avoid the clock de-synchronization
 203:Drivers/STM32F4xx_HAL_Driver/Src/stm32f4xx_hal_i2s_ex.c ****   *         between Master and Slave(example: audio streaming).
 204:Drivers/STM32F4xx_HAL_Driver/Src/stm32f4xx_hal_i2s_ex.c ****   * @retval HAL status
 205:Drivers/STM32F4xx_HAL_Driver/Src/stm32f4xx_hal_i2s_ex.c ****   */
 206:Drivers/STM32F4xx_HAL_Driver/Src/stm32f4xx_hal_i2s_ex.c **** HAL_StatusTypeDef HAL_I2SEx_TransmitReceive(I2S_HandleTypeDef *hi2s,
 207:Drivers/STM32F4xx_HAL_Driver/Src/stm32f4xx_hal_i2s_ex.c ****                                             uint16_t *pTxData,
 208:Drivers/STM32F4xx_HAL_Driver/Src/stm32f4xx_hal_i2s_ex.c ****                                             uint16_t *pRxData,
 209:Drivers/STM32F4xx_HAL_Driver/Src/stm32f4xx_hal_i2s_ex.c ****                                             uint16_t Size,
 210:Drivers/STM32F4xx_HAL_Driver/Src/stm32f4xx_hal_i2s_ex.c ****                                             uint32_t Timeout)
 211:Drivers/STM32F4xx_HAL_Driver/Src/stm32f4xx_hal_i2s_ex.c **** {
 212:Drivers/STM32F4xx_HAL_Driver/Src/stm32f4xx_hal_i2s_ex.c ****   uint32_t tmp1 = 0U;
 213:Drivers/STM32F4xx_HAL_Driver/Src/stm32f4xx_hal_i2s_ex.c **** 
 214:Drivers/STM32F4xx_HAL_Driver/Src/stm32f4xx_hal_i2s_ex.c ****   if (hi2s->State != HAL_I2S_STATE_READY)
 215:Drivers/STM32F4xx_HAL_Driver/Src/stm32f4xx_hal_i2s_ex.c ****   {
 216:Drivers/STM32F4xx_HAL_Driver/Src/stm32f4xx_hal_i2s_ex.c ****     return HAL_BUSY;
 217:Drivers/STM32F4xx_HAL_Driver/Src/stm32f4xx_hal_i2s_ex.c ****   }
 218:Drivers/STM32F4xx_HAL_Driver/Src/stm32f4xx_hal_i2s_ex.c **** 
 219:Drivers/STM32F4xx_HAL_Driver/Src/stm32f4xx_hal_i2s_ex.c ****   if ((pTxData == NULL) || (pRxData == NULL) || (Size == 0U))
 220:Drivers/STM32F4xx_HAL_Driver/Src/stm32f4xx_hal_i2s_ex.c ****   {
 221:Drivers/STM32F4xx_HAL_Driver/Src/stm32f4xx_hal_i2s_ex.c ****     return HAL_ERROR;
 222:Drivers/STM32F4xx_HAL_Driver/Src/stm32f4xx_hal_i2s_ex.c ****   }
 223:Drivers/STM32F4xx_HAL_Driver/Src/stm32f4xx_hal_i2s_ex.c **** 
 224:Drivers/STM32F4xx_HAL_Driver/Src/stm32f4xx_hal_i2s_ex.c ****   /* Process Locked */
 225:Drivers/STM32F4xx_HAL_Driver/Src/stm32f4xx_hal_i2s_ex.c ****   __HAL_LOCK(hi2s);
 226:Drivers/STM32F4xx_HAL_Driver/Src/stm32f4xx_hal_i2s_ex.c **** 
 227:Drivers/STM32F4xx_HAL_Driver/Src/stm32f4xx_hal_i2s_ex.c ****   tmp1 = hi2s->Instance->I2SCFGR & (SPI_I2SCFGR_DATLEN | SPI_I2SCFGR_CHLEN);
 228:Drivers/STM32F4xx_HAL_Driver/Src/stm32f4xx_hal_i2s_ex.c ****   /* Check the Data format: When a 16-bit data frame or a 16-bit data frame extended
 229:Drivers/STM32F4xx_HAL_Driver/Src/stm32f4xx_hal_i2s_ex.c ****      is selected during the I2S configuration phase, the Size parameter means the number
 230:Drivers/STM32F4xx_HAL_Driver/Src/stm32f4xx_hal_i2s_ex.c ****      of 16-bit data length in the transaction and when a 24-bit data frame or a 32-bit data
 231:Drivers/STM32F4xx_HAL_Driver/Src/stm32f4xx_hal_i2s_ex.c ****      frame is selected the Size parameter means the number of 16-bit data length. */
 232:Drivers/STM32F4xx_HAL_Driver/Src/stm32f4xx_hal_i2s_ex.c ****   if ((tmp1 == I2S_DATAFORMAT_24B) || (tmp1 == I2S_DATAFORMAT_32B))
 233:Drivers/STM32F4xx_HAL_Driver/Src/stm32f4xx_hal_i2s_ex.c ****   {
 234:Drivers/STM32F4xx_HAL_Driver/Src/stm32f4xx_hal_i2s_ex.c ****     hi2s->TxXferSize  = (Size << 1U);
 235:Drivers/STM32F4xx_HAL_Driver/Src/stm32f4xx_hal_i2s_ex.c ****     hi2s->TxXferCount = (Size << 1U);
 236:Drivers/STM32F4xx_HAL_Driver/Src/stm32f4xx_hal_i2s_ex.c ****     hi2s->RxXferSize  = (Size << 1U);
 237:Drivers/STM32F4xx_HAL_Driver/Src/stm32f4xx_hal_i2s_ex.c ****     hi2s->RxXferCount = (Size << 1U);
 238:Drivers/STM32F4xx_HAL_Driver/Src/stm32f4xx_hal_i2s_ex.c ****   }
 239:Drivers/STM32F4xx_HAL_Driver/Src/stm32f4xx_hal_i2s_ex.c ****   else
 240:Drivers/STM32F4xx_HAL_Driver/Src/stm32f4xx_hal_i2s_ex.c ****   {
 241:Drivers/STM32F4xx_HAL_Driver/Src/stm32f4xx_hal_i2s_ex.c ****     hi2s->TxXferSize  = Size;
 242:Drivers/STM32F4xx_HAL_Driver/Src/stm32f4xx_hal_i2s_ex.c ****     hi2s->TxXferCount = Size;
 243:Drivers/STM32F4xx_HAL_Driver/Src/stm32f4xx_hal_i2s_ex.c ****     hi2s->RxXferSize  = Size;
 244:Drivers/STM32F4xx_HAL_Driver/Src/stm32f4xx_hal_i2s_ex.c ****     hi2s->RxXferCount = Size;
 245:Drivers/STM32F4xx_HAL_Driver/Src/stm32f4xx_hal_i2s_ex.c ****   }
 246:Drivers/STM32F4xx_HAL_Driver/Src/stm32f4xx_hal_i2s_ex.c **** 
 247:Drivers/STM32F4xx_HAL_Driver/Src/stm32f4xx_hal_i2s_ex.c ****   /* Set state and reset error code */
 248:Drivers/STM32F4xx_HAL_Driver/Src/stm32f4xx_hal_i2s_ex.c ****   hi2s->ErrorCode = HAL_I2S_ERROR_NONE;
 249:Drivers/STM32F4xx_HAL_Driver/Src/stm32f4xx_hal_i2s_ex.c ****   hi2s->State = HAL_I2S_STATE_BUSY_TX_RX;
 250:Drivers/STM32F4xx_HAL_Driver/Src/stm32f4xx_hal_i2s_ex.c **** 
 251:Drivers/STM32F4xx_HAL_Driver/Src/stm32f4xx_hal_i2s_ex.c ****   tmp1 = hi2s->Instance->I2SCFGR & SPI_I2SCFGR_I2SCFG;
 252:Drivers/STM32F4xx_HAL_Driver/Src/stm32f4xx_hal_i2s_ex.c ****   /* Check if the I2S_MODE_MASTER_TX or I2S_MODE_SLAVE_TX Mode is selected */
 253:Drivers/STM32F4xx_HAL_Driver/Src/stm32f4xx_hal_i2s_ex.c ****   if ((tmp1 == I2S_MODE_MASTER_TX) || (tmp1 == I2S_MODE_SLAVE_TX))
 254:Drivers/STM32F4xx_HAL_Driver/Src/stm32f4xx_hal_i2s_ex.c ****   {
 255:Drivers/STM32F4xx_HAL_Driver/Src/stm32f4xx_hal_i2s_ex.c ****     /* Prepare the First Data before enabling the I2S */
 256:Drivers/STM32F4xx_HAL_Driver/Src/stm32f4xx_hal_i2s_ex.c ****     hi2s->Instance->DR = (*pTxData++);
 257:Drivers/STM32F4xx_HAL_Driver/Src/stm32f4xx_hal_i2s_ex.c ****     hi2s->TxXferCount--;
 258:Drivers/STM32F4xx_HAL_Driver/Src/stm32f4xx_hal_i2s_ex.c **** 
ARM GAS  /tmp/ccXjaJpZ.s 			page 6


 259:Drivers/STM32F4xx_HAL_Driver/Src/stm32f4xx_hal_i2s_ex.c ****     /* Enable I2Sext(receiver) before enabling I2Sx peripheral */
 260:Drivers/STM32F4xx_HAL_Driver/Src/stm32f4xx_hal_i2s_ex.c ****     __HAL_I2SEXT_ENABLE(hi2s);
 261:Drivers/STM32F4xx_HAL_Driver/Src/stm32f4xx_hal_i2s_ex.c **** 
 262:Drivers/STM32F4xx_HAL_Driver/Src/stm32f4xx_hal_i2s_ex.c ****     /* Enable I2Sx peripheral */
 263:Drivers/STM32F4xx_HAL_Driver/Src/stm32f4xx_hal_i2s_ex.c ****     __HAL_I2S_ENABLE(hi2s);
 264:Drivers/STM32F4xx_HAL_Driver/Src/stm32f4xx_hal_i2s_ex.c **** 
 265:Drivers/STM32F4xx_HAL_Driver/Src/stm32f4xx_hal_i2s_ex.c ****     /* Check if Master Receiver mode is selected */
 266:Drivers/STM32F4xx_HAL_Driver/Src/stm32f4xx_hal_i2s_ex.c ****     if ((hi2s->Instance->I2SCFGR & SPI_I2SCFGR_I2SCFG) == I2S_MODE_MASTER_TX)
 267:Drivers/STM32F4xx_HAL_Driver/Src/stm32f4xx_hal_i2s_ex.c ****     {
 268:Drivers/STM32F4xx_HAL_Driver/Src/stm32f4xx_hal_i2s_ex.c ****       /* Clear the Overrun Flag by a read operation on the SPI_DR register followed by a read
 269:Drivers/STM32F4xx_HAL_Driver/Src/stm32f4xx_hal_i2s_ex.c ****       access to the SPI_SR register. */
 270:Drivers/STM32F4xx_HAL_Driver/Src/stm32f4xx_hal_i2s_ex.c ****       __HAL_I2SEXT_CLEAR_OVRFLAG(hi2s);
 271:Drivers/STM32F4xx_HAL_Driver/Src/stm32f4xx_hal_i2s_ex.c ****     }
 272:Drivers/STM32F4xx_HAL_Driver/Src/stm32f4xx_hal_i2s_ex.c **** 
 273:Drivers/STM32F4xx_HAL_Driver/Src/stm32f4xx_hal_i2s_ex.c ****     while ((hi2s->RxXferCount > 0U) || (hi2s->TxXferCount > 0U))
 274:Drivers/STM32F4xx_HAL_Driver/Src/stm32f4xx_hal_i2s_ex.c ****     {
 275:Drivers/STM32F4xx_HAL_Driver/Src/stm32f4xx_hal_i2s_ex.c ****       if (hi2s->TxXferCount > 0U)
 276:Drivers/STM32F4xx_HAL_Driver/Src/stm32f4xx_hal_i2s_ex.c ****       {
 277:Drivers/STM32F4xx_HAL_Driver/Src/stm32f4xx_hal_i2s_ex.c ****         /* Wait until TXE flag is set */
 278:Drivers/STM32F4xx_HAL_Driver/Src/stm32f4xx_hal_i2s_ex.c ****         if (I2SEx_FullDuplexWaitFlagStateUntilTimeout(hi2s, I2S_FLAG_TXE, SET, Timeout, I2S_USE_I2S
 279:Drivers/STM32F4xx_HAL_Driver/Src/stm32f4xx_hal_i2s_ex.c ****         {
 280:Drivers/STM32F4xx_HAL_Driver/Src/stm32f4xx_hal_i2s_ex.c ****           /* Set the error code */
 281:Drivers/STM32F4xx_HAL_Driver/Src/stm32f4xx_hal_i2s_ex.c ****           SET_BIT(hi2s->ErrorCode, HAL_I2S_ERROR_TIMEOUT);
 282:Drivers/STM32F4xx_HAL_Driver/Src/stm32f4xx_hal_i2s_ex.c ****           hi2s->State = HAL_I2S_STATE_READY;
 283:Drivers/STM32F4xx_HAL_Driver/Src/stm32f4xx_hal_i2s_ex.c **** 
 284:Drivers/STM32F4xx_HAL_Driver/Src/stm32f4xx_hal_i2s_ex.c ****           /* Process UnLock */
 285:Drivers/STM32F4xx_HAL_Driver/Src/stm32f4xx_hal_i2s_ex.c ****           __HAL_UNLOCK(hi2s);
 286:Drivers/STM32F4xx_HAL_Driver/Src/stm32f4xx_hal_i2s_ex.c ****           return HAL_ERROR;
 287:Drivers/STM32F4xx_HAL_Driver/Src/stm32f4xx_hal_i2s_ex.c ****         }
 288:Drivers/STM32F4xx_HAL_Driver/Src/stm32f4xx_hal_i2s_ex.c ****         /* Write Data on DR register */
 289:Drivers/STM32F4xx_HAL_Driver/Src/stm32f4xx_hal_i2s_ex.c ****         hi2s->Instance->DR = (*pTxData++);
 290:Drivers/STM32F4xx_HAL_Driver/Src/stm32f4xx_hal_i2s_ex.c ****         hi2s->TxXferCount--;
 291:Drivers/STM32F4xx_HAL_Driver/Src/stm32f4xx_hal_i2s_ex.c **** 
 292:Drivers/STM32F4xx_HAL_Driver/Src/stm32f4xx_hal_i2s_ex.c ****         /* Check if an underrun occurs */
 293:Drivers/STM32F4xx_HAL_Driver/Src/stm32f4xx_hal_i2s_ex.c ****         if ((__HAL_I2S_GET_FLAG(hi2s, I2S_FLAG_UDR) == SET) && (tmp1 == I2S_MODE_SLAVE_TX))
 294:Drivers/STM32F4xx_HAL_Driver/Src/stm32f4xx_hal_i2s_ex.c ****         {
 295:Drivers/STM32F4xx_HAL_Driver/Src/stm32f4xx_hal_i2s_ex.c ****           /* Clear Underrun flag */
 296:Drivers/STM32F4xx_HAL_Driver/Src/stm32f4xx_hal_i2s_ex.c ****           __HAL_I2S_CLEAR_UDRFLAG(hi2s);
 297:Drivers/STM32F4xx_HAL_Driver/Src/stm32f4xx_hal_i2s_ex.c **** 
 298:Drivers/STM32F4xx_HAL_Driver/Src/stm32f4xx_hal_i2s_ex.c ****           /* Set the error code */
 299:Drivers/STM32F4xx_HAL_Driver/Src/stm32f4xx_hal_i2s_ex.c ****           SET_BIT(hi2s->ErrorCode, HAL_I2S_ERROR_UDR);
 300:Drivers/STM32F4xx_HAL_Driver/Src/stm32f4xx_hal_i2s_ex.c ****         }
 301:Drivers/STM32F4xx_HAL_Driver/Src/stm32f4xx_hal_i2s_ex.c ****       }
 302:Drivers/STM32F4xx_HAL_Driver/Src/stm32f4xx_hal_i2s_ex.c ****       if (hi2s->RxXferCount > 0U)
 303:Drivers/STM32F4xx_HAL_Driver/Src/stm32f4xx_hal_i2s_ex.c ****       {
 304:Drivers/STM32F4xx_HAL_Driver/Src/stm32f4xx_hal_i2s_ex.c ****         /* Wait until RXNE flag is set */
 305:Drivers/STM32F4xx_HAL_Driver/Src/stm32f4xx_hal_i2s_ex.c ****         if (I2SEx_FullDuplexWaitFlagStateUntilTimeout(hi2s, I2S_FLAG_RXNE, SET, Timeout, I2S_USE_I2
 306:Drivers/STM32F4xx_HAL_Driver/Src/stm32f4xx_hal_i2s_ex.c ****         {
 307:Drivers/STM32F4xx_HAL_Driver/Src/stm32f4xx_hal_i2s_ex.c ****           /* Set the error code */
 308:Drivers/STM32F4xx_HAL_Driver/Src/stm32f4xx_hal_i2s_ex.c ****           SET_BIT(hi2s->ErrorCode, HAL_I2S_ERROR_TIMEOUT);
 309:Drivers/STM32F4xx_HAL_Driver/Src/stm32f4xx_hal_i2s_ex.c ****           hi2s->State = HAL_I2S_STATE_READY;
 310:Drivers/STM32F4xx_HAL_Driver/Src/stm32f4xx_hal_i2s_ex.c **** 
 311:Drivers/STM32F4xx_HAL_Driver/Src/stm32f4xx_hal_i2s_ex.c ****           /* Process UnLock */
 312:Drivers/STM32F4xx_HAL_Driver/Src/stm32f4xx_hal_i2s_ex.c ****           __HAL_UNLOCK(hi2s);
 313:Drivers/STM32F4xx_HAL_Driver/Src/stm32f4xx_hal_i2s_ex.c ****           return HAL_ERROR;
 314:Drivers/STM32F4xx_HAL_Driver/Src/stm32f4xx_hal_i2s_ex.c ****         }
 315:Drivers/STM32F4xx_HAL_Driver/Src/stm32f4xx_hal_i2s_ex.c ****         /* Read Data from DR register */
ARM GAS  /tmp/ccXjaJpZ.s 			page 7


 316:Drivers/STM32F4xx_HAL_Driver/Src/stm32f4xx_hal_i2s_ex.c ****         (*pRxData++) = I2SxEXT(hi2s->Instance)->DR;
 317:Drivers/STM32F4xx_HAL_Driver/Src/stm32f4xx_hal_i2s_ex.c ****         hi2s->RxXferCount--;
 318:Drivers/STM32F4xx_HAL_Driver/Src/stm32f4xx_hal_i2s_ex.c **** 
 319:Drivers/STM32F4xx_HAL_Driver/Src/stm32f4xx_hal_i2s_ex.c ****         /* Check if an overrun occurs */
 320:Drivers/STM32F4xx_HAL_Driver/Src/stm32f4xx_hal_i2s_ex.c ****         if (__HAL_I2SEXT_GET_FLAG(hi2s, I2S_FLAG_OVR) == SET)
 321:Drivers/STM32F4xx_HAL_Driver/Src/stm32f4xx_hal_i2s_ex.c ****         {
 322:Drivers/STM32F4xx_HAL_Driver/Src/stm32f4xx_hal_i2s_ex.c ****           /* Clear Overrun flag */
 323:Drivers/STM32F4xx_HAL_Driver/Src/stm32f4xx_hal_i2s_ex.c ****           __HAL_I2S_CLEAR_OVRFLAG(hi2s);
 324:Drivers/STM32F4xx_HAL_Driver/Src/stm32f4xx_hal_i2s_ex.c **** 
 325:Drivers/STM32F4xx_HAL_Driver/Src/stm32f4xx_hal_i2s_ex.c ****           /* Set the error code */
 326:Drivers/STM32F4xx_HAL_Driver/Src/stm32f4xx_hal_i2s_ex.c ****           SET_BIT(hi2s->ErrorCode, HAL_I2S_ERROR_OVR);
 327:Drivers/STM32F4xx_HAL_Driver/Src/stm32f4xx_hal_i2s_ex.c ****         }
 328:Drivers/STM32F4xx_HAL_Driver/Src/stm32f4xx_hal_i2s_ex.c ****       }
 329:Drivers/STM32F4xx_HAL_Driver/Src/stm32f4xx_hal_i2s_ex.c ****     }
 330:Drivers/STM32F4xx_HAL_Driver/Src/stm32f4xx_hal_i2s_ex.c ****   }
 331:Drivers/STM32F4xx_HAL_Driver/Src/stm32f4xx_hal_i2s_ex.c ****   /* The I2S_MODE_MASTER_RX or I2S_MODE_SLAVE_RX Mode is selected */
 332:Drivers/STM32F4xx_HAL_Driver/Src/stm32f4xx_hal_i2s_ex.c ****   else
 333:Drivers/STM32F4xx_HAL_Driver/Src/stm32f4xx_hal_i2s_ex.c ****   {
 334:Drivers/STM32F4xx_HAL_Driver/Src/stm32f4xx_hal_i2s_ex.c ****     /* Prepare the First Data before enabling the I2S */
 335:Drivers/STM32F4xx_HAL_Driver/Src/stm32f4xx_hal_i2s_ex.c ****     I2SxEXT(hi2s->Instance)->DR = (*pTxData++);
 336:Drivers/STM32F4xx_HAL_Driver/Src/stm32f4xx_hal_i2s_ex.c ****     hi2s->TxXferCount--;
 337:Drivers/STM32F4xx_HAL_Driver/Src/stm32f4xx_hal_i2s_ex.c **** 
 338:Drivers/STM32F4xx_HAL_Driver/Src/stm32f4xx_hal_i2s_ex.c ****     /* Enable I2Sext(transmitter) after enabling I2Sx peripheral */
 339:Drivers/STM32F4xx_HAL_Driver/Src/stm32f4xx_hal_i2s_ex.c ****     __HAL_I2SEXT_ENABLE(hi2s);
 340:Drivers/STM32F4xx_HAL_Driver/Src/stm32f4xx_hal_i2s_ex.c **** 
 341:Drivers/STM32F4xx_HAL_Driver/Src/stm32f4xx_hal_i2s_ex.c ****     /* Enable I2S peripheral before the I2Sext*/
 342:Drivers/STM32F4xx_HAL_Driver/Src/stm32f4xx_hal_i2s_ex.c ****     __HAL_I2S_ENABLE(hi2s);
 343:Drivers/STM32F4xx_HAL_Driver/Src/stm32f4xx_hal_i2s_ex.c **** 
 344:Drivers/STM32F4xx_HAL_Driver/Src/stm32f4xx_hal_i2s_ex.c ****     /* Check if Master Receiver mode is selected */
 345:Drivers/STM32F4xx_HAL_Driver/Src/stm32f4xx_hal_i2s_ex.c ****     if ((hi2s->Instance->I2SCFGR & SPI_I2SCFGR_I2SCFG) == I2S_MODE_MASTER_RX)
 346:Drivers/STM32F4xx_HAL_Driver/Src/stm32f4xx_hal_i2s_ex.c ****     {
 347:Drivers/STM32F4xx_HAL_Driver/Src/stm32f4xx_hal_i2s_ex.c ****       /* Clear the Overrun Flag by a read operation on the SPI_DR register followed by a read
 348:Drivers/STM32F4xx_HAL_Driver/Src/stm32f4xx_hal_i2s_ex.c ****       access to the SPI_SR register. */
 349:Drivers/STM32F4xx_HAL_Driver/Src/stm32f4xx_hal_i2s_ex.c ****       __HAL_I2S_CLEAR_OVRFLAG(hi2s);
 350:Drivers/STM32F4xx_HAL_Driver/Src/stm32f4xx_hal_i2s_ex.c ****     }
 351:Drivers/STM32F4xx_HAL_Driver/Src/stm32f4xx_hal_i2s_ex.c **** 
 352:Drivers/STM32F4xx_HAL_Driver/Src/stm32f4xx_hal_i2s_ex.c ****     while ((hi2s->RxXferCount > 0U) || (hi2s->TxXferCount > 0U))
 353:Drivers/STM32F4xx_HAL_Driver/Src/stm32f4xx_hal_i2s_ex.c ****     {
 354:Drivers/STM32F4xx_HAL_Driver/Src/stm32f4xx_hal_i2s_ex.c ****       if (hi2s->TxXferCount > 0U)
 355:Drivers/STM32F4xx_HAL_Driver/Src/stm32f4xx_hal_i2s_ex.c ****       {
 356:Drivers/STM32F4xx_HAL_Driver/Src/stm32f4xx_hal_i2s_ex.c ****         /* Wait until TXE flag is set */
 357:Drivers/STM32F4xx_HAL_Driver/Src/stm32f4xx_hal_i2s_ex.c ****         if (I2SEx_FullDuplexWaitFlagStateUntilTimeout(hi2s, I2S_FLAG_TXE, SET, Timeout, I2S_USE_I2S
 358:Drivers/STM32F4xx_HAL_Driver/Src/stm32f4xx_hal_i2s_ex.c ****         {
 359:Drivers/STM32F4xx_HAL_Driver/Src/stm32f4xx_hal_i2s_ex.c ****           /* Set the error code */
 360:Drivers/STM32F4xx_HAL_Driver/Src/stm32f4xx_hal_i2s_ex.c ****           SET_BIT(hi2s->ErrorCode, HAL_I2S_ERROR_TIMEOUT);
 361:Drivers/STM32F4xx_HAL_Driver/Src/stm32f4xx_hal_i2s_ex.c ****           hi2s->State = HAL_I2S_STATE_READY;
 362:Drivers/STM32F4xx_HAL_Driver/Src/stm32f4xx_hal_i2s_ex.c **** 
 363:Drivers/STM32F4xx_HAL_Driver/Src/stm32f4xx_hal_i2s_ex.c ****           /* Process UnLock */
 364:Drivers/STM32F4xx_HAL_Driver/Src/stm32f4xx_hal_i2s_ex.c ****           __HAL_UNLOCK(hi2s);
 365:Drivers/STM32F4xx_HAL_Driver/Src/stm32f4xx_hal_i2s_ex.c ****           return HAL_ERROR;
 366:Drivers/STM32F4xx_HAL_Driver/Src/stm32f4xx_hal_i2s_ex.c ****         }
 367:Drivers/STM32F4xx_HAL_Driver/Src/stm32f4xx_hal_i2s_ex.c ****         /* Write Data on DR register */
 368:Drivers/STM32F4xx_HAL_Driver/Src/stm32f4xx_hal_i2s_ex.c ****         I2SxEXT(hi2s->Instance)->DR = (*pTxData++);
 369:Drivers/STM32F4xx_HAL_Driver/Src/stm32f4xx_hal_i2s_ex.c ****         hi2s->TxXferCount--;
 370:Drivers/STM32F4xx_HAL_Driver/Src/stm32f4xx_hal_i2s_ex.c **** 
 371:Drivers/STM32F4xx_HAL_Driver/Src/stm32f4xx_hal_i2s_ex.c ****         /* Check if an underrun occurs */
 372:Drivers/STM32F4xx_HAL_Driver/Src/stm32f4xx_hal_i2s_ex.c ****         if ((__HAL_I2SEXT_GET_FLAG(hi2s, I2S_FLAG_UDR) == SET) && (tmp1 == I2S_MODE_SLAVE_RX))
ARM GAS  /tmp/ccXjaJpZ.s 			page 8


 373:Drivers/STM32F4xx_HAL_Driver/Src/stm32f4xx_hal_i2s_ex.c ****         {
 374:Drivers/STM32F4xx_HAL_Driver/Src/stm32f4xx_hal_i2s_ex.c ****           /* Clear Underrun flag */
 375:Drivers/STM32F4xx_HAL_Driver/Src/stm32f4xx_hal_i2s_ex.c ****           __HAL_I2S_CLEAR_UDRFLAG(hi2s);
 376:Drivers/STM32F4xx_HAL_Driver/Src/stm32f4xx_hal_i2s_ex.c **** 
 377:Drivers/STM32F4xx_HAL_Driver/Src/stm32f4xx_hal_i2s_ex.c ****           /* Set the error code */
 378:Drivers/STM32F4xx_HAL_Driver/Src/stm32f4xx_hal_i2s_ex.c ****           SET_BIT(hi2s->ErrorCode, HAL_I2S_ERROR_UDR);
 379:Drivers/STM32F4xx_HAL_Driver/Src/stm32f4xx_hal_i2s_ex.c ****         }
 380:Drivers/STM32F4xx_HAL_Driver/Src/stm32f4xx_hal_i2s_ex.c ****       }
 381:Drivers/STM32F4xx_HAL_Driver/Src/stm32f4xx_hal_i2s_ex.c ****       if (hi2s->RxXferCount > 0U)
 382:Drivers/STM32F4xx_HAL_Driver/Src/stm32f4xx_hal_i2s_ex.c ****       {
 383:Drivers/STM32F4xx_HAL_Driver/Src/stm32f4xx_hal_i2s_ex.c ****         /* Wait until RXNE flag is set */
 384:Drivers/STM32F4xx_HAL_Driver/Src/stm32f4xx_hal_i2s_ex.c ****         if (I2SEx_FullDuplexWaitFlagStateUntilTimeout(hi2s, I2S_FLAG_RXNE, SET, Timeout, I2S_USE_I2
 385:Drivers/STM32F4xx_HAL_Driver/Src/stm32f4xx_hal_i2s_ex.c ****         {
 386:Drivers/STM32F4xx_HAL_Driver/Src/stm32f4xx_hal_i2s_ex.c ****           /* Set the error code */
 387:Drivers/STM32F4xx_HAL_Driver/Src/stm32f4xx_hal_i2s_ex.c ****           SET_BIT(hi2s->ErrorCode, HAL_I2S_ERROR_TIMEOUT);
 388:Drivers/STM32F4xx_HAL_Driver/Src/stm32f4xx_hal_i2s_ex.c ****           hi2s->State = HAL_I2S_STATE_READY;
 389:Drivers/STM32F4xx_HAL_Driver/Src/stm32f4xx_hal_i2s_ex.c **** 
 390:Drivers/STM32F4xx_HAL_Driver/Src/stm32f4xx_hal_i2s_ex.c ****           /* Process UnLock */
 391:Drivers/STM32F4xx_HAL_Driver/Src/stm32f4xx_hal_i2s_ex.c ****           __HAL_UNLOCK(hi2s);
 392:Drivers/STM32F4xx_HAL_Driver/Src/stm32f4xx_hal_i2s_ex.c ****           return HAL_ERROR;
 393:Drivers/STM32F4xx_HAL_Driver/Src/stm32f4xx_hal_i2s_ex.c ****         }
 394:Drivers/STM32F4xx_HAL_Driver/Src/stm32f4xx_hal_i2s_ex.c ****         /* Read Data from DR register */
 395:Drivers/STM32F4xx_HAL_Driver/Src/stm32f4xx_hal_i2s_ex.c ****         (*pRxData++) = hi2s->Instance->DR;
 396:Drivers/STM32F4xx_HAL_Driver/Src/stm32f4xx_hal_i2s_ex.c ****         hi2s->RxXferCount--;
 397:Drivers/STM32F4xx_HAL_Driver/Src/stm32f4xx_hal_i2s_ex.c **** 
 398:Drivers/STM32F4xx_HAL_Driver/Src/stm32f4xx_hal_i2s_ex.c ****         /* Check if an overrun occurs */
 399:Drivers/STM32F4xx_HAL_Driver/Src/stm32f4xx_hal_i2s_ex.c ****         if (__HAL_I2S_GET_FLAG(hi2s, I2S_FLAG_OVR) == SET)
 400:Drivers/STM32F4xx_HAL_Driver/Src/stm32f4xx_hal_i2s_ex.c ****         {
 401:Drivers/STM32F4xx_HAL_Driver/Src/stm32f4xx_hal_i2s_ex.c ****           /* Clear Overrun flag */
 402:Drivers/STM32F4xx_HAL_Driver/Src/stm32f4xx_hal_i2s_ex.c ****           __HAL_I2S_CLEAR_OVRFLAG(hi2s);
 403:Drivers/STM32F4xx_HAL_Driver/Src/stm32f4xx_hal_i2s_ex.c **** 
 404:Drivers/STM32F4xx_HAL_Driver/Src/stm32f4xx_hal_i2s_ex.c ****           /* Set the error code */
 405:Drivers/STM32F4xx_HAL_Driver/Src/stm32f4xx_hal_i2s_ex.c ****           SET_BIT(hi2s->ErrorCode, HAL_I2S_ERROR_OVR);
 406:Drivers/STM32F4xx_HAL_Driver/Src/stm32f4xx_hal_i2s_ex.c ****         }
 407:Drivers/STM32F4xx_HAL_Driver/Src/stm32f4xx_hal_i2s_ex.c ****       }
 408:Drivers/STM32F4xx_HAL_Driver/Src/stm32f4xx_hal_i2s_ex.c ****     }
 409:Drivers/STM32F4xx_HAL_Driver/Src/stm32f4xx_hal_i2s_ex.c ****   }
 410:Drivers/STM32F4xx_HAL_Driver/Src/stm32f4xx_hal_i2s_ex.c **** 
 411:Drivers/STM32F4xx_HAL_Driver/Src/stm32f4xx_hal_i2s_ex.c ****   hi2s->State = HAL_I2S_STATE_READY;
 412:Drivers/STM32F4xx_HAL_Driver/Src/stm32f4xx_hal_i2s_ex.c ****   __HAL_UNLOCK(hi2s);
 413:Drivers/STM32F4xx_HAL_Driver/Src/stm32f4xx_hal_i2s_ex.c **** 
 414:Drivers/STM32F4xx_HAL_Driver/Src/stm32f4xx_hal_i2s_ex.c ****   if (hi2s->ErrorCode != HAL_I2S_ERROR_NONE)
 415:Drivers/STM32F4xx_HAL_Driver/Src/stm32f4xx_hal_i2s_ex.c ****   {
 416:Drivers/STM32F4xx_HAL_Driver/Src/stm32f4xx_hal_i2s_ex.c ****     return HAL_ERROR;
 417:Drivers/STM32F4xx_HAL_Driver/Src/stm32f4xx_hal_i2s_ex.c ****   }
 418:Drivers/STM32F4xx_HAL_Driver/Src/stm32f4xx_hal_i2s_ex.c ****   else
 419:Drivers/STM32F4xx_HAL_Driver/Src/stm32f4xx_hal_i2s_ex.c ****   {
 420:Drivers/STM32F4xx_HAL_Driver/Src/stm32f4xx_hal_i2s_ex.c ****     return HAL_OK;
 421:Drivers/STM32F4xx_HAL_Driver/Src/stm32f4xx_hal_i2s_ex.c ****   }
 422:Drivers/STM32F4xx_HAL_Driver/Src/stm32f4xx_hal_i2s_ex.c **** }
 423:Drivers/STM32F4xx_HAL_Driver/Src/stm32f4xx_hal_i2s_ex.c **** 
 424:Drivers/STM32F4xx_HAL_Driver/Src/stm32f4xx_hal_i2s_ex.c **** /**
 425:Drivers/STM32F4xx_HAL_Driver/Src/stm32f4xx_hal_i2s_ex.c ****   * @brief  Full-Duplex Transmit/Receive data in non-blocking mode using Interrupt
 426:Drivers/STM32F4xx_HAL_Driver/Src/stm32f4xx_hal_i2s_ex.c ****   * @param  hi2s pointer to a I2S_HandleTypeDef structure that contains
 427:Drivers/STM32F4xx_HAL_Driver/Src/stm32f4xx_hal_i2s_ex.c ****   *         the configuration information for I2S module
 428:Drivers/STM32F4xx_HAL_Driver/Src/stm32f4xx_hal_i2s_ex.c ****   * @param  pTxData a 16-bit pointer to the Transmit data buffer.
 429:Drivers/STM32F4xx_HAL_Driver/Src/stm32f4xx_hal_i2s_ex.c ****   * @param  pRxData a 16-bit pointer to the Receive data buffer.
ARM GAS  /tmp/ccXjaJpZ.s 			page 9


 430:Drivers/STM32F4xx_HAL_Driver/Src/stm32f4xx_hal_i2s_ex.c ****   * @param  Size number of data sample to be sent:
 431:Drivers/STM32F4xx_HAL_Driver/Src/stm32f4xx_hal_i2s_ex.c ****   * @note   When a 16-bit data frame or a 16-bit data frame extended is selected during the I2S
 432:Drivers/STM32F4xx_HAL_Driver/Src/stm32f4xx_hal_i2s_ex.c ****   *         configuration phase, the Size parameter means the number of 16-bit data length
 433:Drivers/STM32F4xx_HAL_Driver/Src/stm32f4xx_hal_i2s_ex.c ****   *         in the transaction and when a 24-bit data frame or a 32-bit data frame is selected
 434:Drivers/STM32F4xx_HAL_Driver/Src/stm32f4xx_hal_i2s_ex.c ****   *         the Size parameter means the number of 16-bit data length.
 435:Drivers/STM32F4xx_HAL_Driver/Src/stm32f4xx_hal_i2s_ex.c ****   * @note   The I2S is kept enabled at the end of transaction to avoid the clock de-synchronization
 436:Drivers/STM32F4xx_HAL_Driver/Src/stm32f4xx_hal_i2s_ex.c ****   *         between Master and Slave(example: audio streaming).
 437:Drivers/STM32F4xx_HAL_Driver/Src/stm32f4xx_hal_i2s_ex.c ****   * @retval HAL status
 438:Drivers/STM32F4xx_HAL_Driver/Src/stm32f4xx_hal_i2s_ex.c ****   */
 439:Drivers/STM32F4xx_HAL_Driver/Src/stm32f4xx_hal_i2s_ex.c **** HAL_StatusTypeDef HAL_I2SEx_TransmitReceive_IT(I2S_HandleTypeDef *hi2s,
 440:Drivers/STM32F4xx_HAL_Driver/Src/stm32f4xx_hal_i2s_ex.c ****                                                uint16_t *pTxData,
 441:Drivers/STM32F4xx_HAL_Driver/Src/stm32f4xx_hal_i2s_ex.c ****                                                uint16_t *pRxData,
 442:Drivers/STM32F4xx_HAL_Driver/Src/stm32f4xx_hal_i2s_ex.c ****                                                uint16_t Size)
 443:Drivers/STM32F4xx_HAL_Driver/Src/stm32f4xx_hal_i2s_ex.c **** {
 444:Drivers/STM32F4xx_HAL_Driver/Src/stm32f4xx_hal_i2s_ex.c ****   uint32_t tmp1 = 0U;
 445:Drivers/STM32F4xx_HAL_Driver/Src/stm32f4xx_hal_i2s_ex.c **** 
 446:Drivers/STM32F4xx_HAL_Driver/Src/stm32f4xx_hal_i2s_ex.c ****   if (hi2s->State != HAL_I2S_STATE_READY)
 447:Drivers/STM32F4xx_HAL_Driver/Src/stm32f4xx_hal_i2s_ex.c ****   {
 448:Drivers/STM32F4xx_HAL_Driver/Src/stm32f4xx_hal_i2s_ex.c ****     return HAL_BUSY;
 449:Drivers/STM32F4xx_HAL_Driver/Src/stm32f4xx_hal_i2s_ex.c ****   }
 450:Drivers/STM32F4xx_HAL_Driver/Src/stm32f4xx_hal_i2s_ex.c **** 
 451:Drivers/STM32F4xx_HAL_Driver/Src/stm32f4xx_hal_i2s_ex.c ****   if ((pTxData == NULL) || (pRxData == NULL) || (Size == 0U))
 452:Drivers/STM32F4xx_HAL_Driver/Src/stm32f4xx_hal_i2s_ex.c ****   {
 453:Drivers/STM32F4xx_HAL_Driver/Src/stm32f4xx_hal_i2s_ex.c ****     return  HAL_ERROR;
 454:Drivers/STM32F4xx_HAL_Driver/Src/stm32f4xx_hal_i2s_ex.c ****   }
 455:Drivers/STM32F4xx_HAL_Driver/Src/stm32f4xx_hal_i2s_ex.c **** 
 456:Drivers/STM32F4xx_HAL_Driver/Src/stm32f4xx_hal_i2s_ex.c ****   /* Process Locked */
 457:Drivers/STM32F4xx_HAL_Driver/Src/stm32f4xx_hal_i2s_ex.c ****   __HAL_LOCK(hi2s);
 458:Drivers/STM32F4xx_HAL_Driver/Src/stm32f4xx_hal_i2s_ex.c **** 
 459:Drivers/STM32F4xx_HAL_Driver/Src/stm32f4xx_hal_i2s_ex.c ****   hi2s->pTxBuffPtr = pTxData;
 460:Drivers/STM32F4xx_HAL_Driver/Src/stm32f4xx_hal_i2s_ex.c ****   hi2s->pRxBuffPtr = pRxData;
 461:Drivers/STM32F4xx_HAL_Driver/Src/stm32f4xx_hal_i2s_ex.c **** 
 462:Drivers/STM32F4xx_HAL_Driver/Src/stm32f4xx_hal_i2s_ex.c ****   tmp1 = hi2s->Instance->I2SCFGR & (SPI_I2SCFGR_DATLEN | SPI_I2SCFGR_CHLEN);
 463:Drivers/STM32F4xx_HAL_Driver/Src/stm32f4xx_hal_i2s_ex.c ****   /* Check the Data format: When a 16-bit data frame or a 16-bit data frame extended
 464:Drivers/STM32F4xx_HAL_Driver/Src/stm32f4xx_hal_i2s_ex.c ****   is selected during the I2S configuration phase, the Size parameter means the number
 465:Drivers/STM32F4xx_HAL_Driver/Src/stm32f4xx_hal_i2s_ex.c ****   of 16-bit data length in the transaction and when a 24-bit data frame or a 32-bit data
 466:Drivers/STM32F4xx_HAL_Driver/Src/stm32f4xx_hal_i2s_ex.c ****   frame is selected the Size parameter means the number of 16-bit data length. */
 467:Drivers/STM32F4xx_HAL_Driver/Src/stm32f4xx_hal_i2s_ex.c ****   if ((tmp1 == I2S_DATAFORMAT_24B) || (tmp1 == I2S_DATAFORMAT_32B))
 468:Drivers/STM32F4xx_HAL_Driver/Src/stm32f4xx_hal_i2s_ex.c ****   {
 469:Drivers/STM32F4xx_HAL_Driver/Src/stm32f4xx_hal_i2s_ex.c ****     hi2s->TxXferSize  = (Size << 1U);
 470:Drivers/STM32F4xx_HAL_Driver/Src/stm32f4xx_hal_i2s_ex.c ****     hi2s->TxXferCount = (Size << 1U);
 471:Drivers/STM32F4xx_HAL_Driver/Src/stm32f4xx_hal_i2s_ex.c ****     hi2s->RxXferSize  = (Size << 1U);
 472:Drivers/STM32F4xx_HAL_Driver/Src/stm32f4xx_hal_i2s_ex.c ****     hi2s->RxXferCount = (Size << 1U);
 473:Drivers/STM32F4xx_HAL_Driver/Src/stm32f4xx_hal_i2s_ex.c ****   }
 474:Drivers/STM32F4xx_HAL_Driver/Src/stm32f4xx_hal_i2s_ex.c ****   else
 475:Drivers/STM32F4xx_HAL_Driver/Src/stm32f4xx_hal_i2s_ex.c ****   {
 476:Drivers/STM32F4xx_HAL_Driver/Src/stm32f4xx_hal_i2s_ex.c ****     hi2s->TxXferSize  = Size;
 477:Drivers/STM32F4xx_HAL_Driver/Src/stm32f4xx_hal_i2s_ex.c ****     hi2s->TxXferCount = Size;
 478:Drivers/STM32F4xx_HAL_Driver/Src/stm32f4xx_hal_i2s_ex.c ****     hi2s->RxXferSize  = Size;
 479:Drivers/STM32F4xx_HAL_Driver/Src/stm32f4xx_hal_i2s_ex.c ****     hi2s->RxXferCount = Size;
 480:Drivers/STM32F4xx_HAL_Driver/Src/stm32f4xx_hal_i2s_ex.c ****   }
 481:Drivers/STM32F4xx_HAL_Driver/Src/stm32f4xx_hal_i2s_ex.c **** 
 482:Drivers/STM32F4xx_HAL_Driver/Src/stm32f4xx_hal_i2s_ex.c ****   hi2s->ErrorCode = HAL_I2S_ERROR_NONE;
 483:Drivers/STM32F4xx_HAL_Driver/Src/stm32f4xx_hal_i2s_ex.c ****   hi2s->State     = HAL_I2S_STATE_BUSY_TX_RX;
 484:Drivers/STM32F4xx_HAL_Driver/Src/stm32f4xx_hal_i2s_ex.c **** 
 485:Drivers/STM32F4xx_HAL_Driver/Src/stm32f4xx_hal_i2s_ex.c ****   /* Set the function for IT treatment */
 486:Drivers/STM32F4xx_HAL_Driver/Src/stm32f4xx_hal_i2s_ex.c ****   if ((hi2s->Init.Mode == I2S_MODE_MASTER_TX) || (hi2s->Init.Mode == I2S_MODE_SLAVE_TX))
ARM GAS  /tmp/ccXjaJpZ.s 			page 10


 487:Drivers/STM32F4xx_HAL_Driver/Src/stm32f4xx_hal_i2s_ex.c ****   {
 488:Drivers/STM32F4xx_HAL_Driver/Src/stm32f4xx_hal_i2s_ex.c ****     /* Enable I2Sext RXNE and ERR interrupts */
 489:Drivers/STM32F4xx_HAL_Driver/Src/stm32f4xx_hal_i2s_ex.c ****     __HAL_I2SEXT_ENABLE_IT(hi2s, (I2S_IT_RXNE | I2S_IT_ERR));
 490:Drivers/STM32F4xx_HAL_Driver/Src/stm32f4xx_hal_i2s_ex.c **** 
 491:Drivers/STM32F4xx_HAL_Driver/Src/stm32f4xx_hal_i2s_ex.c ****     /* Enable I2Sx TXE and ERR interrupts */
 492:Drivers/STM32F4xx_HAL_Driver/Src/stm32f4xx_hal_i2s_ex.c ****     __HAL_I2S_ENABLE_IT(hi2s, (I2S_IT_TXE | I2S_IT_ERR));
 493:Drivers/STM32F4xx_HAL_Driver/Src/stm32f4xx_hal_i2s_ex.c **** 
 494:Drivers/STM32F4xx_HAL_Driver/Src/stm32f4xx_hal_i2s_ex.c ****     /* Transmit First data */
 495:Drivers/STM32F4xx_HAL_Driver/Src/stm32f4xx_hal_i2s_ex.c ****     hi2s->Instance->DR = (*hi2s->pTxBuffPtr++);
 496:Drivers/STM32F4xx_HAL_Driver/Src/stm32f4xx_hal_i2s_ex.c ****     hi2s->TxXferCount--;
 497:Drivers/STM32F4xx_HAL_Driver/Src/stm32f4xx_hal_i2s_ex.c **** 
 498:Drivers/STM32F4xx_HAL_Driver/Src/stm32f4xx_hal_i2s_ex.c ****     if (hi2s->TxXferCount == 0U)
 499:Drivers/STM32F4xx_HAL_Driver/Src/stm32f4xx_hal_i2s_ex.c ****     {
 500:Drivers/STM32F4xx_HAL_Driver/Src/stm32f4xx_hal_i2s_ex.c ****       /* Disable TXE and ERR interrupt */
 501:Drivers/STM32F4xx_HAL_Driver/Src/stm32f4xx_hal_i2s_ex.c ****       __HAL_I2S_DISABLE_IT(hi2s, (I2S_IT_TXE | I2S_IT_ERR));
 502:Drivers/STM32F4xx_HAL_Driver/Src/stm32f4xx_hal_i2s_ex.c ****     }
 503:Drivers/STM32F4xx_HAL_Driver/Src/stm32f4xx_hal_i2s_ex.c ****   }
 504:Drivers/STM32F4xx_HAL_Driver/Src/stm32f4xx_hal_i2s_ex.c ****   else  /* The I2S_MODE_MASTER_RX or I2S_MODE_SLAVE_RX Mode is selected */
 505:Drivers/STM32F4xx_HAL_Driver/Src/stm32f4xx_hal_i2s_ex.c ****   {
 506:Drivers/STM32F4xx_HAL_Driver/Src/stm32f4xx_hal_i2s_ex.c ****     /* Enable I2Sext TXE and ERR interrupts */
 507:Drivers/STM32F4xx_HAL_Driver/Src/stm32f4xx_hal_i2s_ex.c ****     __HAL_I2SEXT_ENABLE_IT(hi2s, (I2S_IT_TXE | I2S_IT_ERR));
 508:Drivers/STM32F4xx_HAL_Driver/Src/stm32f4xx_hal_i2s_ex.c **** 
 509:Drivers/STM32F4xx_HAL_Driver/Src/stm32f4xx_hal_i2s_ex.c ****     /* Enable I2Sext RXNE and ERR interrupts */
 510:Drivers/STM32F4xx_HAL_Driver/Src/stm32f4xx_hal_i2s_ex.c ****     __HAL_I2S_ENABLE_IT(hi2s, (I2S_IT_RXNE | I2S_IT_ERR));
 511:Drivers/STM32F4xx_HAL_Driver/Src/stm32f4xx_hal_i2s_ex.c **** 
 512:Drivers/STM32F4xx_HAL_Driver/Src/stm32f4xx_hal_i2s_ex.c ****     /* Transmit First data */
 513:Drivers/STM32F4xx_HAL_Driver/Src/stm32f4xx_hal_i2s_ex.c ****     I2SxEXT(hi2s->Instance)->DR = (*hi2s->pTxBuffPtr++);
 514:Drivers/STM32F4xx_HAL_Driver/Src/stm32f4xx_hal_i2s_ex.c ****     hi2s->TxXferCount--;
 515:Drivers/STM32F4xx_HAL_Driver/Src/stm32f4xx_hal_i2s_ex.c **** 
 516:Drivers/STM32F4xx_HAL_Driver/Src/stm32f4xx_hal_i2s_ex.c ****     if (hi2s->TxXferCount == 0U)
 517:Drivers/STM32F4xx_HAL_Driver/Src/stm32f4xx_hal_i2s_ex.c ****     {
 518:Drivers/STM32F4xx_HAL_Driver/Src/stm32f4xx_hal_i2s_ex.c ****       /* Disable I2Sext TXE and ERR interrupt */
 519:Drivers/STM32F4xx_HAL_Driver/Src/stm32f4xx_hal_i2s_ex.c ****       __HAL_I2SEXT_DISABLE_IT(hi2s, (I2S_IT_TXE | I2S_IT_ERR));
 520:Drivers/STM32F4xx_HAL_Driver/Src/stm32f4xx_hal_i2s_ex.c ****     }
 521:Drivers/STM32F4xx_HAL_Driver/Src/stm32f4xx_hal_i2s_ex.c ****   }
 522:Drivers/STM32F4xx_HAL_Driver/Src/stm32f4xx_hal_i2s_ex.c **** 
 523:Drivers/STM32F4xx_HAL_Driver/Src/stm32f4xx_hal_i2s_ex.c ****   __HAL_UNLOCK(hi2s);
 524:Drivers/STM32F4xx_HAL_Driver/Src/stm32f4xx_hal_i2s_ex.c ****   /* Enable I2Sext peripheral */
 525:Drivers/STM32F4xx_HAL_Driver/Src/stm32f4xx_hal_i2s_ex.c ****   __HAL_I2SEXT_ENABLE(hi2s);
 526:Drivers/STM32F4xx_HAL_Driver/Src/stm32f4xx_hal_i2s_ex.c **** 
 527:Drivers/STM32F4xx_HAL_Driver/Src/stm32f4xx_hal_i2s_ex.c ****   /* Enable I2S peripheral */
 528:Drivers/STM32F4xx_HAL_Driver/Src/stm32f4xx_hal_i2s_ex.c ****   __HAL_I2S_ENABLE(hi2s);
 529:Drivers/STM32F4xx_HAL_Driver/Src/stm32f4xx_hal_i2s_ex.c **** 
 530:Drivers/STM32F4xx_HAL_Driver/Src/stm32f4xx_hal_i2s_ex.c ****   return HAL_OK;
 531:Drivers/STM32F4xx_HAL_Driver/Src/stm32f4xx_hal_i2s_ex.c **** }
 532:Drivers/STM32F4xx_HAL_Driver/Src/stm32f4xx_hal_i2s_ex.c **** 
 533:Drivers/STM32F4xx_HAL_Driver/Src/stm32f4xx_hal_i2s_ex.c **** /**
 534:Drivers/STM32F4xx_HAL_Driver/Src/stm32f4xx_hal_i2s_ex.c ****   * @brief  Full-Duplex Transmit/Receive data in non-blocking mode using DMA
 535:Drivers/STM32F4xx_HAL_Driver/Src/stm32f4xx_hal_i2s_ex.c ****   * @param  hi2s pointer to a I2S_HandleTypeDef structure that contains
 536:Drivers/STM32F4xx_HAL_Driver/Src/stm32f4xx_hal_i2s_ex.c ****   *         the configuration information for I2S module
 537:Drivers/STM32F4xx_HAL_Driver/Src/stm32f4xx_hal_i2s_ex.c ****   * @param  pTxData a 16-bit pointer to the Transmit data buffer.
 538:Drivers/STM32F4xx_HAL_Driver/Src/stm32f4xx_hal_i2s_ex.c ****   * @param  pRxData a 16-bit pointer to the Receive data buffer.
 539:Drivers/STM32F4xx_HAL_Driver/Src/stm32f4xx_hal_i2s_ex.c ****   * @param  Size number of data sample to be sent:
 540:Drivers/STM32F4xx_HAL_Driver/Src/stm32f4xx_hal_i2s_ex.c ****   * @note   When a 16-bit data frame or a 16-bit data frame extended is selected during the I2S
 541:Drivers/STM32F4xx_HAL_Driver/Src/stm32f4xx_hal_i2s_ex.c ****   *         configuration phase, the Size parameter means the number of 16-bit data length
 542:Drivers/STM32F4xx_HAL_Driver/Src/stm32f4xx_hal_i2s_ex.c ****   *         in the transaction and when a 24-bit data frame or a 32-bit data frame is selected
 543:Drivers/STM32F4xx_HAL_Driver/Src/stm32f4xx_hal_i2s_ex.c ****   *         the Size parameter means the number of 16-bit data length.
ARM GAS  /tmp/ccXjaJpZ.s 			page 11


 544:Drivers/STM32F4xx_HAL_Driver/Src/stm32f4xx_hal_i2s_ex.c ****   * @note   The I2S is kept enabled at the end of transaction to avoid the clock de-synchronization
 545:Drivers/STM32F4xx_HAL_Driver/Src/stm32f4xx_hal_i2s_ex.c ****   *         between Master and Slave(example: audio streaming).
 546:Drivers/STM32F4xx_HAL_Driver/Src/stm32f4xx_hal_i2s_ex.c ****   * @retval HAL status
 547:Drivers/STM32F4xx_HAL_Driver/Src/stm32f4xx_hal_i2s_ex.c ****   */
 548:Drivers/STM32F4xx_HAL_Driver/Src/stm32f4xx_hal_i2s_ex.c **** HAL_StatusTypeDef HAL_I2SEx_TransmitReceive_DMA(I2S_HandleTypeDef *hi2s,
 549:Drivers/STM32F4xx_HAL_Driver/Src/stm32f4xx_hal_i2s_ex.c ****                                                 uint16_t *pTxData,
 550:Drivers/STM32F4xx_HAL_Driver/Src/stm32f4xx_hal_i2s_ex.c ****                                                 uint16_t *pRxData,
 551:Drivers/STM32F4xx_HAL_Driver/Src/stm32f4xx_hal_i2s_ex.c ****                                                 uint16_t Size)
 552:Drivers/STM32F4xx_HAL_Driver/Src/stm32f4xx_hal_i2s_ex.c **** {
 553:Drivers/STM32F4xx_HAL_Driver/Src/stm32f4xx_hal_i2s_ex.c ****   uint32_t *tmp = NULL;
 554:Drivers/STM32F4xx_HAL_Driver/Src/stm32f4xx_hal_i2s_ex.c ****   uint32_t tmp1 = 0U;
 555:Drivers/STM32F4xx_HAL_Driver/Src/stm32f4xx_hal_i2s_ex.c ****   HAL_StatusTypeDef status;
 556:Drivers/STM32F4xx_HAL_Driver/Src/stm32f4xx_hal_i2s_ex.c **** 
 557:Drivers/STM32F4xx_HAL_Driver/Src/stm32f4xx_hal_i2s_ex.c ****   if (hi2s->State != HAL_I2S_STATE_READY)
 558:Drivers/STM32F4xx_HAL_Driver/Src/stm32f4xx_hal_i2s_ex.c ****   {
 559:Drivers/STM32F4xx_HAL_Driver/Src/stm32f4xx_hal_i2s_ex.c ****     return HAL_BUSY;
 560:Drivers/STM32F4xx_HAL_Driver/Src/stm32f4xx_hal_i2s_ex.c ****   }
 561:Drivers/STM32F4xx_HAL_Driver/Src/stm32f4xx_hal_i2s_ex.c **** 
 562:Drivers/STM32F4xx_HAL_Driver/Src/stm32f4xx_hal_i2s_ex.c ****   if ((pTxData == NULL) || (pRxData == NULL) || (Size == 0U))
 563:Drivers/STM32F4xx_HAL_Driver/Src/stm32f4xx_hal_i2s_ex.c ****   {
 564:Drivers/STM32F4xx_HAL_Driver/Src/stm32f4xx_hal_i2s_ex.c ****     return  HAL_ERROR;
 565:Drivers/STM32F4xx_HAL_Driver/Src/stm32f4xx_hal_i2s_ex.c ****   }
 566:Drivers/STM32F4xx_HAL_Driver/Src/stm32f4xx_hal_i2s_ex.c **** 
 567:Drivers/STM32F4xx_HAL_Driver/Src/stm32f4xx_hal_i2s_ex.c ****   /* Process Locked */
 568:Drivers/STM32F4xx_HAL_Driver/Src/stm32f4xx_hal_i2s_ex.c ****   __HAL_LOCK(hi2s);
 569:Drivers/STM32F4xx_HAL_Driver/Src/stm32f4xx_hal_i2s_ex.c **** 
 570:Drivers/STM32F4xx_HAL_Driver/Src/stm32f4xx_hal_i2s_ex.c ****   hi2s->pTxBuffPtr = pTxData;
 571:Drivers/STM32F4xx_HAL_Driver/Src/stm32f4xx_hal_i2s_ex.c ****   hi2s->pRxBuffPtr = pRxData;
 572:Drivers/STM32F4xx_HAL_Driver/Src/stm32f4xx_hal_i2s_ex.c **** 
 573:Drivers/STM32F4xx_HAL_Driver/Src/stm32f4xx_hal_i2s_ex.c ****   tmp1 = hi2s->Instance->I2SCFGR & (SPI_I2SCFGR_DATLEN | SPI_I2SCFGR_CHLEN);
 574:Drivers/STM32F4xx_HAL_Driver/Src/stm32f4xx_hal_i2s_ex.c ****   /* Check the Data format: When a 16-bit data frame or a 16-bit data frame extended
 575:Drivers/STM32F4xx_HAL_Driver/Src/stm32f4xx_hal_i2s_ex.c ****   is selected during the I2S configuration phase, the Size parameter means the number
 576:Drivers/STM32F4xx_HAL_Driver/Src/stm32f4xx_hal_i2s_ex.c ****   of 16-bit data length in the transaction and when a 24-bit data frame or a 32-bit data
 577:Drivers/STM32F4xx_HAL_Driver/Src/stm32f4xx_hal_i2s_ex.c ****   frame is selected the Size parameter means the number of 16-bit data length. */
 578:Drivers/STM32F4xx_HAL_Driver/Src/stm32f4xx_hal_i2s_ex.c ****   if ((tmp1 == I2S_DATAFORMAT_24B) || (tmp1 == I2S_DATAFORMAT_32B))
 579:Drivers/STM32F4xx_HAL_Driver/Src/stm32f4xx_hal_i2s_ex.c ****   {
 580:Drivers/STM32F4xx_HAL_Driver/Src/stm32f4xx_hal_i2s_ex.c ****     hi2s->TxXferSize  = (Size << 1U);
 581:Drivers/STM32F4xx_HAL_Driver/Src/stm32f4xx_hal_i2s_ex.c ****     hi2s->TxXferCount = (Size << 1U);
 582:Drivers/STM32F4xx_HAL_Driver/Src/stm32f4xx_hal_i2s_ex.c ****     hi2s->RxXferSize  = (Size << 1U);
 583:Drivers/STM32F4xx_HAL_Driver/Src/stm32f4xx_hal_i2s_ex.c ****     hi2s->RxXferCount = (Size << 1U);
 584:Drivers/STM32F4xx_HAL_Driver/Src/stm32f4xx_hal_i2s_ex.c ****   }
 585:Drivers/STM32F4xx_HAL_Driver/Src/stm32f4xx_hal_i2s_ex.c ****   else
 586:Drivers/STM32F4xx_HAL_Driver/Src/stm32f4xx_hal_i2s_ex.c ****   {
 587:Drivers/STM32F4xx_HAL_Driver/Src/stm32f4xx_hal_i2s_ex.c ****     hi2s->TxXferSize  = Size;
 588:Drivers/STM32F4xx_HAL_Driver/Src/stm32f4xx_hal_i2s_ex.c ****     hi2s->TxXferCount = Size;
 589:Drivers/STM32F4xx_HAL_Driver/Src/stm32f4xx_hal_i2s_ex.c ****     hi2s->RxXferSize  = Size;
 590:Drivers/STM32F4xx_HAL_Driver/Src/stm32f4xx_hal_i2s_ex.c ****     hi2s->RxXferCount = Size;
 591:Drivers/STM32F4xx_HAL_Driver/Src/stm32f4xx_hal_i2s_ex.c ****   }
 592:Drivers/STM32F4xx_HAL_Driver/Src/stm32f4xx_hal_i2s_ex.c **** 
 593:Drivers/STM32F4xx_HAL_Driver/Src/stm32f4xx_hal_i2s_ex.c ****   hi2s->ErrorCode = HAL_I2S_ERROR_NONE;
 594:Drivers/STM32F4xx_HAL_Driver/Src/stm32f4xx_hal_i2s_ex.c ****   hi2s->State     = HAL_I2S_STATE_BUSY_TX_RX;
 595:Drivers/STM32F4xx_HAL_Driver/Src/stm32f4xx_hal_i2s_ex.c **** 
 596:Drivers/STM32F4xx_HAL_Driver/Src/stm32f4xx_hal_i2s_ex.c ****   /* Set the I2S Rx DMA Half transfer complete callback */
 597:Drivers/STM32F4xx_HAL_Driver/Src/stm32f4xx_hal_i2s_ex.c ****   hi2s->hdmarx->XferHalfCpltCallback = I2SEx_TxRxDMAHalfCplt;
 598:Drivers/STM32F4xx_HAL_Driver/Src/stm32f4xx_hal_i2s_ex.c **** 
 599:Drivers/STM32F4xx_HAL_Driver/Src/stm32f4xx_hal_i2s_ex.c ****   /* Set the I2S Rx DMA transfer complete callback */
 600:Drivers/STM32F4xx_HAL_Driver/Src/stm32f4xx_hal_i2s_ex.c ****   hi2s->hdmarx->XferCpltCallback  = I2SEx_TxRxDMACplt;
ARM GAS  /tmp/ccXjaJpZ.s 			page 12


 601:Drivers/STM32F4xx_HAL_Driver/Src/stm32f4xx_hal_i2s_ex.c **** 
 602:Drivers/STM32F4xx_HAL_Driver/Src/stm32f4xx_hal_i2s_ex.c ****   /* Set the I2S Rx DMA error callback */
 603:Drivers/STM32F4xx_HAL_Driver/Src/stm32f4xx_hal_i2s_ex.c ****   hi2s->hdmarx->XferErrorCallback = I2SEx_TxRxDMAError;
 604:Drivers/STM32F4xx_HAL_Driver/Src/stm32f4xx_hal_i2s_ex.c **** 
 605:Drivers/STM32F4xx_HAL_Driver/Src/stm32f4xx_hal_i2s_ex.c ****   /* Set the I2S Tx DMA Half transfer complete callback as NULL */
 606:Drivers/STM32F4xx_HAL_Driver/Src/stm32f4xx_hal_i2s_ex.c ****   hi2s->hdmatx->XferHalfCpltCallback  = NULL;
 607:Drivers/STM32F4xx_HAL_Driver/Src/stm32f4xx_hal_i2s_ex.c **** 
 608:Drivers/STM32F4xx_HAL_Driver/Src/stm32f4xx_hal_i2s_ex.c ****   /* Set the I2S Tx DMA transfer complete callback as NULL */
 609:Drivers/STM32F4xx_HAL_Driver/Src/stm32f4xx_hal_i2s_ex.c ****   hi2s->hdmatx->XferCpltCallback  = NULL;
 610:Drivers/STM32F4xx_HAL_Driver/Src/stm32f4xx_hal_i2s_ex.c **** 
 611:Drivers/STM32F4xx_HAL_Driver/Src/stm32f4xx_hal_i2s_ex.c ****   /* Set the I2S Tx DMA error callback */
 612:Drivers/STM32F4xx_HAL_Driver/Src/stm32f4xx_hal_i2s_ex.c ****   hi2s->hdmatx->XferErrorCallback = I2SEx_TxRxDMAError;
 613:Drivers/STM32F4xx_HAL_Driver/Src/stm32f4xx_hal_i2s_ex.c **** 
 614:Drivers/STM32F4xx_HAL_Driver/Src/stm32f4xx_hal_i2s_ex.c ****   tmp1 = hi2s->Instance->I2SCFGR & SPI_I2SCFGR_I2SCFG;
 615:Drivers/STM32F4xx_HAL_Driver/Src/stm32f4xx_hal_i2s_ex.c ****   /* Check if the I2S_MODE_MASTER_TX or I2S_MODE_SLAVE_TX Mode is selected */
 616:Drivers/STM32F4xx_HAL_Driver/Src/stm32f4xx_hal_i2s_ex.c ****   if ((tmp1 == I2S_MODE_MASTER_TX) || (tmp1 == I2S_MODE_SLAVE_TX))
 617:Drivers/STM32F4xx_HAL_Driver/Src/stm32f4xx_hal_i2s_ex.c ****   {
 618:Drivers/STM32F4xx_HAL_Driver/Src/stm32f4xx_hal_i2s_ex.c ****     /* Enable the Rx DMA Stream */
 619:Drivers/STM32F4xx_HAL_Driver/Src/stm32f4xx_hal_i2s_ex.c ****     tmp = (uint32_t *)&pRxData;
 620:Drivers/STM32F4xx_HAL_Driver/Src/stm32f4xx_hal_i2s_ex.c ****     status = HAL_DMA_Start_IT(hi2s->hdmarx, (uint32_t)&I2SxEXT(hi2s->Instance)->DR, *(uint32_t *)tm
 621:Drivers/STM32F4xx_HAL_Driver/Src/stm32f4xx_hal_i2s_ex.c **** 
 622:Drivers/STM32F4xx_HAL_Driver/Src/stm32f4xx_hal_i2s_ex.c ****     /* Enable Rx DMA Request */
 623:Drivers/STM32F4xx_HAL_Driver/Src/stm32f4xx_hal_i2s_ex.c ****     SET_BIT(I2SxEXT(hi2s->Instance)->CR2, SPI_CR2_RXDMAEN);
 624:Drivers/STM32F4xx_HAL_Driver/Src/stm32f4xx_hal_i2s_ex.c **** 
 625:Drivers/STM32F4xx_HAL_Driver/Src/stm32f4xx_hal_i2s_ex.c ****     /* Enable the Tx DMA Stream */
 626:Drivers/STM32F4xx_HAL_Driver/Src/stm32f4xx_hal_i2s_ex.c ****     tmp = (uint32_t *)&pTxData;
 627:Drivers/STM32F4xx_HAL_Driver/Src/stm32f4xx_hal_i2s_ex.c ****     status = HAL_DMA_Start_IT(hi2s->hdmatx, *(uint32_t *)tmp, (uint32_t)&hi2s->Instance->DR, hi2s->
 628:Drivers/STM32F4xx_HAL_Driver/Src/stm32f4xx_hal_i2s_ex.c **** 
 629:Drivers/STM32F4xx_HAL_Driver/Src/stm32f4xx_hal_i2s_ex.c ****     /* Enable Tx DMA Request */
 630:Drivers/STM32F4xx_HAL_Driver/Src/stm32f4xx_hal_i2s_ex.c ****     SET_BIT(hi2s->Instance->CR2, SPI_CR2_TXDMAEN);
 631:Drivers/STM32F4xx_HAL_Driver/Src/stm32f4xx_hal_i2s_ex.c ****   }
 632:Drivers/STM32F4xx_HAL_Driver/Src/stm32f4xx_hal_i2s_ex.c ****   else
 633:Drivers/STM32F4xx_HAL_Driver/Src/stm32f4xx_hal_i2s_ex.c ****   {
 634:Drivers/STM32F4xx_HAL_Driver/Src/stm32f4xx_hal_i2s_ex.c ****     /* Check if Master Receiver mode is selected */
 635:Drivers/STM32F4xx_HAL_Driver/Src/stm32f4xx_hal_i2s_ex.c ****     if ((hi2s->Instance->I2SCFGR & SPI_I2SCFGR_I2SCFG) == I2S_MODE_MASTER_RX)
 636:Drivers/STM32F4xx_HAL_Driver/Src/stm32f4xx_hal_i2s_ex.c ****     {
 637:Drivers/STM32F4xx_HAL_Driver/Src/stm32f4xx_hal_i2s_ex.c ****       /* Clear the Overrun Flag by a read operation on the SPI_DR register followed by a read
 638:Drivers/STM32F4xx_HAL_Driver/Src/stm32f4xx_hal_i2s_ex.c ****       access to the SPI_SR register. */
 639:Drivers/STM32F4xx_HAL_Driver/Src/stm32f4xx_hal_i2s_ex.c ****       __HAL_I2S_CLEAR_OVRFLAG(hi2s);
 640:Drivers/STM32F4xx_HAL_Driver/Src/stm32f4xx_hal_i2s_ex.c ****     }
 641:Drivers/STM32F4xx_HAL_Driver/Src/stm32f4xx_hal_i2s_ex.c ****     /* Enable the Tx DMA Stream */
 642:Drivers/STM32F4xx_HAL_Driver/Src/stm32f4xx_hal_i2s_ex.c ****     tmp = (uint32_t *)&pTxData;
 643:Drivers/STM32F4xx_HAL_Driver/Src/stm32f4xx_hal_i2s_ex.c ****     status = HAL_DMA_Start_IT(hi2s->hdmatx, *(uint32_t *)tmp, (uint32_t)&I2SxEXT(hi2s->Instance)->D
 644:Drivers/STM32F4xx_HAL_Driver/Src/stm32f4xx_hal_i2s_ex.c **** 
 645:Drivers/STM32F4xx_HAL_Driver/Src/stm32f4xx_hal_i2s_ex.c ****     /* Enable Tx DMA Request */
 646:Drivers/STM32F4xx_HAL_Driver/Src/stm32f4xx_hal_i2s_ex.c ****     SET_BIT(I2SxEXT(hi2s->Instance)->CR2, SPI_CR2_TXDMAEN);
 647:Drivers/STM32F4xx_HAL_Driver/Src/stm32f4xx_hal_i2s_ex.c **** 
 648:Drivers/STM32F4xx_HAL_Driver/Src/stm32f4xx_hal_i2s_ex.c ****     /* Enable the Rx DMA Stream */
 649:Drivers/STM32F4xx_HAL_Driver/Src/stm32f4xx_hal_i2s_ex.c ****     tmp = (uint32_t *)&pRxData;
 650:Drivers/STM32F4xx_HAL_Driver/Src/stm32f4xx_hal_i2s_ex.c ****     status = HAL_DMA_Start_IT(hi2s->hdmarx, (uint32_t)&hi2s->Instance->DR, *(uint32_t *)tmp, hi2s->
 651:Drivers/STM32F4xx_HAL_Driver/Src/stm32f4xx_hal_i2s_ex.c **** 
 652:Drivers/STM32F4xx_HAL_Driver/Src/stm32f4xx_hal_i2s_ex.c ****     /* Enable Rx DMA Request */
 653:Drivers/STM32F4xx_HAL_Driver/Src/stm32f4xx_hal_i2s_ex.c ****     SET_BIT(hi2s->Instance->CR2, SPI_CR2_RXDMAEN);
 654:Drivers/STM32F4xx_HAL_Driver/Src/stm32f4xx_hal_i2s_ex.c ****   }
 655:Drivers/STM32F4xx_HAL_Driver/Src/stm32f4xx_hal_i2s_ex.c **** 
 656:Drivers/STM32F4xx_HAL_Driver/Src/stm32f4xx_hal_i2s_ex.c ****   __HAL_UNLOCK(hi2s);
 657:Drivers/STM32F4xx_HAL_Driver/Src/stm32f4xx_hal_i2s_ex.c ****   /* Check if the I2S is already enabled */
ARM GAS  /tmp/ccXjaJpZ.s 			page 13


 658:Drivers/STM32F4xx_HAL_Driver/Src/stm32f4xx_hal_i2s_ex.c ****   if ((hi2s->Instance->I2SCFGR & SPI_I2SCFGR_I2SE) != SPI_I2SCFGR_I2SE)
 659:Drivers/STM32F4xx_HAL_Driver/Src/stm32f4xx_hal_i2s_ex.c ****   {
 660:Drivers/STM32F4xx_HAL_Driver/Src/stm32f4xx_hal_i2s_ex.c ****     /* Enable I2Sext(transmitter) before enabling I2Sx peripheral */
 661:Drivers/STM32F4xx_HAL_Driver/Src/stm32f4xx_hal_i2s_ex.c ****     __HAL_I2SEXT_ENABLE(hi2s);
 662:Drivers/STM32F4xx_HAL_Driver/Src/stm32f4xx_hal_i2s_ex.c ****     /* Enable I2S peripheral before the I2Sext */
 663:Drivers/STM32F4xx_HAL_Driver/Src/stm32f4xx_hal_i2s_ex.c ****     __HAL_I2S_ENABLE(hi2s);
 664:Drivers/STM32F4xx_HAL_Driver/Src/stm32f4xx_hal_i2s_ex.c ****   }
 665:Drivers/STM32F4xx_HAL_Driver/Src/stm32f4xx_hal_i2s_ex.c **** 
 666:Drivers/STM32F4xx_HAL_Driver/Src/stm32f4xx_hal_i2s_ex.c ****   return status;
 667:Drivers/STM32F4xx_HAL_Driver/Src/stm32f4xx_hal_i2s_ex.c **** }
 668:Drivers/STM32F4xx_HAL_Driver/Src/stm32f4xx_hal_i2s_ex.c **** 
 669:Drivers/STM32F4xx_HAL_Driver/Src/stm32f4xx_hal_i2s_ex.c **** /**
 670:Drivers/STM32F4xx_HAL_Driver/Src/stm32f4xx_hal_i2s_ex.c ****   * @brief  This function handles I2S/I2Sext interrupt requests in full-duplex mode.
 671:Drivers/STM32F4xx_HAL_Driver/Src/stm32f4xx_hal_i2s_ex.c ****   * @param  hi2s I2S handle
 672:Drivers/STM32F4xx_HAL_Driver/Src/stm32f4xx_hal_i2s_ex.c ****   * @retval HAL status
 673:Drivers/STM32F4xx_HAL_Driver/Src/stm32f4xx_hal_i2s_ex.c ****   */
 674:Drivers/STM32F4xx_HAL_Driver/Src/stm32f4xx_hal_i2s_ex.c **** void HAL_I2SEx_FullDuplex_IRQHandler(I2S_HandleTypeDef *hi2s)
 675:Drivers/STM32F4xx_HAL_Driver/Src/stm32f4xx_hal_i2s_ex.c **** {
 676:Drivers/STM32F4xx_HAL_Driver/Src/stm32f4xx_hal_i2s_ex.c ****   __IO uint32_t i2ssr     = hi2s->Instance->SR;
 677:Drivers/STM32F4xx_HAL_Driver/Src/stm32f4xx_hal_i2s_ex.c ****   __IO uint32_t i2sextsr  = I2SxEXT(hi2s->Instance)->SR;
 678:Drivers/STM32F4xx_HAL_Driver/Src/stm32f4xx_hal_i2s_ex.c ****   __IO uint32_t i2scr2    = hi2s->Instance->CR2;
 679:Drivers/STM32F4xx_HAL_Driver/Src/stm32f4xx_hal_i2s_ex.c ****   __IO uint32_t i2sextcr2 = I2SxEXT(hi2s->Instance)->CR2;
 680:Drivers/STM32F4xx_HAL_Driver/Src/stm32f4xx_hal_i2s_ex.c **** 
 681:Drivers/STM32F4xx_HAL_Driver/Src/stm32f4xx_hal_i2s_ex.c ****   /* Check if the I2S_MODE_MASTER_TX or I2S_MODE_SLAVE_TX Mode is selected */
 682:Drivers/STM32F4xx_HAL_Driver/Src/stm32f4xx_hal_i2s_ex.c ****   if ((hi2s->Init.Mode == I2S_MODE_MASTER_TX) || (hi2s->Init.Mode == I2S_MODE_SLAVE_TX))
 683:Drivers/STM32F4xx_HAL_Driver/Src/stm32f4xx_hal_i2s_ex.c ****   {
 684:Drivers/STM32F4xx_HAL_Driver/Src/stm32f4xx_hal_i2s_ex.c ****     /* I2S in mode Transmitter -------------------------------------------------*/
 685:Drivers/STM32F4xx_HAL_Driver/Src/stm32f4xx_hal_i2s_ex.c ****     if (((i2ssr & I2S_FLAG_TXE) == I2S_FLAG_TXE) && ((i2scr2 & I2S_IT_TXE) != RESET))
 686:Drivers/STM32F4xx_HAL_Driver/Src/stm32f4xx_hal_i2s_ex.c ****     {
 687:Drivers/STM32F4xx_HAL_Driver/Src/stm32f4xx_hal_i2s_ex.c ****       /* When the I2S mode is configured as I2S_MODE_MASTER_TX or I2S_MODE_SLAVE_TX,
 688:Drivers/STM32F4xx_HAL_Driver/Src/stm32f4xx_hal_i2s_ex.c ****       the I2S TXE interrupt will be generated to manage the full-duplex transmit phase. */
 689:Drivers/STM32F4xx_HAL_Driver/Src/stm32f4xx_hal_i2s_ex.c ****       I2SEx_TxISR_I2S(hi2s);
 690:Drivers/STM32F4xx_HAL_Driver/Src/stm32f4xx_hal_i2s_ex.c ****     }
 691:Drivers/STM32F4xx_HAL_Driver/Src/stm32f4xx_hal_i2s_ex.c **** 
 692:Drivers/STM32F4xx_HAL_Driver/Src/stm32f4xx_hal_i2s_ex.c ****     /* I2Sext in mode Receiver -----------------------------------------------*/
 693:Drivers/STM32F4xx_HAL_Driver/Src/stm32f4xx_hal_i2s_ex.c ****     if (((i2sextsr & I2S_FLAG_RXNE) == I2S_FLAG_RXNE) && ((i2sextcr2 & I2S_IT_RXNE) != RESET))
 694:Drivers/STM32F4xx_HAL_Driver/Src/stm32f4xx_hal_i2s_ex.c ****     {
 695:Drivers/STM32F4xx_HAL_Driver/Src/stm32f4xx_hal_i2s_ex.c ****       /* When the I2S mode is configured as I2S_MODE_MASTER_TX or I2S_MODE_SLAVE_TX,
 696:Drivers/STM32F4xx_HAL_Driver/Src/stm32f4xx_hal_i2s_ex.c ****       the I2Sext RXNE interrupt will be generated to manage the full-duplex receive phase. */
 697:Drivers/STM32F4xx_HAL_Driver/Src/stm32f4xx_hal_i2s_ex.c ****       I2SEx_RxISR_I2SExt(hi2s);
 698:Drivers/STM32F4xx_HAL_Driver/Src/stm32f4xx_hal_i2s_ex.c ****     }
 699:Drivers/STM32F4xx_HAL_Driver/Src/stm32f4xx_hal_i2s_ex.c **** 
 700:Drivers/STM32F4xx_HAL_Driver/Src/stm32f4xx_hal_i2s_ex.c ****     /* I2Sext Overrun error interrupt occurred --------------------------------*/
 701:Drivers/STM32F4xx_HAL_Driver/Src/stm32f4xx_hal_i2s_ex.c ****     if (((i2sextsr & I2S_FLAG_OVR) == I2S_FLAG_OVR) && ((i2sextcr2 & I2S_IT_ERR) != RESET))
 702:Drivers/STM32F4xx_HAL_Driver/Src/stm32f4xx_hal_i2s_ex.c ****     {
 703:Drivers/STM32F4xx_HAL_Driver/Src/stm32f4xx_hal_i2s_ex.c ****       /* Disable RXNE and ERR interrupt */
 704:Drivers/STM32F4xx_HAL_Driver/Src/stm32f4xx_hal_i2s_ex.c ****       __HAL_I2SEXT_DISABLE_IT(hi2s, (I2S_IT_RXNE | I2S_IT_ERR));
 705:Drivers/STM32F4xx_HAL_Driver/Src/stm32f4xx_hal_i2s_ex.c **** 
 706:Drivers/STM32F4xx_HAL_Driver/Src/stm32f4xx_hal_i2s_ex.c ****       /* Disable TXE and ERR interrupt */
 707:Drivers/STM32F4xx_HAL_Driver/Src/stm32f4xx_hal_i2s_ex.c ****       __HAL_I2S_DISABLE_IT(hi2s, (I2S_IT_TXE | I2S_IT_ERR));
 708:Drivers/STM32F4xx_HAL_Driver/Src/stm32f4xx_hal_i2s_ex.c **** 
 709:Drivers/STM32F4xx_HAL_Driver/Src/stm32f4xx_hal_i2s_ex.c ****       /* Clear Overrun flag */
 710:Drivers/STM32F4xx_HAL_Driver/Src/stm32f4xx_hal_i2s_ex.c ****       __HAL_I2S_CLEAR_OVRFLAG(hi2s);
 711:Drivers/STM32F4xx_HAL_Driver/Src/stm32f4xx_hal_i2s_ex.c **** 
 712:Drivers/STM32F4xx_HAL_Driver/Src/stm32f4xx_hal_i2s_ex.c ****       /* Set the I2S State ready */
 713:Drivers/STM32F4xx_HAL_Driver/Src/stm32f4xx_hal_i2s_ex.c ****       hi2s->State = HAL_I2S_STATE_READY;
 714:Drivers/STM32F4xx_HAL_Driver/Src/stm32f4xx_hal_i2s_ex.c **** 
ARM GAS  /tmp/ccXjaJpZ.s 			page 14


 715:Drivers/STM32F4xx_HAL_Driver/Src/stm32f4xx_hal_i2s_ex.c ****       /* Set the error code and execute error callback*/
 716:Drivers/STM32F4xx_HAL_Driver/Src/stm32f4xx_hal_i2s_ex.c ****       SET_BIT(hi2s->ErrorCode, HAL_I2S_ERROR_OVR);
 717:Drivers/STM32F4xx_HAL_Driver/Src/stm32f4xx_hal_i2s_ex.c ****       /* Call user error callback */
 718:Drivers/STM32F4xx_HAL_Driver/Src/stm32f4xx_hal_i2s_ex.c **** #if (USE_HAL_I2S_REGISTER_CALLBACKS == 1U)
 719:Drivers/STM32F4xx_HAL_Driver/Src/stm32f4xx_hal_i2s_ex.c ****       hi2s->ErrorCallback(hi2s);
 720:Drivers/STM32F4xx_HAL_Driver/Src/stm32f4xx_hal_i2s_ex.c **** #else
 721:Drivers/STM32F4xx_HAL_Driver/Src/stm32f4xx_hal_i2s_ex.c ****       HAL_I2S_ErrorCallback(hi2s);
 722:Drivers/STM32F4xx_HAL_Driver/Src/stm32f4xx_hal_i2s_ex.c **** #endif /* USE_HAL_I2S_REGISTER_CALLBACKS */
 723:Drivers/STM32F4xx_HAL_Driver/Src/stm32f4xx_hal_i2s_ex.c ****     }
 724:Drivers/STM32F4xx_HAL_Driver/Src/stm32f4xx_hal_i2s_ex.c **** 
 725:Drivers/STM32F4xx_HAL_Driver/Src/stm32f4xx_hal_i2s_ex.c ****     /* I2S Underrun error interrupt occurred ----------------------------------*/
 726:Drivers/STM32F4xx_HAL_Driver/Src/stm32f4xx_hal_i2s_ex.c ****     if (((i2ssr & I2S_FLAG_UDR) == I2S_FLAG_UDR) && ((i2scr2 & I2S_IT_ERR) != RESET))
 727:Drivers/STM32F4xx_HAL_Driver/Src/stm32f4xx_hal_i2s_ex.c ****     {
 728:Drivers/STM32F4xx_HAL_Driver/Src/stm32f4xx_hal_i2s_ex.c ****       /* Disable TXE and ERR interrupt */
 729:Drivers/STM32F4xx_HAL_Driver/Src/stm32f4xx_hal_i2s_ex.c ****       __HAL_I2S_DISABLE_IT(hi2s, (I2S_IT_TXE | I2S_IT_ERR));
 730:Drivers/STM32F4xx_HAL_Driver/Src/stm32f4xx_hal_i2s_ex.c **** 
 731:Drivers/STM32F4xx_HAL_Driver/Src/stm32f4xx_hal_i2s_ex.c ****       /* Disable RXNE and ERR interrupt */
 732:Drivers/STM32F4xx_HAL_Driver/Src/stm32f4xx_hal_i2s_ex.c ****       __HAL_I2SEXT_DISABLE_IT(hi2s, (I2S_IT_RXNE | I2S_IT_ERR));
 733:Drivers/STM32F4xx_HAL_Driver/Src/stm32f4xx_hal_i2s_ex.c **** 
 734:Drivers/STM32F4xx_HAL_Driver/Src/stm32f4xx_hal_i2s_ex.c ****       /* Clear underrun flag */
 735:Drivers/STM32F4xx_HAL_Driver/Src/stm32f4xx_hal_i2s_ex.c ****       __HAL_I2S_CLEAR_UDRFLAG(hi2s);
 736:Drivers/STM32F4xx_HAL_Driver/Src/stm32f4xx_hal_i2s_ex.c **** 
 737:Drivers/STM32F4xx_HAL_Driver/Src/stm32f4xx_hal_i2s_ex.c ****       /* Set the I2S State ready */
 738:Drivers/STM32F4xx_HAL_Driver/Src/stm32f4xx_hal_i2s_ex.c ****       hi2s->State = HAL_I2S_STATE_READY;
 739:Drivers/STM32F4xx_HAL_Driver/Src/stm32f4xx_hal_i2s_ex.c **** 
 740:Drivers/STM32F4xx_HAL_Driver/Src/stm32f4xx_hal_i2s_ex.c ****       /* Set the error code and execute error callback*/
 741:Drivers/STM32F4xx_HAL_Driver/Src/stm32f4xx_hal_i2s_ex.c ****       SET_BIT(hi2s->ErrorCode, HAL_I2S_ERROR_UDR);
 742:Drivers/STM32F4xx_HAL_Driver/Src/stm32f4xx_hal_i2s_ex.c ****       /* Call user error callback */
 743:Drivers/STM32F4xx_HAL_Driver/Src/stm32f4xx_hal_i2s_ex.c **** #if (USE_HAL_I2S_REGISTER_CALLBACKS == 1U)
 744:Drivers/STM32F4xx_HAL_Driver/Src/stm32f4xx_hal_i2s_ex.c ****       hi2s->ErrorCallback(hi2s);
 745:Drivers/STM32F4xx_HAL_Driver/Src/stm32f4xx_hal_i2s_ex.c **** #else
 746:Drivers/STM32F4xx_HAL_Driver/Src/stm32f4xx_hal_i2s_ex.c ****       HAL_I2S_ErrorCallback(hi2s);
 747:Drivers/STM32F4xx_HAL_Driver/Src/stm32f4xx_hal_i2s_ex.c **** #endif /* USE_HAL_I2S_REGISTER_CALLBACKS */
 748:Drivers/STM32F4xx_HAL_Driver/Src/stm32f4xx_hal_i2s_ex.c ****     }
 749:Drivers/STM32F4xx_HAL_Driver/Src/stm32f4xx_hal_i2s_ex.c ****   }
 750:Drivers/STM32F4xx_HAL_Driver/Src/stm32f4xx_hal_i2s_ex.c ****   /* The I2S_MODE_MASTER_RX or I2S_MODE_SLAVE_RX Mode is selected */
 751:Drivers/STM32F4xx_HAL_Driver/Src/stm32f4xx_hal_i2s_ex.c ****   else
 752:Drivers/STM32F4xx_HAL_Driver/Src/stm32f4xx_hal_i2s_ex.c ****   {
 753:Drivers/STM32F4xx_HAL_Driver/Src/stm32f4xx_hal_i2s_ex.c ****     /* I2Sext in mode Transmitter ----------------------------------------------*/
 754:Drivers/STM32F4xx_HAL_Driver/Src/stm32f4xx_hal_i2s_ex.c ****     if (((i2sextsr & I2S_FLAG_TXE) == I2S_FLAG_TXE) && ((i2sextcr2 & I2S_IT_TXE) != RESET))
 755:Drivers/STM32F4xx_HAL_Driver/Src/stm32f4xx_hal_i2s_ex.c ****     {
 756:Drivers/STM32F4xx_HAL_Driver/Src/stm32f4xx_hal_i2s_ex.c ****       /* When the I2S mode is configured as I2S_MODE_MASTER_RX or I2S_MODE_SLAVE_RX,
 757:Drivers/STM32F4xx_HAL_Driver/Src/stm32f4xx_hal_i2s_ex.c ****       the I2Sext TXE interrupt will be generated to manage the full-duplex transmit phase. */
 758:Drivers/STM32F4xx_HAL_Driver/Src/stm32f4xx_hal_i2s_ex.c ****       I2SEx_TxISR_I2SExt(hi2s);
 759:Drivers/STM32F4xx_HAL_Driver/Src/stm32f4xx_hal_i2s_ex.c ****     }
 760:Drivers/STM32F4xx_HAL_Driver/Src/stm32f4xx_hal_i2s_ex.c **** 
 761:Drivers/STM32F4xx_HAL_Driver/Src/stm32f4xx_hal_i2s_ex.c ****     /* I2S in mode Receiver --------------------------------------------------*/
 762:Drivers/STM32F4xx_HAL_Driver/Src/stm32f4xx_hal_i2s_ex.c ****     if (((i2ssr & I2S_FLAG_RXNE) == I2S_FLAG_RXNE) && ((i2scr2 & I2S_IT_RXNE) != RESET))
 763:Drivers/STM32F4xx_HAL_Driver/Src/stm32f4xx_hal_i2s_ex.c ****     {
 764:Drivers/STM32F4xx_HAL_Driver/Src/stm32f4xx_hal_i2s_ex.c ****       /* When the I2S mode is configured as I2S_MODE_MASTER_RX or I2S_MODE_SLAVE_RX,
 765:Drivers/STM32F4xx_HAL_Driver/Src/stm32f4xx_hal_i2s_ex.c ****       the I2S RXNE interrupt will be generated to manage the full-duplex receive phase. */
 766:Drivers/STM32F4xx_HAL_Driver/Src/stm32f4xx_hal_i2s_ex.c ****       I2SEx_RxISR_I2S(hi2s);
 767:Drivers/STM32F4xx_HAL_Driver/Src/stm32f4xx_hal_i2s_ex.c ****     }
 768:Drivers/STM32F4xx_HAL_Driver/Src/stm32f4xx_hal_i2s_ex.c **** 
 769:Drivers/STM32F4xx_HAL_Driver/Src/stm32f4xx_hal_i2s_ex.c ****     /* I2S Overrun error interrupt occurred -------------------------------------*/
 770:Drivers/STM32F4xx_HAL_Driver/Src/stm32f4xx_hal_i2s_ex.c ****     if (((i2ssr & I2S_FLAG_OVR) == I2S_FLAG_OVR) && ((i2scr2 & I2S_IT_ERR) != RESET))
 771:Drivers/STM32F4xx_HAL_Driver/Src/stm32f4xx_hal_i2s_ex.c ****     {
ARM GAS  /tmp/ccXjaJpZ.s 			page 15


 772:Drivers/STM32F4xx_HAL_Driver/Src/stm32f4xx_hal_i2s_ex.c ****       /* Disable RXNE and ERR interrupt */
 773:Drivers/STM32F4xx_HAL_Driver/Src/stm32f4xx_hal_i2s_ex.c ****       __HAL_I2S_DISABLE_IT(hi2s, (I2S_IT_RXNE | I2S_IT_ERR));
 774:Drivers/STM32F4xx_HAL_Driver/Src/stm32f4xx_hal_i2s_ex.c **** 
 775:Drivers/STM32F4xx_HAL_Driver/Src/stm32f4xx_hal_i2s_ex.c ****       /* Disable TXE and ERR interrupt */
 776:Drivers/STM32F4xx_HAL_Driver/Src/stm32f4xx_hal_i2s_ex.c ****       __HAL_I2SEXT_DISABLE_IT(hi2s, (I2S_IT_TXE | I2S_IT_ERR));
 777:Drivers/STM32F4xx_HAL_Driver/Src/stm32f4xx_hal_i2s_ex.c **** 
 778:Drivers/STM32F4xx_HAL_Driver/Src/stm32f4xx_hal_i2s_ex.c ****       /* Set the I2S State ready */
 779:Drivers/STM32F4xx_HAL_Driver/Src/stm32f4xx_hal_i2s_ex.c ****       hi2s->State = HAL_I2S_STATE_READY;
 780:Drivers/STM32F4xx_HAL_Driver/Src/stm32f4xx_hal_i2s_ex.c **** 
 781:Drivers/STM32F4xx_HAL_Driver/Src/stm32f4xx_hal_i2s_ex.c ****       /* Set the error code and execute error callback*/
 782:Drivers/STM32F4xx_HAL_Driver/Src/stm32f4xx_hal_i2s_ex.c ****       SET_BIT(hi2s->ErrorCode, HAL_I2S_ERROR_OVR);
 783:Drivers/STM32F4xx_HAL_Driver/Src/stm32f4xx_hal_i2s_ex.c ****       /* Call user error callback */
 784:Drivers/STM32F4xx_HAL_Driver/Src/stm32f4xx_hal_i2s_ex.c **** #if (USE_HAL_I2S_REGISTER_CALLBACKS == 1U)
 785:Drivers/STM32F4xx_HAL_Driver/Src/stm32f4xx_hal_i2s_ex.c ****       hi2s->ErrorCallback(hi2s);
 786:Drivers/STM32F4xx_HAL_Driver/Src/stm32f4xx_hal_i2s_ex.c **** #else
 787:Drivers/STM32F4xx_HAL_Driver/Src/stm32f4xx_hal_i2s_ex.c ****       HAL_I2S_ErrorCallback(hi2s);
 788:Drivers/STM32F4xx_HAL_Driver/Src/stm32f4xx_hal_i2s_ex.c **** #endif /* USE_HAL_I2S_REGISTER_CALLBACKS */
 789:Drivers/STM32F4xx_HAL_Driver/Src/stm32f4xx_hal_i2s_ex.c ****     }
 790:Drivers/STM32F4xx_HAL_Driver/Src/stm32f4xx_hal_i2s_ex.c **** 
 791:Drivers/STM32F4xx_HAL_Driver/Src/stm32f4xx_hal_i2s_ex.c ****     /* I2Sext Underrun error interrupt occurred -------------------------------*/
 792:Drivers/STM32F4xx_HAL_Driver/Src/stm32f4xx_hal_i2s_ex.c ****     if (((i2sextsr & I2S_FLAG_UDR) == I2S_FLAG_UDR) && ((i2sextcr2 & I2S_IT_ERR) != RESET))
 793:Drivers/STM32F4xx_HAL_Driver/Src/stm32f4xx_hal_i2s_ex.c ****     {
 794:Drivers/STM32F4xx_HAL_Driver/Src/stm32f4xx_hal_i2s_ex.c ****       /* Disable TXE and ERR interrupt */
 795:Drivers/STM32F4xx_HAL_Driver/Src/stm32f4xx_hal_i2s_ex.c ****       __HAL_I2SEXT_DISABLE_IT(hi2s, (I2S_IT_TXE | I2S_IT_ERR));
 796:Drivers/STM32F4xx_HAL_Driver/Src/stm32f4xx_hal_i2s_ex.c **** 
 797:Drivers/STM32F4xx_HAL_Driver/Src/stm32f4xx_hal_i2s_ex.c ****       /* Disable RXNE and ERR interrupt */
 798:Drivers/STM32F4xx_HAL_Driver/Src/stm32f4xx_hal_i2s_ex.c ****       __HAL_I2S_DISABLE_IT(hi2s, (I2S_IT_RXNE | I2S_IT_ERR));
 799:Drivers/STM32F4xx_HAL_Driver/Src/stm32f4xx_hal_i2s_ex.c **** 
 800:Drivers/STM32F4xx_HAL_Driver/Src/stm32f4xx_hal_i2s_ex.c ****       /* Set the I2S State ready */
 801:Drivers/STM32F4xx_HAL_Driver/Src/stm32f4xx_hal_i2s_ex.c ****       hi2s->State = HAL_I2S_STATE_READY;
 802:Drivers/STM32F4xx_HAL_Driver/Src/stm32f4xx_hal_i2s_ex.c **** 
 803:Drivers/STM32F4xx_HAL_Driver/Src/stm32f4xx_hal_i2s_ex.c ****       /* Set the error code and execute error callback*/
 804:Drivers/STM32F4xx_HAL_Driver/Src/stm32f4xx_hal_i2s_ex.c ****       SET_BIT(hi2s->ErrorCode, HAL_I2S_ERROR_UDR);
 805:Drivers/STM32F4xx_HAL_Driver/Src/stm32f4xx_hal_i2s_ex.c ****       /* Call user error callback */
 806:Drivers/STM32F4xx_HAL_Driver/Src/stm32f4xx_hal_i2s_ex.c **** #if (USE_HAL_I2S_REGISTER_CALLBACKS == 1U)
 807:Drivers/STM32F4xx_HAL_Driver/Src/stm32f4xx_hal_i2s_ex.c ****       hi2s->ErrorCallback(hi2s);
 808:Drivers/STM32F4xx_HAL_Driver/Src/stm32f4xx_hal_i2s_ex.c **** #else
 809:Drivers/STM32F4xx_HAL_Driver/Src/stm32f4xx_hal_i2s_ex.c ****       HAL_I2S_ErrorCallback(hi2s);
 810:Drivers/STM32F4xx_HAL_Driver/Src/stm32f4xx_hal_i2s_ex.c **** #endif /* USE_HAL_I2S_REGISTER_CALLBACKS */
 811:Drivers/STM32F4xx_HAL_Driver/Src/stm32f4xx_hal_i2s_ex.c ****     }
 812:Drivers/STM32F4xx_HAL_Driver/Src/stm32f4xx_hal_i2s_ex.c ****   }
 813:Drivers/STM32F4xx_HAL_Driver/Src/stm32f4xx_hal_i2s_ex.c **** }
 814:Drivers/STM32F4xx_HAL_Driver/Src/stm32f4xx_hal_i2s_ex.c **** 
 815:Drivers/STM32F4xx_HAL_Driver/Src/stm32f4xx_hal_i2s_ex.c **** /**
 816:Drivers/STM32F4xx_HAL_Driver/Src/stm32f4xx_hal_i2s_ex.c ****   * @brief  Tx and Rx Transfer half completed callback
 817:Drivers/STM32F4xx_HAL_Driver/Src/stm32f4xx_hal_i2s_ex.c ****   * @param  hi2s I2S handle
 818:Drivers/STM32F4xx_HAL_Driver/Src/stm32f4xx_hal_i2s_ex.c ****   * @retval None
 819:Drivers/STM32F4xx_HAL_Driver/Src/stm32f4xx_hal_i2s_ex.c ****   */
 820:Drivers/STM32F4xx_HAL_Driver/Src/stm32f4xx_hal_i2s_ex.c **** __weak void HAL_I2SEx_TxRxHalfCpltCallback(I2S_HandleTypeDef *hi2s)
 821:Drivers/STM32F4xx_HAL_Driver/Src/stm32f4xx_hal_i2s_ex.c **** {
 822:Drivers/STM32F4xx_HAL_Driver/Src/stm32f4xx_hal_i2s_ex.c ****   /* Prevent unused argument(s) compilation warning */
 823:Drivers/STM32F4xx_HAL_Driver/Src/stm32f4xx_hal_i2s_ex.c ****   UNUSED(hi2s);
 824:Drivers/STM32F4xx_HAL_Driver/Src/stm32f4xx_hal_i2s_ex.c **** 
 825:Drivers/STM32F4xx_HAL_Driver/Src/stm32f4xx_hal_i2s_ex.c ****   /* NOTE : This function Should not be modified, when the callback is needed,
 826:Drivers/STM32F4xx_HAL_Driver/Src/stm32f4xx_hal_i2s_ex.c ****             the HAL_I2SEx_TxRxHalfCpltCallback could be implemented in the user file
 827:Drivers/STM32F4xx_HAL_Driver/Src/stm32f4xx_hal_i2s_ex.c ****    */
 828:Drivers/STM32F4xx_HAL_Driver/Src/stm32f4xx_hal_i2s_ex.c **** }
ARM GAS  /tmp/ccXjaJpZ.s 			page 16


 829:Drivers/STM32F4xx_HAL_Driver/Src/stm32f4xx_hal_i2s_ex.c **** 
 830:Drivers/STM32F4xx_HAL_Driver/Src/stm32f4xx_hal_i2s_ex.c **** /**
 831:Drivers/STM32F4xx_HAL_Driver/Src/stm32f4xx_hal_i2s_ex.c ****   * @brief  Tx and Rx Transfer completed callback
 832:Drivers/STM32F4xx_HAL_Driver/Src/stm32f4xx_hal_i2s_ex.c ****   * @param  hi2s I2S handle
 833:Drivers/STM32F4xx_HAL_Driver/Src/stm32f4xx_hal_i2s_ex.c ****   * @retval None
 834:Drivers/STM32F4xx_HAL_Driver/Src/stm32f4xx_hal_i2s_ex.c ****   */
 835:Drivers/STM32F4xx_HAL_Driver/Src/stm32f4xx_hal_i2s_ex.c **** __weak void HAL_I2SEx_TxRxCpltCallback(I2S_HandleTypeDef *hi2s)
 836:Drivers/STM32F4xx_HAL_Driver/Src/stm32f4xx_hal_i2s_ex.c **** {
 837:Drivers/STM32F4xx_HAL_Driver/Src/stm32f4xx_hal_i2s_ex.c ****   /* Prevent unused argument(s) compilation warning */
 838:Drivers/STM32F4xx_HAL_Driver/Src/stm32f4xx_hal_i2s_ex.c ****   UNUSED(hi2s);
 839:Drivers/STM32F4xx_HAL_Driver/Src/stm32f4xx_hal_i2s_ex.c **** 
 840:Drivers/STM32F4xx_HAL_Driver/Src/stm32f4xx_hal_i2s_ex.c ****   /* NOTE : This function should not be modified, when the callback is needed,
 841:Drivers/STM32F4xx_HAL_Driver/Src/stm32f4xx_hal_i2s_ex.c ****             the HAL_I2SEx_TxRxCpltCallback could be implemented in the user file
 842:Drivers/STM32F4xx_HAL_Driver/Src/stm32f4xx_hal_i2s_ex.c ****    */
 843:Drivers/STM32F4xx_HAL_Driver/Src/stm32f4xx_hal_i2s_ex.c **** }
 844:Drivers/STM32F4xx_HAL_Driver/Src/stm32f4xx_hal_i2s_ex.c **** 
 845:Drivers/STM32F4xx_HAL_Driver/Src/stm32f4xx_hal_i2s_ex.c **** /**
 846:Drivers/STM32F4xx_HAL_Driver/Src/stm32f4xx_hal_i2s_ex.c ****   * @}
 847:Drivers/STM32F4xx_HAL_Driver/Src/stm32f4xx_hal_i2s_ex.c ****   */
 848:Drivers/STM32F4xx_HAL_Driver/Src/stm32f4xx_hal_i2s_ex.c **** 
 849:Drivers/STM32F4xx_HAL_Driver/Src/stm32f4xx_hal_i2s_ex.c **** /**
 850:Drivers/STM32F4xx_HAL_Driver/Src/stm32f4xx_hal_i2s_ex.c ****   * @}
 851:Drivers/STM32F4xx_HAL_Driver/Src/stm32f4xx_hal_i2s_ex.c ****   */
 852:Drivers/STM32F4xx_HAL_Driver/Src/stm32f4xx_hal_i2s_ex.c **** 
 853:Drivers/STM32F4xx_HAL_Driver/Src/stm32f4xx_hal_i2s_ex.c **** /** @addtogroup I2SEx_Private_Functions I2S Extended Private Functions
 854:Drivers/STM32F4xx_HAL_Driver/Src/stm32f4xx_hal_i2s_ex.c ****   * @{
 855:Drivers/STM32F4xx_HAL_Driver/Src/stm32f4xx_hal_i2s_ex.c ****   */
 856:Drivers/STM32F4xx_HAL_Driver/Src/stm32f4xx_hal_i2s_ex.c **** 
 857:Drivers/STM32F4xx_HAL_Driver/Src/stm32f4xx_hal_i2s_ex.c **** /**
 858:Drivers/STM32F4xx_HAL_Driver/Src/stm32f4xx_hal_i2s_ex.c ****   * @brief  DMA I2S transmit receive process half complete callback
 859:Drivers/STM32F4xx_HAL_Driver/Src/stm32f4xx_hal_i2s_ex.c ****   * @param  hdma pointer to a DMA_HandleTypeDef structure that contains
 860:Drivers/STM32F4xx_HAL_Driver/Src/stm32f4xx_hal_i2s_ex.c ****   *               the configuration information for the specified DMA module.
 861:Drivers/STM32F4xx_HAL_Driver/Src/stm32f4xx_hal_i2s_ex.c ****   * @retval None
 862:Drivers/STM32F4xx_HAL_Driver/Src/stm32f4xx_hal_i2s_ex.c ****   */
 863:Drivers/STM32F4xx_HAL_Driver/Src/stm32f4xx_hal_i2s_ex.c **** static void I2SEx_TxRxDMAHalfCplt(DMA_HandleTypeDef *hdma)
 864:Drivers/STM32F4xx_HAL_Driver/Src/stm32f4xx_hal_i2s_ex.c **** {
 865:Drivers/STM32F4xx_HAL_Driver/Src/stm32f4xx_hal_i2s_ex.c ****   I2S_HandleTypeDef *hi2s = (I2S_HandleTypeDef *)((DMA_HandleTypeDef *)hdma)->Parent;
 866:Drivers/STM32F4xx_HAL_Driver/Src/stm32f4xx_hal_i2s_ex.c **** 
 867:Drivers/STM32F4xx_HAL_Driver/Src/stm32f4xx_hal_i2s_ex.c ****   /* Call user TxRx Half complete callback */
 868:Drivers/STM32F4xx_HAL_Driver/Src/stm32f4xx_hal_i2s_ex.c **** #if (USE_HAL_I2S_REGISTER_CALLBACKS == 1U)
 869:Drivers/STM32F4xx_HAL_Driver/Src/stm32f4xx_hal_i2s_ex.c ****   hi2s->TxRxHalfCpltCallback(hi2s);
 870:Drivers/STM32F4xx_HAL_Driver/Src/stm32f4xx_hal_i2s_ex.c **** #else
 871:Drivers/STM32F4xx_HAL_Driver/Src/stm32f4xx_hal_i2s_ex.c ****   HAL_I2SEx_TxRxHalfCpltCallback(hi2s);
 872:Drivers/STM32F4xx_HAL_Driver/Src/stm32f4xx_hal_i2s_ex.c **** #endif /* USE_HAL_I2S_REGISTER_CALLBACKS */
 873:Drivers/STM32F4xx_HAL_Driver/Src/stm32f4xx_hal_i2s_ex.c **** }
 874:Drivers/STM32F4xx_HAL_Driver/Src/stm32f4xx_hal_i2s_ex.c **** 
 875:Drivers/STM32F4xx_HAL_Driver/Src/stm32f4xx_hal_i2s_ex.c **** /**
 876:Drivers/STM32F4xx_HAL_Driver/Src/stm32f4xx_hal_i2s_ex.c ****   * @brief  DMA I2S transmit receive process complete callback
 877:Drivers/STM32F4xx_HAL_Driver/Src/stm32f4xx_hal_i2s_ex.c ****   * @param  hdma pointer to a DMA_HandleTypeDef structure that contains
 878:Drivers/STM32F4xx_HAL_Driver/Src/stm32f4xx_hal_i2s_ex.c ****   *               the configuration information for the specified DMA module.
 879:Drivers/STM32F4xx_HAL_Driver/Src/stm32f4xx_hal_i2s_ex.c ****   * @retval None
 880:Drivers/STM32F4xx_HAL_Driver/Src/stm32f4xx_hal_i2s_ex.c ****   */
 881:Drivers/STM32F4xx_HAL_Driver/Src/stm32f4xx_hal_i2s_ex.c **** static void I2SEx_TxRxDMACplt(DMA_HandleTypeDef *hdma)
 882:Drivers/STM32F4xx_HAL_Driver/Src/stm32f4xx_hal_i2s_ex.c **** {
 883:Drivers/STM32F4xx_HAL_Driver/Src/stm32f4xx_hal_i2s_ex.c ****   I2S_HandleTypeDef *hi2s = (I2S_HandleTypeDef *)((DMA_HandleTypeDef *)hdma)->Parent;
 884:Drivers/STM32F4xx_HAL_Driver/Src/stm32f4xx_hal_i2s_ex.c **** 
 885:Drivers/STM32F4xx_HAL_Driver/Src/stm32f4xx_hal_i2s_ex.c ****   /* If DMA is configured in DMA_NORMAL mode */
ARM GAS  /tmp/ccXjaJpZ.s 			page 17


 886:Drivers/STM32F4xx_HAL_Driver/Src/stm32f4xx_hal_i2s_ex.c ****   if (hdma->Init.Mode == DMA_NORMAL)
 887:Drivers/STM32F4xx_HAL_Driver/Src/stm32f4xx_hal_i2s_ex.c ****   {
 888:Drivers/STM32F4xx_HAL_Driver/Src/stm32f4xx_hal_i2s_ex.c ****     if (((hi2s->Instance->I2SCFGR & SPI_I2SCFGR_I2SCFG) == I2S_MODE_MASTER_TX) || \
 889:Drivers/STM32F4xx_HAL_Driver/Src/stm32f4xx_hal_i2s_ex.c ****         ((hi2s->Instance->I2SCFGR & SPI_I2SCFGR_I2SCFG) == I2S_MODE_SLAVE_TX))
 890:Drivers/STM32F4xx_HAL_Driver/Src/stm32f4xx_hal_i2s_ex.c ****     /* Disable Tx & Rx DMA Requests */
 891:Drivers/STM32F4xx_HAL_Driver/Src/stm32f4xx_hal_i2s_ex.c ****     {
 892:Drivers/STM32F4xx_HAL_Driver/Src/stm32f4xx_hal_i2s_ex.c ****       CLEAR_BIT(I2SxEXT(hi2s->Instance)->CR2, SPI_CR2_RXDMAEN);
 893:Drivers/STM32F4xx_HAL_Driver/Src/stm32f4xx_hal_i2s_ex.c ****       CLEAR_BIT(hi2s->Instance->CR2, SPI_CR2_TXDMAEN);
 894:Drivers/STM32F4xx_HAL_Driver/Src/stm32f4xx_hal_i2s_ex.c ****     }
 895:Drivers/STM32F4xx_HAL_Driver/Src/stm32f4xx_hal_i2s_ex.c ****     else
 896:Drivers/STM32F4xx_HAL_Driver/Src/stm32f4xx_hal_i2s_ex.c ****     {
 897:Drivers/STM32F4xx_HAL_Driver/Src/stm32f4xx_hal_i2s_ex.c ****       CLEAR_BIT(hi2s->Instance->CR2, SPI_CR2_RXDMAEN);
 898:Drivers/STM32F4xx_HAL_Driver/Src/stm32f4xx_hal_i2s_ex.c ****       CLEAR_BIT(I2SxEXT(hi2s->Instance)->CR2, SPI_CR2_TXDMAEN);
 899:Drivers/STM32F4xx_HAL_Driver/Src/stm32f4xx_hal_i2s_ex.c ****     }
 900:Drivers/STM32F4xx_HAL_Driver/Src/stm32f4xx_hal_i2s_ex.c **** 
 901:Drivers/STM32F4xx_HAL_Driver/Src/stm32f4xx_hal_i2s_ex.c ****     hi2s->RxXferCount = 0U;
 902:Drivers/STM32F4xx_HAL_Driver/Src/stm32f4xx_hal_i2s_ex.c ****     hi2s->TxXferCount = 0U;
 903:Drivers/STM32F4xx_HAL_Driver/Src/stm32f4xx_hal_i2s_ex.c **** 
 904:Drivers/STM32F4xx_HAL_Driver/Src/stm32f4xx_hal_i2s_ex.c ****     hi2s->State = HAL_I2S_STATE_READY;
 905:Drivers/STM32F4xx_HAL_Driver/Src/stm32f4xx_hal_i2s_ex.c ****   }
 906:Drivers/STM32F4xx_HAL_Driver/Src/stm32f4xx_hal_i2s_ex.c **** 
 907:Drivers/STM32F4xx_HAL_Driver/Src/stm32f4xx_hal_i2s_ex.c ****   /* Call user TxRx complete callback */
 908:Drivers/STM32F4xx_HAL_Driver/Src/stm32f4xx_hal_i2s_ex.c **** #if (USE_HAL_I2S_REGISTER_CALLBACKS == 1U)
 909:Drivers/STM32F4xx_HAL_Driver/Src/stm32f4xx_hal_i2s_ex.c ****   hi2s->TxRxCpltCallback(hi2s);
 910:Drivers/STM32F4xx_HAL_Driver/Src/stm32f4xx_hal_i2s_ex.c **** #else
 911:Drivers/STM32F4xx_HAL_Driver/Src/stm32f4xx_hal_i2s_ex.c ****   HAL_I2SEx_TxRxCpltCallback(hi2s);
 912:Drivers/STM32F4xx_HAL_Driver/Src/stm32f4xx_hal_i2s_ex.c **** #endif /* USE_HAL_I2S_REGISTER_CALLBACKS */
 913:Drivers/STM32F4xx_HAL_Driver/Src/stm32f4xx_hal_i2s_ex.c **** }
 914:Drivers/STM32F4xx_HAL_Driver/Src/stm32f4xx_hal_i2s_ex.c **** 
 915:Drivers/STM32F4xx_HAL_Driver/Src/stm32f4xx_hal_i2s_ex.c **** /**
 916:Drivers/STM32F4xx_HAL_Driver/Src/stm32f4xx_hal_i2s_ex.c ****   * @brief  DMA I2S communication error callback
 917:Drivers/STM32F4xx_HAL_Driver/Src/stm32f4xx_hal_i2s_ex.c ****   * @param  hdma DMA handle
 918:Drivers/STM32F4xx_HAL_Driver/Src/stm32f4xx_hal_i2s_ex.c ****   * @retval None
 919:Drivers/STM32F4xx_HAL_Driver/Src/stm32f4xx_hal_i2s_ex.c ****   */
 920:Drivers/STM32F4xx_HAL_Driver/Src/stm32f4xx_hal_i2s_ex.c **** static void I2SEx_TxRxDMAError(DMA_HandleTypeDef *hdma)
 921:Drivers/STM32F4xx_HAL_Driver/Src/stm32f4xx_hal_i2s_ex.c **** {
 922:Drivers/STM32F4xx_HAL_Driver/Src/stm32f4xx_hal_i2s_ex.c ****   I2S_HandleTypeDef *hi2s = (I2S_HandleTypeDef *)((DMA_HandleTypeDef *)hdma)->Parent;
 923:Drivers/STM32F4xx_HAL_Driver/Src/stm32f4xx_hal_i2s_ex.c **** 
 924:Drivers/STM32F4xx_HAL_Driver/Src/stm32f4xx_hal_i2s_ex.c ****   /* Disable Rx and Tx DMA Request */
 925:Drivers/STM32F4xx_HAL_Driver/Src/stm32f4xx_hal_i2s_ex.c ****   CLEAR_BIT(hi2s->Instance->CR2, (SPI_CR2_RXDMAEN | SPI_CR2_TXDMAEN));
 926:Drivers/STM32F4xx_HAL_Driver/Src/stm32f4xx_hal_i2s_ex.c ****   CLEAR_BIT(I2SxEXT(hi2s->Instance)->CR2, (SPI_CR2_RXDMAEN | SPI_CR2_TXDMAEN));
 927:Drivers/STM32F4xx_HAL_Driver/Src/stm32f4xx_hal_i2s_ex.c **** 
 928:Drivers/STM32F4xx_HAL_Driver/Src/stm32f4xx_hal_i2s_ex.c ****   hi2s->TxXferCount = 0U;
 929:Drivers/STM32F4xx_HAL_Driver/Src/stm32f4xx_hal_i2s_ex.c ****   hi2s->RxXferCount = 0U;
 930:Drivers/STM32F4xx_HAL_Driver/Src/stm32f4xx_hal_i2s_ex.c **** 
 931:Drivers/STM32F4xx_HAL_Driver/Src/stm32f4xx_hal_i2s_ex.c ****   hi2s->State = HAL_I2S_STATE_READY;
 932:Drivers/STM32F4xx_HAL_Driver/Src/stm32f4xx_hal_i2s_ex.c **** 
 933:Drivers/STM32F4xx_HAL_Driver/Src/stm32f4xx_hal_i2s_ex.c ****   /* Set the error code and execute error callback*/
 934:Drivers/STM32F4xx_HAL_Driver/Src/stm32f4xx_hal_i2s_ex.c ****   SET_BIT(hi2s->ErrorCode, HAL_I2S_ERROR_DMA);
 935:Drivers/STM32F4xx_HAL_Driver/Src/stm32f4xx_hal_i2s_ex.c ****   /* Call user error callback */
 936:Drivers/STM32F4xx_HAL_Driver/Src/stm32f4xx_hal_i2s_ex.c **** #if (USE_HAL_I2S_REGISTER_CALLBACKS == 1U)
 937:Drivers/STM32F4xx_HAL_Driver/Src/stm32f4xx_hal_i2s_ex.c ****   hi2s->ErrorCallback(hi2s);
 938:Drivers/STM32F4xx_HAL_Driver/Src/stm32f4xx_hal_i2s_ex.c **** #else
 939:Drivers/STM32F4xx_HAL_Driver/Src/stm32f4xx_hal_i2s_ex.c ****   HAL_I2S_ErrorCallback(hi2s);
 940:Drivers/STM32F4xx_HAL_Driver/Src/stm32f4xx_hal_i2s_ex.c **** #endif /* USE_HAL_I2S_REGISTER_CALLBACKS */
 941:Drivers/STM32F4xx_HAL_Driver/Src/stm32f4xx_hal_i2s_ex.c **** }
 942:Drivers/STM32F4xx_HAL_Driver/Src/stm32f4xx_hal_i2s_ex.c **** 
ARM GAS  /tmp/ccXjaJpZ.s 			page 18


 943:Drivers/STM32F4xx_HAL_Driver/Src/stm32f4xx_hal_i2s_ex.c **** /**
 944:Drivers/STM32F4xx_HAL_Driver/Src/stm32f4xx_hal_i2s_ex.c ****   * @brief  I2S Full-Duplex IT handler transmit function
 945:Drivers/STM32F4xx_HAL_Driver/Src/stm32f4xx_hal_i2s_ex.c ****   * @param  hi2s I2S handle
 946:Drivers/STM32F4xx_HAL_Driver/Src/stm32f4xx_hal_i2s_ex.c ****   * @retval None
 947:Drivers/STM32F4xx_HAL_Driver/Src/stm32f4xx_hal_i2s_ex.c ****   */
 948:Drivers/STM32F4xx_HAL_Driver/Src/stm32f4xx_hal_i2s_ex.c **** static void I2SEx_TxISR_I2S(I2S_HandleTypeDef *hi2s)
 949:Drivers/STM32F4xx_HAL_Driver/Src/stm32f4xx_hal_i2s_ex.c **** {
 950:Drivers/STM32F4xx_HAL_Driver/Src/stm32f4xx_hal_i2s_ex.c ****   /* Write Data on DR register */
 951:Drivers/STM32F4xx_HAL_Driver/Src/stm32f4xx_hal_i2s_ex.c ****   hi2s->Instance->DR = (*hi2s->pTxBuffPtr++);
 952:Drivers/STM32F4xx_HAL_Driver/Src/stm32f4xx_hal_i2s_ex.c ****   hi2s->TxXferCount--;
 953:Drivers/STM32F4xx_HAL_Driver/Src/stm32f4xx_hal_i2s_ex.c **** 
 954:Drivers/STM32F4xx_HAL_Driver/Src/stm32f4xx_hal_i2s_ex.c ****   if (hi2s->TxXferCount == 0U)
 955:Drivers/STM32F4xx_HAL_Driver/Src/stm32f4xx_hal_i2s_ex.c ****   {
 956:Drivers/STM32F4xx_HAL_Driver/Src/stm32f4xx_hal_i2s_ex.c ****     /* Disable TXE and ERR interrupt */
 957:Drivers/STM32F4xx_HAL_Driver/Src/stm32f4xx_hal_i2s_ex.c ****     __HAL_I2S_DISABLE_IT(hi2s, (I2S_IT_TXE | I2S_IT_ERR));
 958:Drivers/STM32F4xx_HAL_Driver/Src/stm32f4xx_hal_i2s_ex.c **** 
 959:Drivers/STM32F4xx_HAL_Driver/Src/stm32f4xx_hal_i2s_ex.c ****     if (hi2s->RxXferCount == 0U)
 960:Drivers/STM32F4xx_HAL_Driver/Src/stm32f4xx_hal_i2s_ex.c ****     {
 961:Drivers/STM32F4xx_HAL_Driver/Src/stm32f4xx_hal_i2s_ex.c ****       hi2s->State = HAL_I2S_STATE_READY;
 962:Drivers/STM32F4xx_HAL_Driver/Src/stm32f4xx_hal_i2s_ex.c ****       /* Call user TxRx complete callback */
 963:Drivers/STM32F4xx_HAL_Driver/Src/stm32f4xx_hal_i2s_ex.c **** #if (USE_HAL_I2S_REGISTER_CALLBACKS == 1U)
 964:Drivers/STM32F4xx_HAL_Driver/Src/stm32f4xx_hal_i2s_ex.c ****       hi2s->TxRxCpltCallback(hi2s);
 965:Drivers/STM32F4xx_HAL_Driver/Src/stm32f4xx_hal_i2s_ex.c **** #else
 966:Drivers/STM32F4xx_HAL_Driver/Src/stm32f4xx_hal_i2s_ex.c ****       HAL_I2SEx_TxRxCpltCallback(hi2s);
 967:Drivers/STM32F4xx_HAL_Driver/Src/stm32f4xx_hal_i2s_ex.c **** #endif /* USE_HAL_I2S_REGISTER_CALLBACKS */
 968:Drivers/STM32F4xx_HAL_Driver/Src/stm32f4xx_hal_i2s_ex.c ****     }
 969:Drivers/STM32F4xx_HAL_Driver/Src/stm32f4xx_hal_i2s_ex.c ****   }
 970:Drivers/STM32F4xx_HAL_Driver/Src/stm32f4xx_hal_i2s_ex.c **** }
 971:Drivers/STM32F4xx_HAL_Driver/Src/stm32f4xx_hal_i2s_ex.c **** 
 972:Drivers/STM32F4xx_HAL_Driver/Src/stm32f4xx_hal_i2s_ex.c **** /**
 973:Drivers/STM32F4xx_HAL_Driver/Src/stm32f4xx_hal_i2s_ex.c ****   * @brief  I2SExt Full-Duplex IT handler transmit function
 974:Drivers/STM32F4xx_HAL_Driver/Src/stm32f4xx_hal_i2s_ex.c ****   * @param  hi2s I2S handle
 975:Drivers/STM32F4xx_HAL_Driver/Src/stm32f4xx_hal_i2s_ex.c ****   * @retval None
 976:Drivers/STM32F4xx_HAL_Driver/Src/stm32f4xx_hal_i2s_ex.c ****   */
 977:Drivers/STM32F4xx_HAL_Driver/Src/stm32f4xx_hal_i2s_ex.c **** static void I2SEx_TxISR_I2SExt(I2S_HandleTypeDef *hi2s)
 978:Drivers/STM32F4xx_HAL_Driver/Src/stm32f4xx_hal_i2s_ex.c **** {
 979:Drivers/STM32F4xx_HAL_Driver/Src/stm32f4xx_hal_i2s_ex.c ****   /* Write Data on DR register */
 980:Drivers/STM32F4xx_HAL_Driver/Src/stm32f4xx_hal_i2s_ex.c ****   I2SxEXT(hi2s->Instance)->DR = (*hi2s->pTxBuffPtr++);
 981:Drivers/STM32F4xx_HAL_Driver/Src/stm32f4xx_hal_i2s_ex.c ****   hi2s->TxXferCount--;
 982:Drivers/STM32F4xx_HAL_Driver/Src/stm32f4xx_hal_i2s_ex.c **** 
 983:Drivers/STM32F4xx_HAL_Driver/Src/stm32f4xx_hal_i2s_ex.c ****   if (hi2s->TxXferCount == 0U)
 984:Drivers/STM32F4xx_HAL_Driver/Src/stm32f4xx_hal_i2s_ex.c ****   {
 985:Drivers/STM32F4xx_HAL_Driver/Src/stm32f4xx_hal_i2s_ex.c ****     /* Disable I2Sext TXE and ERR interrupt */
 986:Drivers/STM32F4xx_HAL_Driver/Src/stm32f4xx_hal_i2s_ex.c ****     __HAL_I2SEXT_DISABLE_IT(hi2s, (I2S_IT_TXE | I2S_IT_ERR));
 987:Drivers/STM32F4xx_HAL_Driver/Src/stm32f4xx_hal_i2s_ex.c **** 
 988:Drivers/STM32F4xx_HAL_Driver/Src/stm32f4xx_hal_i2s_ex.c ****     if (hi2s->RxXferCount == 0U)
 989:Drivers/STM32F4xx_HAL_Driver/Src/stm32f4xx_hal_i2s_ex.c ****     {
 990:Drivers/STM32F4xx_HAL_Driver/Src/stm32f4xx_hal_i2s_ex.c ****       hi2s->State = HAL_I2S_STATE_READY;
 991:Drivers/STM32F4xx_HAL_Driver/Src/stm32f4xx_hal_i2s_ex.c ****       /* Call user TxRx complete callback */
 992:Drivers/STM32F4xx_HAL_Driver/Src/stm32f4xx_hal_i2s_ex.c **** #if (USE_HAL_I2S_REGISTER_CALLBACKS == 1U)
 993:Drivers/STM32F4xx_HAL_Driver/Src/stm32f4xx_hal_i2s_ex.c ****       hi2s->TxRxCpltCallback(hi2s);
 994:Drivers/STM32F4xx_HAL_Driver/Src/stm32f4xx_hal_i2s_ex.c **** #else
 995:Drivers/STM32F4xx_HAL_Driver/Src/stm32f4xx_hal_i2s_ex.c ****       HAL_I2SEx_TxRxCpltCallback(hi2s);
 996:Drivers/STM32F4xx_HAL_Driver/Src/stm32f4xx_hal_i2s_ex.c **** #endif /* USE_HAL_I2S_REGISTER_CALLBACKS */
 997:Drivers/STM32F4xx_HAL_Driver/Src/stm32f4xx_hal_i2s_ex.c ****     }
 998:Drivers/STM32F4xx_HAL_Driver/Src/stm32f4xx_hal_i2s_ex.c ****   }
 999:Drivers/STM32F4xx_HAL_Driver/Src/stm32f4xx_hal_i2s_ex.c **** }
ARM GAS  /tmp/ccXjaJpZ.s 			page 19


1000:Drivers/STM32F4xx_HAL_Driver/Src/stm32f4xx_hal_i2s_ex.c **** 
1001:Drivers/STM32F4xx_HAL_Driver/Src/stm32f4xx_hal_i2s_ex.c **** /**
1002:Drivers/STM32F4xx_HAL_Driver/Src/stm32f4xx_hal_i2s_ex.c ****   * @brief  I2S Full-Duplex IT handler receive function
1003:Drivers/STM32F4xx_HAL_Driver/Src/stm32f4xx_hal_i2s_ex.c ****   * @param  hi2s I2S handle
1004:Drivers/STM32F4xx_HAL_Driver/Src/stm32f4xx_hal_i2s_ex.c ****   * @retval None
1005:Drivers/STM32F4xx_HAL_Driver/Src/stm32f4xx_hal_i2s_ex.c ****   */
1006:Drivers/STM32F4xx_HAL_Driver/Src/stm32f4xx_hal_i2s_ex.c **** static void I2SEx_RxISR_I2S(I2S_HandleTypeDef *hi2s)
1007:Drivers/STM32F4xx_HAL_Driver/Src/stm32f4xx_hal_i2s_ex.c **** {
1008:Drivers/STM32F4xx_HAL_Driver/Src/stm32f4xx_hal_i2s_ex.c ****   /* Read Data from DR register */
1009:Drivers/STM32F4xx_HAL_Driver/Src/stm32f4xx_hal_i2s_ex.c ****   (*hi2s->pRxBuffPtr++) = hi2s->Instance->DR;
1010:Drivers/STM32F4xx_HAL_Driver/Src/stm32f4xx_hal_i2s_ex.c ****   hi2s->RxXferCount--;
1011:Drivers/STM32F4xx_HAL_Driver/Src/stm32f4xx_hal_i2s_ex.c **** 
1012:Drivers/STM32F4xx_HAL_Driver/Src/stm32f4xx_hal_i2s_ex.c ****   if (hi2s->RxXferCount == 0U)
1013:Drivers/STM32F4xx_HAL_Driver/Src/stm32f4xx_hal_i2s_ex.c ****   {
1014:Drivers/STM32F4xx_HAL_Driver/Src/stm32f4xx_hal_i2s_ex.c ****     /* Disable RXNE and ERR interrupt */
1015:Drivers/STM32F4xx_HAL_Driver/Src/stm32f4xx_hal_i2s_ex.c ****     __HAL_I2S_DISABLE_IT(hi2s, (I2S_IT_RXNE | I2S_IT_ERR));
1016:Drivers/STM32F4xx_HAL_Driver/Src/stm32f4xx_hal_i2s_ex.c **** 
1017:Drivers/STM32F4xx_HAL_Driver/Src/stm32f4xx_hal_i2s_ex.c ****     if (hi2s->TxXferCount == 0U)
1018:Drivers/STM32F4xx_HAL_Driver/Src/stm32f4xx_hal_i2s_ex.c ****     {
1019:Drivers/STM32F4xx_HAL_Driver/Src/stm32f4xx_hal_i2s_ex.c ****       hi2s->State = HAL_I2S_STATE_READY;
1020:Drivers/STM32F4xx_HAL_Driver/Src/stm32f4xx_hal_i2s_ex.c ****       /* Call user TxRx complete callback */
1021:Drivers/STM32F4xx_HAL_Driver/Src/stm32f4xx_hal_i2s_ex.c **** #if (USE_HAL_I2S_REGISTER_CALLBACKS == 1U)
1022:Drivers/STM32F4xx_HAL_Driver/Src/stm32f4xx_hal_i2s_ex.c ****       hi2s->TxRxCpltCallback(hi2s);
1023:Drivers/STM32F4xx_HAL_Driver/Src/stm32f4xx_hal_i2s_ex.c **** #else
1024:Drivers/STM32F4xx_HAL_Driver/Src/stm32f4xx_hal_i2s_ex.c ****       HAL_I2SEx_TxRxCpltCallback(hi2s);
1025:Drivers/STM32F4xx_HAL_Driver/Src/stm32f4xx_hal_i2s_ex.c **** #endif /* USE_HAL_I2S_REGISTER_CALLBACKS */
1026:Drivers/STM32F4xx_HAL_Driver/Src/stm32f4xx_hal_i2s_ex.c ****     }
1027:Drivers/STM32F4xx_HAL_Driver/Src/stm32f4xx_hal_i2s_ex.c ****   }
1028:Drivers/STM32F4xx_HAL_Driver/Src/stm32f4xx_hal_i2s_ex.c **** }
1029:Drivers/STM32F4xx_HAL_Driver/Src/stm32f4xx_hal_i2s_ex.c **** 
1030:Drivers/STM32F4xx_HAL_Driver/Src/stm32f4xx_hal_i2s_ex.c **** /**
1031:Drivers/STM32F4xx_HAL_Driver/Src/stm32f4xx_hal_i2s_ex.c ****   * @brief  I2SExt Full-Duplex IT handler receive function
1032:Drivers/STM32F4xx_HAL_Driver/Src/stm32f4xx_hal_i2s_ex.c ****   * @param  hi2s I2S handle
1033:Drivers/STM32F4xx_HAL_Driver/Src/stm32f4xx_hal_i2s_ex.c ****   * @retval None
1034:Drivers/STM32F4xx_HAL_Driver/Src/stm32f4xx_hal_i2s_ex.c ****   */
1035:Drivers/STM32F4xx_HAL_Driver/Src/stm32f4xx_hal_i2s_ex.c **** static void I2SEx_RxISR_I2SExt(I2S_HandleTypeDef *hi2s)
1036:Drivers/STM32F4xx_HAL_Driver/Src/stm32f4xx_hal_i2s_ex.c **** {
1037:Drivers/STM32F4xx_HAL_Driver/Src/stm32f4xx_hal_i2s_ex.c ****   /* Read Data from DR register */
1038:Drivers/STM32F4xx_HAL_Driver/Src/stm32f4xx_hal_i2s_ex.c ****   (*hi2s->pRxBuffPtr++) = I2SxEXT(hi2s->Instance)->DR;
1039:Drivers/STM32F4xx_HAL_Driver/Src/stm32f4xx_hal_i2s_ex.c ****   hi2s->RxXferCount--;
1040:Drivers/STM32F4xx_HAL_Driver/Src/stm32f4xx_hal_i2s_ex.c **** 
1041:Drivers/STM32F4xx_HAL_Driver/Src/stm32f4xx_hal_i2s_ex.c ****   if (hi2s->RxXferCount == 0U)
1042:Drivers/STM32F4xx_HAL_Driver/Src/stm32f4xx_hal_i2s_ex.c ****   {
1043:Drivers/STM32F4xx_HAL_Driver/Src/stm32f4xx_hal_i2s_ex.c ****     /* Disable I2Sext RXNE and ERR interrupt */
1044:Drivers/STM32F4xx_HAL_Driver/Src/stm32f4xx_hal_i2s_ex.c ****     __HAL_I2SEXT_DISABLE_IT(hi2s, (I2S_IT_RXNE | I2S_IT_ERR));
1045:Drivers/STM32F4xx_HAL_Driver/Src/stm32f4xx_hal_i2s_ex.c **** 
1046:Drivers/STM32F4xx_HAL_Driver/Src/stm32f4xx_hal_i2s_ex.c ****     if (hi2s->TxXferCount == 0U)
1047:Drivers/STM32F4xx_HAL_Driver/Src/stm32f4xx_hal_i2s_ex.c ****     {
1048:Drivers/STM32F4xx_HAL_Driver/Src/stm32f4xx_hal_i2s_ex.c ****       hi2s->State = HAL_I2S_STATE_READY;
1049:Drivers/STM32F4xx_HAL_Driver/Src/stm32f4xx_hal_i2s_ex.c ****       /* Call user TxRx complete callback */
1050:Drivers/STM32F4xx_HAL_Driver/Src/stm32f4xx_hal_i2s_ex.c **** #if (USE_HAL_I2S_REGISTER_CALLBACKS == 1U)
1051:Drivers/STM32F4xx_HAL_Driver/Src/stm32f4xx_hal_i2s_ex.c ****       hi2s->TxRxCpltCallback(hi2s);
1052:Drivers/STM32F4xx_HAL_Driver/Src/stm32f4xx_hal_i2s_ex.c **** #else
1053:Drivers/STM32F4xx_HAL_Driver/Src/stm32f4xx_hal_i2s_ex.c ****       HAL_I2SEx_TxRxCpltCallback(hi2s);
1054:Drivers/STM32F4xx_HAL_Driver/Src/stm32f4xx_hal_i2s_ex.c **** #endif /* USE_HAL_I2S_REGISTER_CALLBACKS */
1055:Drivers/STM32F4xx_HAL_Driver/Src/stm32f4xx_hal_i2s_ex.c ****     }
1056:Drivers/STM32F4xx_HAL_Driver/Src/stm32f4xx_hal_i2s_ex.c ****   }
ARM GAS  /tmp/ccXjaJpZ.s 			page 20


1057:Drivers/STM32F4xx_HAL_Driver/Src/stm32f4xx_hal_i2s_ex.c **** }
1058:Drivers/STM32F4xx_HAL_Driver/Src/stm32f4xx_hal_i2s_ex.c **** 
1059:Drivers/STM32F4xx_HAL_Driver/Src/stm32f4xx_hal_i2s_ex.c **** /**
1060:Drivers/STM32F4xx_HAL_Driver/Src/stm32f4xx_hal_i2s_ex.c ****   * @brief This function handles I2S Communication Timeout.
1061:Drivers/STM32F4xx_HAL_Driver/Src/stm32f4xx_hal_i2s_ex.c ****   * @param hi2s I2S handle
1062:Drivers/STM32F4xx_HAL_Driver/Src/stm32f4xx_hal_i2s_ex.c ****   * @param Flag Flag checked
1063:Drivers/STM32F4xx_HAL_Driver/Src/stm32f4xx_hal_i2s_ex.c ****   * @param State Value of the flag expected
1064:Drivers/STM32F4xx_HAL_Driver/Src/stm32f4xx_hal_i2s_ex.c ****   * @param Timeout Duration of the timeout
1065:Drivers/STM32F4xx_HAL_Driver/Src/stm32f4xx_hal_i2s_ex.c ****   * @param i2sUsed I2S instance reference
1066:Drivers/STM32F4xx_HAL_Driver/Src/stm32f4xx_hal_i2s_ex.c ****   * @retval HAL status
1067:Drivers/STM32F4xx_HAL_Driver/Src/stm32f4xx_hal_i2s_ex.c ****   */
1068:Drivers/STM32F4xx_HAL_Driver/Src/stm32f4xx_hal_i2s_ex.c **** static HAL_StatusTypeDef I2SEx_FullDuplexWaitFlagStateUntilTimeout(I2S_HandleTypeDef *hi2s,
1069:Drivers/STM32F4xx_HAL_Driver/Src/stm32f4xx_hal_i2s_ex.c ****                                                                    uint32_t Flag,
1070:Drivers/STM32F4xx_HAL_Driver/Src/stm32f4xx_hal_i2s_ex.c ****                                                                    uint32_t State,
1071:Drivers/STM32F4xx_HAL_Driver/Src/stm32f4xx_hal_i2s_ex.c ****                                                                    uint32_t Timeout,
1072:Drivers/STM32F4xx_HAL_Driver/Src/stm32f4xx_hal_i2s_ex.c ****                                                                    I2S_UseTypeDef i2sUsed)
1073:Drivers/STM32F4xx_HAL_Driver/Src/stm32f4xx_hal_i2s_ex.c **** {
  29              		.loc 1 1073 1 view -0
  30              		.cfi_startproc
  31              		@ args = 4, pretend = 0, frame = 0
  32              		@ frame_needed = 0, uses_anonymous_args = 0
  33              		.loc 1 1073 1 is_stmt 0 view .LVU1
  34 0000 2DE9F047 		push	{r4, r5, r6, r7, r8, r9, r10, lr}
  35              	.LCFI0:
  36              		.cfi_def_cfa_offset 32
  37              		.cfi_offset 4, -32
  38              		.cfi_offset 5, -28
  39              		.cfi_offset 6, -24
  40              		.cfi_offset 7, -20
  41              		.cfi_offset 8, -16
  42              		.cfi_offset 9, -12
  43              		.cfi_offset 10, -8
  44              		.cfi_offset 14, -4
  45 0004 0646     		mov	r6, r0
  46 0006 0F46     		mov	r7, r1
  47 0008 9046     		mov	r8, r2
  48 000a 1D46     		mov	r5, r3
  49 000c 9DF820A0 		ldrb	r10, [sp, #32]	@ zero_extendqisi2
1074:Drivers/STM32F4xx_HAL_Driver/Src/stm32f4xx_hal_i2s_ex.c ****   uint32_t tickstart = HAL_GetTick();
  50              		.loc 1 1074 3 is_stmt 1 view .LVU2
  51              		.loc 1 1074 24 is_stmt 0 view .LVU3
  52 0010 FFF7FEFF 		bl	HAL_GetTick
  53              	.LVL1:
  54              		.loc 1 1074 24 view .LVU4
  55 0014 8146     		mov	r9, r0
  56              	.LVL2:
1075:Drivers/STM32F4xx_HAL_Driver/Src/stm32f4xx_hal_i2s_ex.c **** 
1076:Drivers/STM32F4xx_HAL_Driver/Src/stm32f4xx_hal_i2s_ex.c ****   if (i2sUsed == I2S_USE_I2S)
  57              		.loc 1 1076 3 is_stmt 1 view .LVU5
  58              		.loc 1 1076 6 is_stmt 0 view .LVU6
  59 0016 BAF1000F 		cmp	r10, #0
  60 001a 15D0     		beq	.L4
  61 001c 36E0     		b	.L9
  62              	.LVL3:
  63              	.L19:
1077:Drivers/STM32F4xx_HAL_Driver/Src/stm32f4xx_hal_i2s_ex.c ****   {
1078:Drivers/STM32F4xx_HAL_Driver/Src/stm32f4xx_hal_i2s_ex.c ****     /* Wait until flag is reset */
ARM GAS  /tmp/ccXjaJpZ.s 			page 21


1079:Drivers/STM32F4xx_HAL_Driver/Src/stm32f4xx_hal_i2s_ex.c ****     while (((__HAL_I2S_GET_FLAG(hi2s, Flag)) ? SET : RESET) != State)
1080:Drivers/STM32F4xx_HAL_Driver/Src/stm32f4xx_hal_i2s_ex.c ****     {
1081:Drivers/STM32F4xx_HAL_Driver/Src/stm32f4xx_hal_i2s_ex.c ****       if (Timeout != HAL_MAX_DELAY)
1082:Drivers/STM32F4xx_HAL_Driver/Src/stm32f4xx_hal_i2s_ex.c ****       {
1083:Drivers/STM32F4xx_HAL_Driver/Src/stm32f4xx_hal_i2s_ex.c ****         if ((Timeout == 0U) || ((HAL_GetTick() - tickstart) > Timeout))
  64              		.loc 1 1083 9 is_stmt 1 view .LVU7
  65              		.loc 1 1083 12 is_stmt 0 view .LVU8
  66 001e 2DB1     		cbz	r5, .L5
  67              		.loc 1 1083 34 discriminator 1 view .LVU9
  68 0020 FFF7FEFF 		bl	HAL_GetTick
  69              	.LVL4:
  70              		.loc 1 1083 48 discriminator 1 view .LVU10
  71 0024 A0EB0900 		sub	r0, r0, r9
  72              		.loc 1 1083 29 discriminator 1 view .LVU11
  73 0028 A842     		cmp	r0, r5
  74 002a 0DD9     		bls	.L4
  75              	.L5:
1084:Drivers/STM32F4xx_HAL_Driver/Src/stm32f4xx_hal_i2s_ex.c ****         {
1085:Drivers/STM32F4xx_HAL_Driver/Src/stm32f4xx_hal_i2s_ex.c ****           /* Set the I2S State ready */
1086:Drivers/STM32F4xx_HAL_Driver/Src/stm32f4xx_hal_i2s_ex.c ****           hi2s->State = HAL_I2S_STATE_READY;
  76              		.loc 1 1086 11 is_stmt 1 view .LVU12
  77              		.loc 1 1086 23 is_stmt 0 view .LVU13
  78 002c 0123     		movs	r3, #1
  79 002e 86F84130 		strb	r3, [r6, #65]
1087:Drivers/STM32F4xx_HAL_Driver/Src/stm32f4xx_hal_i2s_ex.c **** 
1088:Drivers/STM32F4xx_HAL_Driver/Src/stm32f4xx_hal_i2s_ex.c ****           /* Process Unlocked */
1089:Drivers/STM32F4xx_HAL_Driver/Src/stm32f4xx_hal_i2s_ex.c ****           __HAL_UNLOCK(hi2s);
  80              		.loc 1 1089 11 is_stmt 1 view .LVU14
  81              		.loc 1 1089 11 view .LVU15
  82 0032 0023     		movs	r3, #0
  83 0034 86F84030 		strb	r3, [r6, #64]
  84              		.loc 1 1089 11 view .LVU16
1090:Drivers/STM32F4xx_HAL_Driver/Src/stm32f4xx_hal_i2s_ex.c **** 
1091:Drivers/STM32F4xx_HAL_Driver/Src/stm32f4xx_hal_i2s_ex.c ****           return HAL_TIMEOUT;
  85              		.loc 1 1091 11 view .LVU17
  86              		.loc 1 1091 18 is_stmt 0 view .LVU18
  87 0038 0320     		movs	r0, #3
  88 003a 0DE0     		b	.L6
  89              	.L20:
1079:Drivers/STM32F4xx_HAL_Driver/Src/stm32f4xx_hal_i2s_ex.c ****     {
  90              		.loc 1 1079 52 discriminator 1 view .LVU19
  91 003c 0123     		movs	r3, #1
  92              	.L7:
1079:Drivers/STM32F4xx_HAL_Driver/Src/stm32f4xx_hal_i2s_ex.c ****     {
  93              		.loc 1 1079 61 discriminator 4 view .LVU20
  94 003e 4345     		cmp	r3, r8
  95 0040 09D0     		beq	.L18
1081:Drivers/STM32F4xx_HAL_Driver/Src/stm32f4xx_hal_i2s_ex.c ****       {
  96              		.loc 1 1081 7 is_stmt 1 view .LVU21
1081:Drivers/STM32F4xx_HAL_Driver/Src/stm32f4xx_hal_i2s_ex.c ****       {
  97              		.loc 1 1081 10 is_stmt 0 view .LVU22
  98 0042 B5F1FF3F 		cmp	r5, #-1
  99 0046 EAD1     		bne	.L19
 100              	.L4:
1079:Drivers/STM32F4xx_HAL_Driver/Src/stm32f4xx_hal_i2s_ex.c ****     {
 101              		.loc 1 1079 61 is_stmt 1 view .LVU23
1079:Drivers/STM32F4xx_HAL_Driver/Src/stm32f4xx_hal_i2s_ex.c ****     {
ARM GAS  /tmp/ccXjaJpZ.s 			page 22


 102              		.loc 1 1079 14 is_stmt 0 view .LVU24
 103 0048 3368     		ldr	r3, [r6]
 104 004a 9C68     		ldr	r4, [r3, #8]
1079:Drivers/STM32F4xx_HAL_Driver/Src/stm32f4xx_hal_i2s_ex.c ****     {
 105              		.loc 1 1079 52 view .LVU25
 106 004c 37EA0404 		bics	r4, r7, r4
 107 0050 F4D0     		beq	.L20
1079:Drivers/STM32F4xx_HAL_Driver/Src/stm32f4xx_hal_i2s_ex.c ****     {
 108              		.loc 1 1079 52 discriminator 2 view .LVU26
 109 0052 0023     		movs	r3, #0
 110 0054 F3E7     		b	.L7
 111              	.L18:
1092:Drivers/STM32F4xx_HAL_Driver/Src/stm32f4xx_hal_i2s_ex.c ****         }
1093:Drivers/STM32F4xx_HAL_Driver/Src/stm32f4xx_hal_i2s_ex.c ****       }
1094:Drivers/STM32F4xx_HAL_Driver/Src/stm32f4xx_hal_i2s_ex.c ****     }
1095:Drivers/STM32F4xx_HAL_Driver/Src/stm32f4xx_hal_i2s_ex.c ****   }
1096:Drivers/STM32F4xx_HAL_Driver/Src/stm32f4xx_hal_i2s_ex.c ****   else /* i2sUsed == I2S_USE_I2SEXT */
1097:Drivers/STM32F4xx_HAL_Driver/Src/stm32f4xx_hal_i2s_ex.c ****   {
1098:Drivers/STM32F4xx_HAL_Driver/Src/stm32f4xx_hal_i2s_ex.c ****     /* Wait until flag is reset */
1099:Drivers/STM32F4xx_HAL_Driver/Src/stm32f4xx_hal_i2s_ex.c ****     while (((__HAL_I2SEXT_GET_FLAG(hi2s, Flag)) ? SET : RESET) != State)
1100:Drivers/STM32F4xx_HAL_Driver/Src/stm32f4xx_hal_i2s_ex.c ****     {
1101:Drivers/STM32F4xx_HAL_Driver/Src/stm32f4xx_hal_i2s_ex.c ****       if (Timeout != HAL_MAX_DELAY)
1102:Drivers/STM32F4xx_HAL_Driver/Src/stm32f4xx_hal_i2s_ex.c ****       {
1103:Drivers/STM32F4xx_HAL_Driver/Src/stm32f4xx_hal_i2s_ex.c ****         if ((Timeout == 0U) || ((HAL_GetTick() - tickstart) > Timeout))
1104:Drivers/STM32F4xx_HAL_Driver/Src/stm32f4xx_hal_i2s_ex.c ****         {
1105:Drivers/STM32F4xx_HAL_Driver/Src/stm32f4xx_hal_i2s_ex.c ****           /* Set the I2S State ready */
1106:Drivers/STM32F4xx_HAL_Driver/Src/stm32f4xx_hal_i2s_ex.c ****           hi2s->State = HAL_I2S_STATE_READY;
1107:Drivers/STM32F4xx_HAL_Driver/Src/stm32f4xx_hal_i2s_ex.c **** 
1108:Drivers/STM32F4xx_HAL_Driver/Src/stm32f4xx_hal_i2s_ex.c ****           /* Process Unlocked */
1109:Drivers/STM32F4xx_HAL_Driver/Src/stm32f4xx_hal_i2s_ex.c ****           __HAL_UNLOCK(hi2s);
1110:Drivers/STM32F4xx_HAL_Driver/Src/stm32f4xx_hal_i2s_ex.c **** 
1111:Drivers/STM32F4xx_HAL_Driver/Src/stm32f4xx_hal_i2s_ex.c ****           return HAL_TIMEOUT;
1112:Drivers/STM32F4xx_HAL_Driver/Src/stm32f4xx_hal_i2s_ex.c ****         }
1113:Drivers/STM32F4xx_HAL_Driver/Src/stm32f4xx_hal_i2s_ex.c ****       }
1114:Drivers/STM32F4xx_HAL_Driver/Src/stm32f4xx_hal_i2s_ex.c ****     }
1115:Drivers/STM32F4xx_HAL_Driver/Src/stm32f4xx_hal_i2s_ex.c ****   }
1116:Drivers/STM32F4xx_HAL_Driver/Src/stm32f4xx_hal_i2s_ex.c ****   return HAL_OK;
 112              		.loc 1 1116 10 view .LVU27
 113 0056 5046     		mov	r0, r10
 114              	.L6:
1117:Drivers/STM32F4xx_HAL_Driver/Src/stm32f4xx_hal_i2s_ex.c **** }
 115              		.loc 1 1117 1 view .LVU28
 116 0058 BDE8F087 		pop	{r4, r5, r6, r7, r8, r9, r10, pc}
 117              	.LVL5:
 118              	.L22:
1103:Drivers/STM32F4xx_HAL_Driver/Src/stm32f4xx_hal_i2s_ex.c ****         {
 119              		.loc 1 1103 9 is_stmt 1 view .LVU29
1103:Drivers/STM32F4xx_HAL_Driver/Src/stm32f4xx_hal_i2s_ex.c ****         {
 120              		.loc 1 1103 12 is_stmt 0 view .LVU30
 121 005c 2DB1     		cbz	r5, .L10
1103:Drivers/STM32F4xx_HAL_Driver/Src/stm32f4xx_hal_i2s_ex.c ****         {
 122              		.loc 1 1103 34 discriminator 1 view .LVU31
 123 005e FFF7FEFF 		bl	HAL_GetTick
 124              	.LVL6:
1103:Drivers/STM32F4xx_HAL_Driver/Src/stm32f4xx_hal_i2s_ex.c ****         {
 125              		.loc 1 1103 48 discriminator 1 view .LVU32
 126 0062 A0EB0900 		sub	r0, r0, r9
ARM GAS  /tmp/ccXjaJpZ.s 			page 23


1103:Drivers/STM32F4xx_HAL_Driver/Src/stm32f4xx_hal_i2s_ex.c ****         {
 127              		.loc 1 1103 29 discriminator 1 view .LVU33
 128 0066 A842     		cmp	r0, r5
 129 0068 10D9     		bls	.L9
 130              	.L10:
1106:Drivers/STM32F4xx_HAL_Driver/Src/stm32f4xx_hal_i2s_ex.c **** 
 131              		.loc 1 1106 11 is_stmt 1 view .LVU34
1106:Drivers/STM32F4xx_HAL_Driver/Src/stm32f4xx_hal_i2s_ex.c **** 
 132              		.loc 1 1106 23 is_stmt 0 view .LVU35
 133 006a 0123     		movs	r3, #1
 134 006c 86F84130 		strb	r3, [r6, #65]
1109:Drivers/STM32F4xx_HAL_Driver/Src/stm32f4xx_hal_i2s_ex.c **** 
 135              		.loc 1 1109 11 is_stmt 1 view .LVU36
1109:Drivers/STM32F4xx_HAL_Driver/Src/stm32f4xx_hal_i2s_ex.c **** 
 136              		.loc 1 1109 11 view .LVU37
 137 0070 0023     		movs	r3, #0
 138 0072 86F84030 		strb	r3, [r6, #64]
1109:Drivers/STM32F4xx_HAL_Driver/Src/stm32f4xx_hal_i2s_ex.c **** 
 139              		.loc 1 1109 11 view .LVU38
1111:Drivers/STM32F4xx_HAL_Driver/Src/stm32f4xx_hal_i2s_ex.c ****         }
 140              		.loc 1 1111 11 view .LVU39
1111:Drivers/STM32F4xx_HAL_Driver/Src/stm32f4xx_hal_i2s_ex.c ****         }
 141              		.loc 1 1111 18 is_stmt 0 view .LVU40
 142 0076 0320     		movs	r0, #3
 143 0078 EEE7     		b	.L6
 144              	.L23:
1099:Drivers/STM32F4xx_HAL_Driver/Src/stm32f4xx_hal_i2s_ex.c ****     {
 145              		.loc 1 1099 14 discriminator 1 view .LVU41
 146 007a A3F58063 		sub	r3, r3, #1024
 147 007e 0BE0     		b	.L11
 148              	.L24:
1099:Drivers/STM32F4xx_HAL_Driver/Src/stm32f4xx_hal_i2s_ex.c ****     {
 149              		.loc 1 1099 55 discriminator 5 view .LVU42
 150 0080 0123     		movs	r3, #1
 151              	.L12:
1099:Drivers/STM32F4xx_HAL_Driver/Src/stm32f4xx_hal_i2s_ex.c ****     {
 152              		.loc 1 1099 64 discriminator 8 view .LVU43
 153 0082 4345     		cmp	r3, r8
 154 0084 0ED0     		beq	.L21
1101:Drivers/STM32F4xx_HAL_Driver/Src/stm32f4xx_hal_i2s_ex.c ****       {
 155              		.loc 1 1101 7 is_stmt 1 view .LVU44
1101:Drivers/STM32F4xx_HAL_Driver/Src/stm32f4xx_hal_i2s_ex.c ****       {
 156              		.loc 1 1101 10 is_stmt 0 view .LVU45
 157 0086 B5F1FF3F 		cmp	r5, #-1
 158 008a E7D1     		bne	.L22
 159              	.L9:
1099:Drivers/STM32F4xx_HAL_Driver/Src/stm32f4xx_hal_i2s_ex.c ****     {
 160              		.loc 1 1099 64 is_stmt 1 view .LVU46
1099:Drivers/STM32F4xx_HAL_Driver/Src/stm32f4xx_hal_i2s_ex.c ****     {
 161              		.loc 1 1099 14 is_stmt 0 view .LVU47
 162 008c 3268     		ldr	r2, [r6]
 163 008e 064B     		ldr	r3, .L25
 164 0090 9A42     		cmp	r2, r3
 165 0092 F2D0     		beq	.L23
1099:Drivers/STM32F4xx_HAL_Driver/Src/stm32f4xx_hal_i2s_ex.c ****     {
 166              		.loc 1 1099 14 discriminator 2 view .LVU48
 167 0094 4FF04023 		mov	r3, #1073758208
ARM GAS  /tmp/ccXjaJpZ.s 			page 24


 168              	.L11:
1099:Drivers/STM32F4xx_HAL_Driver/Src/stm32f4xx_hal_i2s_ex.c ****     {
 169              		.loc 1 1099 14 discriminator 4 view .LVU49
 170 0098 9C68     		ldr	r4, [r3, #8]
1099:Drivers/STM32F4xx_HAL_Driver/Src/stm32f4xx_hal_i2s_ex.c ****     {
 171              		.loc 1 1099 55 discriminator 4 view .LVU50
 172 009a 37EA0404 		bics	r4, r7, r4
 173 009e EFD0     		beq	.L24
1099:Drivers/STM32F4xx_HAL_Driver/Src/stm32f4xx_hal_i2s_ex.c ****     {
 174              		.loc 1 1099 55 discriminator 6 view .LVU51
 175 00a0 0023     		movs	r3, #0
 176 00a2 EEE7     		b	.L12
 177              	.L21:
1116:Drivers/STM32F4xx_HAL_Driver/Src/stm32f4xx_hal_i2s_ex.c **** }
 178              		.loc 1 1116 10 view .LVU52
 179 00a4 0020     		movs	r0, #0
 180 00a6 D7E7     		b	.L6
 181              	.L26:
 182              		.align	2
 183              	.L25:
 184 00a8 00380040 		.word	1073756160
 185              		.cfi_endproc
 186              	.LFE252:
 188              		.section	.text.I2SEx_TxRxDMAError,"ax",%progbits
 189              		.align	1
 190              		.syntax unified
 191              		.thumb
 192              		.thumb_func
 194              	I2SEx_TxRxDMAError:
 195              	.LVL7:
 196              	.LFB247:
 921:Drivers/STM32F4xx_HAL_Driver/Src/stm32f4xx_hal_i2s_ex.c ****   I2S_HandleTypeDef *hi2s = (I2S_HandleTypeDef *)((DMA_HandleTypeDef *)hdma)->Parent;
 197              		.loc 1 921 1 is_stmt 1 view -0
 198              		.cfi_startproc
 199              		@ args = 0, pretend = 0, frame = 0
 200              		@ frame_needed = 0, uses_anonymous_args = 0
 921:Drivers/STM32F4xx_HAL_Driver/Src/stm32f4xx_hal_i2s_ex.c ****   I2S_HandleTypeDef *hi2s = (I2S_HandleTypeDef *)((DMA_HandleTypeDef *)hdma)->Parent;
 201              		.loc 1 921 1 is_stmt 0 view .LVU54
 202 0000 08B5     		push	{r3, lr}
 203              	.LCFI1:
 204              		.cfi_def_cfa_offset 8
 205              		.cfi_offset 3, -8
 206              		.cfi_offset 14, -4
 922:Drivers/STM32F4xx_HAL_Driver/Src/stm32f4xx_hal_i2s_ex.c **** 
 207              		.loc 1 922 3 is_stmt 1 view .LVU55
 922:Drivers/STM32F4xx_HAL_Driver/Src/stm32f4xx_hal_i2s_ex.c **** 
 208              		.loc 1 922 22 is_stmt 0 view .LVU56
 209 0002 806B     		ldr	r0, [r0, #56]
 210              	.LVL8:
 925:Drivers/STM32F4xx_HAL_Driver/Src/stm32f4xx_hal_i2s_ex.c ****   CLEAR_BIT(I2SxEXT(hi2s->Instance)->CR2, (SPI_CR2_RXDMAEN | SPI_CR2_TXDMAEN));
 211              		.loc 1 925 3 is_stmt 1 view .LVU57
 212 0004 0268     		ldr	r2, [r0]
 213 0006 5368     		ldr	r3, [r2, #4]
 214 0008 23F00303 		bic	r3, r3, #3
 215 000c 5360     		str	r3, [r2, #4]
 926:Drivers/STM32F4xx_HAL_Driver/Src/stm32f4xx_hal_i2s_ex.c **** 
 216              		.loc 1 926 3 view .LVU58
ARM GAS  /tmp/ccXjaJpZ.s 			page 25


 217 000e 0268     		ldr	r2, [r0]
 218 0010 0B4B     		ldr	r3, .L32
 219 0012 9A42     		cmp	r2, r3
 220 0014 12D0     		beq	.L31
 926:Drivers/STM32F4xx_HAL_Driver/Src/stm32f4xx_hal_i2s_ex.c **** 
 221              		.loc 1 926 3 is_stmt 0 discriminator 2 view .LVU59
 222 0016 4FF04022 		mov	r2, #1073758208
 223              	.L28:
 926:Drivers/STM32F4xx_HAL_Driver/Src/stm32f4xx_hal_i2s_ex.c **** 
 224              		.loc 1 926 3 discriminator 4 view .LVU60
 225 001a 5368     		ldr	r3, [r2, #4]
 926:Drivers/STM32F4xx_HAL_Driver/Src/stm32f4xx_hal_i2s_ex.c **** 
 226              		.loc 1 926 3 discriminator 8 view .LVU61
 227 001c 23F00303 		bic	r3, r3, #3
 228 0020 5360     		str	r3, [r2, #4]
 928:Drivers/STM32F4xx_HAL_Driver/Src/stm32f4xx_hal_i2s_ex.c ****   hi2s->RxXferCount = 0U;
 229              		.loc 1 928 3 is_stmt 1 view .LVU62
 928:Drivers/STM32F4xx_HAL_Driver/Src/stm32f4xx_hal_i2s_ex.c ****   hi2s->RxXferCount = 0U;
 230              		.loc 1 928 21 is_stmt 0 view .LVU63
 231 0022 0023     		movs	r3, #0
 232 0024 4385     		strh	r3, [r0, #42]	@ movhi
 929:Drivers/STM32F4xx_HAL_Driver/Src/stm32f4xx_hal_i2s_ex.c **** 
 233              		.loc 1 929 3 is_stmt 1 view .LVU64
 929:Drivers/STM32F4xx_HAL_Driver/Src/stm32f4xx_hal_i2s_ex.c **** 
 234              		.loc 1 929 21 is_stmt 0 view .LVU65
 235 0026 4386     		strh	r3, [r0, #50]	@ movhi
 931:Drivers/STM32F4xx_HAL_Driver/Src/stm32f4xx_hal_i2s_ex.c **** 
 236              		.loc 1 931 3 is_stmt 1 view .LVU66
 931:Drivers/STM32F4xx_HAL_Driver/Src/stm32f4xx_hal_i2s_ex.c **** 
 237              		.loc 1 931 15 is_stmt 0 view .LVU67
 238 0028 0123     		movs	r3, #1
 239 002a 80F84130 		strb	r3, [r0, #65]
 934:Drivers/STM32F4xx_HAL_Driver/Src/stm32f4xx_hal_i2s_ex.c ****   /* Call user error callback */
 240              		.loc 1 934 3 is_stmt 1 view .LVU68
 241 002e 436C     		ldr	r3, [r0, #68]
 242 0030 43F00803 		orr	r3, r3, #8
 243 0034 4364     		str	r3, [r0, #68]
 939:Drivers/STM32F4xx_HAL_Driver/Src/stm32f4xx_hal_i2s_ex.c **** #endif /* USE_HAL_I2S_REGISTER_CALLBACKS */
 244              		.loc 1 939 3 view .LVU69
 245 0036 FFF7FEFF 		bl	HAL_I2S_ErrorCallback
 246              	.LVL9:
 941:Drivers/STM32F4xx_HAL_Driver/Src/stm32f4xx_hal_i2s_ex.c **** 
 247              		.loc 1 941 1 is_stmt 0 view .LVU70
 248 003a 08BD     		pop	{r3, pc}
 249              	.LVL10:
 250              	.L31:
 926:Drivers/STM32F4xx_HAL_Driver/Src/stm32f4xx_hal_i2s_ex.c **** 
 251              		.loc 1 926 3 discriminator 1 view .LVU71
 252 003c 014A     		ldr	r2, .L32+4
 253 003e ECE7     		b	.L28
 254              	.L33:
 255              		.align	2
 256              	.L32:
 257 0040 00380040 		.word	1073756160
 258 0044 00340040 		.word	1073755136
 259              		.cfi_endproc
 260              	.LFE247:
ARM GAS  /tmp/ccXjaJpZ.s 			page 26


 262              		.section	.text.HAL_I2SEx_TransmitReceive,"ax",%progbits
 263              		.align	1
 264              		.global	HAL_I2SEx_TransmitReceive
 265              		.syntax unified
 266              		.thumb
 267              		.thumb_func
 269              	HAL_I2SEx_TransmitReceive:
 270              	.LVL11:
 271              	.LFB239:
 211:Drivers/STM32F4xx_HAL_Driver/Src/stm32f4xx_hal_i2s_ex.c ****   uint32_t tmp1 = 0U;
 272              		.loc 1 211 1 is_stmt 1 view -0
 273              		.cfi_startproc
 274              		@ args = 4, pretend = 0, frame = 24
 275              		@ frame_needed = 0, uses_anonymous_args = 0
 211:Drivers/STM32F4xx_HAL_Driver/Src/stm32f4xx_hal_i2s_ex.c ****   uint32_t tmp1 = 0U;
 276              		.loc 1 211 1 is_stmt 0 view .LVU73
 277 0000 2DE9F043 		push	{r4, r5, r6, r7, r8, r9, lr}
 278              	.LCFI2:
 279              		.cfi_def_cfa_offset 28
 280              		.cfi_offset 4, -28
 281              		.cfi_offset 5, -24
 282              		.cfi_offset 6, -20
 283              		.cfi_offset 7, -16
 284              		.cfi_offset 8, -12
 285              		.cfi_offset 9, -8
 286              		.cfi_offset 14, -4
 287 0004 89B0     		sub	sp, sp, #36
 288              	.LCFI3:
 289              		.cfi_def_cfa_offset 64
 290 0006 1646     		mov	r6, r2
 291 0008 109F     		ldr	r7, [sp, #64]
 212:Drivers/STM32F4xx_HAL_Driver/Src/stm32f4xx_hal_i2s_ex.c **** 
 292              		.loc 1 212 3 is_stmt 1 view .LVU74
 293              	.LVL12:
 214:Drivers/STM32F4xx_HAL_Driver/Src/stm32f4xx_hal_i2s_ex.c ****   {
 294              		.loc 1 214 3 view .LVU75
 214:Drivers/STM32F4xx_HAL_Driver/Src/stm32f4xx_hal_i2s_ex.c ****   {
 295              		.loc 1 214 11 is_stmt 0 view .LVU76
 296 000a 90F84120 		ldrb	r2, [r0, #65]	@ zero_extendqisi2
 297              	.LVL13:
 214:Drivers/STM32F4xx_HAL_Driver/Src/stm32f4xx_hal_i2s_ex.c ****   {
 298              		.loc 1 214 6 view .LVU77
 299 000e 012A     		cmp	r2, #1
 300 0010 40F0A081 		bne	.L64
 301 0014 0446     		mov	r4, r0
 302 0016 5FFA82F8 		uxtb	r8, r2
 219:Drivers/STM32F4xx_HAL_Driver/Src/stm32f4xx_hal_i2s_ex.c ****   {
 303              		.loc 1 219 3 is_stmt 1 view .LVU78
 219:Drivers/STM32F4xx_HAL_Driver/Src/stm32f4xx_hal_i2s_ex.c ****   {
 304              		.loc 1 219 6 is_stmt 0 view .LVU79
 305 001a 0029     		cmp	r1, #0
 306 001c 00F09C81 		beq	.L35
 219:Drivers/STM32F4xx_HAL_Driver/Src/stm32f4xx_hal_i2s_ex.c ****   {
 307              		.loc 1 219 25 discriminator 1 view .LVU80
 308 0020 002E     		cmp	r6, #0
 309 0022 00F09981 		beq	.L35
 219:Drivers/STM32F4xx_HAL_Driver/Src/stm32f4xx_hal_i2s_ex.c ****   {
ARM GAS  /tmp/ccXjaJpZ.s 			page 27


 310              		.loc 1 219 46 discriminator 2 view .LVU81
 311 0026 002B     		cmp	r3, #0
 312 0028 00F09681 		beq	.L35
 225:Drivers/STM32F4xx_HAL_Driver/Src/stm32f4xx_hal_i2s_ex.c **** 
 313              		.loc 1 225 3 is_stmt 1 view .LVU82
 225:Drivers/STM32F4xx_HAL_Driver/Src/stm32f4xx_hal_i2s_ex.c **** 
 314              		.loc 1 225 3 view .LVU83
 315 002c 90F84020 		ldrb	r2, [r0, #64]	@ zero_extendqisi2
 316 0030 012A     		cmp	r2, #1
 317 0032 00F09581 		beq	.L65
 225:Drivers/STM32F4xx_HAL_Driver/Src/stm32f4xx_hal_i2s_ex.c **** 
 318              		.loc 1 225 3 discriminator 2 view .LVU84
 319 0036 0122     		movs	r2, #1
 320 0038 80F84020 		strb	r2, [r0, #64]
 225:Drivers/STM32F4xx_HAL_Driver/Src/stm32f4xx_hal_i2s_ex.c **** 
 321              		.loc 1 225 3 view .LVU85
 227:Drivers/STM32F4xx_HAL_Driver/Src/stm32f4xx_hal_i2s_ex.c ****   /* Check the Data format: When a 16-bit data frame or a 16-bit data frame extended
 322              		.loc 1 227 3 view .LVU86
 227:Drivers/STM32F4xx_HAL_Driver/Src/stm32f4xx_hal_i2s_ex.c ****   /* Check the Data format: When a 16-bit data frame or a 16-bit data frame extended
 323              		.loc 1 227 14 is_stmt 0 view .LVU87
 324 003c 0068     		ldr	r0, [r0]
 325              	.LVL14:
 227:Drivers/STM32F4xx_HAL_Driver/Src/stm32f4xx_hal_i2s_ex.c ****   /* Check the Data format: When a 16-bit data frame or a 16-bit data frame extended
 326              		.loc 1 227 24 view .LVU88
 327 003e C269     		ldr	r2, [r0, #28]
 227:Drivers/STM32F4xx_HAL_Driver/Src/stm32f4xx_hal_i2s_ex.c ****   /* Check the Data format: When a 16-bit data frame or a 16-bit data frame extended
 328              		.loc 1 227 8 view .LVU89
 329 0040 02F00702 		and	r2, r2, #7
 330              	.LVL15:
 232:Drivers/STM32F4xx_HAL_Driver/Src/stm32f4xx_hal_i2s_ex.c ****   {
 331              		.loc 1 232 3 is_stmt 1 view .LVU90
 232:Drivers/STM32F4xx_HAL_Driver/Src/stm32f4xx_hal_i2s_ex.c ****   {
 332              		.loc 1 232 6 is_stmt 0 view .LVU91
 333 0044 032A     		cmp	r2, #3
 334 0046 06D0     		beq	.L36
 232:Drivers/STM32F4xx_HAL_Driver/Src/stm32f4xx_hal_i2s_ex.c ****   {
 335              		.loc 1 232 36 discriminator 1 view .LVU92
 336 0048 052A     		cmp	r2, #5
 337 004a 04D0     		beq	.L36
 241:Drivers/STM32F4xx_HAL_Driver/Src/stm32f4xx_hal_i2s_ex.c ****     hi2s->TxXferCount = Size;
 338              		.loc 1 241 5 is_stmt 1 view .LVU93
 241:Drivers/STM32F4xx_HAL_Driver/Src/stm32f4xx_hal_i2s_ex.c ****     hi2s->TxXferCount = Size;
 339              		.loc 1 241 23 is_stmt 0 view .LVU94
 340 004c 2385     		strh	r3, [r4, #40]	@ movhi
 242:Drivers/STM32F4xx_HAL_Driver/Src/stm32f4xx_hal_i2s_ex.c ****     hi2s->RxXferSize  = Size;
 341              		.loc 1 242 5 is_stmt 1 view .LVU95
 242:Drivers/STM32F4xx_HAL_Driver/Src/stm32f4xx_hal_i2s_ex.c ****     hi2s->RxXferSize  = Size;
 342              		.loc 1 242 23 is_stmt 0 view .LVU96
 343 004e 6385     		strh	r3, [r4, #42]	@ movhi
 243:Drivers/STM32F4xx_HAL_Driver/Src/stm32f4xx_hal_i2s_ex.c ****     hi2s->RxXferCount = Size;
 344              		.loc 1 243 5 is_stmt 1 view .LVU97
 243:Drivers/STM32F4xx_HAL_Driver/Src/stm32f4xx_hal_i2s_ex.c ****     hi2s->RxXferCount = Size;
 345              		.loc 1 243 23 is_stmt 0 view .LVU98
 346 0050 2386     		strh	r3, [r4, #48]	@ movhi
 244:Drivers/STM32F4xx_HAL_Driver/Src/stm32f4xx_hal_i2s_ex.c ****   }
 347              		.loc 1 244 5 is_stmt 1 view .LVU99
 244:Drivers/STM32F4xx_HAL_Driver/Src/stm32f4xx_hal_i2s_ex.c ****   }
ARM GAS  /tmp/ccXjaJpZ.s 			page 28


 348              		.loc 1 244 23 is_stmt 0 view .LVU100
 349 0052 6386     		strh	r3, [r4, #50]	@ movhi
 350 0054 05E0     		b	.L38
 351              	.L36:
 234:Drivers/STM32F4xx_HAL_Driver/Src/stm32f4xx_hal_i2s_ex.c ****     hi2s->TxXferCount = (Size << 1U);
 352              		.loc 1 234 5 is_stmt 1 view .LVU101
 234:Drivers/STM32F4xx_HAL_Driver/Src/stm32f4xx_hal_i2s_ex.c ****     hi2s->TxXferCount = (Size << 1U);
 353              		.loc 1 234 31 is_stmt 0 view .LVU102
 354 0056 5B00     		lsls	r3, r3, #1
 355              	.LVL16:
 234:Drivers/STM32F4xx_HAL_Driver/Src/stm32f4xx_hal_i2s_ex.c ****     hi2s->TxXferCount = (Size << 1U);
 356              		.loc 1 234 31 view .LVU103
 357 0058 9BB2     		uxth	r3, r3
 234:Drivers/STM32F4xx_HAL_Driver/Src/stm32f4xx_hal_i2s_ex.c ****     hi2s->TxXferCount = (Size << 1U);
 358              		.loc 1 234 23 view .LVU104
 359 005a 2385     		strh	r3, [r4, #40]	@ movhi
 235:Drivers/STM32F4xx_HAL_Driver/Src/stm32f4xx_hal_i2s_ex.c ****     hi2s->RxXferSize  = (Size << 1U);
 360              		.loc 1 235 5 is_stmt 1 view .LVU105
 235:Drivers/STM32F4xx_HAL_Driver/Src/stm32f4xx_hal_i2s_ex.c ****     hi2s->RxXferSize  = (Size << 1U);
 361              		.loc 1 235 23 is_stmt 0 view .LVU106
 362 005c 6385     		strh	r3, [r4, #42]	@ movhi
 236:Drivers/STM32F4xx_HAL_Driver/Src/stm32f4xx_hal_i2s_ex.c ****     hi2s->RxXferCount = (Size << 1U);
 363              		.loc 1 236 5 is_stmt 1 view .LVU107
 236:Drivers/STM32F4xx_HAL_Driver/Src/stm32f4xx_hal_i2s_ex.c ****     hi2s->RxXferCount = (Size << 1U);
 364              		.loc 1 236 23 is_stmt 0 view .LVU108
 365 005e 2386     		strh	r3, [r4, #48]	@ movhi
 237:Drivers/STM32F4xx_HAL_Driver/Src/stm32f4xx_hal_i2s_ex.c ****   }
 366              		.loc 1 237 5 is_stmt 1 view .LVU109
 237:Drivers/STM32F4xx_HAL_Driver/Src/stm32f4xx_hal_i2s_ex.c ****   }
 367              		.loc 1 237 23 is_stmt 0 view .LVU110
 368 0060 6386     		strh	r3, [r4, #50]	@ movhi
 369              	.L38:
 248:Drivers/STM32F4xx_HAL_Driver/Src/stm32f4xx_hal_i2s_ex.c ****   hi2s->State = HAL_I2S_STATE_BUSY_TX_RX;
 370              		.loc 1 248 3 is_stmt 1 view .LVU111
 248:Drivers/STM32F4xx_HAL_Driver/Src/stm32f4xx_hal_i2s_ex.c ****   hi2s->State = HAL_I2S_STATE_BUSY_TX_RX;
 371              		.loc 1 248 19 is_stmt 0 view .LVU112
 372 0062 0023     		movs	r3, #0
 373 0064 6364     		str	r3, [r4, #68]
 249:Drivers/STM32F4xx_HAL_Driver/Src/stm32f4xx_hal_i2s_ex.c **** 
 374              		.loc 1 249 3 is_stmt 1 view .LVU113
 249:Drivers/STM32F4xx_HAL_Driver/Src/stm32f4xx_hal_i2s_ex.c **** 
 375              		.loc 1 249 15 is_stmt 0 view .LVU114
 376 0066 0523     		movs	r3, #5
 377 0068 84F84130 		strb	r3, [r4, #65]
 251:Drivers/STM32F4xx_HAL_Driver/Src/stm32f4xx_hal_i2s_ex.c ****   /* Check if the I2S_MODE_MASTER_TX or I2S_MODE_SLAVE_TX Mode is selected */
 378              		.loc 1 251 3 is_stmt 1 view .LVU115
 251:Drivers/STM32F4xx_HAL_Driver/Src/stm32f4xx_hal_i2s_ex.c ****   /* Check if the I2S_MODE_MASTER_TX or I2S_MODE_SLAVE_TX Mode is selected */
 379              		.loc 1 251 24 is_stmt 0 view .LVU116
 380 006c C369     		ldr	r3, [r0, #28]
 251:Drivers/STM32F4xx_HAL_Driver/Src/stm32f4xx_hal_i2s_ex.c ****   /* Check if the I2S_MODE_MASTER_TX or I2S_MODE_SLAVE_TX Mode is selected */
 381              		.loc 1 251 8 view .LVU117
 382 006e 03F44079 		and	r9, r3, #768
 383              	.LVL17:
 253:Drivers/STM32F4xx_HAL_Driver/Src/stm32f4xx_hal_i2s_ex.c ****   {
 384              		.loc 1 253 3 is_stmt 1 view .LVU118
 253:Drivers/STM32F4xx_HAL_Driver/Src/stm32f4xx_hal_i2s_ex.c ****   {
 385              		.loc 1 253 6 is_stmt 0 view .LVU119
ARM GAS  /tmp/ccXjaJpZ.s 			page 29


 386 0072 B9F5007F 		cmp	r9, #512
 387 0076 03D0     		beq	.L39
 253:Drivers/STM32F4xx_HAL_Driver/Src/stm32f4xx_hal_i2s_ex.c ****   {
 388              		.loc 1 253 36 discriminator 1 view .LVU120
 389 0078 B9F1000F 		cmp	r9, #0
 390 007c 40F0B980 		bne	.L40
 391              	.L39:
 256:Drivers/STM32F4xx_HAL_Driver/Src/stm32f4xx_hal_i2s_ex.c ****     hi2s->TxXferCount--;
 392              		.loc 1 256 5 is_stmt 1 view .LVU121
 256:Drivers/STM32F4xx_HAL_Driver/Src/stm32f4xx_hal_i2s_ex.c ****     hi2s->TxXferCount--;
 393              		.loc 1 256 35 is_stmt 0 view .LVU122
 394 0080 0D46     		mov	r5, r1
 395              	.LVL18:
 256:Drivers/STM32F4xx_HAL_Driver/Src/stm32f4xx_hal_i2s_ex.c ****     hi2s->TxXferCount--;
 396              		.loc 1 256 27 view .LVU123
 397 0082 35F8023B 		ldrh	r3, [r5], #2
 398              	.LVL19:
 256:Drivers/STM32F4xx_HAL_Driver/Src/stm32f4xx_hal_i2s_ex.c ****     hi2s->TxXferCount--;
 399              		.loc 1 256 24 view .LVU124
 400 0086 C360     		str	r3, [r0, #12]
 257:Drivers/STM32F4xx_HAL_Driver/Src/stm32f4xx_hal_i2s_ex.c **** 
 401              		.loc 1 257 5 is_stmt 1 view .LVU125
 257:Drivers/STM32F4xx_HAL_Driver/Src/stm32f4xx_hal_i2s_ex.c **** 
 402              		.loc 1 257 9 is_stmt 0 view .LVU126
 403 0088 638D     		ldrh	r3, [r4, #42]
 404 008a 9BB2     		uxth	r3, r3
 257:Drivers/STM32F4xx_HAL_Driver/Src/stm32f4xx_hal_i2s_ex.c **** 
 405              		.loc 1 257 22 view .LVU127
 406 008c 013B     		subs	r3, r3, #1
 407 008e 9BB2     		uxth	r3, r3
 408 0090 6385     		strh	r3, [r4, #42]	@ movhi
 260:Drivers/STM32F4xx_HAL_Driver/Src/stm32f4xx_hal_i2s_ex.c **** 
 409              		.loc 1 260 5 is_stmt 1 view .LVU128
 410 0092 2268     		ldr	r2, [r4]
 411 0094 964B     		ldr	r3, .L98
 412 0096 9A42     		cmp	r2, r3
 413 0098 1ED0     		beq	.L82
 260:Drivers/STM32F4xx_HAL_Driver/Src/stm32f4xx_hal_i2s_ex.c **** 
 414              		.loc 1 260 5 is_stmt 0 discriminator 2 view .LVU129
 415 009a 4FF04022 		mov	r2, #1073758208
 416              	.L41:
 260:Drivers/STM32F4xx_HAL_Driver/Src/stm32f4xx_hal_i2s_ex.c **** 
 417              		.loc 1 260 5 discriminator 4 view .LVU130
 418 009e D369     		ldr	r3, [r2, #28]
 260:Drivers/STM32F4xx_HAL_Driver/Src/stm32f4xx_hal_i2s_ex.c **** 
 419              		.loc 1 260 5 discriminator 8 view .LVU131
 420 00a0 43F48063 		orr	r3, r3, #1024
 421 00a4 D361     		str	r3, [r2, #28]
 263:Drivers/STM32F4xx_HAL_Driver/Src/stm32f4xx_hal_i2s_ex.c **** 
 422              		.loc 1 263 5 is_stmt 1 view .LVU132
 423 00a6 2268     		ldr	r2, [r4]
 424 00a8 D369     		ldr	r3, [r2, #28]
 425 00aa 43F48063 		orr	r3, r3, #1024
 426 00ae D361     		str	r3, [r2, #28]
 266:Drivers/STM32F4xx_HAL_Driver/Src/stm32f4xx_hal_i2s_ex.c ****     {
 427              		.loc 1 266 5 view .LVU133
 266:Drivers/STM32F4xx_HAL_Driver/Src/stm32f4xx_hal_i2s_ex.c ****     {
ARM GAS  /tmp/ccXjaJpZ.s 			page 30


 428              		.loc 1 266 14 is_stmt 0 view .LVU134
 429 00b0 2268     		ldr	r2, [r4]
 266:Drivers/STM32F4xx_HAL_Driver/Src/stm32f4xx_hal_i2s_ex.c ****     {
 430              		.loc 1 266 24 view .LVU135
 431 00b2 D369     		ldr	r3, [r2, #28]
 266:Drivers/STM32F4xx_HAL_Driver/Src/stm32f4xx_hal_i2s_ex.c ****     {
 432              		.loc 1 266 34 view .LVU136
 433 00b4 03F44073 		and	r3, r3, #768
 266:Drivers/STM32F4xx_HAL_Driver/Src/stm32f4xx_hal_i2s_ex.c ****     {
 434              		.loc 1 266 8 view .LVU137
 435 00b8 B3F5007F 		cmp	r3, #512
 436 00bc 18D1     		bne	.L50
 270:Drivers/STM32F4xx_HAL_Driver/Src/stm32f4xx_hal_i2s_ex.c ****     }
 437              		.loc 1 270 7 is_stmt 1 view .LVU138
 438              	.LBB2:
 270:Drivers/STM32F4xx_HAL_Driver/Src/stm32f4xx_hal_i2s_ex.c ****     }
 439              		.loc 1 270 7 view .LVU139
 440 00be 0023     		movs	r3, #0
 441 00c0 0293     		str	r3, [sp, #8]
 270:Drivers/STM32F4xx_HAL_Driver/Src/stm32f4xx_hal_i2s_ex.c ****     }
 442              		.loc 1 270 7 view .LVU140
 443 00c2 8B4B     		ldr	r3, .L98
 444 00c4 9A42     		cmp	r2, r3
 445 00c6 09D0     		beq	.L83
 270:Drivers/STM32F4xx_HAL_Driver/Src/stm32f4xx_hal_i2s_ex.c ****     }
 446              		.loc 1 270 7 is_stmt 0 discriminator 2 view .LVU141
 447 00c8 4FF04023 		mov	r3, #1073758208
 448              	.L43:
 270:Drivers/STM32F4xx_HAL_Driver/Src/stm32f4xx_hal_i2s_ex.c ****     }
 449              		.loc 1 270 7 discriminator 4 view .LVU142
 450 00cc DA68     		ldr	r2, [r3, #12]
 451 00ce 0292     		str	r2, [sp, #8]
 270:Drivers/STM32F4xx_HAL_Driver/Src/stm32f4xx_hal_i2s_ex.c ****     }
 452              		.loc 1 270 7 is_stmt 1 view .LVU143
 270:Drivers/STM32F4xx_HAL_Driver/Src/stm32f4xx_hal_i2s_ex.c ****     }
 453              		.loc 1 270 7 is_stmt 0 discriminator 8 view .LVU144
 454 00d0 9B68     		ldr	r3, [r3, #8]
 455 00d2 0293     		str	r3, [sp, #8]
 270:Drivers/STM32F4xx_HAL_Driver/Src/stm32f4xx_hal_i2s_ex.c ****     }
 456              		.loc 1 270 7 is_stmt 1 view .LVU145
 270:Drivers/STM32F4xx_HAL_Driver/Src/stm32f4xx_hal_i2s_ex.c ****     }
 457              		.loc 1 270 7 is_stmt 0 discriminator 8 view .LVU146
 458 00d4 029B     		ldr	r3, [sp, #8]
 459 00d6 0BE0     		b	.L50
 460              	.L82:
 270:Drivers/STM32F4xx_HAL_Driver/Src/stm32f4xx_hal_i2s_ex.c ****     }
 461              		.loc 1 270 7 discriminator 8 view .LVU147
 462              	.LBE2:
 260:Drivers/STM32F4xx_HAL_Driver/Src/stm32f4xx_hal_i2s_ex.c **** 
 463              		.loc 1 260 5 discriminator 1 view .LVU148
 464 00d8 864A     		ldr	r2, .L98+4
 465 00da E0E7     		b	.L41
 466              	.L83:
 467              	.LBB3:
 270:Drivers/STM32F4xx_HAL_Driver/Src/stm32f4xx_hal_i2s_ex.c ****     }
 468              		.loc 1 270 7 discriminator 1 view .LVU149
 469 00dc A3F58063 		sub	r3, r3, #1024
ARM GAS  /tmp/ccXjaJpZ.s 			page 31


 470 00e0 F4E7     		b	.L43
 471              	.L51:
 270:Drivers/STM32F4xx_HAL_Driver/Src/stm32f4xx_hal_i2s_ex.c ****     }
 472              		.loc 1 270 7 discriminator 1 view .LVU150
 473              	.LBE3:
 275:Drivers/STM32F4xx_HAL_Driver/Src/stm32f4xx_hal_i2s_ex.c ****       {
 474              		.loc 1 275 7 is_stmt 1 view .LVU151
 275:Drivers/STM32F4xx_HAL_Driver/Src/stm32f4xx_hal_i2s_ex.c ****       {
 475              		.loc 1 275 15 is_stmt 0 view .LVU152
 476 00e2 638D     		ldrh	r3, [r4, #42]
 477 00e4 9BB2     		uxth	r3, r3
 275:Drivers/STM32F4xx_HAL_Driver/Src/stm32f4xx_hal_i2s_ex.c ****       {
 478              		.loc 1 275 10 view .LVU153
 479 00e6 C3B9     		cbnz	r3, .L84
 480              	.L44:
 302:Drivers/STM32F4xx_HAL_Driver/Src/stm32f4xx_hal_i2s_ex.c ****       {
 481              		.loc 1 302 7 is_stmt 1 view .LVU154
 302:Drivers/STM32F4xx_HAL_Driver/Src/stm32f4xx_hal_i2s_ex.c ****       {
 482              		.loc 1 302 15 is_stmt 0 view .LVU155
 483 00e8 638E     		ldrh	r3, [r4, #50]
 484 00ea 9BB2     		uxth	r3, r3
 302:Drivers/STM32F4xx_HAL_Driver/Src/stm32f4xx_hal_i2s_ex.c ****       {
 485              		.loc 1 302 10 view .LVU156
 486 00ec 002B     		cmp	r3, #0
 487 00ee 43D1     		bne	.L85
 488              	.L50:
 273:Drivers/STM32F4xx_HAL_Driver/Src/stm32f4xx_hal_i2s_ex.c ****     {
 489              		.loc 1 273 37 is_stmt 1 view .LVU157
 273:Drivers/STM32F4xx_HAL_Driver/Src/stm32f4xx_hal_i2s_ex.c ****     {
 490              		.loc 1 273 17 is_stmt 0 view .LVU158
 491 00f0 638E     		ldrh	r3, [r4, #50]
 492 00f2 9BB2     		uxth	r3, r3
 273:Drivers/STM32F4xx_HAL_Driver/Src/stm32f4xx_hal_i2s_ex.c ****     {
 493              		.loc 1 273 37 view .LVU159
 494 00f4 002B     		cmp	r3, #0
 495 00f6 F4D1     		bne	.L51
 273:Drivers/STM32F4xx_HAL_Driver/Src/stm32f4xx_hal_i2s_ex.c ****     {
 496              		.loc 1 273 45 discriminator 1 view .LVU160
 497 00f8 638D     		ldrh	r3, [r4, #42]
 498 00fa 9BB2     		uxth	r3, r3
 273:Drivers/STM32F4xx_HAL_Driver/Src/stm32f4xx_hal_i2s_ex.c ****     {
 499              		.loc 1 273 37 discriminator 1 view .LVU161
 500 00fc 002B     		cmp	r3, #0
 501 00fe F0D1     		bne	.L51
 502              	.L52:
 411:Drivers/STM32F4xx_HAL_Driver/Src/stm32f4xx_hal_i2s_ex.c ****   __HAL_UNLOCK(hi2s);
 503              		.loc 1 411 3 is_stmt 1 view .LVU162
 411:Drivers/STM32F4xx_HAL_Driver/Src/stm32f4xx_hal_i2s_ex.c ****   __HAL_UNLOCK(hi2s);
 504              		.loc 1 411 15 is_stmt 0 view .LVU163
 505 0100 0123     		movs	r3, #1
 506 0102 84F84130 		strb	r3, [r4, #65]
 412:Drivers/STM32F4xx_HAL_Driver/Src/stm32f4xx_hal_i2s_ex.c **** 
 507              		.loc 1 412 3 is_stmt 1 view .LVU164
 412:Drivers/STM32F4xx_HAL_Driver/Src/stm32f4xx_hal_i2s_ex.c **** 
 508              		.loc 1 412 3 view .LVU165
 509 0106 0023     		movs	r3, #0
 510 0108 84F84030 		strb	r3, [r4, #64]
ARM GAS  /tmp/ccXjaJpZ.s 			page 32


 412:Drivers/STM32F4xx_HAL_Driver/Src/stm32f4xx_hal_i2s_ex.c **** 
 511              		.loc 1 412 3 view .LVU166
 414:Drivers/STM32F4xx_HAL_Driver/Src/stm32f4xx_hal_i2s_ex.c ****   {
 512              		.loc 1 414 3 view .LVU167
 414:Drivers/STM32F4xx_HAL_Driver/Src/stm32f4xx_hal_i2s_ex.c ****   {
 513              		.loc 1 414 11 is_stmt 0 view .LVU168
 514 010c 636C     		ldr	r3, [r4, #68]
 414:Drivers/STM32F4xx_HAL_Driver/Src/stm32f4xx_hal_i2s_ex.c ****   {
 515              		.loc 1 414 6 view .LVU169
 516 010e 002B     		cmp	r3, #0
 517 0110 40F02281 		bne	.L35
 420:Drivers/STM32F4xx_HAL_Driver/Src/stm32f4xx_hal_i2s_ex.c ****   }
 518              		.loc 1 420 12 view .LVU170
 519 0114 4FF00008 		mov	r8, #0
 520 0118 1EE1     		b	.L35
 521              	.L84:
 278:Drivers/STM32F4xx_HAL_Driver/Src/stm32f4xx_hal_i2s_ex.c ****         {
 522              		.loc 1 278 9 is_stmt 1 view .LVU171
 278:Drivers/STM32F4xx_HAL_Driver/Src/stm32f4xx_hal_i2s_ex.c ****         {
 523              		.loc 1 278 13 is_stmt 0 view .LVU172
 524 011a 0023     		movs	r3, #0
 525 011c 0093     		str	r3, [sp]
 526 011e 3B46     		mov	r3, r7
 527 0120 0122     		movs	r2, #1
 528 0122 0221     		movs	r1, #2
 529 0124 2046     		mov	r0, r4
 530 0126 FFF7FEFF 		bl	I2SEx_FullDuplexWaitFlagStateUntilTimeout
 531              	.LVL20:
 278:Drivers/STM32F4xx_HAL_Driver/Src/stm32f4xx_hal_i2s_ex.c ****         {
 532              		.loc 1 278 12 discriminator 1 view .LVU173
 533 012a D0B9     		cbnz	r0, .L86
 289:Drivers/STM32F4xx_HAL_Driver/Src/stm32f4xx_hal_i2s_ex.c ****         hi2s->TxXferCount--;
 534              		.loc 1 289 9 is_stmt 1 view .LVU174
 535              	.LVL21:
 289:Drivers/STM32F4xx_HAL_Driver/Src/stm32f4xx_hal_i2s_ex.c ****         hi2s->TxXferCount--;
 536              		.loc 1 289 13 is_stmt 0 view .LVU175
 537 012c 2368     		ldr	r3, [r4]
 289:Drivers/STM32F4xx_HAL_Driver/Src/stm32f4xx_hal_i2s_ex.c ****         hi2s->TxXferCount--;
 538              		.loc 1 289 31 view .LVU176
 539 012e 35F8022B 		ldrh	r2, [r5], #2
 540              	.LVL22:
 289:Drivers/STM32F4xx_HAL_Driver/Src/stm32f4xx_hal_i2s_ex.c ****         hi2s->TxXferCount--;
 541              		.loc 1 289 28 view .LVU177
 542 0132 DA60     		str	r2, [r3, #12]
 290:Drivers/STM32F4xx_HAL_Driver/Src/stm32f4xx_hal_i2s_ex.c **** 
 543              		.loc 1 290 9 is_stmt 1 view .LVU178
 290:Drivers/STM32F4xx_HAL_Driver/Src/stm32f4xx_hal_i2s_ex.c **** 
 544              		.loc 1 290 13 is_stmt 0 view .LVU179
 545 0134 638D     		ldrh	r3, [r4, #42]
 546 0136 9BB2     		uxth	r3, r3
 290:Drivers/STM32F4xx_HAL_Driver/Src/stm32f4xx_hal_i2s_ex.c **** 
 547              		.loc 1 290 26 view .LVU180
 548 0138 013B     		subs	r3, r3, #1
 549 013a 9BB2     		uxth	r3, r3
 550 013c 6385     		strh	r3, [r4, #42]	@ movhi
 293:Drivers/STM32F4xx_HAL_Driver/Src/stm32f4xx_hal_i2s_ex.c ****         {
 551              		.loc 1 293 9 is_stmt 1 view .LVU181
ARM GAS  /tmp/ccXjaJpZ.s 			page 33


 293:Drivers/STM32F4xx_HAL_Driver/Src/stm32f4xx_hal_i2s_ex.c ****         {
 552              		.loc 1 293 14 is_stmt 0 view .LVU182
 553 013e 2368     		ldr	r3, [r4]
 554 0140 9A68     		ldr	r2, [r3, #8]
 293:Drivers/STM32F4xx_HAL_Driver/Src/stm32f4xx_hal_i2s_ex.c ****         {
 555              		.loc 1 293 12 view .LVU183
 556 0142 12F0080F 		tst	r2, #8
 557 0146 CFD0     		beq	.L44
 293:Drivers/STM32F4xx_HAL_Driver/Src/stm32f4xx_hal_i2s_ex.c ****         {
 558              		.loc 1 293 61 discriminator 1 view .LVU184
 559 0148 B9F1000F 		cmp	r9, #0
 560 014c CCD1     		bne	.L44
 296:Drivers/STM32F4xx_HAL_Driver/Src/stm32f4xx_hal_i2s_ex.c **** 
 561              		.loc 1 296 11 is_stmt 1 view .LVU185
 562              	.LBB4:
 296:Drivers/STM32F4xx_HAL_Driver/Src/stm32f4xx_hal_i2s_ex.c **** 
 563              		.loc 1 296 11 view .LVU186
 564 014e 0022     		movs	r2, #0
 565 0150 0392     		str	r2, [sp, #12]
 296:Drivers/STM32F4xx_HAL_Driver/Src/stm32f4xx_hal_i2s_ex.c **** 
 566              		.loc 1 296 11 view .LVU187
 567 0152 9B68     		ldr	r3, [r3, #8]
 568 0154 0393     		str	r3, [sp, #12]
 296:Drivers/STM32F4xx_HAL_Driver/Src/stm32f4xx_hal_i2s_ex.c **** 
 569              		.loc 1 296 11 view .LVU188
 570 0156 039B     		ldr	r3, [sp, #12]
 571              	.LBE4:
 296:Drivers/STM32F4xx_HAL_Driver/Src/stm32f4xx_hal_i2s_ex.c **** 
 572              		.loc 1 296 11 view .LVU189
 299:Drivers/STM32F4xx_HAL_Driver/Src/stm32f4xx_hal_i2s_ex.c ****         }
 573              		.loc 1 299 11 view .LVU190
 574 0158 636C     		ldr	r3, [r4, #68]
 575 015a 43F00403 		orr	r3, r3, #4
 576 015e 6364     		str	r3, [r4, #68]
 577 0160 C2E7     		b	.L44
 578              	.L86:
 281:Drivers/STM32F4xx_HAL_Driver/Src/stm32f4xx_hal_i2s_ex.c ****           hi2s->State = HAL_I2S_STATE_READY;
 579              		.loc 1 281 11 view .LVU191
 580 0162 636C     		ldr	r3, [r4, #68]
 581 0164 43F00103 		orr	r3, r3, #1
 582 0168 6364     		str	r3, [r4, #68]
 282:Drivers/STM32F4xx_HAL_Driver/Src/stm32f4xx_hal_i2s_ex.c **** 
 583              		.loc 1 282 11 view .LVU192
 282:Drivers/STM32F4xx_HAL_Driver/Src/stm32f4xx_hal_i2s_ex.c **** 
 584              		.loc 1 282 23 is_stmt 0 view .LVU193
 585 016a 0123     		movs	r3, #1
 586 016c 84F84130 		strb	r3, [r4, #65]
 285:Drivers/STM32F4xx_HAL_Driver/Src/stm32f4xx_hal_i2s_ex.c ****           return HAL_ERROR;
 587              		.loc 1 285 11 is_stmt 1 view .LVU194
 285:Drivers/STM32F4xx_HAL_Driver/Src/stm32f4xx_hal_i2s_ex.c ****           return HAL_ERROR;
 588              		.loc 1 285 11 view .LVU195
 589 0170 0023     		movs	r3, #0
 590 0172 84F84030 		strb	r3, [r4, #64]
 285:Drivers/STM32F4xx_HAL_Driver/Src/stm32f4xx_hal_i2s_ex.c ****           return HAL_ERROR;
 591              		.loc 1 285 11 view .LVU196
 286:Drivers/STM32F4xx_HAL_Driver/Src/stm32f4xx_hal_i2s_ex.c ****         }
 592              		.loc 1 286 11 view .LVU197
ARM GAS  /tmp/ccXjaJpZ.s 			page 34


 286:Drivers/STM32F4xx_HAL_Driver/Src/stm32f4xx_hal_i2s_ex.c ****         }
 593              		.loc 1 286 18 is_stmt 0 view .LVU198
 594 0176 EFE0     		b	.L35
 595              	.L85:
 305:Drivers/STM32F4xx_HAL_Driver/Src/stm32f4xx_hal_i2s_ex.c ****         {
 596              		.loc 1 305 9 is_stmt 1 view .LVU199
 305:Drivers/STM32F4xx_HAL_Driver/Src/stm32f4xx_hal_i2s_ex.c ****         {
 597              		.loc 1 305 13 is_stmt 0 view .LVU200
 598 0178 0121     		movs	r1, #1
 599 017a 0091     		str	r1, [sp]
 600 017c 3B46     		mov	r3, r7
 601 017e 0A46     		mov	r2, r1
 602 0180 2046     		mov	r0, r4
 603 0182 FFF7FEFF 		bl	I2SEx_FullDuplexWaitFlagStateUntilTimeout
 604              	.LVL23:
 305:Drivers/STM32F4xx_HAL_Driver/Src/stm32f4xx_hal_i2s_ex.c ****         {
 605              		.loc 1 305 12 discriminator 1 view .LVU201
 606 0186 18BB     		cbnz	r0, .L87
 316:Drivers/STM32F4xx_HAL_Driver/Src/stm32f4xx_hal_i2s_ex.c ****         hi2s->RxXferCount--;
 607              		.loc 1 316 9 is_stmt 1 view .LVU202
 316:Drivers/STM32F4xx_HAL_Driver/Src/stm32f4xx_hal_i2s_ex.c ****         hi2s->RxXferCount--;
 608              		.loc 1 316 24 is_stmt 0 view .LVU203
 609 0188 2268     		ldr	r2, [r4]
 610 018a 594B     		ldr	r3, .L98
 611 018c 9A42     		cmp	r2, r3
 612 018e 2AD0     		beq	.L88
 316:Drivers/STM32F4xx_HAL_Driver/Src/stm32f4xx_hal_i2s_ex.c ****         hi2s->RxXferCount--;
 613              		.loc 1 316 24 discriminator 2 view .LVU204
 614 0190 4FF04023 		mov	r3, #1073758208
 615              	.L48:
 316:Drivers/STM32F4xx_HAL_Driver/Src/stm32f4xx_hal_i2s_ex.c ****         hi2s->RxXferCount--;
 616              		.loc 1 316 47 discriminator 4 view .LVU205
 617 0194 DB68     		ldr	r3, [r3, #12]
 618              	.LVL24:
 316:Drivers/STM32F4xx_HAL_Driver/Src/stm32f4xx_hal_i2s_ex.c ****         hi2s->RxXferCount--;
 619              		.loc 1 316 22 discriminator 4 view .LVU206
 620 0196 26F8023B 		strh	r3, [r6], #2	@ movhi
 621              	.LVL25:
 317:Drivers/STM32F4xx_HAL_Driver/Src/stm32f4xx_hal_i2s_ex.c **** 
 622              		.loc 1 317 9 is_stmt 1 view .LVU207
 317:Drivers/STM32F4xx_HAL_Driver/Src/stm32f4xx_hal_i2s_ex.c **** 
 623              		.loc 1 317 13 is_stmt 0 view .LVU208
 624 019a 638E     		ldrh	r3, [r4, #50]
 625 019c 9BB2     		uxth	r3, r3
 317:Drivers/STM32F4xx_HAL_Driver/Src/stm32f4xx_hal_i2s_ex.c **** 
 626              		.loc 1 317 26 view .LVU209
 627 019e 013B     		subs	r3, r3, #1
 628 01a0 9BB2     		uxth	r3, r3
 629 01a2 6386     		strh	r3, [r4, #50]	@ movhi
 320:Drivers/STM32F4xx_HAL_Driver/Src/stm32f4xx_hal_i2s_ex.c ****         {
 630              		.loc 1 320 9 is_stmt 1 view .LVU210
 320:Drivers/STM32F4xx_HAL_Driver/Src/stm32f4xx_hal_i2s_ex.c ****         {
 631              		.loc 1 320 13 is_stmt 0 view .LVU211
 632 01a4 2368     		ldr	r3, [r4]
 633 01a6 524A     		ldr	r2, .L98
 634 01a8 9342     		cmp	r3, r2
 635 01aa 1FD0     		beq	.L89
ARM GAS  /tmp/ccXjaJpZ.s 			page 35


 320:Drivers/STM32F4xx_HAL_Driver/Src/stm32f4xx_hal_i2s_ex.c ****         {
 636              		.loc 1 320 13 discriminator 2 view .LVU212
 637 01ac 4FF04022 		mov	r2, #1073758208
 638              	.L49:
 320:Drivers/STM32F4xx_HAL_Driver/Src/stm32f4xx_hal_i2s_ex.c ****         {
 639              		.loc 1 320 13 discriminator 4 view .LVU213
 640 01b0 9268     		ldr	r2, [r2, #8]
 320:Drivers/STM32F4xx_HAL_Driver/Src/stm32f4xx_hal_i2s_ex.c ****         {
 641              		.loc 1 320 12 discriminator 4 view .LVU214
 642 01b2 12F0400F 		tst	r2, #64
 643 01b6 9BD0     		beq	.L50
 323:Drivers/STM32F4xx_HAL_Driver/Src/stm32f4xx_hal_i2s_ex.c **** 
 644              		.loc 1 323 11 is_stmt 1 view .LVU215
 645              	.LBB5:
 323:Drivers/STM32F4xx_HAL_Driver/Src/stm32f4xx_hal_i2s_ex.c **** 
 646              		.loc 1 323 11 view .LVU216
 647 01b8 0022     		movs	r2, #0
 648 01ba 0492     		str	r2, [sp, #16]
 323:Drivers/STM32F4xx_HAL_Driver/Src/stm32f4xx_hal_i2s_ex.c **** 
 649              		.loc 1 323 11 view .LVU217
 650 01bc DA68     		ldr	r2, [r3, #12]
 651 01be 0492     		str	r2, [sp, #16]
 323:Drivers/STM32F4xx_HAL_Driver/Src/stm32f4xx_hal_i2s_ex.c **** 
 652              		.loc 1 323 11 view .LVU218
 653 01c0 9B68     		ldr	r3, [r3, #8]
 654 01c2 0493     		str	r3, [sp, #16]
 323:Drivers/STM32F4xx_HAL_Driver/Src/stm32f4xx_hal_i2s_ex.c **** 
 655              		.loc 1 323 11 view .LVU219
 656 01c4 049B     		ldr	r3, [sp, #16]
 657              	.LBE5:
 323:Drivers/STM32F4xx_HAL_Driver/Src/stm32f4xx_hal_i2s_ex.c **** 
 658              		.loc 1 323 11 view .LVU220
 326:Drivers/STM32F4xx_HAL_Driver/Src/stm32f4xx_hal_i2s_ex.c ****         }
 659              		.loc 1 326 11 view .LVU221
 660 01c6 636C     		ldr	r3, [r4, #68]
 661 01c8 43F00203 		orr	r3, r3, #2
 662 01cc 6364     		str	r3, [r4, #68]
 663 01ce 8FE7     		b	.L50
 664              	.L87:
 308:Drivers/STM32F4xx_HAL_Driver/Src/stm32f4xx_hal_i2s_ex.c ****           hi2s->State = HAL_I2S_STATE_READY;
 665              		.loc 1 308 11 view .LVU222
 666 01d0 636C     		ldr	r3, [r4, #68]
 667 01d2 43F00103 		orr	r3, r3, #1
 668 01d6 6364     		str	r3, [r4, #68]
 309:Drivers/STM32F4xx_HAL_Driver/Src/stm32f4xx_hal_i2s_ex.c **** 
 669              		.loc 1 309 11 view .LVU223
 309:Drivers/STM32F4xx_HAL_Driver/Src/stm32f4xx_hal_i2s_ex.c **** 
 670              		.loc 1 309 23 is_stmt 0 view .LVU224
 671 01d8 0123     		movs	r3, #1
 672 01da 84F84130 		strb	r3, [r4, #65]
 312:Drivers/STM32F4xx_HAL_Driver/Src/stm32f4xx_hal_i2s_ex.c ****           return HAL_ERROR;
 673              		.loc 1 312 11 is_stmt 1 view .LVU225
 312:Drivers/STM32F4xx_HAL_Driver/Src/stm32f4xx_hal_i2s_ex.c ****           return HAL_ERROR;
 674              		.loc 1 312 11 view .LVU226
 675 01de 0023     		movs	r3, #0
 676 01e0 84F84030 		strb	r3, [r4, #64]
 312:Drivers/STM32F4xx_HAL_Driver/Src/stm32f4xx_hal_i2s_ex.c ****           return HAL_ERROR;
ARM GAS  /tmp/ccXjaJpZ.s 			page 36


 677              		.loc 1 312 11 view .LVU227
 313:Drivers/STM32F4xx_HAL_Driver/Src/stm32f4xx_hal_i2s_ex.c ****         }
 678              		.loc 1 313 11 view .LVU228
 313:Drivers/STM32F4xx_HAL_Driver/Src/stm32f4xx_hal_i2s_ex.c ****         }
 679              		.loc 1 313 18 is_stmt 0 view .LVU229
 680 01e4 B8E0     		b	.L35
 681              	.L88:
 316:Drivers/STM32F4xx_HAL_Driver/Src/stm32f4xx_hal_i2s_ex.c ****         hi2s->RxXferCount--;
 682              		.loc 1 316 24 discriminator 1 view .LVU230
 683 01e6 A3F58063 		sub	r3, r3, #1024
 684 01ea D3E7     		b	.L48
 685              	.L89:
 320:Drivers/STM32F4xx_HAL_Driver/Src/stm32f4xx_hal_i2s_ex.c ****         {
 686              		.loc 1 320 13 discriminator 1 view .LVU231
 687 01ec A2F58062 		sub	r2, r2, #1024
 688 01f0 DEE7     		b	.L49
 689              	.LVL26:
 690              	.L40:
 335:Drivers/STM32F4xx_HAL_Driver/Src/stm32f4xx_hal_i2s_ex.c ****     hi2s->TxXferCount--;
 691              		.loc 1 335 5 is_stmt 1 view .LVU232
 335:Drivers/STM32F4xx_HAL_Driver/Src/stm32f4xx_hal_i2s_ex.c ****     hi2s->TxXferCount--;
 692              		.loc 1 335 44 is_stmt 0 view .LVU233
 693 01f2 0D46     		mov	r5, r1
 694              	.LVL27:
 335:Drivers/STM32F4xx_HAL_Driver/Src/stm32f4xx_hal_i2s_ex.c ****     hi2s->TxXferCount--;
 695              		.loc 1 335 36 view .LVU234
 696 01f4 35F8022B 		ldrh	r2, [r5], #2
 697              	.LVL28:
 335:Drivers/STM32F4xx_HAL_Driver/Src/stm32f4xx_hal_i2s_ex.c ****     hi2s->TxXferCount--;
 698              		.loc 1 335 5 view .LVU235
 699 01f8 3D4B     		ldr	r3, .L98
 700 01fa 9842     		cmp	r0, r3
 701 01fc 25D0     		beq	.L90
 335:Drivers/STM32F4xx_HAL_Driver/Src/stm32f4xx_hal_i2s_ex.c ****     hi2s->TxXferCount--;
 702              		.loc 1 335 5 discriminator 2 view .LVU236
 703 01fe 4FF04023 		mov	r3, #1073758208
 704              	.L53:
 335:Drivers/STM32F4xx_HAL_Driver/Src/stm32f4xx_hal_i2s_ex.c ****     hi2s->TxXferCount--;
 705              		.loc 1 335 33 discriminator 4 view .LVU237
 706 0202 DA60     		str	r2, [r3, #12]
 336:Drivers/STM32F4xx_HAL_Driver/Src/stm32f4xx_hal_i2s_ex.c **** 
 707              		.loc 1 336 5 is_stmt 1 view .LVU238
 336:Drivers/STM32F4xx_HAL_Driver/Src/stm32f4xx_hal_i2s_ex.c **** 
 708              		.loc 1 336 9 is_stmt 0 view .LVU239
 709 0204 638D     		ldrh	r3, [r4, #42]
 710 0206 9BB2     		uxth	r3, r3
 336:Drivers/STM32F4xx_HAL_Driver/Src/stm32f4xx_hal_i2s_ex.c **** 
 711              		.loc 1 336 22 view .LVU240
 712 0208 013B     		subs	r3, r3, #1
 713 020a 9BB2     		uxth	r3, r3
 714 020c 6385     		strh	r3, [r4, #42]	@ movhi
 339:Drivers/STM32F4xx_HAL_Driver/Src/stm32f4xx_hal_i2s_ex.c **** 
 715              		.loc 1 339 5 is_stmt 1 view .LVU241
 716 020e 2268     		ldr	r2, [r4]
 717 0210 374B     		ldr	r3, .L98
 718 0212 9A42     		cmp	r2, r3
 719 0214 1CD0     		beq	.L91
ARM GAS  /tmp/ccXjaJpZ.s 			page 37


 339:Drivers/STM32F4xx_HAL_Driver/Src/stm32f4xx_hal_i2s_ex.c **** 
 720              		.loc 1 339 5 is_stmt 0 discriminator 2 view .LVU242
 721 0216 4FF04022 		mov	r2, #1073758208
 722              	.L54:
 339:Drivers/STM32F4xx_HAL_Driver/Src/stm32f4xx_hal_i2s_ex.c **** 
 723              		.loc 1 339 5 discriminator 4 view .LVU243
 724 021a D369     		ldr	r3, [r2, #28]
 339:Drivers/STM32F4xx_HAL_Driver/Src/stm32f4xx_hal_i2s_ex.c **** 
 725              		.loc 1 339 5 discriminator 8 view .LVU244
 726 021c 43F48063 		orr	r3, r3, #1024
 727 0220 D361     		str	r3, [r2, #28]
 342:Drivers/STM32F4xx_HAL_Driver/Src/stm32f4xx_hal_i2s_ex.c **** 
 728              		.loc 1 342 5 is_stmt 1 view .LVU245
 729 0222 2268     		ldr	r2, [r4]
 730 0224 D369     		ldr	r3, [r2, #28]
 731 0226 43F48063 		orr	r3, r3, #1024
 732 022a D361     		str	r3, [r2, #28]
 345:Drivers/STM32F4xx_HAL_Driver/Src/stm32f4xx_hal_i2s_ex.c ****     {
 733              		.loc 1 345 5 view .LVU246
 345:Drivers/STM32F4xx_HAL_Driver/Src/stm32f4xx_hal_i2s_ex.c ****     {
 734              		.loc 1 345 14 is_stmt 0 view .LVU247
 735 022c 2268     		ldr	r2, [r4]
 345:Drivers/STM32F4xx_HAL_Driver/Src/stm32f4xx_hal_i2s_ex.c ****     {
 736              		.loc 1 345 24 view .LVU248
 737 022e D369     		ldr	r3, [r2, #28]
 345:Drivers/STM32F4xx_HAL_Driver/Src/stm32f4xx_hal_i2s_ex.c ****     {
 738              		.loc 1 345 34 view .LVU249
 739 0230 03F44073 		and	r3, r3, #768
 345:Drivers/STM32F4xx_HAL_Driver/Src/stm32f4xx_hal_i2s_ex.c ****     {
 740              		.loc 1 345 8 view .LVU250
 741 0234 B3F5407F 		cmp	r3, #768
 742 0238 13D1     		bne	.L62
 349:Drivers/STM32F4xx_HAL_Driver/Src/stm32f4xx_hal_i2s_ex.c ****     }
 743              		.loc 1 349 7 is_stmt 1 view .LVU251
 744              	.LBB6:
 349:Drivers/STM32F4xx_HAL_Driver/Src/stm32f4xx_hal_i2s_ex.c ****     }
 745              		.loc 1 349 7 view .LVU252
 746 023a 0023     		movs	r3, #0
 747 023c 0593     		str	r3, [sp, #20]
 349:Drivers/STM32F4xx_HAL_Driver/Src/stm32f4xx_hal_i2s_ex.c ****     }
 748              		.loc 1 349 7 view .LVU253
 749 023e D368     		ldr	r3, [r2, #12]
 750 0240 0593     		str	r3, [sp, #20]
 349:Drivers/STM32F4xx_HAL_Driver/Src/stm32f4xx_hal_i2s_ex.c ****     }
 751              		.loc 1 349 7 view .LVU254
 752 0242 9368     		ldr	r3, [r2, #8]
 753 0244 0593     		str	r3, [sp, #20]
 349:Drivers/STM32F4xx_HAL_Driver/Src/stm32f4xx_hal_i2s_ex.c ****     }
 754              		.loc 1 349 7 view .LVU255
 755 0246 059B     		ldr	r3, [sp, #20]
 756 0248 0BE0     		b	.L62
 757              	.L90:
 349:Drivers/STM32F4xx_HAL_Driver/Src/stm32f4xx_hal_i2s_ex.c ****     }
 758              		.loc 1 349 7 is_stmt 0 view .LVU256
 759              	.LBE6:
 335:Drivers/STM32F4xx_HAL_Driver/Src/stm32f4xx_hal_i2s_ex.c ****     hi2s->TxXferCount--;
 760              		.loc 1 335 5 discriminator 1 view .LVU257
ARM GAS  /tmp/ccXjaJpZ.s 			page 38


 761 024a A3F58063 		sub	r3, r3, #1024
 762 024e D8E7     		b	.L53
 763              	.L91:
 339:Drivers/STM32F4xx_HAL_Driver/Src/stm32f4xx_hal_i2s_ex.c **** 
 764              		.loc 1 339 5 discriminator 1 view .LVU258
 765 0250 284A     		ldr	r2, .L98+4
 766 0252 E2E7     		b	.L54
 767              	.L63:
 354:Drivers/STM32F4xx_HAL_Driver/Src/stm32f4xx_hal_i2s_ex.c ****       {
 768              		.loc 1 354 7 is_stmt 1 view .LVU259
 354:Drivers/STM32F4xx_HAL_Driver/Src/stm32f4xx_hal_i2s_ex.c ****       {
 769              		.loc 1 354 15 is_stmt 0 view .LVU260
 770 0254 638D     		ldrh	r3, [r4, #42]
 771 0256 9BB2     		uxth	r3, r3
 354:Drivers/STM32F4xx_HAL_Driver/Src/stm32f4xx_hal_i2s_ex.c ****       {
 772              		.loc 1 354 10 view .LVU261
 773 0258 63B9     		cbnz	r3, .L92
 774              	.L56:
 381:Drivers/STM32F4xx_HAL_Driver/Src/stm32f4xx_hal_i2s_ex.c ****       {
 775              		.loc 1 381 7 is_stmt 1 view .LVU262
 381:Drivers/STM32F4xx_HAL_Driver/Src/stm32f4xx_hal_i2s_ex.c ****       {
 776              		.loc 1 381 15 is_stmt 0 view .LVU263
 777 025a 638E     		ldrh	r3, [r4, #50]
 778 025c 9BB2     		uxth	r3, r3
 381:Drivers/STM32F4xx_HAL_Driver/Src/stm32f4xx_hal_i2s_ex.c ****       {
 779              		.loc 1 381 10 view .LVU264
 780 025e 002B     		cmp	r3, #0
 781 0260 4AD1     		bne	.L93
 782              	.L62:
 352:Drivers/STM32F4xx_HAL_Driver/Src/stm32f4xx_hal_i2s_ex.c ****     {
 783              		.loc 1 352 37 is_stmt 1 view .LVU265
 352:Drivers/STM32F4xx_HAL_Driver/Src/stm32f4xx_hal_i2s_ex.c ****     {
 784              		.loc 1 352 17 is_stmt 0 view .LVU266
 785 0262 638E     		ldrh	r3, [r4, #50]
 786 0264 9BB2     		uxth	r3, r3
 352:Drivers/STM32F4xx_HAL_Driver/Src/stm32f4xx_hal_i2s_ex.c ****     {
 787              		.loc 1 352 37 view .LVU267
 788 0266 002B     		cmp	r3, #0
 789 0268 F4D1     		bne	.L63
 352:Drivers/STM32F4xx_HAL_Driver/Src/stm32f4xx_hal_i2s_ex.c ****     {
 790              		.loc 1 352 45 discriminator 1 view .LVU268
 791 026a 638D     		ldrh	r3, [r4, #42]
 792 026c 9BB2     		uxth	r3, r3
 352:Drivers/STM32F4xx_HAL_Driver/Src/stm32f4xx_hal_i2s_ex.c ****     {
 793              		.loc 1 352 37 discriminator 1 view .LVU269
 794 026e 002B     		cmp	r3, #0
 795 0270 F0D1     		bne	.L63
 796 0272 45E7     		b	.L52
 797              	.L92:
 357:Drivers/STM32F4xx_HAL_Driver/Src/stm32f4xx_hal_i2s_ex.c ****         {
 798              		.loc 1 357 9 is_stmt 1 view .LVU270
 357:Drivers/STM32F4xx_HAL_Driver/Src/stm32f4xx_hal_i2s_ex.c ****         {
 799              		.loc 1 357 13 is_stmt 0 view .LVU271
 800 0274 0122     		movs	r2, #1
 801 0276 0092     		str	r2, [sp]
 802 0278 3B46     		mov	r3, r7
 803 027a 0221     		movs	r1, #2
ARM GAS  /tmp/ccXjaJpZ.s 			page 39


 804 027c 2046     		mov	r0, r4
 805 027e FFF7FEFF 		bl	I2SEx_FullDuplexWaitFlagStateUntilTimeout
 806              	.LVL29:
 357:Drivers/STM32F4xx_HAL_Driver/Src/stm32f4xx_hal_i2s_ex.c ****         {
 807              		.loc 1 357 12 discriminator 1 view .LVU272
 808 0282 20BB     		cbnz	r0, .L94
 368:Drivers/STM32F4xx_HAL_Driver/Src/stm32f4xx_hal_i2s_ex.c ****         hi2s->TxXferCount--;
 809              		.loc 1 368 9 is_stmt 1 view .LVU273
 810              	.LVL30:
 368:Drivers/STM32F4xx_HAL_Driver/Src/stm32f4xx_hal_i2s_ex.c ****         hi2s->TxXferCount--;
 811              		.loc 1 368 40 is_stmt 0 view .LVU274
 812 0284 35F8022B 		ldrh	r2, [r5], #2
 813              	.LVL31:
 368:Drivers/STM32F4xx_HAL_Driver/Src/stm32f4xx_hal_i2s_ex.c ****         hi2s->TxXferCount--;
 814              		.loc 1 368 9 view .LVU275
 815 0288 2168     		ldr	r1, [r4]
 816 028a 194B     		ldr	r3, .L98
 817 028c 9942     		cmp	r1, r3
 818 028e 29D0     		beq	.L95
 368:Drivers/STM32F4xx_HAL_Driver/Src/stm32f4xx_hal_i2s_ex.c ****         hi2s->TxXferCount--;
 819              		.loc 1 368 9 discriminator 2 view .LVU276
 820 0290 4FF04023 		mov	r3, #1073758208
 821              	.L58:
 368:Drivers/STM32F4xx_HAL_Driver/Src/stm32f4xx_hal_i2s_ex.c ****         hi2s->TxXferCount--;
 822              		.loc 1 368 37 discriminator 4 view .LVU277
 823 0294 DA60     		str	r2, [r3, #12]
 369:Drivers/STM32F4xx_HAL_Driver/Src/stm32f4xx_hal_i2s_ex.c **** 
 824              		.loc 1 369 9 is_stmt 1 view .LVU278
 369:Drivers/STM32F4xx_HAL_Driver/Src/stm32f4xx_hal_i2s_ex.c **** 
 825              		.loc 1 369 13 is_stmt 0 view .LVU279
 826 0296 638D     		ldrh	r3, [r4, #42]
 827 0298 9BB2     		uxth	r3, r3
 369:Drivers/STM32F4xx_HAL_Driver/Src/stm32f4xx_hal_i2s_ex.c **** 
 828              		.loc 1 369 26 view .LVU280
 829 029a 013B     		subs	r3, r3, #1
 830 029c 9BB2     		uxth	r3, r3
 831 029e 6385     		strh	r3, [r4, #42]	@ movhi
 372:Drivers/STM32F4xx_HAL_Driver/Src/stm32f4xx_hal_i2s_ex.c ****         {
 832              		.loc 1 372 9 is_stmt 1 view .LVU281
 372:Drivers/STM32F4xx_HAL_Driver/Src/stm32f4xx_hal_i2s_ex.c ****         {
 833              		.loc 1 372 14 is_stmt 0 view .LVU282
 834 02a0 2368     		ldr	r3, [r4]
 835 02a2 134A     		ldr	r2, .L98
 836 02a4 9342     		cmp	r3, r2
 837 02a6 20D0     		beq	.L96
 372:Drivers/STM32F4xx_HAL_Driver/Src/stm32f4xx_hal_i2s_ex.c ****         {
 838              		.loc 1 372 14 discriminator 2 view .LVU283
 839 02a8 4FF04022 		mov	r2, #1073758208
 840              	.L59:
 372:Drivers/STM32F4xx_HAL_Driver/Src/stm32f4xx_hal_i2s_ex.c ****         {
 841              		.loc 1 372 14 discriminator 4 view .LVU284
 842 02ac 9268     		ldr	r2, [r2, #8]
 372:Drivers/STM32F4xx_HAL_Driver/Src/stm32f4xx_hal_i2s_ex.c ****         {
 843              		.loc 1 372 12 discriminator 4 view .LVU285
 844 02ae 12F0080F 		tst	r2, #8
 845 02b2 D2D0     		beq	.L56
 372:Drivers/STM32F4xx_HAL_Driver/Src/stm32f4xx_hal_i2s_ex.c ****         {
ARM GAS  /tmp/ccXjaJpZ.s 			page 40


 846              		.loc 1 372 64 discriminator 5 view .LVU286
 847 02b4 B9F5807F 		cmp	r9, #256
 848 02b8 CFD1     		bne	.L56
 375:Drivers/STM32F4xx_HAL_Driver/Src/stm32f4xx_hal_i2s_ex.c **** 
 849              		.loc 1 375 11 is_stmt 1 view .LVU287
 850              	.LBB7:
 375:Drivers/STM32F4xx_HAL_Driver/Src/stm32f4xx_hal_i2s_ex.c **** 
 851              		.loc 1 375 11 view .LVU288
 852 02ba 0022     		movs	r2, #0
 853 02bc 0692     		str	r2, [sp, #24]
 375:Drivers/STM32F4xx_HAL_Driver/Src/stm32f4xx_hal_i2s_ex.c **** 
 854              		.loc 1 375 11 view .LVU289
 855 02be 9B68     		ldr	r3, [r3, #8]
 856 02c0 0693     		str	r3, [sp, #24]
 375:Drivers/STM32F4xx_HAL_Driver/Src/stm32f4xx_hal_i2s_ex.c **** 
 857              		.loc 1 375 11 view .LVU290
 858 02c2 069B     		ldr	r3, [sp, #24]
 859              	.LBE7:
 375:Drivers/STM32F4xx_HAL_Driver/Src/stm32f4xx_hal_i2s_ex.c **** 
 860              		.loc 1 375 11 view .LVU291
 378:Drivers/STM32F4xx_HAL_Driver/Src/stm32f4xx_hal_i2s_ex.c ****         }
 861              		.loc 1 378 11 view .LVU292
 862 02c4 636C     		ldr	r3, [r4, #68]
 863 02c6 43F00403 		orr	r3, r3, #4
 864 02ca 6364     		str	r3, [r4, #68]
 865 02cc C5E7     		b	.L56
 866              	.L94:
 360:Drivers/STM32F4xx_HAL_Driver/Src/stm32f4xx_hal_i2s_ex.c ****           hi2s->State = HAL_I2S_STATE_READY;
 867              		.loc 1 360 11 view .LVU293
 868 02ce 636C     		ldr	r3, [r4, #68]
 869 02d0 43F00103 		orr	r3, r3, #1
 870 02d4 6364     		str	r3, [r4, #68]
 361:Drivers/STM32F4xx_HAL_Driver/Src/stm32f4xx_hal_i2s_ex.c **** 
 871              		.loc 1 361 11 view .LVU294
 361:Drivers/STM32F4xx_HAL_Driver/Src/stm32f4xx_hal_i2s_ex.c **** 
 872              		.loc 1 361 23 is_stmt 0 view .LVU295
 873 02d6 0123     		movs	r3, #1
 874 02d8 84F84130 		strb	r3, [r4, #65]
 364:Drivers/STM32F4xx_HAL_Driver/Src/stm32f4xx_hal_i2s_ex.c ****           return HAL_ERROR;
 875              		.loc 1 364 11 is_stmt 1 view .LVU296
 364:Drivers/STM32F4xx_HAL_Driver/Src/stm32f4xx_hal_i2s_ex.c ****           return HAL_ERROR;
 876              		.loc 1 364 11 view .LVU297
 877 02dc 0023     		movs	r3, #0
 878 02de 84F84030 		strb	r3, [r4, #64]
 364:Drivers/STM32F4xx_HAL_Driver/Src/stm32f4xx_hal_i2s_ex.c ****           return HAL_ERROR;
 879              		.loc 1 364 11 view .LVU298
 365:Drivers/STM32F4xx_HAL_Driver/Src/stm32f4xx_hal_i2s_ex.c ****         }
 880              		.loc 1 365 11 view .LVU299
 365:Drivers/STM32F4xx_HAL_Driver/Src/stm32f4xx_hal_i2s_ex.c ****         }
 881              		.loc 1 365 18 is_stmt 0 view .LVU300
 882 02e2 39E0     		b	.L35
 883              	.L95:
 368:Drivers/STM32F4xx_HAL_Driver/Src/stm32f4xx_hal_i2s_ex.c ****         hi2s->TxXferCount--;
 884              		.loc 1 368 9 discriminator 1 view .LVU301
 885 02e4 A3F58063 		sub	r3, r3, #1024
 886 02e8 D4E7     		b	.L58
 887              	.L96:
ARM GAS  /tmp/ccXjaJpZ.s 			page 41


 372:Drivers/STM32F4xx_HAL_Driver/Src/stm32f4xx_hal_i2s_ex.c ****         {
 888              		.loc 1 372 14 discriminator 1 view .LVU302
 889 02ea A2F58062 		sub	r2, r2, #1024
 890 02ee DDE7     		b	.L59
 891              	.L99:
 892              		.align	2
 893              	.L98:
 894 02f0 00380040 		.word	1073756160
 895 02f4 00340040 		.word	1073755136
 896              	.L93:
 384:Drivers/STM32F4xx_HAL_Driver/Src/stm32f4xx_hal_i2s_ex.c ****         {
 897              		.loc 1 384 9 is_stmt 1 view .LVU303
 384:Drivers/STM32F4xx_HAL_Driver/Src/stm32f4xx_hal_i2s_ex.c ****         {
 898              		.loc 1 384 13 is_stmt 0 view .LVU304
 899 02f8 0023     		movs	r3, #0
 900 02fa 0093     		str	r3, [sp]
 901 02fc 3B46     		mov	r3, r7
 902 02fe 0122     		movs	r2, #1
 903 0300 1146     		mov	r1, r2
 904 0302 2046     		mov	r0, r4
 905 0304 FFF7FEFF 		bl	I2SEx_FullDuplexWaitFlagStateUntilTimeout
 906              	.LVL32:
 384:Drivers/STM32F4xx_HAL_Driver/Src/stm32f4xx_hal_i2s_ex.c ****         {
 907              		.loc 1 384 12 discriminator 1 view .LVU305
 908 0308 C8B9     		cbnz	r0, .L97
 395:Drivers/STM32F4xx_HAL_Driver/Src/stm32f4xx_hal_i2s_ex.c ****         hi2s->RxXferCount--;
 909              		.loc 1 395 9 is_stmt 1 view .LVU306
 395:Drivers/STM32F4xx_HAL_Driver/Src/stm32f4xx_hal_i2s_ex.c ****         hi2s->RxXferCount--;
 910              		.loc 1 395 28 is_stmt 0 view .LVU307
 911 030a 2368     		ldr	r3, [r4]
 395:Drivers/STM32F4xx_HAL_Driver/Src/stm32f4xx_hal_i2s_ex.c ****         hi2s->RxXferCount--;
 912              		.loc 1 395 38 view .LVU308
 913 030c DB68     		ldr	r3, [r3, #12]
 914              	.LVL33:
 395:Drivers/STM32F4xx_HAL_Driver/Src/stm32f4xx_hal_i2s_ex.c ****         hi2s->RxXferCount--;
 915              		.loc 1 395 22 view .LVU309
 916 030e 26F8023B 		strh	r3, [r6], #2	@ movhi
 917              	.LVL34:
 396:Drivers/STM32F4xx_HAL_Driver/Src/stm32f4xx_hal_i2s_ex.c **** 
 918              		.loc 1 396 9 is_stmt 1 view .LVU310
 396:Drivers/STM32F4xx_HAL_Driver/Src/stm32f4xx_hal_i2s_ex.c **** 
 919              		.loc 1 396 13 is_stmt 0 view .LVU311
 920 0312 638E     		ldrh	r3, [r4, #50]
 921 0314 9BB2     		uxth	r3, r3
 396:Drivers/STM32F4xx_HAL_Driver/Src/stm32f4xx_hal_i2s_ex.c **** 
 922              		.loc 1 396 26 view .LVU312
 923 0316 013B     		subs	r3, r3, #1
 924 0318 9BB2     		uxth	r3, r3
 925 031a 6386     		strh	r3, [r4, #50]	@ movhi
 399:Drivers/STM32F4xx_HAL_Driver/Src/stm32f4xx_hal_i2s_ex.c ****         {
 926              		.loc 1 399 9 is_stmt 1 view .LVU313
 399:Drivers/STM32F4xx_HAL_Driver/Src/stm32f4xx_hal_i2s_ex.c ****         {
 927              		.loc 1 399 13 is_stmt 0 view .LVU314
 928 031c 2368     		ldr	r3, [r4]
 929 031e 9A68     		ldr	r2, [r3, #8]
 399:Drivers/STM32F4xx_HAL_Driver/Src/stm32f4xx_hal_i2s_ex.c ****         {
 930              		.loc 1 399 12 view .LVU315
ARM GAS  /tmp/ccXjaJpZ.s 			page 42


 931 0320 12F0400F 		tst	r2, #64
 932 0324 9DD0     		beq	.L62
 402:Drivers/STM32F4xx_HAL_Driver/Src/stm32f4xx_hal_i2s_ex.c **** 
 933              		.loc 1 402 11 is_stmt 1 view .LVU316
 934              	.LBB8:
 402:Drivers/STM32F4xx_HAL_Driver/Src/stm32f4xx_hal_i2s_ex.c **** 
 935              		.loc 1 402 11 view .LVU317
 936 0326 0022     		movs	r2, #0
 937 0328 0792     		str	r2, [sp, #28]
 402:Drivers/STM32F4xx_HAL_Driver/Src/stm32f4xx_hal_i2s_ex.c **** 
 938              		.loc 1 402 11 view .LVU318
 939 032a DA68     		ldr	r2, [r3, #12]
 940 032c 0792     		str	r2, [sp, #28]
 402:Drivers/STM32F4xx_HAL_Driver/Src/stm32f4xx_hal_i2s_ex.c **** 
 941              		.loc 1 402 11 view .LVU319
 942 032e 9B68     		ldr	r3, [r3, #8]
 943 0330 0793     		str	r3, [sp, #28]
 402:Drivers/STM32F4xx_HAL_Driver/Src/stm32f4xx_hal_i2s_ex.c **** 
 944              		.loc 1 402 11 view .LVU320
 945 0332 079B     		ldr	r3, [sp, #28]
 946              	.LBE8:
 402:Drivers/STM32F4xx_HAL_Driver/Src/stm32f4xx_hal_i2s_ex.c **** 
 947              		.loc 1 402 11 view .LVU321
 405:Drivers/STM32F4xx_HAL_Driver/Src/stm32f4xx_hal_i2s_ex.c ****         }
 948              		.loc 1 405 11 view .LVU322
 949 0334 636C     		ldr	r3, [r4, #68]
 950 0336 43F00203 		orr	r3, r3, #2
 951 033a 6364     		str	r3, [r4, #68]
 952 033c 91E7     		b	.L62
 953              	.L97:
 387:Drivers/STM32F4xx_HAL_Driver/Src/stm32f4xx_hal_i2s_ex.c ****           hi2s->State = HAL_I2S_STATE_READY;
 954              		.loc 1 387 11 view .LVU323
 955 033e 636C     		ldr	r3, [r4, #68]
 956 0340 43F00103 		orr	r3, r3, #1
 957 0344 6364     		str	r3, [r4, #68]
 388:Drivers/STM32F4xx_HAL_Driver/Src/stm32f4xx_hal_i2s_ex.c **** 
 958              		.loc 1 388 11 view .LVU324
 388:Drivers/STM32F4xx_HAL_Driver/Src/stm32f4xx_hal_i2s_ex.c **** 
 959              		.loc 1 388 23 is_stmt 0 view .LVU325
 960 0346 0123     		movs	r3, #1
 961 0348 84F84130 		strb	r3, [r4, #65]
 391:Drivers/STM32F4xx_HAL_Driver/Src/stm32f4xx_hal_i2s_ex.c ****           return HAL_ERROR;
 962              		.loc 1 391 11 is_stmt 1 view .LVU326
 391:Drivers/STM32F4xx_HAL_Driver/Src/stm32f4xx_hal_i2s_ex.c ****           return HAL_ERROR;
 963              		.loc 1 391 11 view .LVU327
 964 034c 0023     		movs	r3, #0
 965 034e 84F84030 		strb	r3, [r4, #64]
 391:Drivers/STM32F4xx_HAL_Driver/Src/stm32f4xx_hal_i2s_ex.c ****           return HAL_ERROR;
 966              		.loc 1 391 11 view .LVU328
 392:Drivers/STM32F4xx_HAL_Driver/Src/stm32f4xx_hal_i2s_ex.c ****         }
 967              		.loc 1 392 11 view .LVU329
 392:Drivers/STM32F4xx_HAL_Driver/Src/stm32f4xx_hal_i2s_ex.c ****         }
 968              		.loc 1 392 18 is_stmt 0 view .LVU330
 969 0352 01E0     		b	.L35
 970              	.LVL35:
 971              	.L64:
 216:Drivers/STM32F4xx_HAL_Driver/Src/stm32f4xx_hal_i2s_ex.c ****   }
ARM GAS  /tmp/ccXjaJpZ.s 			page 43


 972              		.loc 1 216 12 view .LVU331
 973 0354 4FF00208 		mov	r8, #2
 974              	.LVL36:
 975              	.L35:
 422:Drivers/STM32F4xx_HAL_Driver/Src/stm32f4xx_hal_i2s_ex.c **** 
 976              		.loc 1 422 1 view .LVU332
 977 0358 4046     		mov	r0, r8
 978 035a 09B0     		add	sp, sp, #36
 979              	.LCFI4:
 980              		.cfi_remember_state
 981              		.cfi_def_cfa_offset 28
 982              		@ sp needed
 983 035c BDE8F083 		pop	{r4, r5, r6, r7, r8, r9, pc}
 984              	.LVL37:
 985              	.L65:
 986              	.LCFI5:
 987              		.cfi_restore_state
 225:Drivers/STM32F4xx_HAL_Driver/Src/stm32f4xx_hal_i2s_ex.c **** 
 988              		.loc 1 225 3 discriminator 1 view .LVU333
 989 0360 4FF00208 		mov	r8, #2
 990 0364 F8E7     		b	.L35
 991              		.cfi_endproc
 992              	.LFE239:
 994 0366 00BF     		.section	.text.HAL_I2SEx_TransmitReceive_IT,"ax",%progbits
 995              		.align	1
 996              		.global	HAL_I2SEx_TransmitReceive_IT
 997              		.syntax unified
 998              		.thumb
 999              		.thumb_func
 1001              	HAL_I2SEx_TransmitReceive_IT:
 1002              	.LVL38:
 1003              	.LFB240:
 443:Drivers/STM32F4xx_HAL_Driver/Src/stm32f4xx_hal_i2s_ex.c ****   uint32_t tmp1 = 0U;
 1004              		.loc 1 443 1 is_stmt 1 view -0
 1005              		.cfi_startproc
 1006              		@ args = 0, pretend = 0, frame = 0
 1007              		@ frame_needed = 0, uses_anonymous_args = 0
 443:Drivers/STM32F4xx_HAL_Driver/Src/stm32f4xx_hal_i2s_ex.c ****   uint32_t tmp1 = 0U;
 1008              		.loc 1 443 1 is_stmt 0 view .LVU335
 1009 0000 00B5     		push	{lr}
 1010              	.LCFI6:
 1011              		.cfi_def_cfa_offset 4
 1012              		.cfi_offset 14, -4
 444:Drivers/STM32F4xx_HAL_Driver/Src/stm32f4xx_hal_i2s_ex.c **** 
 1013              		.loc 1 444 3 is_stmt 1 view .LVU336
 1014              	.LVL39:
 446:Drivers/STM32F4xx_HAL_Driver/Src/stm32f4xx_hal_i2s_ex.c ****   {
 1015              		.loc 1 446 3 view .LVU337
 446:Drivers/STM32F4xx_HAL_Driver/Src/stm32f4xx_hal_i2s_ex.c ****   {
 1016              		.loc 1 446 11 is_stmt 0 view .LVU338
 1017 0002 90F841E0 		ldrb	lr, [r0, #65]	@ zero_extendqisi2
 446:Drivers/STM32F4xx_HAL_Driver/Src/stm32f4xx_hal_i2s_ex.c ****   {
 1018              		.loc 1 446 6 view .LVU339
 1019 0006 BEF1010F 		cmp	lr, #1
 1020 000a 40F0C080 		bne	.L113
 1021 000e 8446     		mov	ip, r0
 1022 0010 5FFA8EF0 		uxtb	r0, lr
ARM GAS  /tmp/ccXjaJpZ.s 			page 44


 1023              	.LVL40:
 451:Drivers/STM32F4xx_HAL_Driver/Src/stm32f4xx_hal_i2s_ex.c ****   {
 1024              		.loc 1 451 3 is_stmt 1 view .LVU340
 451:Drivers/STM32F4xx_HAL_Driver/Src/stm32f4xx_hal_i2s_ex.c ****   {
 1025              		.loc 1 451 6 is_stmt 0 view .LVU341
 1026 0014 0029     		cmp	r1, #0
 1027 0016 00F0BB80 		beq	.L101
 451:Drivers/STM32F4xx_HAL_Driver/Src/stm32f4xx_hal_i2s_ex.c ****   {
 1028              		.loc 1 451 25 discriminator 1 view .LVU342
 1029 001a 002A     		cmp	r2, #0
 1030 001c 00F0B880 		beq	.L101
 451:Drivers/STM32F4xx_HAL_Driver/Src/stm32f4xx_hal_i2s_ex.c ****   {
 1031              		.loc 1 451 46 discriminator 2 view .LVU343
 1032 0020 002B     		cmp	r3, #0
 1033 0022 00F0B580 		beq	.L101
 457:Drivers/STM32F4xx_HAL_Driver/Src/stm32f4xx_hal_i2s_ex.c **** 
 1034              		.loc 1 457 3 is_stmt 1 view .LVU344
 457:Drivers/STM32F4xx_HAL_Driver/Src/stm32f4xx_hal_i2s_ex.c **** 
 1035              		.loc 1 457 3 view .LVU345
 1036 0026 9CF84000 		ldrb	r0, [ip, #64]	@ zero_extendqisi2
 1037 002a 0128     		cmp	r0, #1
 1038 002c 00F0B180 		beq	.L114
 457:Drivers/STM32F4xx_HAL_Driver/Src/stm32f4xx_hal_i2s_ex.c **** 
 1039              		.loc 1 457 3 discriminator 2 view .LVU346
 1040 0030 0120     		movs	r0, #1
 1041 0032 8CF84000 		strb	r0, [ip, #64]
 457:Drivers/STM32F4xx_HAL_Driver/Src/stm32f4xx_hal_i2s_ex.c **** 
 1042              		.loc 1 457 3 view .LVU347
 459:Drivers/STM32F4xx_HAL_Driver/Src/stm32f4xx_hal_i2s_ex.c ****   hi2s->pRxBuffPtr = pRxData;
 1043              		.loc 1 459 3 view .LVU348
 459:Drivers/STM32F4xx_HAL_Driver/Src/stm32f4xx_hal_i2s_ex.c ****   hi2s->pRxBuffPtr = pRxData;
 1044              		.loc 1 459 20 is_stmt 0 view .LVU349
 1045 0036 CCF82410 		str	r1, [ip, #36]
 460:Drivers/STM32F4xx_HAL_Driver/Src/stm32f4xx_hal_i2s_ex.c **** 
 1046              		.loc 1 460 3 is_stmt 1 view .LVU350
 460:Drivers/STM32F4xx_HAL_Driver/Src/stm32f4xx_hal_i2s_ex.c **** 
 1047              		.loc 1 460 20 is_stmt 0 view .LVU351
 1048 003a CCF82C20 		str	r2, [ip, #44]
 462:Drivers/STM32F4xx_HAL_Driver/Src/stm32f4xx_hal_i2s_ex.c ****   /* Check the Data format: When a 16-bit data frame or a 16-bit data frame extended
 1049              		.loc 1 462 3 is_stmt 1 view .LVU352
 462:Drivers/STM32F4xx_HAL_Driver/Src/stm32f4xx_hal_i2s_ex.c ****   /* Check the Data format: When a 16-bit data frame or a 16-bit data frame extended
 1050              		.loc 1 462 14 is_stmt 0 view .LVU353
 1051 003e DCF80010 		ldr	r1, [ip]
 1052              	.LVL41:
 462:Drivers/STM32F4xx_HAL_Driver/Src/stm32f4xx_hal_i2s_ex.c ****   /* Check the Data format: When a 16-bit data frame or a 16-bit data frame extended
 1053              		.loc 1 462 24 view .LVU354
 1054 0042 CA69     		ldr	r2, [r1, #28]
 1055              	.LVL42:
 462:Drivers/STM32F4xx_HAL_Driver/Src/stm32f4xx_hal_i2s_ex.c ****   /* Check the Data format: When a 16-bit data frame or a 16-bit data frame extended
 1056              		.loc 1 462 8 view .LVU355
 1057 0044 02F00702 		and	r2, r2, #7
 1058              	.LVL43:
 467:Drivers/STM32F4xx_HAL_Driver/Src/stm32f4xx_hal_i2s_ex.c ****   {
 1059              		.loc 1 467 3 is_stmt 1 view .LVU356
 467:Drivers/STM32F4xx_HAL_Driver/Src/stm32f4xx_hal_i2s_ex.c ****   {
 1060              		.loc 1 467 6 is_stmt 0 view .LVU357
 1061 0048 032A     		cmp	r2, #3
ARM GAS  /tmp/ccXjaJpZ.s 			page 45


 1062 004a 0AD0     		beq	.L102
 467:Drivers/STM32F4xx_HAL_Driver/Src/stm32f4xx_hal_i2s_ex.c ****   {
 1063              		.loc 1 467 36 discriminator 1 view .LVU358
 1064 004c 052A     		cmp	r2, #5
 1065 004e 08D0     		beq	.L102
 476:Drivers/STM32F4xx_HAL_Driver/Src/stm32f4xx_hal_i2s_ex.c ****     hi2s->TxXferCount = Size;
 1066              		.loc 1 476 5 is_stmt 1 view .LVU359
 476:Drivers/STM32F4xx_HAL_Driver/Src/stm32f4xx_hal_i2s_ex.c ****     hi2s->TxXferCount = Size;
 1067              		.loc 1 476 23 is_stmt 0 view .LVU360
 1068 0050 ACF82830 		strh	r3, [ip, #40]	@ movhi
 477:Drivers/STM32F4xx_HAL_Driver/Src/stm32f4xx_hal_i2s_ex.c ****     hi2s->RxXferSize  = Size;
 1069              		.loc 1 477 5 is_stmt 1 view .LVU361
 477:Drivers/STM32F4xx_HAL_Driver/Src/stm32f4xx_hal_i2s_ex.c ****     hi2s->RxXferSize  = Size;
 1070              		.loc 1 477 23 is_stmt 0 view .LVU362
 1071 0054 ACF82A30 		strh	r3, [ip, #42]	@ movhi
 478:Drivers/STM32F4xx_HAL_Driver/Src/stm32f4xx_hal_i2s_ex.c ****     hi2s->RxXferCount = Size;
 1072              		.loc 1 478 5 is_stmt 1 view .LVU363
 478:Drivers/STM32F4xx_HAL_Driver/Src/stm32f4xx_hal_i2s_ex.c ****     hi2s->RxXferCount = Size;
 1073              		.loc 1 478 23 is_stmt 0 view .LVU364
 1074 0058 ACF83030 		strh	r3, [ip, #48]	@ movhi
 479:Drivers/STM32F4xx_HAL_Driver/Src/stm32f4xx_hal_i2s_ex.c ****   }
 1075              		.loc 1 479 5 is_stmt 1 view .LVU365
 479:Drivers/STM32F4xx_HAL_Driver/Src/stm32f4xx_hal_i2s_ex.c ****   }
 1076              		.loc 1 479 23 is_stmt 0 view .LVU366
 1077 005c ACF83230 		strh	r3, [ip, #50]	@ movhi
 1078 0060 09E0     		b	.L104
 1079              	.L102:
 469:Drivers/STM32F4xx_HAL_Driver/Src/stm32f4xx_hal_i2s_ex.c ****     hi2s->TxXferCount = (Size << 1U);
 1080              		.loc 1 469 5 is_stmt 1 view .LVU367
 469:Drivers/STM32F4xx_HAL_Driver/Src/stm32f4xx_hal_i2s_ex.c ****     hi2s->TxXferCount = (Size << 1U);
 1081              		.loc 1 469 31 is_stmt 0 view .LVU368
 1082 0062 5B00     		lsls	r3, r3, #1
 1083              	.LVL44:
 469:Drivers/STM32F4xx_HAL_Driver/Src/stm32f4xx_hal_i2s_ex.c ****     hi2s->TxXferCount = (Size << 1U);
 1084              		.loc 1 469 31 view .LVU369
 1085 0064 9BB2     		uxth	r3, r3
 469:Drivers/STM32F4xx_HAL_Driver/Src/stm32f4xx_hal_i2s_ex.c ****     hi2s->TxXferCount = (Size << 1U);
 1086              		.loc 1 469 23 view .LVU370
 1087 0066 ACF82830 		strh	r3, [ip, #40]	@ movhi
 470:Drivers/STM32F4xx_HAL_Driver/Src/stm32f4xx_hal_i2s_ex.c ****     hi2s->RxXferSize  = (Size << 1U);
 1088              		.loc 1 470 5 is_stmt 1 view .LVU371
 470:Drivers/STM32F4xx_HAL_Driver/Src/stm32f4xx_hal_i2s_ex.c ****     hi2s->RxXferSize  = (Size << 1U);
 1089              		.loc 1 470 23 is_stmt 0 view .LVU372
 1090 006a ACF82A30 		strh	r3, [ip, #42]	@ movhi
 471:Drivers/STM32F4xx_HAL_Driver/Src/stm32f4xx_hal_i2s_ex.c ****     hi2s->RxXferCount = (Size << 1U);
 1091              		.loc 1 471 5 is_stmt 1 view .LVU373
 471:Drivers/STM32F4xx_HAL_Driver/Src/stm32f4xx_hal_i2s_ex.c ****     hi2s->RxXferCount = (Size << 1U);
 1092              		.loc 1 471 23 is_stmt 0 view .LVU374
 1093 006e ACF83030 		strh	r3, [ip, #48]	@ movhi
 472:Drivers/STM32F4xx_HAL_Driver/Src/stm32f4xx_hal_i2s_ex.c ****   }
 1094              		.loc 1 472 5 is_stmt 1 view .LVU375
 472:Drivers/STM32F4xx_HAL_Driver/Src/stm32f4xx_hal_i2s_ex.c ****   }
 1095              		.loc 1 472 23 is_stmt 0 view .LVU376
 1096 0072 ACF83230 		strh	r3, [ip, #50]	@ movhi
 1097              	.L104:
 482:Drivers/STM32F4xx_HAL_Driver/Src/stm32f4xx_hal_i2s_ex.c ****   hi2s->State     = HAL_I2S_STATE_BUSY_TX_RX;
 1098              		.loc 1 482 3 is_stmt 1 view .LVU377
ARM GAS  /tmp/ccXjaJpZ.s 			page 46


 482:Drivers/STM32F4xx_HAL_Driver/Src/stm32f4xx_hal_i2s_ex.c ****   hi2s->State     = HAL_I2S_STATE_BUSY_TX_RX;
 1099              		.loc 1 482 19 is_stmt 0 view .LVU378
 1100 0076 0023     		movs	r3, #0
 1101 0078 CCF84430 		str	r3, [ip, #68]
 483:Drivers/STM32F4xx_HAL_Driver/Src/stm32f4xx_hal_i2s_ex.c **** 
 1102              		.loc 1 483 3 is_stmt 1 view .LVU379
 483:Drivers/STM32F4xx_HAL_Driver/Src/stm32f4xx_hal_i2s_ex.c **** 
 1103              		.loc 1 483 19 is_stmt 0 view .LVU380
 1104 007c 0523     		movs	r3, #5
 1105 007e 8CF84130 		strb	r3, [ip, #65]
 486:Drivers/STM32F4xx_HAL_Driver/Src/stm32f4xx_hal_i2s_ex.c ****   {
 1106              		.loc 1 486 3 is_stmt 1 view .LVU381
 486:Drivers/STM32F4xx_HAL_Driver/Src/stm32f4xx_hal_i2s_ex.c ****   {
 1107              		.loc 1 486 18 is_stmt 0 view .LVU382
 1108 0082 DCF80430 		ldr	r3, [ip, #4]
 486:Drivers/STM32F4xx_HAL_Driver/Src/stm32f4xx_hal_i2s_ex.c ****   {
 1109              		.loc 1 486 6 view .LVU383
 1110 0086 B3F5007F 		cmp	r3, #512
 1111 008a 01D0     		beq	.L105
 486:Drivers/STM32F4xx_HAL_Driver/Src/stm32f4xx_hal_i2s_ex.c ****   {
 1112              		.loc 1 486 47 discriminator 1 view .LVU384
 1113 008c 002B     		cmp	r3, #0
 1114 008e 40D1     		bne	.L106
 1115              	.L105:
 489:Drivers/STM32F4xx_HAL_Driver/Src/stm32f4xx_hal_i2s_ex.c **** 
 1116              		.loc 1 489 5 is_stmt 1 view .LVU385
 1117 0090 414B     		ldr	r3, .L126
 1118 0092 9942     		cmp	r1, r3
 1119 0094 3BD0     		beq	.L121
 489:Drivers/STM32F4xx_HAL_Driver/Src/stm32f4xx_hal_i2s_ex.c **** 
 1120              		.loc 1 489 5 is_stmt 0 discriminator 2 view .LVU386
 1121 0096 4FF04022 		mov	r2, #1073758208
 1122              	.LVL45:
 1123              	.L107:
 489:Drivers/STM32F4xx_HAL_Driver/Src/stm32f4xx_hal_i2s_ex.c **** 
 1124              		.loc 1 489 5 discriminator 4 view .LVU387
 1125 009a 5368     		ldr	r3, [r2, #4]
 489:Drivers/STM32F4xx_HAL_Driver/Src/stm32f4xx_hal_i2s_ex.c **** 
 1126              		.loc 1 489 5 discriminator 8 view .LVU388
 1127 009c 43F06003 		orr	r3, r3, #96
 1128 00a0 5360     		str	r3, [r2, #4]
 1129              	.LVL46:
 492:Drivers/STM32F4xx_HAL_Driver/Src/stm32f4xx_hal_i2s_ex.c **** 
 1130              		.loc 1 492 5 is_stmt 1 view .LVU389
 1131 00a2 DCF80020 		ldr	r2, [ip]
 1132 00a6 5368     		ldr	r3, [r2, #4]
 1133 00a8 43F0A003 		orr	r3, r3, #160
 1134 00ac 5360     		str	r3, [r2, #4]
 495:Drivers/STM32F4xx_HAL_Driver/Src/stm32f4xx_hal_i2s_ex.c ****     hi2s->TxXferCount--;
 1135              		.loc 1 495 5 view .LVU390
 495:Drivers/STM32F4xx_HAL_Driver/Src/stm32f4xx_hal_i2s_ex.c ****     hi2s->TxXferCount--;
 1136              		.loc 1 495 32 is_stmt 0 view .LVU391
 1137 00ae DCF82430 		ldr	r3, [ip, #36]
 495:Drivers/STM32F4xx_HAL_Driver/Src/stm32f4xx_hal_i2s_ex.c ****     hi2s->TxXferCount--;
 1138              		.loc 1 495 44 view .LVU392
 1139 00b2 9A1C     		adds	r2, r3, #2
 1140 00b4 CCF82420 		str	r2, [ip, #36]
ARM GAS  /tmp/ccXjaJpZ.s 			page 47


 495:Drivers/STM32F4xx_HAL_Driver/Src/stm32f4xx_hal_i2s_ex.c ****     hi2s->TxXferCount--;
 1141              		.loc 1 495 9 view .LVU393
 1142 00b8 DCF80020 		ldr	r2, [ip]
 495:Drivers/STM32F4xx_HAL_Driver/Src/stm32f4xx_hal_i2s_ex.c ****     hi2s->TxXferCount--;
 1143              		.loc 1 495 27 view .LVU394
 1144 00bc 1B88     		ldrh	r3, [r3]
 495:Drivers/STM32F4xx_HAL_Driver/Src/stm32f4xx_hal_i2s_ex.c ****     hi2s->TxXferCount--;
 1145              		.loc 1 495 24 view .LVU395
 1146 00be D360     		str	r3, [r2, #12]
 496:Drivers/STM32F4xx_HAL_Driver/Src/stm32f4xx_hal_i2s_ex.c **** 
 1147              		.loc 1 496 5 is_stmt 1 view .LVU396
 496:Drivers/STM32F4xx_HAL_Driver/Src/stm32f4xx_hal_i2s_ex.c **** 
 1148              		.loc 1 496 9 is_stmt 0 view .LVU397
 1149 00c0 BCF82A30 		ldrh	r3, [ip, #42]
 1150 00c4 9BB2     		uxth	r3, r3
 496:Drivers/STM32F4xx_HAL_Driver/Src/stm32f4xx_hal_i2s_ex.c **** 
 1151              		.loc 1 496 22 view .LVU398
 1152 00c6 013B     		subs	r3, r3, #1
 1153 00c8 9BB2     		uxth	r3, r3
 1154 00ca ACF82A30 		strh	r3, [ip, #42]	@ movhi
 498:Drivers/STM32F4xx_HAL_Driver/Src/stm32f4xx_hal_i2s_ex.c ****     {
 1155              		.loc 1 498 5 is_stmt 1 view .LVU399
 498:Drivers/STM32F4xx_HAL_Driver/Src/stm32f4xx_hal_i2s_ex.c ****     {
 1156              		.loc 1 498 13 is_stmt 0 view .LVU400
 1157 00ce BCF82A30 		ldrh	r3, [ip, #42]
 1158 00d2 9BB2     		uxth	r3, r3
 498:Drivers/STM32F4xx_HAL_Driver/Src/stm32f4xx_hal_i2s_ex.c ****     {
 1159              		.loc 1 498 8 view .LVU401
 1160 00d4 2BB9     		cbnz	r3, .L108
 501:Drivers/STM32F4xx_HAL_Driver/Src/stm32f4xx_hal_i2s_ex.c ****     }
 1161              		.loc 1 501 7 is_stmt 1 view .LVU402
 1162 00d6 DCF80020 		ldr	r2, [ip]
 1163 00da 5368     		ldr	r3, [r2, #4]
 1164 00dc 23F0A003 		bic	r3, r3, #160
 1165 00e0 5360     		str	r3, [r2, #4]
 1166              	.L108:
 523:Drivers/STM32F4xx_HAL_Driver/Src/stm32f4xx_hal_i2s_ex.c ****   /* Enable I2Sext peripheral */
 1167              		.loc 1 523 3 view .LVU403
 523:Drivers/STM32F4xx_HAL_Driver/Src/stm32f4xx_hal_i2s_ex.c ****   /* Enable I2Sext peripheral */
 1168              		.loc 1 523 3 view .LVU404
 1169 00e2 0023     		movs	r3, #0
 1170 00e4 8CF84030 		strb	r3, [ip, #64]
 523:Drivers/STM32F4xx_HAL_Driver/Src/stm32f4xx_hal_i2s_ex.c ****   /* Enable I2Sext peripheral */
 1171              		.loc 1 523 3 view .LVU405
 525:Drivers/STM32F4xx_HAL_Driver/Src/stm32f4xx_hal_i2s_ex.c **** 
 1172              		.loc 1 525 3 view .LVU406
 1173 00e8 DCF80020 		ldr	r2, [ip]
 1174 00ec 2A4B     		ldr	r3, .L126
 1175 00ee 9A42     		cmp	r2, r3
 1176 00f0 4BD0     		beq	.L122
 525:Drivers/STM32F4xx_HAL_Driver/Src/stm32f4xx_hal_i2s_ex.c **** 
 1177              		.loc 1 525 3 is_stmt 0 discriminator 2 view .LVU407
 1178 00f2 4FF04022 		mov	r2, #1073758208
 1179              	.L112:
 525:Drivers/STM32F4xx_HAL_Driver/Src/stm32f4xx_hal_i2s_ex.c **** 
 1180              		.loc 1 525 3 discriminator 4 view .LVU408
 1181 00f6 D369     		ldr	r3, [r2, #28]
ARM GAS  /tmp/ccXjaJpZ.s 			page 48


 525:Drivers/STM32F4xx_HAL_Driver/Src/stm32f4xx_hal_i2s_ex.c **** 
 1182              		.loc 1 525 3 discriminator 8 view .LVU409
 1183 00f8 43F48063 		orr	r3, r3, #1024
 1184 00fc D361     		str	r3, [r2, #28]
 528:Drivers/STM32F4xx_HAL_Driver/Src/stm32f4xx_hal_i2s_ex.c **** 
 1185              		.loc 1 528 3 is_stmt 1 view .LVU410
 1186 00fe DCF80020 		ldr	r2, [ip]
 1187 0102 D369     		ldr	r3, [r2, #28]
 1188 0104 43F48063 		orr	r3, r3, #1024
 1189 0108 D361     		str	r3, [r2, #28]
 530:Drivers/STM32F4xx_HAL_Driver/Src/stm32f4xx_hal_i2s_ex.c **** }
 1190              		.loc 1 530 3 view .LVU411
 530:Drivers/STM32F4xx_HAL_Driver/Src/stm32f4xx_hal_i2s_ex.c **** }
 1191              		.loc 1 530 10 is_stmt 0 view .LVU412
 1192 010a 0020     		movs	r0, #0
 1193 010c 40E0     		b	.L101
 1194              	.LVL47:
 1195              	.L121:
 489:Drivers/STM32F4xx_HAL_Driver/Src/stm32f4xx_hal_i2s_ex.c **** 
 1196              		.loc 1 489 5 discriminator 1 view .LVU413
 1197 010e 234A     		ldr	r2, .L126+4
 1198              	.LVL48:
 489:Drivers/STM32F4xx_HAL_Driver/Src/stm32f4xx_hal_i2s_ex.c **** 
 1199              		.loc 1 489 5 discriminator 1 view .LVU414
 1200 0110 C3E7     		b	.L107
 1201              	.LVL49:
 1202              	.L106:
 507:Drivers/STM32F4xx_HAL_Driver/Src/stm32f4xx_hal_i2s_ex.c **** 
 1203              		.loc 1 507 5 is_stmt 1 view .LVU415
 1204 0112 214B     		ldr	r3, .L126
 1205 0114 9942     		cmp	r1, r3
 1206 0116 31D0     		beq	.L123
 507:Drivers/STM32F4xx_HAL_Driver/Src/stm32f4xx_hal_i2s_ex.c **** 
 1207              		.loc 1 507 5 is_stmt 0 discriminator 2 view .LVU416
 1208 0118 4FF04022 		mov	r2, #1073758208
 1209              	.LVL50:
 1210              	.L109:
 507:Drivers/STM32F4xx_HAL_Driver/Src/stm32f4xx_hal_i2s_ex.c **** 
 1211              		.loc 1 507 5 discriminator 4 view .LVU417
 1212 011c 5368     		ldr	r3, [r2, #4]
 507:Drivers/STM32F4xx_HAL_Driver/Src/stm32f4xx_hal_i2s_ex.c **** 
 1213              		.loc 1 507 5 discriminator 8 view .LVU418
 1214 011e 43F0A003 		orr	r3, r3, #160
 1215 0122 5360     		str	r3, [r2, #4]
 1216              	.LVL51:
 510:Drivers/STM32F4xx_HAL_Driver/Src/stm32f4xx_hal_i2s_ex.c **** 
 1217              		.loc 1 510 5 is_stmt 1 view .LVU419
 1218 0124 DCF80020 		ldr	r2, [ip]
 1219 0128 5368     		ldr	r3, [r2, #4]
 1220 012a 43F06003 		orr	r3, r3, #96
 1221 012e 5360     		str	r3, [r2, #4]
 513:Drivers/STM32F4xx_HAL_Driver/Src/stm32f4xx_hal_i2s_ex.c ****     hi2s->TxXferCount--;
 1222              		.loc 1 513 5 view .LVU420
 513:Drivers/STM32F4xx_HAL_Driver/Src/stm32f4xx_hal_i2s_ex.c ****     hi2s->TxXferCount--;
 1223              		.loc 1 513 41 is_stmt 0 view .LVU421
 1224 0130 DCF82430 		ldr	r3, [ip, #36]
 513:Drivers/STM32F4xx_HAL_Driver/Src/stm32f4xx_hal_i2s_ex.c ****     hi2s->TxXferCount--;
ARM GAS  /tmp/ccXjaJpZ.s 			page 49


 1225              		.loc 1 513 53 view .LVU422
 1226 0134 9A1C     		adds	r2, r3, #2
 1227 0136 CCF82420 		str	r2, [ip, #36]
 513:Drivers/STM32F4xx_HAL_Driver/Src/stm32f4xx_hal_i2s_ex.c ****     hi2s->TxXferCount--;
 1228              		.loc 1 513 36 view .LVU423
 1229 013a 1B88     		ldrh	r3, [r3]
 513:Drivers/STM32F4xx_HAL_Driver/Src/stm32f4xx_hal_i2s_ex.c ****     hi2s->TxXferCount--;
 1230              		.loc 1 513 5 view .LVU424
 1231 013c DCF80010 		ldr	r1, [ip]
 1232 0140 154A     		ldr	r2, .L126
 1233 0142 9142     		cmp	r1, r2
 1234 0144 1CD0     		beq	.L124
 513:Drivers/STM32F4xx_HAL_Driver/Src/stm32f4xx_hal_i2s_ex.c ****     hi2s->TxXferCount--;
 1235              		.loc 1 513 5 discriminator 2 view .LVU425
 1236 0146 4FF04022 		mov	r2, #1073758208
 1237              	.L110:
 513:Drivers/STM32F4xx_HAL_Driver/Src/stm32f4xx_hal_i2s_ex.c ****     hi2s->TxXferCount--;
 1238              		.loc 1 513 33 discriminator 4 view .LVU426
 1239 014a D360     		str	r3, [r2, #12]
 514:Drivers/STM32F4xx_HAL_Driver/Src/stm32f4xx_hal_i2s_ex.c **** 
 1240              		.loc 1 514 5 is_stmt 1 view .LVU427
 514:Drivers/STM32F4xx_HAL_Driver/Src/stm32f4xx_hal_i2s_ex.c **** 
 1241              		.loc 1 514 9 is_stmt 0 view .LVU428
 1242 014c BCF82A30 		ldrh	r3, [ip, #42]
 1243 0150 9BB2     		uxth	r3, r3
 514:Drivers/STM32F4xx_HAL_Driver/Src/stm32f4xx_hal_i2s_ex.c **** 
 1244              		.loc 1 514 22 view .LVU429
 1245 0152 013B     		subs	r3, r3, #1
 1246 0154 9BB2     		uxth	r3, r3
 1247 0156 ACF82A30 		strh	r3, [ip, #42]	@ movhi
 516:Drivers/STM32F4xx_HAL_Driver/Src/stm32f4xx_hal_i2s_ex.c ****     {
 1248              		.loc 1 516 5 is_stmt 1 view .LVU430
 516:Drivers/STM32F4xx_HAL_Driver/Src/stm32f4xx_hal_i2s_ex.c ****     {
 1249              		.loc 1 516 13 is_stmt 0 view .LVU431
 1250 015a BCF82A30 		ldrh	r3, [ip, #42]
 1251 015e 9BB2     		uxth	r3, r3
 516:Drivers/STM32F4xx_HAL_Driver/Src/stm32f4xx_hal_i2s_ex.c ****     {
 1252              		.loc 1 516 8 view .LVU432
 1253 0160 002B     		cmp	r3, #0
 1254 0162 BED1     		bne	.L108
 519:Drivers/STM32F4xx_HAL_Driver/Src/stm32f4xx_hal_i2s_ex.c ****     }
 1255              		.loc 1 519 7 is_stmt 1 view .LVU433
 1256 0164 DCF80020 		ldr	r2, [ip]
 1257 0168 0B4B     		ldr	r3, .L126
 1258 016a 9A42     		cmp	r2, r3
 1259 016c 0BD0     		beq	.L125
 519:Drivers/STM32F4xx_HAL_Driver/Src/stm32f4xx_hal_i2s_ex.c ****     }
 1260              		.loc 1 519 7 is_stmt 0 discriminator 2 view .LVU434
 1261 016e 4FF04022 		mov	r2, #1073758208
 1262              	.L111:
 519:Drivers/STM32F4xx_HAL_Driver/Src/stm32f4xx_hal_i2s_ex.c ****     }
 1263              		.loc 1 519 7 discriminator 4 view .LVU435
 1264 0172 5368     		ldr	r3, [r2, #4]
 519:Drivers/STM32F4xx_HAL_Driver/Src/stm32f4xx_hal_i2s_ex.c ****     }
 1265              		.loc 1 519 7 discriminator 8 view .LVU436
 1266 0174 23F0A003 		bic	r3, r3, #160
 1267 0178 5360     		str	r3, [r2, #4]
ARM GAS  /tmp/ccXjaJpZ.s 			page 50


 1268 017a B2E7     		b	.L108
 1269              	.LVL52:
 1270              	.L123:
 507:Drivers/STM32F4xx_HAL_Driver/Src/stm32f4xx_hal_i2s_ex.c **** 
 1271              		.loc 1 507 5 discriminator 1 view .LVU437
 1272 017c 074A     		ldr	r2, .L126+4
 1273              	.LVL53:
 507:Drivers/STM32F4xx_HAL_Driver/Src/stm32f4xx_hal_i2s_ex.c **** 
 1274              		.loc 1 507 5 discriminator 1 view .LVU438
 1275 017e CDE7     		b	.L109
 1276              	.LVL54:
 1277              	.L124:
 513:Drivers/STM32F4xx_HAL_Driver/Src/stm32f4xx_hal_i2s_ex.c ****     hi2s->TxXferCount--;
 1278              		.loc 1 513 5 discriminator 1 view .LVU439
 1279 0180 A2F58062 		sub	r2, r2, #1024
 1280 0184 E1E7     		b	.L110
 1281              	.L125:
 519:Drivers/STM32F4xx_HAL_Driver/Src/stm32f4xx_hal_i2s_ex.c ****     }
 1282              		.loc 1 519 7 discriminator 1 view .LVU440
 1283 0186 054A     		ldr	r2, .L126+4
 1284 0188 F3E7     		b	.L111
 1285              	.L122:
 525:Drivers/STM32F4xx_HAL_Driver/Src/stm32f4xx_hal_i2s_ex.c **** 
 1286              		.loc 1 525 3 discriminator 1 view .LVU441
 1287 018a 044A     		ldr	r2, .L126+4
 1288 018c B3E7     		b	.L112
 1289              	.LVL55:
 1290              	.L113:
 448:Drivers/STM32F4xx_HAL_Driver/Src/stm32f4xx_hal_i2s_ex.c ****   }
 1291              		.loc 1 448 12 view .LVU442
 1292 018e 0220     		movs	r0, #2
 1293              	.LVL56:
 1294              	.L101:
 531:Drivers/STM32F4xx_HAL_Driver/Src/stm32f4xx_hal_i2s_ex.c **** 
 1295              		.loc 1 531 1 view .LVU443
 1296 0190 00BD     		pop	{pc}
 1297              	.LVL57:
 1298              	.L114:
 457:Drivers/STM32F4xx_HAL_Driver/Src/stm32f4xx_hal_i2s_ex.c **** 
 1299              		.loc 1 457 3 discriminator 1 view .LVU444
 1300 0192 0220     		movs	r0, #2
 1301 0194 FCE7     		b	.L101
 1302              	.L127:
 1303 0196 00BF     		.align	2
 1304              	.L126:
 1305 0198 00380040 		.word	1073756160
 1306 019c 00340040 		.word	1073755136
 1307              		.cfi_endproc
 1308              	.LFE240:
 1310              		.section	.text.HAL_I2SEx_TransmitReceive_DMA,"ax",%progbits
 1311              		.align	1
 1312              		.global	HAL_I2SEx_TransmitReceive_DMA
 1313              		.syntax unified
 1314              		.thumb
 1315              		.thumb_func
 1317              	HAL_I2SEx_TransmitReceive_DMA:
 1318              	.LVL58:
ARM GAS  /tmp/ccXjaJpZ.s 			page 51


 1319              	.LFB241:
 552:Drivers/STM32F4xx_HAL_Driver/Src/stm32f4xx_hal_i2s_ex.c ****   uint32_t *tmp = NULL;
 1320              		.loc 1 552 1 is_stmt 1 view -0
 1321              		.cfi_startproc
 1322              		@ args = 0, pretend = 0, frame = 8
 1323              		@ frame_needed = 0, uses_anonymous_args = 0
 552:Drivers/STM32F4xx_HAL_Driver/Src/stm32f4xx_hal_i2s_ex.c ****   uint32_t *tmp = NULL;
 1324              		.loc 1 552 1 is_stmt 0 view .LVU446
 1325 0000 70B5     		push	{r4, r5, r6, lr}
 1326              	.LCFI7:
 1327              		.cfi_def_cfa_offset 16
 1328              		.cfi_offset 4, -16
 1329              		.cfi_offset 5, -12
 1330              		.cfi_offset 6, -8
 1331              		.cfi_offset 14, -4
 1332 0002 82B0     		sub	sp, sp, #8
 1333              	.LCFI8:
 1334              		.cfi_def_cfa_offset 24
 1335 0004 1646     		mov	r6, r2
 553:Drivers/STM32F4xx_HAL_Driver/Src/stm32f4xx_hal_i2s_ex.c ****   uint32_t tmp1 = 0U;
 1336              		.loc 1 553 3 is_stmt 1 view .LVU447
 1337              	.LVL59:
 554:Drivers/STM32F4xx_HAL_Driver/Src/stm32f4xx_hal_i2s_ex.c ****   HAL_StatusTypeDef status;
 1338              		.loc 1 554 3 view .LVU448
 555:Drivers/STM32F4xx_HAL_Driver/Src/stm32f4xx_hal_i2s_ex.c **** 
 1339              		.loc 1 555 3 view .LVU449
 557:Drivers/STM32F4xx_HAL_Driver/Src/stm32f4xx_hal_i2s_ex.c ****   {
 1340              		.loc 1 557 3 view .LVU450
 557:Drivers/STM32F4xx_HAL_Driver/Src/stm32f4xx_hal_i2s_ex.c ****   {
 1341              		.loc 1 557 11 is_stmt 0 view .LVU451
 1342 0006 90F84120 		ldrb	r2, [r0, #65]	@ zero_extendqisi2
 1343              	.LVL60:
 557:Drivers/STM32F4xx_HAL_Driver/Src/stm32f4xx_hal_i2s_ex.c ****   {
 1344              		.loc 1 557 6 view .LVU452
 1345 000a 012A     		cmp	r2, #1
 1346 000c 40F0BD80 		bne	.L142
 1347 0010 0446     		mov	r4, r0
 1348 0012 0D46     		mov	r5, r1
 1349 0014 D0B2     		uxtb	r0, r2
 1350              	.LVL61:
 562:Drivers/STM32F4xx_HAL_Driver/Src/stm32f4xx_hal_i2s_ex.c ****   {
 1351              		.loc 1 562 3 is_stmt 1 view .LVU453
 562:Drivers/STM32F4xx_HAL_Driver/Src/stm32f4xx_hal_i2s_ex.c ****   {
 1352              		.loc 1 562 6 is_stmt 0 view .LVU454
 1353 0016 0029     		cmp	r1, #0
 1354 0018 00F0B880 		beq	.L129
 562:Drivers/STM32F4xx_HAL_Driver/Src/stm32f4xx_hal_i2s_ex.c ****   {
 1355              		.loc 1 562 25 discriminator 1 view .LVU455
 1356 001c 002E     		cmp	r6, #0
 1357 001e 00F0B580 		beq	.L129
 562:Drivers/STM32F4xx_HAL_Driver/Src/stm32f4xx_hal_i2s_ex.c ****   {
 1358              		.loc 1 562 46 discriminator 2 view .LVU456
 1359 0022 002B     		cmp	r3, #0
 1360 0024 00F0B280 		beq	.L129
 568:Drivers/STM32F4xx_HAL_Driver/Src/stm32f4xx_hal_i2s_ex.c **** 
 1361              		.loc 1 568 3 is_stmt 1 view .LVU457
 568:Drivers/STM32F4xx_HAL_Driver/Src/stm32f4xx_hal_i2s_ex.c **** 
ARM GAS  /tmp/ccXjaJpZ.s 			page 52


 1362              		.loc 1 568 3 view .LVU458
 1363 0028 94F84020 		ldrb	r2, [r4, #64]	@ zero_extendqisi2
 1364 002c 012A     		cmp	r2, #1
 1365 002e 00F0AF80 		beq	.L143
 568:Drivers/STM32F4xx_HAL_Driver/Src/stm32f4xx_hal_i2s_ex.c **** 
 1366              		.loc 1 568 3 discriminator 2 view .LVU459
 1367 0032 0122     		movs	r2, #1
 1368 0034 84F84020 		strb	r2, [r4, #64]
 568:Drivers/STM32F4xx_HAL_Driver/Src/stm32f4xx_hal_i2s_ex.c **** 
 1369              		.loc 1 568 3 view .LVU460
 570:Drivers/STM32F4xx_HAL_Driver/Src/stm32f4xx_hal_i2s_ex.c ****   hi2s->pRxBuffPtr = pRxData;
 1370              		.loc 1 570 3 view .LVU461
 570:Drivers/STM32F4xx_HAL_Driver/Src/stm32f4xx_hal_i2s_ex.c ****   hi2s->pRxBuffPtr = pRxData;
 1371              		.loc 1 570 20 is_stmt 0 view .LVU462
 1372 0038 6162     		str	r1, [r4, #36]
 571:Drivers/STM32F4xx_HAL_Driver/Src/stm32f4xx_hal_i2s_ex.c **** 
 1373              		.loc 1 571 3 is_stmt 1 view .LVU463
 571:Drivers/STM32F4xx_HAL_Driver/Src/stm32f4xx_hal_i2s_ex.c **** 
 1374              		.loc 1 571 20 is_stmt 0 view .LVU464
 1375 003a E662     		str	r6, [r4, #44]
 573:Drivers/STM32F4xx_HAL_Driver/Src/stm32f4xx_hal_i2s_ex.c ****   /* Check the Data format: When a 16-bit data frame or a 16-bit data frame extended
 1376              		.loc 1 573 3 is_stmt 1 view .LVU465
 573:Drivers/STM32F4xx_HAL_Driver/Src/stm32f4xx_hal_i2s_ex.c ****   /* Check the Data format: When a 16-bit data frame or a 16-bit data frame extended
 1377              		.loc 1 573 14 is_stmt 0 view .LVU466
 1378 003c 2268     		ldr	r2, [r4]
 573:Drivers/STM32F4xx_HAL_Driver/Src/stm32f4xx_hal_i2s_ex.c ****   /* Check the Data format: When a 16-bit data frame or a 16-bit data frame extended
 1379              		.loc 1 573 24 view .LVU467
 1380 003e D269     		ldr	r2, [r2, #28]
 573:Drivers/STM32F4xx_HAL_Driver/Src/stm32f4xx_hal_i2s_ex.c ****   /* Check the Data format: When a 16-bit data frame or a 16-bit data frame extended
 1381              		.loc 1 573 8 view .LVU468
 1382 0040 02F00702 		and	r2, r2, #7
 1383              	.LVL62:
 578:Drivers/STM32F4xx_HAL_Driver/Src/stm32f4xx_hal_i2s_ex.c ****   {
 1384              		.loc 1 578 3 is_stmt 1 view .LVU469
 578:Drivers/STM32F4xx_HAL_Driver/Src/stm32f4xx_hal_i2s_ex.c ****   {
 1385              		.loc 1 578 6 is_stmt 0 view .LVU470
 1386 0044 032A     		cmp	r2, #3
 1387 0046 06D0     		beq	.L130
 578:Drivers/STM32F4xx_HAL_Driver/Src/stm32f4xx_hal_i2s_ex.c ****   {
 1388              		.loc 1 578 36 discriminator 1 view .LVU471
 1389 0048 052A     		cmp	r2, #5
 1390 004a 04D0     		beq	.L130
 587:Drivers/STM32F4xx_HAL_Driver/Src/stm32f4xx_hal_i2s_ex.c ****     hi2s->TxXferCount = Size;
 1391              		.loc 1 587 5 is_stmt 1 view .LVU472
 587:Drivers/STM32F4xx_HAL_Driver/Src/stm32f4xx_hal_i2s_ex.c ****     hi2s->TxXferCount = Size;
 1392              		.loc 1 587 23 is_stmt 0 view .LVU473
 1393 004c 2385     		strh	r3, [r4, #40]	@ movhi
 588:Drivers/STM32F4xx_HAL_Driver/Src/stm32f4xx_hal_i2s_ex.c ****     hi2s->RxXferSize  = Size;
 1394              		.loc 1 588 5 is_stmt 1 view .LVU474
 588:Drivers/STM32F4xx_HAL_Driver/Src/stm32f4xx_hal_i2s_ex.c ****     hi2s->RxXferSize  = Size;
 1395              		.loc 1 588 23 is_stmt 0 view .LVU475
 1396 004e 6385     		strh	r3, [r4, #42]	@ movhi
 589:Drivers/STM32F4xx_HAL_Driver/Src/stm32f4xx_hal_i2s_ex.c ****     hi2s->RxXferCount = Size;
 1397              		.loc 1 589 5 is_stmt 1 view .LVU476
 589:Drivers/STM32F4xx_HAL_Driver/Src/stm32f4xx_hal_i2s_ex.c ****     hi2s->RxXferCount = Size;
 1398              		.loc 1 589 23 is_stmt 0 view .LVU477
 1399 0050 2386     		strh	r3, [r4, #48]	@ movhi
ARM GAS  /tmp/ccXjaJpZ.s 			page 53


 590:Drivers/STM32F4xx_HAL_Driver/Src/stm32f4xx_hal_i2s_ex.c ****   }
 1400              		.loc 1 590 5 is_stmt 1 view .LVU478
 590:Drivers/STM32F4xx_HAL_Driver/Src/stm32f4xx_hal_i2s_ex.c ****   }
 1401              		.loc 1 590 23 is_stmt 0 view .LVU479
 1402 0052 6386     		strh	r3, [r4, #50]	@ movhi
 1403 0054 05E0     		b	.L132
 1404              	.L130:
 580:Drivers/STM32F4xx_HAL_Driver/Src/stm32f4xx_hal_i2s_ex.c ****     hi2s->TxXferCount = (Size << 1U);
 1405              		.loc 1 580 5 is_stmt 1 view .LVU480
 580:Drivers/STM32F4xx_HAL_Driver/Src/stm32f4xx_hal_i2s_ex.c ****     hi2s->TxXferCount = (Size << 1U);
 1406              		.loc 1 580 31 is_stmt 0 view .LVU481
 1407 0056 5B00     		lsls	r3, r3, #1
 1408              	.LVL63:
 580:Drivers/STM32F4xx_HAL_Driver/Src/stm32f4xx_hal_i2s_ex.c ****     hi2s->TxXferCount = (Size << 1U);
 1409              		.loc 1 580 31 view .LVU482
 1410 0058 9BB2     		uxth	r3, r3
 580:Drivers/STM32F4xx_HAL_Driver/Src/stm32f4xx_hal_i2s_ex.c ****     hi2s->TxXferCount = (Size << 1U);
 1411              		.loc 1 580 23 view .LVU483
 1412 005a 2385     		strh	r3, [r4, #40]	@ movhi
 581:Drivers/STM32F4xx_HAL_Driver/Src/stm32f4xx_hal_i2s_ex.c ****     hi2s->RxXferSize  = (Size << 1U);
 1413              		.loc 1 581 5 is_stmt 1 view .LVU484
 581:Drivers/STM32F4xx_HAL_Driver/Src/stm32f4xx_hal_i2s_ex.c ****     hi2s->RxXferSize  = (Size << 1U);
 1414              		.loc 1 581 23 is_stmt 0 view .LVU485
 1415 005c 6385     		strh	r3, [r4, #42]	@ movhi
 582:Drivers/STM32F4xx_HAL_Driver/Src/stm32f4xx_hal_i2s_ex.c ****     hi2s->RxXferCount = (Size << 1U);
 1416              		.loc 1 582 5 is_stmt 1 view .LVU486
 582:Drivers/STM32F4xx_HAL_Driver/Src/stm32f4xx_hal_i2s_ex.c ****     hi2s->RxXferCount = (Size << 1U);
 1417              		.loc 1 582 23 is_stmt 0 view .LVU487
 1418 005e 2386     		strh	r3, [r4, #48]	@ movhi
 583:Drivers/STM32F4xx_HAL_Driver/Src/stm32f4xx_hal_i2s_ex.c ****   }
 1419              		.loc 1 583 5 is_stmt 1 view .LVU488
 583:Drivers/STM32F4xx_HAL_Driver/Src/stm32f4xx_hal_i2s_ex.c ****   }
 1420              		.loc 1 583 23 is_stmt 0 view .LVU489
 1421 0060 6386     		strh	r3, [r4, #50]	@ movhi
 1422              	.L132:
 593:Drivers/STM32F4xx_HAL_Driver/Src/stm32f4xx_hal_i2s_ex.c ****   hi2s->State     = HAL_I2S_STATE_BUSY_TX_RX;
 1423              		.loc 1 593 3 is_stmt 1 view .LVU490
 593:Drivers/STM32F4xx_HAL_Driver/Src/stm32f4xx_hal_i2s_ex.c ****   hi2s->State     = HAL_I2S_STATE_BUSY_TX_RX;
 1424              		.loc 1 593 19 is_stmt 0 view .LVU491
 1425 0062 0023     		movs	r3, #0
 1426 0064 6364     		str	r3, [r4, #68]
 594:Drivers/STM32F4xx_HAL_Driver/Src/stm32f4xx_hal_i2s_ex.c **** 
 1427              		.loc 1 594 3 is_stmt 1 view .LVU492
 594:Drivers/STM32F4xx_HAL_Driver/Src/stm32f4xx_hal_i2s_ex.c **** 
 1428              		.loc 1 594 19 is_stmt 0 view .LVU493
 1429 0066 0522     		movs	r2, #5
 1430              	.LVL64:
 594:Drivers/STM32F4xx_HAL_Driver/Src/stm32f4xx_hal_i2s_ex.c **** 
 1431              		.loc 1 594 19 view .LVU494
 1432 0068 84F84120 		strb	r2, [r4, #65]
 597:Drivers/STM32F4xx_HAL_Driver/Src/stm32f4xx_hal_i2s_ex.c **** 
 1433              		.loc 1 597 3 is_stmt 1 view .LVU495
 597:Drivers/STM32F4xx_HAL_Driver/Src/stm32f4xx_hal_i2s_ex.c **** 
 1434              		.loc 1 597 7 is_stmt 0 view .LVU496
 1435 006c E26B     		ldr	r2, [r4, #60]
 597:Drivers/STM32F4xx_HAL_Driver/Src/stm32f4xx_hal_i2s_ex.c **** 
 1436              		.loc 1 597 38 view .LVU497
ARM GAS  /tmp/ccXjaJpZ.s 			page 54


 1437 006e 4949     		ldr	r1, .L156
 1438              	.LVL65:
 597:Drivers/STM32F4xx_HAL_Driver/Src/stm32f4xx_hal_i2s_ex.c **** 
 1439              		.loc 1 597 38 view .LVU498
 1440 0070 1164     		str	r1, [r2, #64]
 600:Drivers/STM32F4xx_HAL_Driver/Src/stm32f4xx_hal_i2s_ex.c **** 
 1441              		.loc 1 600 3 is_stmt 1 view .LVU499
 600:Drivers/STM32F4xx_HAL_Driver/Src/stm32f4xx_hal_i2s_ex.c **** 
 1442              		.loc 1 600 7 is_stmt 0 view .LVU500
 1443 0072 E26B     		ldr	r2, [r4, #60]
 600:Drivers/STM32F4xx_HAL_Driver/Src/stm32f4xx_hal_i2s_ex.c **** 
 1444              		.loc 1 600 35 view .LVU501
 1445 0074 4849     		ldr	r1, .L156+4
 1446 0076 D163     		str	r1, [r2, #60]
 603:Drivers/STM32F4xx_HAL_Driver/Src/stm32f4xx_hal_i2s_ex.c **** 
 1447              		.loc 1 603 3 is_stmt 1 view .LVU502
 603:Drivers/STM32F4xx_HAL_Driver/Src/stm32f4xx_hal_i2s_ex.c **** 
 1448              		.loc 1 603 7 is_stmt 0 view .LVU503
 1449 0078 E16B     		ldr	r1, [r4, #60]
 603:Drivers/STM32F4xx_HAL_Driver/Src/stm32f4xx_hal_i2s_ex.c **** 
 1450              		.loc 1 603 35 view .LVU504
 1451 007a 484A     		ldr	r2, .L156+8
 1452 007c CA64     		str	r2, [r1, #76]
 606:Drivers/STM32F4xx_HAL_Driver/Src/stm32f4xx_hal_i2s_ex.c **** 
 1453              		.loc 1 606 3 is_stmt 1 view .LVU505
 606:Drivers/STM32F4xx_HAL_Driver/Src/stm32f4xx_hal_i2s_ex.c **** 
 1454              		.loc 1 606 7 is_stmt 0 view .LVU506
 1455 007e A16B     		ldr	r1, [r4, #56]
 606:Drivers/STM32F4xx_HAL_Driver/Src/stm32f4xx_hal_i2s_ex.c **** 
 1456              		.loc 1 606 39 view .LVU507
 1457 0080 0B64     		str	r3, [r1, #64]
 609:Drivers/STM32F4xx_HAL_Driver/Src/stm32f4xx_hal_i2s_ex.c **** 
 1458              		.loc 1 609 3 is_stmt 1 view .LVU508
 609:Drivers/STM32F4xx_HAL_Driver/Src/stm32f4xx_hal_i2s_ex.c **** 
 1459              		.loc 1 609 7 is_stmt 0 view .LVU509
 1460 0082 A16B     		ldr	r1, [r4, #56]
 609:Drivers/STM32F4xx_HAL_Driver/Src/stm32f4xx_hal_i2s_ex.c **** 
 1461              		.loc 1 609 35 view .LVU510
 1462 0084 CB63     		str	r3, [r1, #60]
 612:Drivers/STM32F4xx_HAL_Driver/Src/stm32f4xx_hal_i2s_ex.c **** 
 1463              		.loc 1 612 3 is_stmt 1 view .LVU511
 612:Drivers/STM32F4xx_HAL_Driver/Src/stm32f4xx_hal_i2s_ex.c **** 
 1464              		.loc 1 612 7 is_stmt 0 view .LVU512
 1465 0086 A36B     		ldr	r3, [r4, #56]
 612:Drivers/STM32F4xx_HAL_Driver/Src/stm32f4xx_hal_i2s_ex.c **** 
 1466              		.loc 1 612 35 view .LVU513
 1467 0088 DA64     		str	r2, [r3, #76]
 614:Drivers/STM32F4xx_HAL_Driver/Src/stm32f4xx_hal_i2s_ex.c ****   /* Check if the I2S_MODE_MASTER_TX or I2S_MODE_SLAVE_TX Mode is selected */
 1468              		.loc 1 614 3 is_stmt 1 view .LVU514
 614:Drivers/STM32F4xx_HAL_Driver/Src/stm32f4xx_hal_i2s_ex.c ****   /* Check if the I2S_MODE_MASTER_TX or I2S_MODE_SLAVE_TX Mode is selected */
 1469              		.loc 1 614 14 is_stmt 0 view .LVU515
 1470 008a 2268     		ldr	r2, [r4]
 614:Drivers/STM32F4xx_HAL_Driver/Src/stm32f4xx_hal_i2s_ex.c ****   /* Check if the I2S_MODE_MASTER_TX or I2S_MODE_SLAVE_TX Mode is selected */
 1471              		.loc 1 614 24 view .LVU516
 1472 008c D369     		ldr	r3, [r2, #28]
 614:Drivers/STM32F4xx_HAL_Driver/Src/stm32f4xx_hal_i2s_ex.c ****   /* Check if the I2S_MODE_MASTER_TX or I2S_MODE_SLAVE_TX Mode is selected */
 1473              		.loc 1 614 8 view .LVU517
ARM GAS  /tmp/ccXjaJpZ.s 			page 55


 1474 008e 03F44073 		and	r3, r3, #768
 1475              	.LVL66:
 616:Drivers/STM32F4xx_HAL_Driver/Src/stm32f4xx_hal_i2s_ex.c ****   {
 1476              		.loc 1 616 3 is_stmt 1 view .LVU518
 616:Drivers/STM32F4xx_HAL_Driver/Src/stm32f4xx_hal_i2s_ex.c ****   {
 1477              		.loc 1 616 6 is_stmt 0 view .LVU519
 1478 0092 B3F5007F 		cmp	r3, #512
 1479 0096 01D0     		beq	.L133
 616:Drivers/STM32F4xx_HAL_Driver/Src/stm32f4xx_hal_i2s_ex.c ****   {
 1480              		.loc 1 616 36 discriminator 1 view .LVU520
 1481 0098 002B     		cmp	r3, #0
 1482 009a 3DD1     		bne	.L134
 1483              	.L133:
 619:Drivers/STM32F4xx_HAL_Driver/Src/stm32f4xx_hal_i2s_ex.c ****     status = HAL_DMA_Start_IT(hi2s->hdmarx, (uint32_t)&I2SxEXT(hi2s->Instance)->DR, *(uint32_t *)tm
 1484              		.loc 1 619 5 is_stmt 1 view .LVU521
 1485              	.LVL67:
 620:Drivers/STM32F4xx_HAL_Driver/Src/stm32f4xx_hal_i2s_ex.c **** 
 1486              		.loc 1 620 5 view .LVU522
 620:Drivers/STM32F4xx_HAL_Driver/Src/stm32f4xx_hal_i2s_ex.c **** 
 1487              		.loc 1 620 14 is_stmt 0 view .LVU523
 1488 009c E06B     		ldr	r0, [r4, #60]
 620:Drivers/STM32F4xx_HAL_Driver/Src/stm32f4xx_hal_i2s_ex.c **** 
 1489              		.loc 1 620 56 view .LVU524
 1490 009e 404B     		ldr	r3, .L156+12
 1491              	.LVL68:
 620:Drivers/STM32F4xx_HAL_Driver/Src/stm32f4xx_hal_i2s_ex.c **** 
 1492              		.loc 1 620 56 view .LVU525
 1493 00a0 9A42     		cmp	r2, r3
 1494 00a2 35D0     		beq	.L150
 620:Drivers/STM32F4xx_HAL_Driver/Src/stm32f4xx_hal_i2s_ex.c **** 
 1495              		.loc 1 620 56 discriminator 2 view .LVU526
 1496 00a4 4FF04021 		mov	r1, #1073758208
 1497              	.L135:
 620:Drivers/STM32F4xx_HAL_Driver/Src/stm32f4xx_hal_i2s_ex.c **** 
 1498              		.loc 1 620 107 discriminator 4 view .LVU527
 1499 00a8 238E     		ldrh	r3, [r4, #48]
 620:Drivers/STM32F4xx_HAL_Driver/Src/stm32f4xx_hal_i2s_ex.c **** 
 1500              		.loc 1 620 14 discriminator 4 view .LVU528
 1501 00aa 9BB2     		uxth	r3, r3
 1502 00ac 3246     		mov	r2, r6
 1503 00ae 0C31     		adds	r1, r1, #12
 1504 00b0 FFF7FEFF 		bl	HAL_DMA_Start_IT
 1505              	.LVL69:
 623:Drivers/STM32F4xx_HAL_Driver/Src/stm32f4xx_hal_i2s_ex.c **** 
 1506              		.loc 1 623 5 is_stmt 1 view .LVU529
 1507 00b4 2268     		ldr	r2, [r4]
 1508 00b6 3A4B     		ldr	r3, .L156+12
 1509 00b8 9A42     		cmp	r2, r3
 1510 00ba 2BD0     		beq	.L151
 623:Drivers/STM32F4xx_HAL_Driver/Src/stm32f4xx_hal_i2s_ex.c **** 
 1511              		.loc 1 623 5 is_stmt 0 discriminator 2 view .LVU530
 1512 00bc 4FF04022 		mov	r2, #1073758208
 1513              	.L136:
 623:Drivers/STM32F4xx_HAL_Driver/Src/stm32f4xx_hal_i2s_ex.c **** 
 1514              		.loc 1 623 5 discriminator 4 view .LVU531
 1515 00c0 5368     		ldr	r3, [r2, #4]
 623:Drivers/STM32F4xx_HAL_Driver/Src/stm32f4xx_hal_i2s_ex.c **** 
ARM GAS  /tmp/ccXjaJpZ.s 			page 56


 1516              		.loc 1 623 5 discriminator 8 view .LVU532
 1517 00c2 43F00103 		orr	r3, r3, #1
 1518 00c6 5360     		str	r3, [r2, #4]
 626:Drivers/STM32F4xx_HAL_Driver/Src/stm32f4xx_hal_i2s_ex.c ****     status = HAL_DMA_Start_IT(hi2s->hdmatx, *(uint32_t *)tmp, (uint32_t)&hi2s->Instance->DR, hi2s->
 1519              		.loc 1 626 5 is_stmt 1 view .LVU533
 1520              	.LVL70:
 627:Drivers/STM32F4xx_HAL_Driver/Src/stm32f4xx_hal_i2s_ex.c **** 
 1521              		.loc 1 627 5 view .LVU534
 627:Drivers/STM32F4xx_HAL_Driver/Src/stm32f4xx_hal_i2s_ex.c **** 
 1522              		.loc 1 627 78 is_stmt 0 view .LVU535
 1523 00c8 2268     		ldr	r2, [r4]
 627:Drivers/STM32F4xx_HAL_Driver/Src/stm32f4xx_hal_i2s_ex.c **** 
 1524              		.loc 1 627 98 view .LVU536
 1525 00ca 238D     		ldrh	r3, [r4, #40]
 627:Drivers/STM32F4xx_HAL_Driver/Src/stm32f4xx_hal_i2s_ex.c **** 
 1526              		.loc 1 627 14 view .LVU537
 1527 00cc 9BB2     		uxth	r3, r3
 1528 00ce 0C32     		adds	r2, r2, #12
 1529 00d0 2946     		mov	r1, r5
 1530 00d2 A06B     		ldr	r0, [r4, #56]
 1531 00d4 FFF7FEFF 		bl	HAL_DMA_Start_IT
 1532              	.LVL71:
 630:Drivers/STM32F4xx_HAL_Driver/Src/stm32f4xx_hal_i2s_ex.c ****   }
 1533              		.loc 1 630 5 is_stmt 1 view .LVU538
 1534 00d8 2268     		ldr	r2, [r4]
 1535 00da 5368     		ldr	r3, [r2, #4]
 1536 00dc 43F00203 		orr	r3, r3, #2
 1537 00e0 5360     		str	r3, [r2, #4]
 1538              	.LVL72:
 1539              	.L137:
 656:Drivers/STM32F4xx_HAL_Driver/Src/stm32f4xx_hal_i2s_ex.c ****   /* Check if the I2S is already enabled */
 1540              		.loc 1 656 3 view .LVU539
 656:Drivers/STM32F4xx_HAL_Driver/Src/stm32f4xx_hal_i2s_ex.c ****   /* Check if the I2S is already enabled */
 1541              		.loc 1 656 3 view .LVU540
 1542 00e2 0023     		movs	r3, #0
 1543 00e4 84F84030 		strb	r3, [r4, #64]
 656:Drivers/STM32F4xx_HAL_Driver/Src/stm32f4xx_hal_i2s_ex.c ****   /* Check if the I2S is already enabled */
 1544              		.loc 1 656 3 view .LVU541
 658:Drivers/STM32F4xx_HAL_Driver/Src/stm32f4xx_hal_i2s_ex.c ****   {
 1545              		.loc 1 658 3 view .LVU542
 658:Drivers/STM32F4xx_HAL_Driver/Src/stm32f4xx_hal_i2s_ex.c ****   {
 1546              		.loc 1 658 12 is_stmt 0 view .LVU543
 1547 00e8 2368     		ldr	r3, [r4]
 658:Drivers/STM32F4xx_HAL_Driver/Src/stm32f4xx_hal_i2s_ex.c ****   {
 1548              		.loc 1 658 22 view .LVU544
 1549 00ea DA69     		ldr	r2, [r3, #28]
 658:Drivers/STM32F4xx_HAL_Driver/Src/stm32f4xx_hal_i2s_ex.c ****   {
 1550              		.loc 1 658 6 view .LVU545
 1551 00ec 12F4806F 		tst	r2, #1024
 1552 00f0 4CD1     		bne	.L129
 661:Drivers/STM32F4xx_HAL_Driver/Src/stm32f4xx_hal_i2s_ex.c ****     /* Enable I2S peripheral before the I2Sext */
 1553              		.loc 1 661 5 is_stmt 1 view .LVU546
 1554 00f2 2B4A     		ldr	r2, .L156+12
 1555 00f4 9342     		cmp	r3, r2
 1556 00f6 45D0     		beq	.L152
 661:Drivers/STM32F4xx_HAL_Driver/Src/stm32f4xx_hal_i2s_ex.c ****     /* Enable I2S peripheral before the I2Sext */
 1557              		.loc 1 661 5 is_stmt 0 discriminator 2 view .LVU547
ARM GAS  /tmp/ccXjaJpZ.s 			page 57


 1558 00f8 4FF04022 		mov	r2, #1073758208
 1559              	.L141:
 661:Drivers/STM32F4xx_HAL_Driver/Src/stm32f4xx_hal_i2s_ex.c ****     /* Enable I2S peripheral before the I2Sext */
 1560              		.loc 1 661 5 discriminator 4 view .LVU548
 1561 00fc D369     		ldr	r3, [r2, #28]
 661:Drivers/STM32F4xx_HAL_Driver/Src/stm32f4xx_hal_i2s_ex.c ****     /* Enable I2S peripheral before the I2Sext */
 1562              		.loc 1 661 5 discriminator 8 view .LVU549
 1563 00fe 43F48063 		orr	r3, r3, #1024
 1564 0102 D361     		str	r3, [r2, #28]
 663:Drivers/STM32F4xx_HAL_Driver/Src/stm32f4xx_hal_i2s_ex.c ****   }
 1565              		.loc 1 663 5 is_stmt 1 view .LVU550
 1566 0104 2268     		ldr	r2, [r4]
 1567 0106 D369     		ldr	r3, [r2, #28]
 1568 0108 43F48063 		orr	r3, r3, #1024
 1569 010c D361     		str	r3, [r2, #28]
 1570 010e 3DE0     		b	.L129
 1571              	.LVL73:
 1572              	.L150:
 620:Drivers/STM32F4xx_HAL_Driver/Src/stm32f4xx_hal_i2s_ex.c **** 
 1573              		.loc 1 620 56 is_stmt 0 discriminator 1 view .LVU551
 1574 0110 2449     		ldr	r1, .L156+16
 1575 0112 C9E7     		b	.L135
 1576              	.L151:
 623:Drivers/STM32F4xx_HAL_Driver/Src/stm32f4xx_hal_i2s_ex.c **** 
 1577              		.loc 1 623 5 discriminator 1 view .LVU552
 1578 0114 234A     		ldr	r2, .L156+16
 1579 0116 D3E7     		b	.L136
 1580              	.LVL74:
 1581              	.L134:
 635:Drivers/STM32F4xx_HAL_Driver/Src/stm32f4xx_hal_i2s_ex.c ****     {
 1582              		.loc 1 635 5 is_stmt 1 view .LVU553
 635:Drivers/STM32F4xx_HAL_Driver/Src/stm32f4xx_hal_i2s_ex.c ****     {
 1583              		.loc 1 635 24 is_stmt 0 view .LVU554
 1584 0118 D369     		ldr	r3, [r2, #28]
 1585              	.LVL75:
 635:Drivers/STM32F4xx_HAL_Driver/Src/stm32f4xx_hal_i2s_ex.c ****     {
 1586              		.loc 1 635 34 view .LVU555
 1587 011a 03F44073 		and	r3, r3, #768
 635:Drivers/STM32F4xx_HAL_Driver/Src/stm32f4xx_hal_i2s_ex.c ****     {
 1588              		.loc 1 635 8 view .LVU556
 1589 011e B3F5407F 		cmp	r3, #768
 1590 0122 23D0     		beq	.L153
 1591              	.L138:
 639:Drivers/STM32F4xx_HAL_Driver/Src/stm32f4xx_hal_i2s_ex.c ****     }
 1592              		.loc 1 639 7 is_stmt 1 view .LVU557
 642:Drivers/STM32F4xx_HAL_Driver/Src/stm32f4xx_hal_i2s_ex.c ****     status = HAL_DMA_Start_IT(hi2s->hdmatx, *(uint32_t *)tmp, (uint32_t)&I2SxEXT(hi2s->Instance)->D
 1593              		.loc 1 642 5 view .LVU558
 1594              	.LVL76:
 643:Drivers/STM32F4xx_HAL_Driver/Src/stm32f4xx_hal_i2s_ex.c **** 
 1595              		.loc 1 643 5 view .LVU559
 643:Drivers/STM32F4xx_HAL_Driver/Src/stm32f4xx_hal_i2s_ex.c **** 
 1596              		.loc 1 643 14 is_stmt 0 view .LVU560
 1597 0124 A06B     		ldr	r0, [r4, #56]
 643:Drivers/STM32F4xx_HAL_Driver/Src/stm32f4xx_hal_i2s_ex.c **** 
 1598              		.loc 1 643 74 view .LVU561
 1599 0126 1E4B     		ldr	r3, .L156+12
 1600 0128 9A42     		cmp	r2, r3
ARM GAS  /tmp/ccXjaJpZ.s 			page 58


 1601 012a 27D0     		beq	.L154
 643:Drivers/STM32F4xx_HAL_Driver/Src/stm32f4xx_hal_i2s_ex.c **** 
 1602              		.loc 1 643 74 discriminator 2 view .LVU562
 1603 012c 4FF04022 		mov	r2, #1073758208
 1604              	.L139:
 643:Drivers/STM32F4xx_HAL_Driver/Src/stm32f4xx_hal_i2s_ex.c **** 
 1605              		.loc 1 643 107 discriminator 4 view .LVU563
 1606 0130 238D     		ldrh	r3, [r4, #40]
 643:Drivers/STM32F4xx_HAL_Driver/Src/stm32f4xx_hal_i2s_ex.c **** 
 1607              		.loc 1 643 14 discriminator 4 view .LVU564
 1608 0132 9BB2     		uxth	r3, r3
 1609 0134 0C32     		adds	r2, r2, #12
 1610 0136 2946     		mov	r1, r5
 1611 0138 FFF7FEFF 		bl	HAL_DMA_Start_IT
 1612              	.LVL77:
 646:Drivers/STM32F4xx_HAL_Driver/Src/stm32f4xx_hal_i2s_ex.c **** 
 1613              		.loc 1 646 5 is_stmt 1 view .LVU565
 1614 013c 2268     		ldr	r2, [r4]
 1615 013e 184B     		ldr	r3, .L156+12
 1616 0140 9A42     		cmp	r2, r3
 1617 0142 1DD0     		beq	.L155
 646:Drivers/STM32F4xx_HAL_Driver/Src/stm32f4xx_hal_i2s_ex.c **** 
 1618              		.loc 1 646 5 is_stmt 0 discriminator 2 view .LVU566
 1619 0144 4FF04022 		mov	r2, #1073758208
 1620              	.L140:
 646:Drivers/STM32F4xx_HAL_Driver/Src/stm32f4xx_hal_i2s_ex.c **** 
 1621              		.loc 1 646 5 discriminator 4 view .LVU567
 1622 0148 5368     		ldr	r3, [r2, #4]
 646:Drivers/STM32F4xx_HAL_Driver/Src/stm32f4xx_hal_i2s_ex.c **** 
 1623              		.loc 1 646 5 discriminator 8 view .LVU568
 1624 014a 43F00203 		orr	r3, r3, #2
 1625 014e 5360     		str	r3, [r2, #4]
 649:Drivers/STM32F4xx_HAL_Driver/Src/stm32f4xx_hal_i2s_ex.c ****     status = HAL_DMA_Start_IT(hi2s->hdmarx, (uint32_t)&hi2s->Instance->DR, *(uint32_t *)tmp, hi2s->
 1626              		.loc 1 649 5 is_stmt 1 view .LVU569
 1627              	.LVL78:
 650:Drivers/STM32F4xx_HAL_Driver/Src/stm32f4xx_hal_i2s_ex.c **** 
 1628              		.loc 1 650 5 view .LVU570
 650:Drivers/STM32F4xx_HAL_Driver/Src/stm32f4xx_hal_i2s_ex.c **** 
 1629              		.loc 1 650 60 is_stmt 0 view .LVU571
 1630 0150 2168     		ldr	r1, [r4]
 650:Drivers/STM32F4xx_HAL_Driver/Src/stm32f4xx_hal_i2s_ex.c **** 
 1631              		.loc 1 650 98 view .LVU572
 1632 0152 238E     		ldrh	r3, [r4, #48]
 650:Drivers/STM32F4xx_HAL_Driver/Src/stm32f4xx_hal_i2s_ex.c **** 
 1633              		.loc 1 650 14 view .LVU573
 1634 0154 9BB2     		uxth	r3, r3
 1635 0156 3246     		mov	r2, r6
 1636 0158 0C31     		adds	r1, r1, #12
 1637 015a E06B     		ldr	r0, [r4, #60]
 1638 015c FFF7FEFF 		bl	HAL_DMA_Start_IT
 1639              	.LVL79:
 653:Drivers/STM32F4xx_HAL_Driver/Src/stm32f4xx_hal_i2s_ex.c ****   }
 1640              		.loc 1 653 5 is_stmt 1 view .LVU574
 1641 0160 2268     		ldr	r2, [r4]
 1642 0162 5368     		ldr	r3, [r2, #4]
 1643 0164 43F00103 		orr	r3, r3, #1
 1644 0168 5360     		str	r3, [r2, #4]
ARM GAS  /tmp/ccXjaJpZ.s 			page 59


 1645 016a BAE7     		b	.L137
 1646              	.LVL80:
 1647              	.L153:
 639:Drivers/STM32F4xx_HAL_Driver/Src/stm32f4xx_hal_i2s_ex.c ****     }
 1648              		.loc 1 639 7 view .LVU575
 1649              	.LBB9:
 639:Drivers/STM32F4xx_HAL_Driver/Src/stm32f4xx_hal_i2s_ex.c ****     }
 1650              		.loc 1 639 7 view .LVU576
 1651 016c 0023     		movs	r3, #0
 1652 016e 0193     		str	r3, [sp, #4]
 639:Drivers/STM32F4xx_HAL_Driver/Src/stm32f4xx_hal_i2s_ex.c ****     }
 1653              		.loc 1 639 7 view .LVU577
 1654 0170 D368     		ldr	r3, [r2, #12]
 1655 0172 0193     		str	r3, [sp, #4]
 639:Drivers/STM32F4xx_HAL_Driver/Src/stm32f4xx_hal_i2s_ex.c ****     }
 1656              		.loc 1 639 7 view .LVU578
 1657 0174 9368     		ldr	r3, [r2, #8]
 1658 0176 0193     		str	r3, [sp, #4]
 639:Drivers/STM32F4xx_HAL_Driver/Src/stm32f4xx_hal_i2s_ex.c ****     }
 1659              		.loc 1 639 7 view .LVU579
 1660 0178 019B     		ldr	r3, [sp, #4]
 1661 017a D3E7     		b	.L138
 1662              	.LVL81:
 1663              	.L154:
 639:Drivers/STM32F4xx_HAL_Driver/Src/stm32f4xx_hal_i2s_ex.c ****     }
 1664              		.loc 1 639 7 is_stmt 0 view .LVU580
 1665              	.LBE9:
 643:Drivers/STM32F4xx_HAL_Driver/Src/stm32f4xx_hal_i2s_ex.c **** 
 1666              		.loc 1 643 74 discriminator 1 view .LVU581
 1667 017c 094A     		ldr	r2, .L156+16
 1668 017e D7E7     		b	.L139
 1669              	.L155:
 646:Drivers/STM32F4xx_HAL_Driver/Src/stm32f4xx_hal_i2s_ex.c **** 
 1670              		.loc 1 646 5 discriminator 1 view .LVU582
 1671 0180 084A     		ldr	r2, .L156+16
 1672 0182 E1E7     		b	.L140
 1673              	.LVL82:
 1674              	.L152:
 661:Drivers/STM32F4xx_HAL_Driver/Src/stm32f4xx_hal_i2s_ex.c ****     /* Enable I2S peripheral before the I2Sext */
 1675              		.loc 1 661 5 discriminator 1 view .LVU583
 1676 0184 A2F58062 		sub	r2, r2, #1024
 1677 0188 B8E7     		b	.L141
 1678              	.LVL83:
 1679              	.L142:
 559:Drivers/STM32F4xx_HAL_Driver/Src/stm32f4xx_hal_i2s_ex.c ****   }
 1680              		.loc 1 559 12 view .LVU584
 1681 018a 0220     		movs	r0, #2
 1682              	.LVL84:
 1683              	.L129:
 667:Drivers/STM32F4xx_HAL_Driver/Src/stm32f4xx_hal_i2s_ex.c **** 
 1684              		.loc 1 667 1 view .LVU585
 1685 018c 02B0     		add	sp, sp, #8
 1686              	.LCFI9:
 1687              		.cfi_remember_state
 1688              		.cfi_def_cfa_offset 16
 1689              		@ sp needed
 1690 018e 70BD     		pop	{r4, r5, r6, pc}
ARM GAS  /tmp/ccXjaJpZ.s 			page 60


 1691              	.LVL85:
 1692              	.L143:
 1693              	.LCFI10:
 1694              		.cfi_restore_state
 568:Drivers/STM32F4xx_HAL_Driver/Src/stm32f4xx_hal_i2s_ex.c **** 
 1695              		.loc 1 568 3 discriminator 1 view .LVU586
 1696 0190 0220     		movs	r0, #2
 1697 0192 FBE7     		b	.L129
 1698              	.L157:
 1699              		.align	2
 1700              	.L156:
 1701 0194 00000000 		.word	I2SEx_TxRxDMAHalfCplt
 1702 0198 00000000 		.word	I2SEx_TxRxDMACplt
 1703 019c 00000000 		.word	I2SEx_TxRxDMAError
 1704 01a0 00380040 		.word	1073756160
 1705 01a4 00340040 		.word	1073755136
 1706              		.cfi_endproc
 1707              	.LFE241:
 1709              		.section	.text.HAL_I2SEx_TxRxHalfCpltCallback,"ax",%progbits
 1710              		.align	1
 1711              		.weak	HAL_I2SEx_TxRxHalfCpltCallback
 1712              		.syntax unified
 1713              		.thumb
 1714              		.thumb_func
 1716              	HAL_I2SEx_TxRxHalfCpltCallback:
 1717              	.LVL86:
 1718              	.LFB243:
 821:Drivers/STM32F4xx_HAL_Driver/Src/stm32f4xx_hal_i2s_ex.c ****   /* Prevent unused argument(s) compilation warning */
 1719              		.loc 1 821 1 is_stmt 1 view -0
 1720              		.cfi_startproc
 1721              		@ args = 0, pretend = 0, frame = 0
 1722              		@ frame_needed = 0, uses_anonymous_args = 0
 1723              		@ link register save eliminated.
 823:Drivers/STM32F4xx_HAL_Driver/Src/stm32f4xx_hal_i2s_ex.c **** 
 1724              		.loc 1 823 3 view .LVU588
 828:Drivers/STM32F4xx_HAL_Driver/Src/stm32f4xx_hal_i2s_ex.c **** 
 1725              		.loc 1 828 1 is_stmt 0 view .LVU589
 1726 0000 7047     		bx	lr
 1727              		.cfi_endproc
 1728              	.LFE243:
 1730              		.section	.text.I2SEx_TxRxDMAHalfCplt,"ax",%progbits
 1731              		.align	1
 1732              		.syntax unified
 1733              		.thumb
 1734              		.thumb_func
 1736              	I2SEx_TxRxDMAHalfCplt:
 1737              	.LVL87:
 1738              	.LFB245:
 864:Drivers/STM32F4xx_HAL_Driver/Src/stm32f4xx_hal_i2s_ex.c ****   I2S_HandleTypeDef *hi2s = (I2S_HandleTypeDef *)((DMA_HandleTypeDef *)hdma)->Parent;
 1739              		.loc 1 864 1 is_stmt 1 view -0
 1740              		.cfi_startproc
 1741              		@ args = 0, pretend = 0, frame = 0
 1742              		@ frame_needed = 0, uses_anonymous_args = 0
 864:Drivers/STM32F4xx_HAL_Driver/Src/stm32f4xx_hal_i2s_ex.c ****   I2S_HandleTypeDef *hi2s = (I2S_HandleTypeDef *)((DMA_HandleTypeDef *)hdma)->Parent;
 1743              		.loc 1 864 1 is_stmt 0 view .LVU591
 1744 0000 08B5     		push	{r3, lr}
 1745              	.LCFI11:
ARM GAS  /tmp/ccXjaJpZ.s 			page 61


 1746              		.cfi_def_cfa_offset 8
 1747              		.cfi_offset 3, -8
 1748              		.cfi_offset 14, -4
 865:Drivers/STM32F4xx_HAL_Driver/Src/stm32f4xx_hal_i2s_ex.c **** 
 1749              		.loc 1 865 3 is_stmt 1 view .LVU592
 1750              	.LVL88:
 871:Drivers/STM32F4xx_HAL_Driver/Src/stm32f4xx_hal_i2s_ex.c **** #endif /* USE_HAL_I2S_REGISTER_CALLBACKS */
 1751              		.loc 1 871 3 view .LVU593
 1752 0002 806B     		ldr	r0, [r0, #56]
 1753              	.LVL89:
 871:Drivers/STM32F4xx_HAL_Driver/Src/stm32f4xx_hal_i2s_ex.c **** #endif /* USE_HAL_I2S_REGISTER_CALLBACKS */
 1754              		.loc 1 871 3 is_stmt 0 view .LVU594
 1755 0004 FFF7FEFF 		bl	HAL_I2SEx_TxRxHalfCpltCallback
 1756              	.LVL90:
 873:Drivers/STM32F4xx_HAL_Driver/Src/stm32f4xx_hal_i2s_ex.c **** 
 1757              		.loc 1 873 1 view .LVU595
 1758 0008 08BD     		pop	{r3, pc}
 1759              		.cfi_endproc
 1760              	.LFE245:
 1762              		.section	.text.HAL_I2SEx_TxRxCpltCallback,"ax",%progbits
 1763              		.align	1
 1764              		.weak	HAL_I2SEx_TxRxCpltCallback
 1765              		.syntax unified
 1766              		.thumb
 1767              		.thumb_func
 1769              	HAL_I2SEx_TxRxCpltCallback:
 1770              	.LVL91:
 1771              	.LFB244:
 836:Drivers/STM32F4xx_HAL_Driver/Src/stm32f4xx_hal_i2s_ex.c ****   /* Prevent unused argument(s) compilation warning */
 1772              		.loc 1 836 1 is_stmt 1 view -0
 1773              		.cfi_startproc
 1774              		@ args = 0, pretend = 0, frame = 0
 1775              		@ frame_needed = 0, uses_anonymous_args = 0
 1776              		@ link register save eliminated.
 838:Drivers/STM32F4xx_HAL_Driver/Src/stm32f4xx_hal_i2s_ex.c **** 
 1777              		.loc 1 838 3 view .LVU597
 843:Drivers/STM32F4xx_HAL_Driver/Src/stm32f4xx_hal_i2s_ex.c **** 
 1778              		.loc 1 843 1 is_stmt 0 view .LVU598
 1779 0000 7047     		bx	lr
 1780              		.cfi_endproc
 1781              	.LFE244:
 1783              		.section	.text.I2SEx_TxRxDMACplt,"ax",%progbits
 1784              		.align	1
 1785              		.syntax unified
 1786              		.thumb
 1787              		.thumb_func
 1789              	I2SEx_TxRxDMACplt:
 1790              	.LVL92:
 1791              	.LFB246:
 882:Drivers/STM32F4xx_HAL_Driver/Src/stm32f4xx_hal_i2s_ex.c ****   I2S_HandleTypeDef *hi2s = (I2S_HandleTypeDef *)((DMA_HandleTypeDef *)hdma)->Parent;
 1792              		.loc 1 882 1 is_stmt 1 view -0
 1793              		.cfi_startproc
 1794              		@ args = 0, pretend = 0, frame = 0
 1795              		@ frame_needed = 0, uses_anonymous_args = 0
 882:Drivers/STM32F4xx_HAL_Driver/Src/stm32f4xx_hal_i2s_ex.c ****   I2S_HandleTypeDef *hi2s = (I2S_HandleTypeDef *)((DMA_HandleTypeDef *)hdma)->Parent;
 1796              		.loc 1 882 1 is_stmt 0 view .LVU600
 1797 0000 08B5     		push	{r3, lr}
ARM GAS  /tmp/ccXjaJpZ.s 			page 62


 1798              	.LCFI12:
 1799              		.cfi_def_cfa_offset 8
 1800              		.cfi_offset 3, -8
 1801              		.cfi_offset 14, -4
 1802 0002 0346     		mov	r3, r0
 883:Drivers/STM32F4xx_HAL_Driver/Src/stm32f4xx_hal_i2s_ex.c **** 
 1803              		.loc 1 883 3 is_stmt 1 view .LVU601
 883:Drivers/STM32F4xx_HAL_Driver/Src/stm32f4xx_hal_i2s_ex.c **** 
 1804              		.loc 1 883 22 is_stmt 0 view .LVU602
 1805 0004 806B     		ldr	r0, [r0, #56]
 1806              	.LVL93:
 886:Drivers/STM32F4xx_HAL_Driver/Src/stm32f4xx_hal_i2s_ex.c ****   {
 1807              		.loc 1 886 3 is_stmt 1 view .LVU603
 886:Drivers/STM32F4xx_HAL_Driver/Src/stm32f4xx_hal_i2s_ex.c ****   {
 1808              		.loc 1 886 17 is_stmt 0 view .LVU604
 1809 0006 DB69     		ldr	r3, [r3, #28]
 1810              	.LVL94:
 886:Drivers/STM32F4xx_HAL_Driver/Src/stm32f4xx_hal_i2s_ex.c ****   {
 1811              		.loc 1 886 6 view .LVU605
 1812 0008 F3B9     		cbnz	r3, .L163
 888:Drivers/STM32F4xx_HAL_Driver/Src/stm32f4xx_hal_i2s_ex.c ****         ((hi2s->Instance->I2SCFGR & SPI_I2SCFGR_I2SCFG) == I2S_MODE_SLAVE_TX))
 1813              		.loc 1 888 5 is_stmt 1 view .LVU606
 888:Drivers/STM32F4xx_HAL_Driver/Src/stm32f4xx_hal_i2s_ex.c ****         ((hi2s->Instance->I2SCFGR & SPI_I2SCFGR_I2SCFG) == I2S_MODE_SLAVE_TX))
 1814              		.loc 1 888 15 is_stmt 0 view .LVU607
 1815 000a 0268     		ldr	r2, [r0]
 888:Drivers/STM32F4xx_HAL_Driver/Src/stm32f4xx_hal_i2s_ex.c ****         ((hi2s->Instance->I2SCFGR & SPI_I2SCFGR_I2SCFG) == I2S_MODE_SLAVE_TX))
 1816              		.loc 1 888 25 view .LVU608
 1817 000c D369     		ldr	r3, [r2, #28]
 888:Drivers/STM32F4xx_HAL_Driver/Src/stm32f4xx_hal_i2s_ex.c ****         ((hi2s->Instance->I2SCFGR & SPI_I2SCFGR_I2SCFG) == I2S_MODE_SLAVE_TX))
 1818              		.loc 1 888 35 view .LVU609
 1819 000e 03F44073 		and	r3, r3, #768
 888:Drivers/STM32F4xx_HAL_Driver/Src/stm32f4xx_hal_i2s_ex.c ****         ((hi2s->Instance->I2SCFGR & SPI_I2SCFGR_I2SCFG) == I2S_MODE_SLAVE_TX))
 1820              		.loc 1 888 8 view .LVU610
 1821 0012 B3F5007F 		cmp	r3, #512
 1822 0016 03D0     		beq	.L164
 889:Drivers/STM32F4xx_HAL_Driver/Src/stm32f4xx_hal_i2s_ex.c ****     /* Disable Tx & Rx DMA Requests */
 1823              		.loc 1 889 25 view .LVU611
 1824 0018 D369     		ldr	r3, [r2, #28]
 888:Drivers/STM32F4xx_HAL_Driver/Src/stm32f4xx_hal_i2s_ex.c ****         ((hi2s->Instance->I2SCFGR & SPI_I2SCFGR_I2SCFG) == I2S_MODE_SLAVE_TX))
 1825              		.loc 1 888 80 discriminator 1 view .LVU612
 1826 001a 13F4407F 		tst	r3, #768
 1827 001e 18D1     		bne	.L165
 1828              	.L164:
 892:Drivers/STM32F4xx_HAL_Driver/Src/stm32f4xx_hal_i2s_ex.c ****       CLEAR_BIT(hi2s->Instance->CR2, SPI_CR2_TXDMAEN);
 1829              		.loc 1 892 7 is_stmt 1 view .LVU613
 1830 0020 144B     		ldr	r3, .L174
 1831 0022 9A42     		cmp	r2, r3
 1832 0024 13D0     		beq	.L172
 892:Drivers/STM32F4xx_HAL_Driver/Src/stm32f4xx_hal_i2s_ex.c ****       CLEAR_BIT(hi2s->Instance->CR2, SPI_CR2_TXDMAEN);
 1833              		.loc 1 892 7 is_stmt 0 discriminator 2 view .LVU614
 1834 0026 4FF04022 		mov	r2, #1073758208
 1835              	.L166:
 892:Drivers/STM32F4xx_HAL_Driver/Src/stm32f4xx_hal_i2s_ex.c ****       CLEAR_BIT(hi2s->Instance->CR2, SPI_CR2_TXDMAEN);
 1836              		.loc 1 892 7 discriminator 4 view .LVU615
 1837 002a 5368     		ldr	r3, [r2, #4]
 892:Drivers/STM32F4xx_HAL_Driver/Src/stm32f4xx_hal_i2s_ex.c ****       CLEAR_BIT(hi2s->Instance->CR2, SPI_CR2_TXDMAEN);
 1838              		.loc 1 892 7 discriminator 8 view .LVU616
ARM GAS  /tmp/ccXjaJpZ.s 			page 63


 1839 002c 23F00103 		bic	r3, r3, #1
 1840 0030 5360     		str	r3, [r2, #4]
 893:Drivers/STM32F4xx_HAL_Driver/Src/stm32f4xx_hal_i2s_ex.c ****     }
 1841              		.loc 1 893 7 is_stmt 1 view .LVU617
 1842 0032 0268     		ldr	r2, [r0]
 1843 0034 5368     		ldr	r3, [r2, #4]
 1844 0036 23F00203 		bic	r3, r3, #2
 1845 003a 5360     		str	r3, [r2, #4]
 1846              	.L167:
 901:Drivers/STM32F4xx_HAL_Driver/Src/stm32f4xx_hal_i2s_ex.c ****     hi2s->TxXferCount = 0U;
 1847              		.loc 1 901 5 view .LVU618
 901:Drivers/STM32F4xx_HAL_Driver/Src/stm32f4xx_hal_i2s_ex.c ****     hi2s->TxXferCount = 0U;
 1848              		.loc 1 901 23 is_stmt 0 view .LVU619
 1849 003c 0023     		movs	r3, #0
 1850 003e 4386     		strh	r3, [r0, #50]	@ movhi
 902:Drivers/STM32F4xx_HAL_Driver/Src/stm32f4xx_hal_i2s_ex.c **** 
 1851              		.loc 1 902 5 is_stmt 1 view .LVU620
 902:Drivers/STM32F4xx_HAL_Driver/Src/stm32f4xx_hal_i2s_ex.c **** 
 1852              		.loc 1 902 23 is_stmt 0 view .LVU621
 1853 0040 4385     		strh	r3, [r0, #42]	@ movhi
 904:Drivers/STM32F4xx_HAL_Driver/Src/stm32f4xx_hal_i2s_ex.c ****   }
 1854              		.loc 1 904 5 is_stmt 1 view .LVU622
 904:Drivers/STM32F4xx_HAL_Driver/Src/stm32f4xx_hal_i2s_ex.c ****   }
 1855              		.loc 1 904 17 is_stmt 0 view .LVU623
 1856 0042 0123     		movs	r3, #1
 1857 0044 80F84130 		strb	r3, [r0, #65]
 1858              	.L163:
 911:Drivers/STM32F4xx_HAL_Driver/Src/stm32f4xx_hal_i2s_ex.c **** #endif /* USE_HAL_I2S_REGISTER_CALLBACKS */
 1859              		.loc 1 911 3 is_stmt 1 view .LVU624
 1860 0048 FFF7FEFF 		bl	HAL_I2SEx_TxRxCpltCallback
 1861              	.LVL95:
 913:Drivers/STM32F4xx_HAL_Driver/Src/stm32f4xx_hal_i2s_ex.c **** 
 1862              		.loc 1 913 1 is_stmt 0 view .LVU625
 1863 004c 08BD     		pop	{r3, pc}
 1864              	.LVL96:
 1865              	.L172:
 892:Drivers/STM32F4xx_HAL_Driver/Src/stm32f4xx_hal_i2s_ex.c ****       CLEAR_BIT(hi2s->Instance->CR2, SPI_CR2_TXDMAEN);
 1866              		.loc 1 892 7 discriminator 1 view .LVU626
 1867 004e 0A4A     		ldr	r2, .L174+4
 1868 0050 EBE7     		b	.L166
 1869              	.L165:
 897:Drivers/STM32F4xx_HAL_Driver/Src/stm32f4xx_hal_i2s_ex.c ****       CLEAR_BIT(I2SxEXT(hi2s->Instance)->CR2, SPI_CR2_TXDMAEN);
 1870              		.loc 1 897 7 is_stmt 1 view .LVU627
 1871 0052 5368     		ldr	r3, [r2, #4]
 1872 0054 23F00103 		bic	r3, r3, #1
 1873 0058 5360     		str	r3, [r2, #4]
 898:Drivers/STM32F4xx_HAL_Driver/Src/stm32f4xx_hal_i2s_ex.c ****     }
 1874              		.loc 1 898 7 view .LVU628
 1875 005a 0268     		ldr	r2, [r0]
 1876 005c 054B     		ldr	r3, .L174
 1877 005e 9A42     		cmp	r2, r3
 1878 0060 06D0     		beq	.L173
 898:Drivers/STM32F4xx_HAL_Driver/Src/stm32f4xx_hal_i2s_ex.c ****     }
 1879              		.loc 1 898 7 is_stmt 0 discriminator 2 view .LVU629
 1880 0062 4FF04022 		mov	r2, #1073758208
 1881              	.L168:
 898:Drivers/STM32F4xx_HAL_Driver/Src/stm32f4xx_hal_i2s_ex.c ****     }
ARM GAS  /tmp/ccXjaJpZ.s 			page 64


 1882              		.loc 1 898 7 discriminator 4 view .LVU630
 1883 0066 5368     		ldr	r3, [r2, #4]
 898:Drivers/STM32F4xx_HAL_Driver/Src/stm32f4xx_hal_i2s_ex.c ****     }
 1884              		.loc 1 898 7 discriminator 8 view .LVU631
 1885 0068 23F00203 		bic	r3, r3, #2
 1886 006c 5360     		str	r3, [r2, #4]
 1887 006e E5E7     		b	.L167
 1888              	.L173:
 898:Drivers/STM32F4xx_HAL_Driver/Src/stm32f4xx_hal_i2s_ex.c ****     }
 1889              		.loc 1 898 7 discriminator 1 view .LVU632
 1890 0070 014A     		ldr	r2, .L174+4
 1891 0072 F8E7     		b	.L168
 1892              	.L175:
 1893              		.align	2
 1894              	.L174:
 1895 0074 00380040 		.word	1073756160
 1896 0078 00340040 		.word	1073755136
 1897              		.cfi_endproc
 1898              	.LFE246:
 1900              		.section	.text.I2SEx_TxISR_I2S,"ax",%progbits
 1901              		.align	1
 1902              		.syntax unified
 1903              		.thumb
 1904              		.thumb_func
 1906              	I2SEx_TxISR_I2S:
 1907              	.LVL97:
 1908              	.LFB248:
 949:Drivers/STM32F4xx_HAL_Driver/Src/stm32f4xx_hal_i2s_ex.c ****   /* Write Data on DR register */
 1909              		.loc 1 949 1 is_stmt 1 view -0
 1910              		.cfi_startproc
 1911              		@ args = 0, pretend = 0, frame = 0
 1912              		@ frame_needed = 0, uses_anonymous_args = 0
 949:Drivers/STM32F4xx_HAL_Driver/Src/stm32f4xx_hal_i2s_ex.c ****   /* Write Data on DR register */
 1913              		.loc 1 949 1 is_stmt 0 view .LVU634
 1914 0000 08B5     		push	{r3, lr}
 1915              	.LCFI13:
 1916              		.cfi_def_cfa_offset 8
 1917              		.cfi_offset 3, -8
 1918              		.cfi_offset 14, -4
 951:Drivers/STM32F4xx_HAL_Driver/Src/stm32f4xx_hal_i2s_ex.c ****   hi2s->TxXferCount--;
 1919              		.loc 1 951 3 is_stmt 1 view .LVU635
 951:Drivers/STM32F4xx_HAL_Driver/Src/stm32f4xx_hal_i2s_ex.c ****   hi2s->TxXferCount--;
 1920              		.loc 1 951 30 is_stmt 0 view .LVU636
 1921 0002 436A     		ldr	r3, [r0, #36]
 951:Drivers/STM32F4xx_HAL_Driver/Src/stm32f4xx_hal_i2s_ex.c ****   hi2s->TxXferCount--;
 1922              		.loc 1 951 42 view .LVU637
 1923 0004 9A1C     		adds	r2, r3, #2
 1924 0006 4262     		str	r2, [r0, #36]
 951:Drivers/STM32F4xx_HAL_Driver/Src/stm32f4xx_hal_i2s_ex.c ****   hi2s->TxXferCount--;
 1925              		.loc 1 951 7 view .LVU638
 1926 0008 0268     		ldr	r2, [r0]
 951:Drivers/STM32F4xx_HAL_Driver/Src/stm32f4xx_hal_i2s_ex.c ****   hi2s->TxXferCount--;
 1927              		.loc 1 951 25 view .LVU639
 1928 000a 1B88     		ldrh	r3, [r3]
 951:Drivers/STM32F4xx_HAL_Driver/Src/stm32f4xx_hal_i2s_ex.c ****   hi2s->TxXferCount--;
 1929              		.loc 1 951 22 view .LVU640
 1930 000c D360     		str	r3, [r2, #12]
ARM GAS  /tmp/ccXjaJpZ.s 			page 65


 952:Drivers/STM32F4xx_HAL_Driver/Src/stm32f4xx_hal_i2s_ex.c **** 
 1931              		.loc 1 952 3 is_stmt 1 view .LVU641
 952:Drivers/STM32F4xx_HAL_Driver/Src/stm32f4xx_hal_i2s_ex.c **** 
 1932              		.loc 1 952 7 is_stmt 0 view .LVU642
 1933 000e 438D     		ldrh	r3, [r0, #42]
 1934 0010 9BB2     		uxth	r3, r3
 952:Drivers/STM32F4xx_HAL_Driver/Src/stm32f4xx_hal_i2s_ex.c **** 
 1935              		.loc 1 952 20 view .LVU643
 1936 0012 013B     		subs	r3, r3, #1
 1937 0014 9BB2     		uxth	r3, r3
 1938 0016 4385     		strh	r3, [r0, #42]	@ movhi
 954:Drivers/STM32F4xx_HAL_Driver/Src/stm32f4xx_hal_i2s_ex.c ****   {
 1939              		.loc 1 954 3 is_stmt 1 view .LVU644
 954:Drivers/STM32F4xx_HAL_Driver/Src/stm32f4xx_hal_i2s_ex.c ****   {
 1940              		.loc 1 954 11 is_stmt 0 view .LVU645
 1941 0018 438D     		ldrh	r3, [r0, #42]
 1942 001a 9BB2     		uxth	r3, r3
 954:Drivers/STM32F4xx_HAL_Driver/Src/stm32f4xx_hal_i2s_ex.c ****   {
 1943              		.loc 1 954 6 view .LVU646
 1944 001c 3BB9     		cbnz	r3, .L176
 957:Drivers/STM32F4xx_HAL_Driver/Src/stm32f4xx_hal_i2s_ex.c **** 
 1945              		.loc 1 957 5 is_stmt 1 view .LVU647
 1946 001e 0268     		ldr	r2, [r0]
 1947 0020 5368     		ldr	r3, [r2, #4]
 1948 0022 23F0A003 		bic	r3, r3, #160
 1949 0026 5360     		str	r3, [r2, #4]
 959:Drivers/STM32F4xx_HAL_Driver/Src/stm32f4xx_hal_i2s_ex.c ****     {
 1950              		.loc 1 959 5 view .LVU648
 959:Drivers/STM32F4xx_HAL_Driver/Src/stm32f4xx_hal_i2s_ex.c ****     {
 1951              		.loc 1 959 13 is_stmt 0 view .LVU649
 1952 0028 438E     		ldrh	r3, [r0, #50]
 1953 002a 9BB2     		uxth	r3, r3
 959:Drivers/STM32F4xx_HAL_Driver/Src/stm32f4xx_hal_i2s_ex.c ****     {
 1954              		.loc 1 959 8 view .LVU650
 1955 002c 03B1     		cbz	r3, .L179
 1956              	.LVL98:
 1957              	.L176:
 970:Drivers/STM32F4xx_HAL_Driver/Src/stm32f4xx_hal_i2s_ex.c **** 
 1958              		.loc 1 970 1 view .LVU651
 1959 002e 08BD     		pop	{r3, pc}
 1960              	.LVL99:
 1961              	.L179:
 961:Drivers/STM32F4xx_HAL_Driver/Src/stm32f4xx_hal_i2s_ex.c ****       /* Call user TxRx complete callback */
 1962              		.loc 1 961 7 is_stmt 1 view .LVU652
 961:Drivers/STM32F4xx_HAL_Driver/Src/stm32f4xx_hal_i2s_ex.c ****       /* Call user TxRx complete callback */
 1963              		.loc 1 961 19 is_stmt 0 view .LVU653
 1964 0030 0123     		movs	r3, #1
 1965 0032 80F84130 		strb	r3, [r0, #65]
 966:Drivers/STM32F4xx_HAL_Driver/Src/stm32f4xx_hal_i2s_ex.c **** #endif /* USE_HAL_I2S_REGISTER_CALLBACKS */
 1966              		.loc 1 966 7 is_stmt 1 view .LVU654
 1967 0036 FFF7FEFF 		bl	HAL_I2SEx_TxRxCpltCallback
 1968              	.LVL100:
 970:Drivers/STM32F4xx_HAL_Driver/Src/stm32f4xx_hal_i2s_ex.c **** 
 1969              		.loc 1 970 1 is_stmt 0 view .LVU655
 1970 003a F8E7     		b	.L176
 1971              		.cfi_endproc
 1972              	.LFE248:
ARM GAS  /tmp/ccXjaJpZ.s 			page 66


 1974              		.section	.text.I2SEx_RxISR_I2SExt,"ax",%progbits
 1975              		.align	1
 1976              		.syntax unified
 1977              		.thumb
 1978              		.thumb_func
 1980              	I2SEx_RxISR_I2SExt:
 1981              	.LVL101:
 1982              	.LFB251:
1036:Drivers/STM32F4xx_HAL_Driver/Src/stm32f4xx_hal_i2s_ex.c ****   /* Read Data from DR register */
 1983              		.loc 1 1036 1 is_stmt 1 view -0
 1984              		.cfi_startproc
 1985              		@ args = 0, pretend = 0, frame = 0
 1986              		@ frame_needed = 0, uses_anonymous_args = 0
1036:Drivers/STM32F4xx_HAL_Driver/Src/stm32f4xx_hal_i2s_ex.c ****   /* Read Data from DR register */
 1987              		.loc 1 1036 1 is_stmt 0 view .LVU657
 1988 0000 08B5     		push	{r3, lr}
 1989              	.LCFI14:
 1990              		.cfi_def_cfa_offset 8
 1991              		.cfi_offset 3, -8
 1992              		.cfi_offset 14, -4
1038:Drivers/STM32F4xx_HAL_Driver/Src/stm32f4xx_hal_i2s_ex.c ****   hi2s->RxXferCount--;
 1993              		.loc 1 1038 3 is_stmt 1 view .LVU658
1038:Drivers/STM32F4xx_HAL_Driver/Src/stm32f4xx_hal_i2s_ex.c ****   hi2s->RxXferCount--;
 1994              		.loc 1 1038 27 is_stmt 0 view .LVU659
 1995 0002 0268     		ldr	r2, [r0]
 1996 0004 154B     		ldr	r3, .L190
 1997 0006 9A42     		cmp	r2, r3
 1998 0008 1CD0     		beq	.L187
1038:Drivers/STM32F4xx_HAL_Driver/Src/stm32f4xx_hal_i2s_ex.c ****   hi2s->RxXferCount--;
 1999              		.loc 1 1038 27 discriminator 2 view .LVU660
 2000 000a 4FF04023 		mov	r3, #1073758208
 2001              	.L181:
1038:Drivers/STM32F4xx_HAL_Driver/Src/stm32f4xx_hal_i2s_ex.c ****   hi2s->RxXferCount--;
 2002              		.loc 1 1038 50 discriminator 4 view .LVU661
 2003 000e DA68     		ldr	r2, [r3, #12]
1038:Drivers/STM32F4xx_HAL_Driver/Src/stm32f4xx_hal_i2s_ex.c ****   hi2s->RxXferCount--;
 2004              		.loc 1 1038 9 discriminator 4 view .LVU662
 2005 0010 C36A     		ldr	r3, [r0, #44]
1038:Drivers/STM32F4xx_HAL_Driver/Src/stm32f4xx_hal_i2s_ex.c ****   hi2s->RxXferCount--;
 2006              		.loc 1 1038 21 discriminator 4 view .LVU663
 2007 0012 991C     		adds	r1, r3, #2
 2008 0014 C162     		str	r1, [r0, #44]
1038:Drivers/STM32F4xx_HAL_Driver/Src/stm32f4xx_hal_i2s_ex.c ****   hi2s->RxXferCount--;
 2009              		.loc 1 1038 25 discriminator 4 view .LVU664
 2010 0016 1A80     		strh	r2, [r3]	@ movhi
1039:Drivers/STM32F4xx_HAL_Driver/Src/stm32f4xx_hal_i2s_ex.c **** 
 2011              		.loc 1 1039 3 is_stmt 1 view .LVU665
1039:Drivers/STM32F4xx_HAL_Driver/Src/stm32f4xx_hal_i2s_ex.c **** 
 2012              		.loc 1 1039 7 is_stmt 0 view .LVU666
 2013 0018 438E     		ldrh	r3, [r0, #50]
 2014 001a 9BB2     		uxth	r3, r3
1039:Drivers/STM32F4xx_HAL_Driver/Src/stm32f4xx_hal_i2s_ex.c **** 
 2015              		.loc 1 1039 20 view .LVU667
 2016 001c 013B     		subs	r3, r3, #1
 2017 001e 9BB2     		uxth	r3, r3
 2018 0020 4386     		strh	r3, [r0, #50]	@ movhi
1041:Drivers/STM32F4xx_HAL_Driver/Src/stm32f4xx_hal_i2s_ex.c ****   {
ARM GAS  /tmp/ccXjaJpZ.s 			page 67


 2019              		.loc 1 1041 3 is_stmt 1 view .LVU668
1041:Drivers/STM32F4xx_HAL_Driver/Src/stm32f4xx_hal_i2s_ex.c ****   {
 2020              		.loc 1 1041 11 is_stmt 0 view .LVU669
 2021 0022 438E     		ldrh	r3, [r0, #50]
 2022 0024 9BB2     		uxth	r3, r3
1041:Drivers/STM32F4xx_HAL_Driver/Src/stm32f4xx_hal_i2s_ex.c ****   {
 2023              		.loc 1 1041 6 view .LVU670
 2024 0026 63B9     		cbnz	r3, .L180
1044:Drivers/STM32F4xx_HAL_Driver/Src/stm32f4xx_hal_i2s_ex.c **** 
 2025              		.loc 1 1044 5 is_stmt 1 view .LVU671
 2026 0028 0268     		ldr	r2, [r0]
 2027 002a 0C4B     		ldr	r3, .L190
 2028 002c 9A42     		cmp	r2, r3
 2029 002e 0CD0     		beq	.L188
1044:Drivers/STM32F4xx_HAL_Driver/Src/stm32f4xx_hal_i2s_ex.c **** 
 2030              		.loc 1 1044 5 is_stmt 0 discriminator 2 view .LVU672
 2031 0030 4FF04022 		mov	r2, #1073758208
 2032              	.L183:
1044:Drivers/STM32F4xx_HAL_Driver/Src/stm32f4xx_hal_i2s_ex.c **** 
 2033              		.loc 1 1044 5 discriminator 4 view .LVU673
 2034 0034 5368     		ldr	r3, [r2, #4]
1044:Drivers/STM32F4xx_HAL_Driver/Src/stm32f4xx_hal_i2s_ex.c **** 
 2035              		.loc 1 1044 5 discriminator 8 view .LVU674
 2036 0036 23F06003 		bic	r3, r3, #96
 2037 003a 5360     		str	r3, [r2, #4]
1046:Drivers/STM32F4xx_HAL_Driver/Src/stm32f4xx_hal_i2s_ex.c ****     {
 2038              		.loc 1 1046 5 is_stmt 1 view .LVU675
1046:Drivers/STM32F4xx_HAL_Driver/Src/stm32f4xx_hal_i2s_ex.c ****     {
 2039              		.loc 1 1046 13 is_stmt 0 view .LVU676
 2040 003c 438D     		ldrh	r3, [r0, #42]
 2041 003e 9BB2     		uxth	r3, r3
1046:Drivers/STM32F4xx_HAL_Driver/Src/stm32f4xx_hal_i2s_ex.c ****     {
 2042              		.loc 1 1046 8 view .LVU677
 2043 0040 2BB1     		cbz	r3, .L189
 2044              	.LVL102:
 2045              	.L180:
1057:Drivers/STM32F4xx_HAL_Driver/Src/stm32f4xx_hal_i2s_ex.c **** 
 2046              		.loc 1 1057 1 view .LVU678
 2047 0042 08BD     		pop	{r3, pc}
 2048              	.LVL103:
 2049              	.L187:
1038:Drivers/STM32F4xx_HAL_Driver/Src/stm32f4xx_hal_i2s_ex.c ****   hi2s->RxXferCount--;
 2050              		.loc 1 1038 27 discriminator 1 view .LVU679
 2051 0044 A3F58063 		sub	r3, r3, #1024
 2052 0048 E1E7     		b	.L181
 2053              	.L188:
1044:Drivers/STM32F4xx_HAL_Driver/Src/stm32f4xx_hal_i2s_ex.c **** 
 2054              		.loc 1 1044 5 discriminator 1 view .LVU680
 2055 004a 054A     		ldr	r2, .L190+4
 2056 004c F2E7     		b	.L183
 2057              	.L189:
1048:Drivers/STM32F4xx_HAL_Driver/Src/stm32f4xx_hal_i2s_ex.c ****       /* Call user TxRx complete callback */
 2058              		.loc 1 1048 7 is_stmt 1 view .LVU681
1048:Drivers/STM32F4xx_HAL_Driver/Src/stm32f4xx_hal_i2s_ex.c ****       /* Call user TxRx complete callback */
 2059              		.loc 1 1048 19 is_stmt 0 view .LVU682
 2060 004e 0123     		movs	r3, #1
 2061 0050 80F84130 		strb	r3, [r0, #65]
ARM GAS  /tmp/ccXjaJpZ.s 			page 68


1053:Drivers/STM32F4xx_HAL_Driver/Src/stm32f4xx_hal_i2s_ex.c **** #endif /* USE_HAL_I2S_REGISTER_CALLBACKS */
 2062              		.loc 1 1053 7 is_stmt 1 view .LVU683
 2063 0054 FFF7FEFF 		bl	HAL_I2SEx_TxRxCpltCallback
 2064              	.LVL104:
1057:Drivers/STM32F4xx_HAL_Driver/Src/stm32f4xx_hal_i2s_ex.c **** 
 2065              		.loc 1 1057 1 is_stmt 0 view .LVU684
 2066 0058 F3E7     		b	.L180
 2067              	.L191:
 2068 005a 00BF     		.align	2
 2069              	.L190:
 2070 005c 00380040 		.word	1073756160
 2071 0060 00340040 		.word	1073755136
 2072              		.cfi_endproc
 2073              	.LFE251:
 2075              		.section	.text.I2SEx_TxISR_I2SExt,"ax",%progbits
 2076              		.align	1
 2077              		.syntax unified
 2078              		.thumb
 2079              		.thumb_func
 2081              	I2SEx_TxISR_I2SExt:
 2082              	.LVL105:
 2083              	.LFB249:
 978:Drivers/STM32F4xx_HAL_Driver/Src/stm32f4xx_hal_i2s_ex.c ****   /* Write Data on DR register */
 2084              		.loc 1 978 1 is_stmt 1 view -0
 2085              		.cfi_startproc
 2086              		@ args = 0, pretend = 0, frame = 0
 2087              		@ frame_needed = 0, uses_anonymous_args = 0
 978:Drivers/STM32F4xx_HAL_Driver/Src/stm32f4xx_hal_i2s_ex.c ****   /* Write Data on DR register */
 2088              		.loc 1 978 1 is_stmt 0 view .LVU686
 2089 0000 08B5     		push	{r3, lr}
 2090              	.LCFI15:
 2091              		.cfi_def_cfa_offset 8
 2092              		.cfi_offset 3, -8
 2093              		.cfi_offset 14, -4
 980:Drivers/STM32F4xx_HAL_Driver/Src/stm32f4xx_hal_i2s_ex.c ****   hi2s->TxXferCount--;
 2094              		.loc 1 980 3 is_stmt 1 view .LVU687
 980:Drivers/STM32F4xx_HAL_Driver/Src/stm32f4xx_hal_i2s_ex.c ****   hi2s->TxXferCount--;
 2095              		.loc 1 980 39 is_stmt 0 view .LVU688
 2096 0002 436A     		ldr	r3, [r0, #36]
 980:Drivers/STM32F4xx_HAL_Driver/Src/stm32f4xx_hal_i2s_ex.c ****   hi2s->TxXferCount--;
 2097              		.loc 1 980 51 view .LVU689
 2098 0004 9A1C     		adds	r2, r3, #2
 2099 0006 4262     		str	r2, [r0, #36]
 980:Drivers/STM32F4xx_HAL_Driver/Src/stm32f4xx_hal_i2s_ex.c ****   hi2s->TxXferCount--;
 2100              		.loc 1 980 34 view .LVU690
 2101 0008 1A88     		ldrh	r2, [r3]
 980:Drivers/STM32F4xx_HAL_Driver/Src/stm32f4xx_hal_i2s_ex.c ****   hi2s->TxXferCount--;
 2102              		.loc 1 980 3 view .LVU691
 2103 000a 0168     		ldr	r1, [r0]
 2104 000c 134B     		ldr	r3, .L202
 2105 000e 9942     		cmp	r1, r3
 2106 0010 18D0     		beq	.L199
 980:Drivers/STM32F4xx_HAL_Driver/Src/stm32f4xx_hal_i2s_ex.c ****   hi2s->TxXferCount--;
 2107              		.loc 1 980 3 discriminator 2 view .LVU692
 2108 0012 4FF04023 		mov	r3, #1073758208
 2109              	.L193:
 980:Drivers/STM32F4xx_HAL_Driver/Src/stm32f4xx_hal_i2s_ex.c ****   hi2s->TxXferCount--;
ARM GAS  /tmp/ccXjaJpZ.s 			page 69


 2110              		.loc 1 980 31 discriminator 4 view .LVU693
 2111 0016 DA60     		str	r2, [r3, #12]
 981:Drivers/STM32F4xx_HAL_Driver/Src/stm32f4xx_hal_i2s_ex.c **** 
 2112              		.loc 1 981 3 is_stmt 1 view .LVU694
 981:Drivers/STM32F4xx_HAL_Driver/Src/stm32f4xx_hal_i2s_ex.c **** 
 2113              		.loc 1 981 7 is_stmt 0 view .LVU695
 2114 0018 438D     		ldrh	r3, [r0, #42]
 2115 001a 9BB2     		uxth	r3, r3
 981:Drivers/STM32F4xx_HAL_Driver/Src/stm32f4xx_hal_i2s_ex.c **** 
 2116              		.loc 1 981 20 view .LVU696
 2117 001c 013B     		subs	r3, r3, #1
 2118 001e 9BB2     		uxth	r3, r3
 2119 0020 4385     		strh	r3, [r0, #42]	@ movhi
 983:Drivers/STM32F4xx_HAL_Driver/Src/stm32f4xx_hal_i2s_ex.c ****   {
 2120              		.loc 1 983 3 is_stmt 1 view .LVU697
 983:Drivers/STM32F4xx_HAL_Driver/Src/stm32f4xx_hal_i2s_ex.c ****   {
 2121              		.loc 1 983 11 is_stmt 0 view .LVU698
 2122 0022 438D     		ldrh	r3, [r0, #42]
 2123 0024 9BB2     		uxth	r3, r3
 983:Drivers/STM32F4xx_HAL_Driver/Src/stm32f4xx_hal_i2s_ex.c ****   {
 2124              		.loc 1 983 6 view .LVU699
 2125 0026 63B9     		cbnz	r3, .L192
 986:Drivers/STM32F4xx_HAL_Driver/Src/stm32f4xx_hal_i2s_ex.c **** 
 2126              		.loc 1 986 5 is_stmt 1 view .LVU700
 2127 0028 0268     		ldr	r2, [r0]
 2128 002a 0C4B     		ldr	r3, .L202
 2129 002c 9A42     		cmp	r2, r3
 2130 002e 0CD0     		beq	.L200
 986:Drivers/STM32F4xx_HAL_Driver/Src/stm32f4xx_hal_i2s_ex.c **** 
 2131              		.loc 1 986 5 is_stmt 0 discriminator 2 view .LVU701
 2132 0030 4FF04022 		mov	r2, #1073758208
 2133              	.L195:
 986:Drivers/STM32F4xx_HAL_Driver/Src/stm32f4xx_hal_i2s_ex.c **** 
 2134              		.loc 1 986 5 discriminator 4 view .LVU702
 2135 0034 5368     		ldr	r3, [r2, #4]
 986:Drivers/STM32F4xx_HAL_Driver/Src/stm32f4xx_hal_i2s_ex.c **** 
 2136              		.loc 1 986 5 discriminator 8 view .LVU703
 2137 0036 23F0A003 		bic	r3, r3, #160
 2138 003a 5360     		str	r3, [r2, #4]
 988:Drivers/STM32F4xx_HAL_Driver/Src/stm32f4xx_hal_i2s_ex.c ****     {
 2139              		.loc 1 988 5 is_stmt 1 view .LVU704
 988:Drivers/STM32F4xx_HAL_Driver/Src/stm32f4xx_hal_i2s_ex.c ****     {
 2140              		.loc 1 988 13 is_stmt 0 view .LVU705
 2141 003c 438E     		ldrh	r3, [r0, #50]
 2142 003e 9BB2     		uxth	r3, r3
 988:Drivers/STM32F4xx_HAL_Driver/Src/stm32f4xx_hal_i2s_ex.c ****     {
 2143              		.loc 1 988 8 view .LVU706
 2144 0040 2BB1     		cbz	r3, .L201
 2145              	.LVL106:
 2146              	.L192:
 999:Drivers/STM32F4xx_HAL_Driver/Src/stm32f4xx_hal_i2s_ex.c **** 
 2147              		.loc 1 999 1 view .LVU707
 2148 0042 08BD     		pop	{r3, pc}
 2149              	.LVL107:
 2150              	.L199:
 980:Drivers/STM32F4xx_HAL_Driver/Src/stm32f4xx_hal_i2s_ex.c ****   hi2s->TxXferCount--;
 2151              		.loc 1 980 3 discriminator 1 view .LVU708
ARM GAS  /tmp/ccXjaJpZ.s 			page 70


 2152 0044 A3F58063 		sub	r3, r3, #1024
 2153 0048 E5E7     		b	.L193
 2154              	.L200:
 986:Drivers/STM32F4xx_HAL_Driver/Src/stm32f4xx_hal_i2s_ex.c **** 
 2155              		.loc 1 986 5 discriminator 1 view .LVU709
 2156 004a 054A     		ldr	r2, .L202+4
 2157 004c F2E7     		b	.L195
 2158              	.L201:
 990:Drivers/STM32F4xx_HAL_Driver/Src/stm32f4xx_hal_i2s_ex.c ****       /* Call user TxRx complete callback */
 2159              		.loc 1 990 7 is_stmt 1 view .LVU710
 990:Drivers/STM32F4xx_HAL_Driver/Src/stm32f4xx_hal_i2s_ex.c ****       /* Call user TxRx complete callback */
 2160              		.loc 1 990 19 is_stmt 0 view .LVU711
 2161 004e 0123     		movs	r3, #1
 2162 0050 80F84130 		strb	r3, [r0, #65]
 995:Drivers/STM32F4xx_HAL_Driver/Src/stm32f4xx_hal_i2s_ex.c **** #endif /* USE_HAL_I2S_REGISTER_CALLBACKS */
 2163              		.loc 1 995 7 is_stmt 1 view .LVU712
 2164 0054 FFF7FEFF 		bl	HAL_I2SEx_TxRxCpltCallback
 2165              	.LVL108:
 999:Drivers/STM32F4xx_HAL_Driver/Src/stm32f4xx_hal_i2s_ex.c **** 
 2166              		.loc 1 999 1 is_stmt 0 view .LVU713
 2167 0058 F3E7     		b	.L192
 2168              	.L203:
 2169 005a 00BF     		.align	2
 2170              	.L202:
 2171 005c 00380040 		.word	1073756160
 2172 0060 00340040 		.word	1073755136
 2173              		.cfi_endproc
 2174              	.LFE249:
 2176              		.section	.text.I2SEx_RxISR_I2S,"ax",%progbits
 2177              		.align	1
 2178              		.syntax unified
 2179              		.thumb
 2180              		.thumb_func
 2182              	I2SEx_RxISR_I2S:
 2183              	.LVL109:
 2184              	.LFB250:
1007:Drivers/STM32F4xx_HAL_Driver/Src/stm32f4xx_hal_i2s_ex.c ****   /* Read Data from DR register */
 2185              		.loc 1 1007 1 is_stmt 1 view -0
 2186              		.cfi_startproc
 2187              		@ args = 0, pretend = 0, frame = 0
 2188              		@ frame_needed = 0, uses_anonymous_args = 0
1007:Drivers/STM32F4xx_HAL_Driver/Src/stm32f4xx_hal_i2s_ex.c ****   /* Read Data from DR register */
 2189              		.loc 1 1007 1 is_stmt 0 view .LVU715
 2190 0000 08B5     		push	{r3, lr}
 2191              	.LCFI16:
 2192              		.cfi_def_cfa_offset 8
 2193              		.cfi_offset 3, -8
 2194              		.cfi_offset 14, -4
1009:Drivers/STM32F4xx_HAL_Driver/Src/stm32f4xx_hal_i2s_ex.c ****   hi2s->RxXferCount--;
 2195              		.loc 1 1009 3 is_stmt 1 view .LVU716
1009:Drivers/STM32F4xx_HAL_Driver/Src/stm32f4xx_hal_i2s_ex.c ****   hi2s->RxXferCount--;
 2196              		.loc 1 1009 31 is_stmt 0 view .LVU717
 2197 0002 0368     		ldr	r3, [r0]
1009:Drivers/STM32F4xx_HAL_Driver/Src/stm32f4xx_hal_i2s_ex.c ****   hi2s->RxXferCount--;
 2198              		.loc 1 1009 41 view .LVU718
 2199 0004 DA68     		ldr	r2, [r3, #12]
1009:Drivers/STM32F4xx_HAL_Driver/Src/stm32f4xx_hal_i2s_ex.c ****   hi2s->RxXferCount--;
ARM GAS  /tmp/ccXjaJpZ.s 			page 71


 2200              		.loc 1 1009 9 view .LVU719
 2201 0006 C36A     		ldr	r3, [r0, #44]
1009:Drivers/STM32F4xx_HAL_Driver/Src/stm32f4xx_hal_i2s_ex.c ****   hi2s->RxXferCount--;
 2202              		.loc 1 1009 21 view .LVU720
 2203 0008 991C     		adds	r1, r3, #2
 2204 000a C162     		str	r1, [r0, #44]
1009:Drivers/STM32F4xx_HAL_Driver/Src/stm32f4xx_hal_i2s_ex.c ****   hi2s->RxXferCount--;
 2205              		.loc 1 1009 25 view .LVU721
 2206 000c 1A80     		strh	r2, [r3]	@ movhi
1010:Drivers/STM32F4xx_HAL_Driver/Src/stm32f4xx_hal_i2s_ex.c **** 
 2207              		.loc 1 1010 3 is_stmt 1 view .LVU722
1010:Drivers/STM32F4xx_HAL_Driver/Src/stm32f4xx_hal_i2s_ex.c **** 
 2208              		.loc 1 1010 7 is_stmt 0 view .LVU723
 2209 000e 438E     		ldrh	r3, [r0, #50]
 2210 0010 9BB2     		uxth	r3, r3
1010:Drivers/STM32F4xx_HAL_Driver/Src/stm32f4xx_hal_i2s_ex.c **** 
 2211              		.loc 1 1010 20 view .LVU724
 2212 0012 013B     		subs	r3, r3, #1
 2213 0014 9BB2     		uxth	r3, r3
 2214 0016 4386     		strh	r3, [r0, #50]	@ movhi
1012:Drivers/STM32F4xx_HAL_Driver/Src/stm32f4xx_hal_i2s_ex.c ****   {
 2215              		.loc 1 1012 3 is_stmt 1 view .LVU725
1012:Drivers/STM32F4xx_HAL_Driver/Src/stm32f4xx_hal_i2s_ex.c ****   {
 2216              		.loc 1 1012 11 is_stmt 0 view .LVU726
 2217 0018 438E     		ldrh	r3, [r0, #50]
 2218 001a 9BB2     		uxth	r3, r3
1012:Drivers/STM32F4xx_HAL_Driver/Src/stm32f4xx_hal_i2s_ex.c ****   {
 2219              		.loc 1 1012 6 view .LVU727
 2220 001c 3BB9     		cbnz	r3, .L204
1015:Drivers/STM32F4xx_HAL_Driver/Src/stm32f4xx_hal_i2s_ex.c **** 
 2221              		.loc 1 1015 5 is_stmt 1 view .LVU728
 2222 001e 0268     		ldr	r2, [r0]
 2223 0020 5368     		ldr	r3, [r2, #4]
 2224 0022 23F06003 		bic	r3, r3, #96
 2225 0026 5360     		str	r3, [r2, #4]
1017:Drivers/STM32F4xx_HAL_Driver/Src/stm32f4xx_hal_i2s_ex.c ****     {
 2226              		.loc 1 1017 5 view .LVU729
1017:Drivers/STM32F4xx_HAL_Driver/Src/stm32f4xx_hal_i2s_ex.c ****     {
 2227              		.loc 1 1017 13 is_stmt 0 view .LVU730
 2228 0028 438D     		ldrh	r3, [r0, #42]
 2229 002a 9BB2     		uxth	r3, r3
1017:Drivers/STM32F4xx_HAL_Driver/Src/stm32f4xx_hal_i2s_ex.c ****     {
 2230              		.loc 1 1017 8 view .LVU731
 2231 002c 03B1     		cbz	r3, .L207
 2232              	.LVL110:
 2233              	.L204:
1028:Drivers/STM32F4xx_HAL_Driver/Src/stm32f4xx_hal_i2s_ex.c **** 
 2234              		.loc 1 1028 1 view .LVU732
 2235 002e 08BD     		pop	{r3, pc}
 2236              	.LVL111:
 2237              	.L207:
1019:Drivers/STM32F4xx_HAL_Driver/Src/stm32f4xx_hal_i2s_ex.c ****       /* Call user TxRx complete callback */
 2238              		.loc 1 1019 7 is_stmt 1 view .LVU733
1019:Drivers/STM32F4xx_HAL_Driver/Src/stm32f4xx_hal_i2s_ex.c ****       /* Call user TxRx complete callback */
 2239              		.loc 1 1019 19 is_stmt 0 view .LVU734
 2240 0030 0123     		movs	r3, #1
 2241 0032 80F84130 		strb	r3, [r0, #65]
ARM GAS  /tmp/ccXjaJpZ.s 			page 72


1024:Drivers/STM32F4xx_HAL_Driver/Src/stm32f4xx_hal_i2s_ex.c **** #endif /* USE_HAL_I2S_REGISTER_CALLBACKS */
 2242              		.loc 1 1024 7 is_stmt 1 view .LVU735
 2243 0036 FFF7FEFF 		bl	HAL_I2SEx_TxRxCpltCallback
 2244              	.LVL112:
1028:Drivers/STM32F4xx_HAL_Driver/Src/stm32f4xx_hal_i2s_ex.c **** 
 2245              		.loc 1 1028 1 is_stmt 0 view .LVU736
 2246 003a F8E7     		b	.L204
 2247              		.cfi_endproc
 2248              	.LFE250:
 2250              		.section	.text.HAL_I2SEx_FullDuplex_IRQHandler,"ax",%progbits
 2251              		.align	1
 2252              		.global	HAL_I2SEx_FullDuplex_IRQHandler
 2253              		.syntax unified
 2254              		.thumb
 2255              		.thumb_func
 2257              	HAL_I2SEx_FullDuplex_IRQHandler:
 2258              	.LVL113:
 2259              	.LFB242:
 675:Drivers/STM32F4xx_HAL_Driver/Src/stm32f4xx_hal_i2s_ex.c ****   __IO uint32_t i2ssr     = hi2s->Instance->SR;
 2260              		.loc 1 675 1 is_stmt 1 view -0
 2261              		.cfi_startproc
 2262              		@ args = 0, pretend = 0, frame = 24
 2263              		@ frame_needed = 0, uses_anonymous_args = 0
 675:Drivers/STM32F4xx_HAL_Driver/Src/stm32f4xx_hal_i2s_ex.c ****   __IO uint32_t i2ssr     = hi2s->Instance->SR;
 2264              		.loc 1 675 1 is_stmt 0 view .LVU738
 2265 0000 10B5     		push	{r4, lr}
 2266              	.LCFI17:
 2267              		.cfi_def_cfa_offset 8
 2268              		.cfi_offset 4, -8
 2269              		.cfi_offset 14, -4
 2270 0002 86B0     		sub	sp, sp, #24
 2271              	.LCFI18:
 2272              		.cfi_def_cfa_offset 32
 2273 0004 0446     		mov	r4, r0
 676:Drivers/STM32F4xx_HAL_Driver/Src/stm32f4xx_hal_i2s_ex.c ****   __IO uint32_t i2sextsr  = I2SxEXT(hi2s->Instance)->SR;
 2274              		.loc 1 676 3 is_stmt 1 view .LVU739
 676:Drivers/STM32F4xx_HAL_Driver/Src/stm32f4xx_hal_i2s_ex.c ****   __IO uint32_t i2sextsr  = I2SxEXT(hi2s->Instance)->SR;
 2275              		.loc 1 676 33 is_stmt 0 view .LVU740
 2276 0006 0368     		ldr	r3, [r0]
 676:Drivers/STM32F4xx_HAL_Driver/Src/stm32f4xx_hal_i2s_ex.c ****   __IO uint32_t i2sextsr  = I2SxEXT(hi2s->Instance)->SR;
 2277              		.loc 1 676 43 view .LVU741
 2278 0008 9A68     		ldr	r2, [r3, #8]
 676:Drivers/STM32F4xx_HAL_Driver/Src/stm32f4xx_hal_i2s_ex.c ****   __IO uint32_t i2sextsr  = I2SxEXT(hi2s->Instance)->SR;
 2279              		.loc 1 676 17 view .LVU742
 2280 000a 0592     		str	r2, [sp, #20]
 677:Drivers/STM32F4xx_HAL_Driver/Src/stm32f4xx_hal_i2s_ex.c ****   __IO uint32_t i2scr2    = hi2s->Instance->CR2;
 2281              		.loc 1 677 3 is_stmt 1 view .LVU743
 677:Drivers/STM32F4xx_HAL_Driver/Src/stm32f4xx_hal_i2s_ex.c ****   __IO uint32_t i2scr2    = hi2s->Instance->CR2;
 2282              		.loc 1 677 29 is_stmt 0 view .LVU744
 2283 000c 704A     		ldr	r2, .L238
 2284 000e 9342     		cmp	r3, r2
 2285 0010 6FD0     		beq	.L229
 677:Drivers/STM32F4xx_HAL_Driver/Src/stm32f4xx_hal_i2s_ex.c ****   __IO uint32_t i2scr2    = hi2s->Instance->CR2;
 2286              		.loc 1 677 29 discriminator 2 view .LVU745
 2287 0012 4FF04022 		mov	r2, #1073758208
 2288              	.L209:
 677:Drivers/STM32F4xx_HAL_Driver/Src/stm32f4xx_hal_i2s_ex.c ****   __IO uint32_t i2scr2    = hi2s->Instance->CR2;
ARM GAS  /tmp/ccXjaJpZ.s 			page 73


 2289              		.loc 1 677 52 discriminator 4 view .LVU746
 2290 0016 9168     		ldr	r1, [r2, #8]
 677:Drivers/STM32F4xx_HAL_Driver/Src/stm32f4xx_hal_i2s_ex.c ****   __IO uint32_t i2scr2    = hi2s->Instance->CR2;
 2291              		.loc 1 677 17 discriminator 4 view .LVU747
 2292 0018 0491     		str	r1, [sp, #16]
 678:Drivers/STM32F4xx_HAL_Driver/Src/stm32f4xx_hal_i2s_ex.c ****   __IO uint32_t i2sextcr2 = I2SxEXT(hi2s->Instance)->CR2;
 2293              		.loc 1 678 3 is_stmt 1 view .LVU748
 678:Drivers/STM32F4xx_HAL_Driver/Src/stm32f4xx_hal_i2s_ex.c ****   __IO uint32_t i2sextcr2 = I2SxEXT(hi2s->Instance)->CR2;
 2294              		.loc 1 678 43 is_stmt 0 view .LVU749
 2295 001a 5B68     		ldr	r3, [r3, #4]
 678:Drivers/STM32F4xx_HAL_Driver/Src/stm32f4xx_hal_i2s_ex.c ****   __IO uint32_t i2sextcr2 = I2SxEXT(hi2s->Instance)->CR2;
 2296              		.loc 1 678 17 view .LVU750
 2297 001c 0393     		str	r3, [sp, #12]
 679:Drivers/STM32F4xx_HAL_Driver/Src/stm32f4xx_hal_i2s_ex.c **** 
 2298              		.loc 1 679 3 is_stmt 1 view .LVU751
 679:Drivers/STM32F4xx_HAL_Driver/Src/stm32f4xx_hal_i2s_ex.c **** 
 2299              		.loc 1 679 52 is_stmt 0 discriminator 4 view .LVU752
 2300 001e 5368     		ldr	r3, [r2, #4]
 679:Drivers/STM32F4xx_HAL_Driver/Src/stm32f4xx_hal_i2s_ex.c **** 
 2301              		.loc 1 679 17 discriminator 4 view .LVU753
 2302 0020 0293     		str	r3, [sp, #8]
 682:Drivers/STM32F4xx_HAL_Driver/Src/stm32f4xx_hal_i2s_ex.c ****   {
 2303              		.loc 1 682 3 is_stmt 1 view .LVU754
 682:Drivers/STM32F4xx_HAL_Driver/Src/stm32f4xx_hal_i2s_ex.c ****   {
 2304              		.loc 1 682 18 is_stmt 0 view .LVU755
 2305 0022 6368     		ldr	r3, [r4, #4]
 682:Drivers/STM32F4xx_HAL_Driver/Src/stm32f4xx_hal_i2s_ex.c ****   {
 2306              		.loc 1 682 6 view .LVU756
 2307 0024 B3F5007F 		cmp	r3, #512
 2308 0028 01D0     		beq	.L210
 682:Drivers/STM32F4xx_HAL_Driver/Src/stm32f4xx_hal_i2s_ex.c ****   {
 2309              		.loc 1 682 47 discriminator 1 view .LVU757
 2310 002a 002B     		cmp	r3, #0
 2311 002c 70D1     		bne	.L211
 2312              	.L210:
 685:Drivers/STM32F4xx_HAL_Driver/Src/stm32f4xx_hal_i2s_ex.c ****     {
 2313              		.loc 1 685 5 is_stmt 1 view .LVU758
 685:Drivers/STM32F4xx_HAL_Driver/Src/stm32f4xx_hal_i2s_ex.c ****     {
 2314              		.loc 1 685 17 is_stmt 0 view .LVU759
 2315 002e 059B     		ldr	r3, [sp, #20]
 685:Drivers/STM32F4xx_HAL_Driver/Src/stm32f4xx_hal_i2s_ex.c ****     {
 2316              		.loc 1 685 8 view .LVU760
 2317 0030 13F0020F 		tst	r3, #2
 2318 0034 03D0     		beq	.L212
 685:Drivers/STM32F4xx_HAL_Driver/Src/stm32f4xx_hal_i2s_ex.c ****     {
 2319              		.loc 1 685 62 discriminator 1 view .LVU761
 2320 0036 039B     		ldr	r3, [sp, #12]
 685:Drivers/STM32F4xx_HAL_Driver/Src/stm32f4xx_hal_i2s_ex.c ****     {
 2321              		.loc 1 685 50 discriminator 1 view .LVU762
 2322 0038 13F0800F 		tst	r3, #128
 2323 003c 5CD1     		bne	.L230
 2324              	.LVL114:
 2325              	.L212:
 693:Drivers/STM32F4xx_HAL_Driver/Src/stm32f4xx_hal_i2s_ex.c ****     {
 2326              		.loc 1 693 5 is_stmt 1 view .LVU763
 693:Drivers/STM32F4xx_HAL_Driver/Src/stm32f4xx_hal_i2s_ex.c ****     {
 2327              		.loc 1 693 20 is_stmt 0 view .LVU764
ARM GAS  /tmp/ccXjaJpZ.s 			page 74


 2328 003e 049B     		ldr	r3, [sp, #16]
 693:Drivers/STM32F4xx_HAL_Driver/Src/stm32f4xx_hal_i2s_ex.c ****     {
 2329              		.loc 1 693 8 view .LVU765
 2330 0040 13F0010F 		tst	r3, #1
 2331 0044 03D0     		beq	.L213
 693:Drivers/STM32F4xx_HAL_Driver/Src/stm32f4xx_hal_i2s_ex.c ****     {
 2332              		.loc 1 693 70 discriminator 1 view .LVU766
 2333 0046 029B     		ldr	r3, [sp, #8]
 693:Drivers/STM32F4xx_HAL_Driver/Src/stm32f4xx_hal_i2s_ex.c ****     {
 2334              		.loc 1 693 55 discriminator 1 view .LVU767
 2335 0048 13F0400F 		tst	r3, #64
 2336 004c 58D1     		bne	.L231
 2337              	.L213:
 701:Drivers/STM32F4xx_HAL_Driver/Src/stm32f4xx_hal_i2s_ex.c ****     {
 2338              		.loc 1 701 5 is_stmt 1 view .LVU768
 701:Drivers/STM32F4xx_HAL_Driver/Src/stm32f4xx_hal_i2s_ex.c ****     {
 2339              		.loc 1 701 20 is_stmt 0 view .LVU769
 2340 004e 049B     		ldr	r3, [sp, #16]
 701:Drivers/STM32F4xx_HAL_Driver/Src/stm32f4xx_hal_i2s_ex.c ****     {
 2341              		.loc 1 701 8 view .LVU770
 2342 0050 13F0400F 		tst	r3, #64
 2343 0054 24D0     		beq	.L214
 701:Drivers/STM32F4xx_HAL_Driver/Src/stm32f4xx_hal_i2s_ex.c ****     {
 2344              		.loc 1 701 68 discriminator 1 view .LVU771
 2345 0056 029B     		ldr	r3, [sp, #8]
 701:Drivers/STM32F4xx_HAL_Driver/Src/stm32f4xx_hal_i2s_ex.c ****     {
 2346              		.loc 1 701 53 discriminator 1 view .LVU772
 2347 0058 13F0200F 		tst	r3, #32
 2348 005c 20D0     		beq	.L214
 704:Drivers/STM32F4xx_HAL_Driver/Src/stm32f4xx_hal_i2s_ex.c **** 
 2349              		.loc 1 704 7 is_stmt 1 view .LVU773
 2350 005e 2268     		ldr	r2, [r4]
 2351 0060 5B4B     		ldr	r3, .L238
 2352 0062 9A42     		cmp	r2, r3
 2353 0064 50D0     		beq	.L232
 704:Drivers/STM32F4xx_HAL_Driver/Src/stm32f4xx_hal_i2s_ex.c **** 
 2354              		.loc 1 704 7 is_stmt 0 discriminator 2 view .LVU774
 2355 0066 4FF04022 		mov	r2, #1073758208
 2356              	.L215:
 704:Drivers/STM32F4xx_HAL_Driver/Src/stm32f4xx_hal_i2s_ex.c **** 
 2357              		.loc 1 704 7 discriminator 4 view .LVU775
 2358 006a 5368     		ldr	r3, [r2, #4]
 704:Drivers/STM32F4xx_HAL_Driver/Src/stm32f4xx_hal_i2s_ex.c **** 
 2359              		.loc 1 704 7 discriminator 8 view .LVU776
 2360 006c 23F06003 		bic	r3, r3, #96
 2361 0070 5360     		str	r3, [r2, #4]
 707:Drivers/STM32F4xx_HAL_Driver/Src/stm32f4xx_hal_i2s_ex.c **** 
 2362              		.loc 1 707 7 is_stmt 1 view .LVU777
 2363 0072 2268     		ldr	r2, [r4]
 2364 0074 5368     		ldr	r3, [r2, #4]
 2365 0076 23F0A003 		bic	r3, r3, #160
 2366 007a 5360     		str	r3, [r2, #4]
 710:Drivers/STM32F4xx_HAL_Driver/Src/stm32f4xx_hal_i2s_ex.c **** 
 2367              		.loc 1 710 7 view .LVU778
 2368              	.LBB10:
 710:Drivers/STM32F4xx_HAL_Driver/Src/stm32f4xx_hal_i2s_ex.c **** 
 2369              		.loc 1 710 7 view .LVU779
ARM GAS  /tmp/ccXjaJpZ.s 			page 75


 2370 007c 0023     		movs	r3, #0
 2371 007e 0093     		str	r3, [sp]
 710:Drivers/STM32F4xx_HAL_Driver/Src/stm32f4xx_hal_i2s_ex.c **** 
 2372              		.loc 1 710 7 view .LVU780
 2373 0080 2368     		ldr	r3, [r4]
 2374 0082 DA68     		ldr	r2, [r3, #12]
 2375 0084 0092     		str	r2, [sp]
 710:Drivers/STM32F4xx_HAL_Driver/Src/stm32f4xx_hal_i2s_ex.c **** 
 2376              		.loc 1 710 7 view .LVU781
 2377 0086 9B68     		ldr	r3, [r3, #8]
 2378 0088 0093     		str	r3, [sp]
 710:Drivers/STM32F4xx_HAL_Driver/Src/stm32f4xx_hal_i2s_ex.c **** 
 2379              		.loc 1 710 7 view .LVU782
 2380 008a 009B     		ldr	r3, [sp]
 2381              	.LBE10:
 710:Drivers/STM32F4xx_HAL_Driver/Src/stm32f4xx_hal_i2s_ex.c **** 
 2382              		.loc 1 710 7 view .LVU783
 713:Drivers/STM32F4xx_HAL_Driver/Src/stm32f4xx_hal_i2s_ex.c **** 
 2383              		.loc 1 713 7 view .LVU784
 713:Drivers/STM32F4xx_HAL_Driver/Src/stm32f4xx_hal_i2s_ex.c **** 
 2384              		.loc 1 713 19 is_stmt 0 view .LVU785
 2385 008c 0123     		movs	r3, #1
 2386 008e 84F84130 		strb	r3, [r4, #65]
 716:Drivers/STM32F4xx_HAL_Driver/Src/stm32f4xx_hal_i2s_ex.c ****       /* Call user error callback */
 2387              		.loc 1 716 7 is_stmt 1 view .LVU786
 2388 0092 636C     		ldr	r3, [r4, #68]
 2389 0094 43F00203 		orr	r3, r3, #2
 2390 0098 6364     		str	r3, [r4, #68]
 721:Drivers/STM32F4xx_HAL_Driver/Src/stm32f4xx_hal_i2s_ex.c **** #endif /* USE_HAL_I2S_REGISTER_CALLBACKS */
 2391              		.loc 1 721 7 view .LVU787
 2392 009a 2046     		mov	r0, r4
 2393 009c FFF7FEFF 		bl	HAL_I2S_ErrorCallback
 2394              	.LVL115:
 2395              	.L214:
 726:Drivers/STM32F4xx_HAL_Driver/Src/stm32f4xx_hal_i2s_ex.c ****     {
 2396              		.loc 1 726 5 view .LVU788
 726:Drivers/STM32F4xx_HAL_Driver/Src/stm32f4xx_hal_i2s_ex.c ****     {
 2397              		.loc 1 726 17 is_stmt 0 view .LVU789
 2398 00a0 059B     		ldr	r3, [sp, #20]
 726:Drivers/STM32F4xx_HAL_Driver/Src/stm32f4xx_hal_i2s_ex.c ****     {
 2399              		.loc 1 726 8 view .LVU790
 2400 00a2 13F0080F 		tst	r3, #8
 2401 00a6 22D0     		beq	.L208
 726:Drivers/STM32F4xx_HAL_Driver/Src/stm32f4xx_hal_i2s_ex.c ****     {
 2402              		.loc 1 726 62 discriminator 1 view .LVU791
 2403 00a8 039B     		ldr	r3, [sp, #12]
 726:Drivers/STM32F4xx_HAL_Driver/Src/stm32f4xx_hal_i2s_ex.c ****     {
 2404              		.loc 1 726 50 discriminator 1 view .LVU792
 2405 00aa 13F0200F 		tst	r3, #32
 2406 00ae 1ED0     		beq	.L208
 729:Drivers/STM32F4xx_HAL_Driver/Src/stm32f4xx_hal_i2s_ex.c **** 
 2407              		.loc 1 729 7 is_stmt 1 view .LVU793
 2408 00b0 2268     		ldr	r2, [r4]
 2409 00b2 5368     		ldr	r3, [r2, #4]
 2410 00b4 23F0A003 		bic	r3, r3, #160
 2411 00b8 5360     		str	r3, [r2, #4]
 732:Drivers/STM32F4xx_HAL_Driver/Src/stm32f4xx_hal_i2s_ex.c **** 
ARM GAS  /tmp/ccXjaJpZ.s 			page 76


 2412              		.loc 1 732 7 view .LVU794
 2413 00ba 2268     		ldr	r2, [r4]
 2414 00bc 444B     		ldr	r3, .L238
 2415 00be 9A42     		cmp	r2, r3
 2416 00c0 24D0     		beq	.L233
 732:Drivers/STM32F4xx_HAL_Driver/Src/stm32f4xx_hal_i2s_ex.c **** 
 2417              		.loc 1 732 7 is_stmt 0 discriminator 2 view .LVU795
 2418 00c2 4FF04022 		mov	r2, #1073758208
 2419              	.L217:
 732:Drivers/STM32F4xx_HAL_Driver/Src/stm32f4xx_hal_i2s_ex.c **** 
 2420              		.loc 1 732 7 discriminator 4 view .LVU796
 2421 00c6 5368     		ldr	r3, [r2, #4]
 732:Drivers/STM32F4xx_HAL_Driver/Src/stm32f4xx_hal_i2s_ex.c **** 
 2422              		.loc 1 732 7 discriminator 8 view .LVU797
 2423 00c8 23F06003 		bic	r3, r3, #96
 2424 00cc 5360     		str	r3, [r2, #4]
 735:Drivers/STM32F4xx_HAL_Driver/Src/stm32f4xx_hal_i2s_ex.c **** 
 2425              		.loc 1 735 7 is_stmt 1 view .LVU798
 2426              	.LBB11:
 735:Drivers/STM32F4xx_HAL_Driver/Src/stm32f4xx_hal_i2s_ex.c **** 
 2427              		.loc 1 735 7 view .LVU799
 2428 00ce 0023     		movs	r3, #0
 2429 00d0 0193     		str	r3, [sp, #4]
 735:Drivers/STM32F4xx_HAL_Driver/Src/stm32f4xx_hal_i2s_ex.c **** 
 2430              		.loc 1 735 7 view .LVU800
 2431 00d2 2368     		ldr	r3, [r4]
 2432 00d4 9B68     		ldr	r3, [r3, #8]
 2433 00d6 0193     		str	r3, [sp, #4]
 735:Drivers/STM32F4xx_HAL_Driver/Src/stm32f4xx_hal_i2s_ex.c **** 
 2434              		.loc 1 735 7 view .LVU801
 2435 00d8 019B     		ldr	r3, [sp, #4]
 2436              	.LBE11:
 735:Drivers/STM32F4xx_HAL_Driver/Src/stm32f4xx_hal_i2s_ex.c **** 
 2437              		.loc 1 735 7 view .LVU802
 738:Drivers/STM32F4xx_HAL_Driver/Src/stm32f4xx_hal_i2s_ex.c **** 
 2438              		.loc 1 738 7 view .LVU803
 738:Drivers/STM32F4xx_HAL_Driver/Src/stm32f4xx_hal_i2s_ex.c **** 
 2439              		.loc 1 738 19 is_stmt 0 view .LVU804
 2440 00da 0123     		movs	r3, #1
 2441 00dc 84F84130 		strb	r3, [r4, #65]
 741:Drivers/STM32F4xx_HAL_Driver/Src/stm32f4xx_hal_i2s_ex.c ****       /* Call user error callback */
 2442              		.loc 1 741 7 is_stmt 1 view .LVU805
 2443 00e0 636C     		ldr	r3, [r4, #68]
 2444 00e2 43F00403 		orr	r3, r3, #4
 2445 00e6 6364     		str	r3, [r4, #68]
 746:Drivers/STM32F4xx_HAL_Driver/Src/stm32f4xx_hal_i2s_ex.c **** #endif /* USE_HAL_I2S_REGISTER_CALLBACKS */
 2446              		.loc 1 746 7 view .LVU806
 2447 00e8 2046     		mov	r0, r4
 2448 00ea FFF7FEFF 		bl	HAL_I2S_ErrorCallback
 2449              	.LVL116:
 2450              	.L208:
 813:Drivers/STM32F4xx_HAL_Driver/Src/stm32f4xx_hal_i2s_ex.c **** 
 2451              		.loc 1 813 1 is_stmt 0 view .LVU807
 2452 00ee 06B0     		add	sp, sp, #24
 2453              	.LCFI19:
 2454              		.cfi_remember_state
 2455              		.cfi_def_cfa_offset 8
ARM GAS  /tmp/ccXjaJpZ.s 			page 77


 2456              		@ sp needed
 2457 00f0 10BD     		pop	{r4, pc}
 2458              	.LVL117:
 2459              	.L229:
 2460              	.LCFI20:
 2461              		.cfi_restore_state
 677:Drivers/STM32F4xx_HAL_Driver/Src/stm32f4xx_hal_i2s_ex.c ****   __IO uint32_t i2scr2    = hi2s->Instance->CR2;
 2462              		.loc 1 677 29 discriminator 1 view .LVU808
 2463 00f2 A2F58062 		sub	r2, r2, #1024
 2464 00f6 8EE7     		b	.L209
 2465              	.L230:
 689:Drivers/STM32F4xx_HAL_Driver/Src/stm32f4xx_hal_i2s_ex.c ****     }
 2466              		.loc 1 689 7 is_stmt 1 view .LVU809
 2467 00f8 2046     		mov	r0, r4
 2468              	.LVL118:
 689:Drivers/STM32F4xx_HAL_Driver/Src/stm32f4xx_hal_i2s_ex.c ****     }
 2469              		.loc 1 689 7 is_stmt 0 view .LVU810
 2470 00fa FFF7FEFF 		bl	I2SEx_TxISR_I2S
 2471              	.LVL119:
 2472 00fe 9EE7     		b	.L212
 2473              	.L231:
 697:Drivers/STM32F4xx_HAL_Driver/Src/stm32f4xx_hal_i2s_ex.c ****     }
 2474              		.loc 1 697 7 is_stmt 1 view .LVU811
 2475 0100 2046     		mov	r0, r4
 2476 0102 FFF7FEFF 		bl	I2SEx_RxISR_I2SExt
 2477              	.LVL120:
 2478 0106 A2E7     		b	.L213
 2479              	.L232:
 704:Drivers/STM32F4xx_HAL_Driver/Src/stm32f4xx_hal_i2s_ex.c **** 
 2480              		.loc 1 704 7 is_stmt 0 discriminator 1 view .LVU812
 2481 0108 324A     		ldr	r2, .L238+4
 2482 010a AEE7     		b	.L215
 2483              	.L233:
 732:Drivers/STM32F4xx_HAL_Driver/Src/stm32f4xx_hal_i2s_ex.c **** 
 2484              		.loc 1 732 7 discriminator 1 view .LVU813
 2485 010c 314A     		ldr	r2, .L238+4
 2486 010e DAE7     		b	.L217
 2487              	.LVL121:
 2488              	.L211:
 754:Drivers/STM32F4xx_HAL_Driver/Src/stm32f4xx_hal_i2s_ex.c ****     {
 2489              		.loc 1 754 5 is_stmt 1 view .LVU814
 754:Drivers/STM32F4xx_HAL_Driver/Src/stm32f4xx_hal_i2s_ex.c ****     {
 2490              		.loc 1 754 20 is_stmt 0 view .LVU815
 2491 0110 049B     		ldr	r3, [sp, #16]
 754:Drivers/STM32F4xx_HAL_Driver/Src/stm32f4xx_hal_i2s_ex.c ****     {
 2492              		.loc 1 754 8 view .LVU816
 2493 0112 13F0020F 		tst	r3, #2
 2494 0116 03D0     		beq	.L218
 754:Drivers/STM32F4xx_HAL_Driver/Src/stm32f4xx_hal_i2s_ex.c ****     {
 2495              		.loc 1 754 68 discriminator 1 view .LVU817
 2496 0118 029B     		ldr	r3, [sp, #8]
 754:Drivers/STM32F4xx_HAL_Driver/Src/stm32f4xx_hal_i2s_ex.c ****     {
 2497              		.loc 1 754 53 discriminator 1 view .LVU818
 2498 011a 13F0800F 		tst	r3, #128
 2499 011e 4AD1     		bne	.L234
 2500              	.LVL122:
 2501              	.L218:
ARM GAS  /tmp/ccXjaJpZ.s 			page 78


 762:Drivers/STM32F4xx_HAL_Driver/Src/stm32f4xx_hal_i2s_ex.c ****     {
 2502              		.loc 1 762 5 is_stmt 1 view .LVU819
 762:Drivers/STM32F4xx_HAL_Driver/Src/stm32f4xx_hal_i2s_ex.c ****     {
 2503              		.loc 1 762 17 is_stmt 0 view .LVU820
 2504 0120 059B     		ldr	r3, [sp, #20]
 762:Drivers/STM32F4xx_HAL_Driver/Src/stm32f4xx_hal_i2s_ex.c ****     {
 2505              		.loc 1 762 8 view .LVU821
 2506 0122 13F0010F 		tst	r3, #1
 2507 0126 03D0     		beq	.L219
 762:Drivers/STM32F4xx_HAL_Driver/Src/stm32f4xx_hal_i2s_ex.c ****     {
 2508              		.loc 1 762 64 discriminator 1 view .LVU822
 2509 0128 039B     		ldr	r3, [sp, #12]
 762:Drivers/STM32F4xx_HAL_Driver/Src/stm32f4xx_hal_i2s_ex.c ****     {
 2510              		.loc 1 762 52 discriminator 1 view .LVU823
 2511 012a 13F0400F 		tst	r3, #64
 2512 012e 46D1     		bne	.L235
 2513              	.L219:
 770:Drivers/STM32F4xx_HAL_Driver/Src/stm32f4xx_hal_i2s_ex.c ****     {
 2514              		.loc 1 770 5 is_stmt 1 view .LVU824
 770:Drivers/STM32F4xx_HAL_Driver/Src/stm32f4xx_hal_i2s_ex.c ****     {
 2515              		.loc 1 770 17 is_stmt 0 view .LVU825
 2516 0130 059B     		ldr	r3, [sp, #20]
 770:Drivers/STM32F4xx_HAL_Driver/Src/stm32f4xx_hal_i2s_ex.c ****     {
 2517              		.loc 1 770 8 view .LVU826
 2518 0132 13F0400F 		tst	r3, #64
 2519 0136 1CD0     		beq	.L220
 770:Drivers/STM32F4xx_HAL_Driver/Src/stm32f4xx_hal_i2s_ex.c ****     {
 2520              		.loc 1 770 62 discriminator 1 view .LVU827
 2521 0138 039B     		ldr	r3, [sp, #12]
 770:Drivers/STM32F4xx_HAL_Driver/Src/stm32f4xx_hal_i2s_ex.c ****     {
 2522              		.loc 1 770 50 discriminator 1 view .LVU828
 2523 013a 13F0200F 		tst	r3, #32
 2524 013e 18D0     		beq	.L220
 773:Drivers/STM32F4xx_HAL_Driver/Src/stm32f4xx_hal_i2s_ex.c **** 
 2525              		.loc 1 773 7 is_stmt 1 view .LVU829
 2526 0140 2268     		ldr	r2, [r4]
 2527 0142 5368     		ldr	r3, [r2, #4]
 2528 0144 23F06003 		bic	r3, r3, #96
 2529 0148 5360     		str	r3, [r2, #4]
 776:Drivers/STM32F4xx_HAL_Driver/Src/stm32f4xx_hal_i2s_ex.c **** 
 2530              		.loc 1 776 7 view .LVU830
 2531 014a 2268     		ldr	r2, [r4]
 2532 014c 204B     		ldr	r3, .L238
 2533 014e 9A42     		cmp	r2, r3
 2534 0150 39D0     		beq	.L236
 776:Drivers/STM32F4xx_HAL_Driver/Src/stm32f4xx_hal_i2s_ex.c **** 
 2535              		.loc 1 776 7 is_stmt 0 discriminator 2 view .LVU831
 2536 0152 4FF04022 		mov	r2, #1073758208
 2537              	.L221:
 776:Drivers/STM32F4xx_HAL_Driver/Src/stm32f4xx_hal_i2s_ex.c **** 
 2538              		.loc 1 776 7 discriminator 4 view .LVU832
 2539 0156 5368     		ldr	r3, [r2, #4]
 776:Drivers/STM32F4xx_HAL_Driver/Src/stm32f4xx_hal_i2s_ex.c **** 
 2540              		.loc 1 776 7 discriminator 8 view .LVU833
 2541 0158 23F0A003 		bic	r3, r3, #160
 2542 015c 5360     		str	r3, [r2, #4]
 779:Drivers/STM32F4xx_HAL_Driver/Src/stm32f4xx_hal_i2s_ex.c **** 
ARM GAS  /tmp/ccXjaJpZ.s 			page 79


 2543              		.loc 1 779 7 is_stmt 1 view .LVU834
 779:Drivers/STM32F4xx_HAL_Driver/Src/stm32f4xx_hal_i2s_ex.c **** 
 2544              		.loc 1 779 19 is_stmt 0 view .LVU835
 2545 015e 0123     		movs	r3, #1
 2546 0160 84F84130 		strb	r3, [r4, #65]
 782:Drivers/STM32F4xx_HAL_Driver/Src/stm32f4xx_hal_i2s_ex.c ****       /* Call user error callback */
 2547              		.loc 1 782 7 is_stmt 1 view .LVU836
 2548 0164 636C     		ldr	r3, [r4, #68]
 2549 0166 43F00203 		orr	r3, r3, #2
 2550 016a 6364     		str	r3, [r4, #68]
 787:Drivers/STM32F4xx_HAL_Driver/Src/stm32f4xx_hal_i2s_ex.c **** #endif /* USE_HAL_I2S_REGISTER_CALLBACKS */
 2551              		.loc 1 787 7 view .LVU837
 2552 016c 2046     		mov	r0, r4
 2553 016e FFF7FEFF 		bl	HAL_I2S_ErrorCallback
 2554              	.LVL123:
 2555              	.L220:
 792:Drivers/STM32F4xx_HAL_Driver/Src/stm32f4xx_hal_i2s_ex.c ****     {
 2556              		.loc 1 792 5 view .LVU838
 792:Drivers/STM32F4xx_HAL_Driver/Src/stm32f4xx_hal_i2s_ex.c ****     {
 2557              		.loc 1 792 20 is_stmt 0 view .LVU839
 2558 0172 049B     		ldr	r3, [sp, #16]
 792:Drivers/STM32F4xx_HAL_Driver/Src/stm32f4xx_hal_i2s_ex.c ****     {
 2559              		.loc 1 792 8 view .LVU840
 2560 0174 13F0080F 		tst	r3, #8
 2561 0178 B9D0     		beq	.L208
 792:Drivers/STM32F4xx_HAL_Driver/Src/stm32f4xx_hal_i2s_ex.c ****     {
 2562              		.loc 1 792 68 discriminator 1 view .LVU841
 2563 017a 029B     		ldr	r3, [sp, #8]
 792:Drivers/STM32F4xx_HAL_Driver/Src/stm32f4xx_hal_i2s_ex.c ****     {
 2564              		.loc 1 792 53 discriminator 1 view .LVU842
 2565 017c 13F0200F 		tst	r3, #32
 2566 0180 B5D0     		beq	.L208
 795:Drivers/STM32F4xx_HAL_Driver/Src/stm32f4xx_hal_i2s_ex.c **** 
 2567              		.loc 1 795 7 is_stmt 1 view .LVU843
 2568 0182 2268     		ldr	r2, [r4]
 2569 0184 124B     		ldr	r3, .L238
 2570 0186 9A42     		cmp	r2, r3
 2571 0188 1FD0     		beq	.L237
 795:Drivers/STM32F4xx_HAL_Driver/Src/stm32f4xx_hal_i2s_ex.c **** 
 2572              		.loc 1 795 7 is_stmt 0 discriminator 2 view .LVU844
 2573 018a 4FF04022 		mov	r2, #1073758208
 2574              	.L222:
 795:Drivers/STM32F4xx_HAL_Driver/Src/stm32f4xx_hal_i2s_ex.c **** 
 2575              		.loc 1 795 7 discriminator 4 view .LVU845
 2576 018e 5368     		ldr	r3, [r2, #4]
 795:Drivers/STM32F4xx_HAL_Driver/Src/stm32f4xx_hal_i2s_ex.c **** 
 2577              		.loc 1 795 7 discriminator 8 view .LVU846
 2578 0190 23F0A003 		bic	r3, r3, #160
 2579 0194 5360     		str	r3, [r2, #4]
 798:Drivers/STM32F4xx_HAL_Driver/Src/stm32f4xx_hal_i2s_ex.c **** 
 2580              		.loc 1 798 7 is_stmt 1 view .LVU847
 2581 0196 2268     		ldr	r2, [r4]
 2582 0198 5368     		ldr	r3, [r2, #4]
 2583 019a 23F06003 		bic	r3, r3, #96
 2584 019e 5360     		str	r3, [r2, #4]
 801:Drivers/STM32F4xx_HAL_Driver/Src/stm32f4xx_hal_i2s_ex.c **** 
 2585              		.loc 1 801 7 view .LVU848
ARM GAS  /tmp/ccXjaJpZ.s 			page 80


 801:Drivers/STM32F4xx_HAL_Driver/Src/stm32f4xx_hal_i2s_ex.c **** 
 2586              		.loc 1 801 19 is_stmt 0 view .LVU849
 2587 01a0 0123     		movs	r3, #1
 2588 01a2 84F84130 		strb	r3, [r4, #65]
 804:Drivers/STM32F4xx_HAL_Driver/Src/stm32f4xx_hal_i2s_ex.c ****       /* Call user error callback */
 2589              		.loc 1 804 7 is_stmt 1 view .LVU850
 2590 01a6 636C     		ldr	r3, [r4, #68]
 2591 01a8 43F00403 		orr	r3, r3, #4
 2592 01ac 6364     		str	r3, [r4, #68]
 809:Drivers/STM32F4xx_HAL_Driver/Src/stm32f4xx_hal_i2s_ex.c **** #endif /* USE_HAL_I2S_REGISTER_CALLBACKS */
 2593              		.loc 1 809 7 view .LVU851
 2594 01ae 2046     		mov	r0, r4
 2595 01b0 FFF7FEFF 		bl	HAL_I2S_ErrorCallback
 2596              	.LVL124:
 813:Drivers/STM32F4xx_HAL_Driver/Src/stm32f4xx_hal_i2s_ex.c **** 
 2597              		.loc 1 813 1 is_stmt 0 view .LVU852
 2598 01b4 9BE7     		b	.L208
 2599              	.LVL125:
 2600              	.L234:
 758:Drivers/STM32F4xx_HAL_Driver/Src/stm32f4xx_hal_i2s_ex.c ****     }
 2601              		.loc 1 758 7 is_stmt 1 view .LVU853
 2602 01b6 2046     		mov	r0, r4
 2603              	.LVL126:
 758:Drivers/STM32F4xx_HAL_Driver/Src/stm32f4xx_hal_i2s_ex.c ****     }
 2604              		.loc 1 758 7 is_stmt 0 view .LVU854
 2605 01b8 FFF7FEFF 		bl	I2SEx_TxISR_I2SExt
 2606              	.LVL127:
 2607 01bc B0E7     		b	.L218
 2608              	.L235:
 766:Drivers/STM32F4xx_HAL_Driver/Src/stm32f4xx_hal_i2s_ex.c ****     }
 2609              		.loc 1 766 7 is_stmt 1 view .LVU855
 2610 01be 2046     		mov	r0, r4
 2611 01c0 FFF7FEFF 		bl	I2SEx_RxISR_I2S
 2612              	.LVL128:
 2613 01c4 B4E7     		b	.L219
 2614              	.L236:
 776:Drivers/STM32F4xx_HAL_Driver/Src/stm32f4xx_hal_i2s_ex.c **** 
 2615              		.loc 1 776 7 is_stmt 0 discriminator 1 view .LVU856
 2616 01c6 034A     		ldr	r2, .L238+4
 2617 01c8 C5E7     		b	.L221
 2618              	.L237:
 795:Drivers/STM32F4xx_HAL_Driver/Src/stm32f4xx_hal_i2s_ex.c **** 
 2619              		.loc 1 795 7 discriminator 1 view .LVU857
 2620 01ca 024A     		ldr	r2, .L238+4
 2621 01cc DFE7     		b	.L222
 2622              	.L239:
 2623 01ce 00BF     		.align	2
 2624              	.L238:
 2625 01d0 00380040 		.word	1073756160
 2626 01d4 00340040 		.word	1073755136
 2627              		.cfi_endproc
 2628              	.LFE242:
 2630              		.text
 2631              	.Letext0:
 2632              		.file 2 "/opt/st/stm32cubeclt_1.21.0/GNU-tools-for-STM32/arm-none-eabi/include/machine/_default_ty
 2633              		.file 3 "/opt/st/stm32cubeclt_1.21.0/GNU-tools-for-STM32/arm-none-eabi/include/sys/_stdint.h"
 2634              		.file 4 "Drivers/CMSIS/Device/ST/STM32F4xx/Include/stm32f407xx.h"
ARM GAS  /tmp/ccXjaJpZ.s 			page 81


 2635              		.file 5 "Drivers/CMSIS/Device/ST/STM32F4xx/Include/stm32f4xx.h"
 2636              		.file 6 "Drivers/STM32F4xx_HAL_Driver/Inc/stm32f4xx_hal_def.h"
 2637              		.file 7 "Drivers/STM32F4xx_HAL_Driver/Inc/stm32f4xx_hal_dma.h"
 2638              		.file 8 "Drivers/STM32F4xx_HAL_Driver/Inc/stm32f4xx_hal_i2s.h"
 2639              		.file 9 "Drivers/STM32F4xx_HAL_Driver/Inc/stm32f4xx_hal.h"
ARM GAS  /tmp/ccXjaJpZ.s 			page 82


DEFINED SYMBOLS
                            *ABS*:00000000 stm32f4xx_hal_i2s_ex.c
     /tmp/ccXjaJpZ.s:21     .text.I2SEx_FullDuplexWaitFlagStateUntilTimeout:00000000 $t
     /tmp/ccXjaJpZ.s:26     .text.I2SEx_FullDuplexWaitFlagStateUntilTimeout:00000000 I2SEx_FullDuplexWaitFlagStateUntilTimeout
     /tmp/ccXjaJpZ.s:184    .text.I2SEx_FullDuplexWaitFlagStateUntilTimeout:000000a8 $d
     /tmp/ccXjaJpZ.s:189    .text.I2SEx_TxRxDMAError:00000000 $t
     /tmp/ccXjaJpZ.s:194    .text.I2SEx_TxRxDMAError:00000000 I2SEx_TxRxDMAError
     /tmp/ccXjaJpZ.s:257    .text.I2SEx_TxRxDMAError:00000040 $d
     /tmp/ccXjaJpZ.s:263    .text.HAL_I2SEx_TransmitReceive:00000000 $t
     /tmp/ccXjaJpZ.s:269    .text.HAL_I2SEx_TransmitReceive:00000000 HAL_I2SEx_TransmitReceive
     /tmp/ccXjaJpZ.s:894    .text.HAL_I2SEx_TransmitReceive:000002f0 $d
     /tmp/ccXjaJpZ.s:899    .text.HAL_I2SEx_TransmitReceive:000002f8 $t
     /tmp/ccXjaJpZ.s:995    .text.HAL_I2SEx_TransmitReceive_IT:00000000 $t
     /tmp/ccXjaJpZ.s:1001   .text.HAL_I2SEx_TransmitReceive_IT:00000000 HAL_I2SEx_TransmitReceive_IT
     /tmp/ccXjaJpZ.s:1305   .text.HAL_I2SEx_TransmitReceive_IT:00000198 $d
     /tmp/ccXjaJpZ.s:1311   .text.HAL_I2SEx_TransmitReceive_DMA:00000000 $t
     /tmp/ccXjaJpZ.s:1317   .text.HAL_I2SEx_TransmitReceive_DMA:00000000 HAL_I2SEx_TransmitReceive_DMA
     /tmp/ccXjaJpZ.s:1701   .text.HAL_I2SEx_TransmitReceive_DMA:00000194 $d
     /tmp/ccXjaJpZ.s:1736   .text.I2SEx_TxRxDMAHalfCplt:00000000 I2SEx_TxRxDMAHalfCplt
     /tmp/ccXjaJpZ.s:1789   .text.I2SEx_TxRxDMACplt:00000000 I2SEx_TxRxDMACplt
     /tmp/ccXjaJpZ.s:1710   .text.HAL_I2SEx_TxRxHalfCpltCallback:00000000 $t
     /tmp/ccXjaJpZ.s:1716   .text.HAL_I2SEx_TxRxHalfCpltCallback:00000000 HAL_I2SEx_TxRxHalfCpltCallback
     /tmp/ccXjaJpZ.s:1731   .text.I2SEx_TxRxDMAHalfCplt:00000000 $t
     /tmp/ccXjaJpZ.s:1763   .text.HAL_I2SEx_TxRxCpltCallback:00000000 $t
     /tmp/ccXjaJpZ.s:1769   .text.HAL_I2SEx_TxRxCpltCallback:00000000 HAL_I2SEx_TxRxCpltCallback
     /tmp/ccXjaJpZ.s:1784   .text.I2SEx_TxRxDMACplt:00000000 $t
     /tmp/ccXjaJpZ.s:1895   .text.I2SEx_TxRxDMACplt:00000074 $d
     /tmp/ccXjaJpZ.s:1901   .text.I2SEx_TxISR_I2S:00000000 $t
     /tmp/ccXjaJpZ.s:1906   .text.I2SEx_TxISR_I2S:00000000 I2SEx_TxISR_I2S
     /tmp/ccXjaJpZ.s:1975   .text.I2SEx_RxISR_I2SExt:00000000 $t
     /tmp/ccXjaJpZ.s:1980   .text.I2SEx_RxISR_I2SExt:00000000 I2SEx_RxISR_I2SExt
     /tmp/ccXjaJpZ.s:2070   .text.I2SEx_RxISR_I2SExt:0000005c $d
     /tmp/ccXjaJpZ.s:2076   .text.I2SEx_TxISR_I2SExt:00000000 $t
     /tmp/ccXjaJpZ.s:2081   .text.I2SEx_TxISR_I2SExt:00000000 I2SEx_TxISR_I2SExt
     /tmp/ccXjaJpZ.s:2171   .text.I2SEx_TxISR_I2SExt:0000005c $d
     /tmp/ccXjaJpZ.s:2177   .text.I2SEx_RxISR_I2S:00000000 $t
     /tmp/ccXjaJpZ.s:2182   .text.I2SEx_RxISR_I2S:00000000 I2SEx_RxISR_I2S
     /tmp/ccXjaJpZ.s:2251   .text.HAL_I2SEx_FullDuplex_IRQHandler:00000000 $t
     /tmp/ccXjaJpZ.s:2257   .text.HAL_I2SEx_FullDuplex_IRQHandler:00000000 HAL_I2SEx_FullDuplex_IRQHandler
     /tmp/ccXjaJpZ.s:2625   .text.HAL_I2SEx_FullDuplex_IRQHandler:000001d0 $d

UNDEFINED SYMBOLS
HAL_GetTick
HAL_I2S_ErrorCallback
HAL_DMA_Start_IT
