ARM GAS  /tmp/ccmcMWNH.s 			page 1


   1              		.cpu cortex-m4
   2              		.arch armv7e-m
   3              		.fpu fpv4-sp-d16
   4              		.eabi_attribute 27, 1
   5              		.eabi_attribute 28, 1
   6              		.eabi_attribute 20, 1
   7              		.eabi_attribute 21, 1
   8              		.eabi_attribute 23, 3
   9              		.eabi_attribute 24, 1
  10              		.eabi_attribute 25, 1
  11              		.eabi_attribute 26, 1
  12              		.eabi_attribute 30, 1
  13              		.eabi_attribute 34, 1
  14              		.eabi_attribute 18, 4
  15              		.file	"usbh_cdc.c"
  16              		.text
  17              	.Ltext0:
  18              		.cfi_sections	.debug_frame
  19              		.file 1 "Middlewares/ST/STM32_USB_Host_Library/Class/CDC/Src/usbh_cdc.c"
  20              		.section	.text.USBH_CDC_SOFProcess,"ax",%progbits
  21              		.align	1
  22              		.syntax unified
  23              		.thumb
  24              		.thumb_func
  26              	USBH_CDC_SOFProcess:
  27              	.LVL0:
  28              	.LFB246:
   1:Middlewares/ST/STM32_USB_Host_Library/Class/CDC/Src/usbh_cdc.c **** /**
   2:Middlewares/ST/STM32_USB_Host_Library/Class/CDC/Src/usbh_cdc.c ****   ******************************************************************************
   3:Middlewares/ST/STM32_USB_Host_Library/Class/CDC/Src/usbh_cdc.c ****   * @file    usbh_cdc.c
   4:Middlewares/ST/STM32_USB_Host_Library/Class/CDC/Src/usbh_cdc.c ****   * @author  MCD Application Team
   5:Middlewares/ST/STM32_USB_Host_Library/Class/CDC/Src/usbh_cdc.c ****   * @brief   This file is the CDC Layer Handlers for USB Host CDC class.
   6:Middlewares/ST/STM32_USB_Host_Library/Class/CDC/Src/usbh_cdc.c ****   *
   7:Middlewares/ST/STM32_USB_Host_Library/Class/CDC/Src/usbh_cdc.c ****   ******************************************************************************
   8:Middlewares/ST/STM32_USB_Host_Library/Class/CDC/Src/usbh_cdc.c ****   * @attention
   9:Middlewares/ST/STM32_USB_Host_Library/Class/CDC/Src/usbh_cdc.c ****   *
  10:Middlewares/ST/STM32_USB_Host_Library/Class/CDC/Src/usbh_cdc.c ****   * Copyright (c) 2015 STMicroelectronics.
  11:Middlewares/ST/STM32_USB_Host_Library/Class/CDC/Src/usbh_cdc.c ****   * All rights reserved.
  12:Middlewares/ST/STM32_USB_Host_Library/Class/CDC/Src/usbh_cdc.c ****   *
  13:Middlewares/ST/STM32_USB_Host_Library/Class/CDC/Src/usbh_cdc.c ****   * This software is licensed under terms that can be found in the LICENSE file
  14:Middlewares/ST/STM32_USB_Host_Library/Class/CDC/Src/usbh_cdc.c ****   * in the root directory of this software component.
  15:Middlewares/ST/STM32_USB_Host_Library/Class/CDC/Src/usbh_cdc.c ****   * If no LICENSE file comes with this software, it is provided AS-IS.
  16:Middlewares/ST/STM32_USB_Host_Library/Class/CDC/Src/usbh_cdc.c ****   *
  17:Middlewares/ST/STM32_USB_Host_Library/Class/CDC/Src/usbh_cdc.c ****   ******************************************************************************
  18:Middlewares/ST/STM32_USB_Host_Library/Class/CDC/Src/usbh_cdc.c ****   *  @verbatim
  19:Middlewares/ST/STM32_USB_Host_Library/Class/CDC/Src/usbh_cdc.c ****   *
  20:Middlewares/ST/STM32_USB_Host_Library/Class/CDC/Src/usbh_cdc.c ****   *          ===================================================================
  21:Middlewares/ST/STM32_USB_Host_Library/Class/CDC/Src/usbh_cdc.c ****   *                                CDC Class Driver Description
  22:Middlewares/ST/STM32_USB_Host_Library/Class/CDC/Src/usbh_cdc.c ****   *          ===================================================================
  23:Middlewares/ST/STM32_USB_Host_Library/Class/CDC/Src/usbh_cdc.c ****   *           This driver manages the "Universal Serial Bus Class Definitions for Communications De
  24:Middlewares/ST/STM32_USB_Host_Library/Class/CDC/Src/usbh_cdc.c ****   *           Revision 1.2 November 16, 2007" and the sub-protocol specification of "Universal Seri
  25:Middlewares/ST/STM32_USB_Host_Library/Class/CDC/Src/usbh_cdc.c ****   *           Communications Class Subclass Specification for PSTN Devices Revision 1.2 February 9,
  26:Middlewares/ST/STM32_USB_Host_Library/Class/CDC/Src/usbh_cdc.c ****   *           This driver implements the following aspects of the specification:
  27:Middlewares/ST/STM32_USB_Host_Library/Class/CDC/Src/usbh_cdc.c ****   *             - Device descriptor management
  28:Middlewares/ST/STM32_USB_Host_Library/Class/CDC/Src/usbh_cdc.c ****   *             - Configuration descriptor management
  29:Middlewares/ST/STM32_USB_Host_Library/Class/CDC/Src/usbh_cdc.c ****   *             - Enumeration as CDC device with 2 data endpoints (IN and OUT) and 1 command endpoi
  30:Middlewares/ST/STM32_USB_Host_Library/Class/CDC/Src/usbh_cdc.c ****   *             - Requests management (as described in section 6.2 in specification)
ARM GAS  /tmp/ccmcMWNH.s 			page 2


  31:Middlewares/ST/STM32_USB_Host_Library/Class/CDC/Src/usbh_cdc.c ****   *             - Abstract Control Model compliant
  32:Middlewares/ST/STM32_USB_Host_Library/Class/CDC/Src/usbh_cdc.c ****   *             - Union Functional collection (using 1 IN endpoint for control)
  33:Middlewares/ST/STM32_USB_Host_Library/Class/CDC/Src/usbh_cdc.c ****   *             - Data interface class
  34:Middlewares/ST/STM32_USB_Host_Library/Class/CDC/Src/usbh_cdc.c ****   *
  35:Middlewares/ST/STM32_USB_Host_Library/Class/CDC/Src/usbh_cdc.c ****   *  @endverbatim
  36:Middlewares/ST/STM32_USB_Host_Library/Class/CDC/Src/usbh_cdc.c ****   *
  37:Middlewares/ST/STM32_USB_Host_Library/Class/CDC/Src/usbh_cdc.c ****   ******************************************************************************
  38:Middlewares/ST/STM32_USB_Host_Library/Class/CDC/Src/usbh_cdc.c ****   */
  39:Middlewares/ST/STM32_USB_Host_Library/Class/CDC/Src/usbh_cdc.c **** 
  40:Middlewares/ST/STM32_USB_Host_Library/Class/CDC/Src/usbh_cdc.c **** /* BSPDependencies
  41:Middlewares/ST/STM32_USB_Host_Library/Class/CDC/Src/usbh_cdc.c **** - "stm32xxxxx_{eval}{discovery}{nucleo_144}.c"
  42:Middlewares/ST/STM32_USB_Host_Library/Class/CDC/Src/usbh_cdc.c **** - "stm32xxxxx_{eval}{discovery}_io.c"
  43:Middlewares/ST/STM32_USB_Host_Library/Class/CDC/Src/usbh_cdc.c **** - "stm32xxxxx_{eval}{discovery}{adafruit}_sd.c"
  44:Middlewares/ST/STM32_USB_Host_Library/Class/CDC/Src/usbh_cdc.c **** - "stm32xxxxx_{eval}{discovery}{adafruit}_lcd.c"
  45:Middlewares/ST/STM32_USB_Host_Library/Class/CDC/Src/usbh_cdc.c **** - "stm32xxxxx_{eval}{discovery}_sdram.c"
  46:Middlewares/ST/STM32_USB_Host_Library/Class/CDC/Src/usbh_cdc.c **** EndBSPDependencies */
  47:Middlewares/ST/STM32_USB_Host_Library/Class/CDC/Src/usbh_cdc.c **** 
  48:Middlewares/ST/STM32_USB_Host_Library/Class/CDC/Src/usbh_cdc.c **** /* Includes ------------------------------------------------------------------*/
  49:Middlewares/ST/STM32_USB_Host_Library/Class/CDC/Src/usbh_cdc.c **** #include "usbh_cdc.h"
  50:Middlewares/ST/STM32_USB_Host_Library/Class/CDC/Src/usbh_cdc.c **** 
  51:Middlewares/ST/STM32_USB_Host_Library/Class/CDC/Src/usbh_cdc.c **** /** @addtogroup USBH_LIB
  52:Middlewares/ST/STM32_USB_Host_Library/Class/CDC/Src/usbh_cdc.c ****   * @{
  53:Middlewares/ST/STM32_USB_Host_Library/Class/CDC/Src/usbh_cdc.c ****   */
  54:Middlewares/ST/STM32_USB_Host_Library/Class/CDC/Src/usbh_cdc.c **** 
  55:Middlewares/ST/STM32_USB_Host_Library/Class/CDC/Src/usbh_cdc.c **** /** @addtogroup USBH_CLASS
  56:Middlewares/ST/STM32_USB_Host_Library/Class/CDC/Src/usbh_cdc.c ****   * @{
  57:Middlewares/ST/STM32_USB_Host_Library/Class/CDC/Src/usbh_cdc.c ****   */
  58:Middlewares/ST/STM32_USB_Host_Library/Class/CDC/Src/usbh_cdc.c **** 
  59:Middlewares/ST/STM32_USB_Host_Library/Class/CDC/Src/usbh_cdc.c **** /** @addtogroup USBH_CDC_CLASS
  60:Middlewares/ST/STM32_USB_Host_Library/Class/CDC/Src/usbh_cdc.c ****   * @{
  61:Middlewares/ST/STM32_USB_Host_Library/Class/CDC/Src/usbh_cdc.c ****   */
  62:Middlewares/ST/STM32_USB_Host_Library/Class/CDC/Src/usbh_cdc.c **** 
  63:Middlewares/ST/STM32_USB_Host_Library/Class/CDC/Src/usbh_cdc.c **** /** @defgroup USBH_CDC_CORE
  64:Middlewares/ST/STM32_USB_Host_Library/Class/CDC/Src/usbh_cdc.c ****   * @brief    This file includes CDC Layer Handlers for USB Host CDC class.
  65:Middlewares/ST/STM32_USB_Host_Library/Class/CDC/Src/usbh_cdc.c ****   * @{
  66:Middlewares/ST/STM32_USB_Host_Library/Class/CDC/Src/usbh_cdc.c ****   */
  67:Middlewares/ST/STM32_USB_Host_Library/Class/CDC/Src/usbh_cdc.c **** 
  68:Middlewares/ST/STM32_USB_Host_Library/Class/CDC/Src/usbh_cdc.c **** /** @defgroup USBH_CDC_CORE_Private_TypesDefinitions
  69:Middlewares/ST/STM32_USB_Host_Library/Class/CDC/Src/usbh_cdc.c ****   * @{
  70:Middlewares/ST/STM32_USB_Host_Library/Class/CDC/Src/usbh_cdc.c ****   */
  71:Middlewares/ST/STM32_USB_Host_Library/Class/CDC/Src/usbh_cdc.c **** /**
  72:Middlewares/ST/STM32_USB_Host_Library/Class/CDC/Src/usbh_cdc.c ****   * @}
  73:Middlewares/ST/STM32_USB_Host_Library/Class/CDC/Src/usbh_cdc.c ****   */
  74:Middlewares/ST/STM32_USB_Host_Library/Class/CDC/Src/usbh_cdc.c **** 
  75:Middlewares/ST/STM32_USB_Host_Library/Class/CDC/Src/usbh_cdc.c **** 
  76:Middlewares/ST/STM32_USB_Host_Library/Class/CDC/Src/usbh_cdc.c **** /** @defgroup USBH_CDC_CORE_Private_Defines
  77:Middlewares/ST/STM32_USB_Host_Library/Class/CDC/Src/usbh_cdc.c ****   * @{
  78:Middlewares/ST/STM32_USB_Host_Library/Class/CDC/Src/usbh_cdc.c ****   */
  79:Middlewares/ST/STM32_USB_Host_Library/Class/CDC/Src/usbh_cdc.c **** #define USBH_CDC_BUFFER_SIZE                 1024
  80:Middlewares/ST/STM32_USB_Host_Library/Class/CDC/Src/usbh_cdc.c **** /**
  81:Middlewares/ST/STM32_USB_Host_Library/Class/CDC/Src/usbh_cdc.c ****   * @}
  82:Middlewares/ST/STM32_USB_Host_Library/Class/CDC/Src/usbh_cdc.c ****   */
  83:Middlewares/ST/STM32_USB_Host_Library/Class/CDC/Src/usbh_cdc.c **** 
  84:Middlewares/ST/STM32_USB_Host_Library/Class/CDC/Src/usbh_cdc.c **** 
  85:Middlewares/ST/STM32_USB_Host_Library/Class/CDC/Src/usbh_cdc.c **** /** @defgroup USBH_CDC_CORE_Private_Macros
  86:Middlewares/ST/STM32_USB_Host_Library/Class/CDC/Src/usbh_cdc.c ****   * @{
  87:Middlewares/ST/STM32_USB_Host_Library/Class/CDC/Src/usbh_cdc.c ****   */
ARM GAS  /tmp/ccmcMWNH.s 			page 3


  88:Middlewares/ST/STM32_USB_Host_Library/Class/CDC/Src/usbh_cdc.c **** /**
  89:Middlewares/ST/STM32_USB_Host_Library/Class/CDC/Src/usbh_cdc.c ****   * @}
  90:Middlewares/ST/STM32_USB_Host_Library/Class/CDC/Src/usbh_cdc.c ****   */
  91:Middlewares/ST/STM32_USB_Host_Library/Class/CDC/Src/usbh_cdc.c **** 
  92:Middlewares/ST/STM32_USB_Host_Library/Class/CDC/Src/usbh_cdc.c **** 
  93:Middlewares/ST/STM32_USB_Host_Library/Class/CDC/Src/usbh_cdc.c **** /** @defgroup USBH_CDC_CORE_Private_Variables
  94:Middlewares/ST/STM32_USB_Host_Library/Class/CDC/Src/usbh_cdc.c ****   * @{
  95:Middlewares/ST/STM32_USB_Host_Library/Class/CDC/Src/usbh_cdc.c ****   */
  96:Middlewares/ST/STM32_USB_Host_Library/Class/CDC/Src/usbh_cdc.c **** /**
  97:Middlewares/ST/STM32_USB_Host_Library/Class/CDC/Src/usbh_cdc.c ****   * @}
  98:Middlewares/ST/STM32_USB_Host_Library/Class/CDC/Src/usbh_cdc.c ****   */
  99:Middlewares/ST/STM32_USB_Host_Library/Class/CDC/Src/usbh_cdc.c **** 
 100:Middlewares/ST/STM32_USB_Host_Library/Class/CDC/Src/usbh_cdc.c **** 
 101:Middlewares/ST/STM32_USB_Host_Library/Class/CDC/Src/usbh_cdc.c **** /** @defgroup USBH_CDC_CORE_Private_FunctionPrototypes
 102:Middlewares/ST/STM32_USB_Host_Library/Class/CDC/Src/usbh_cdc.c ****   * @{
 103:Middlewares/ST/STM32_USB_Host_Library/Class/CDC/Src/usbh_cdc.c ****   */
 104:Middlewares/ST/STM32_USB_Host_Library/Class/CDC/Src/usbh_cdc.c **** 
 105:Middlewares/ST/STM32_USB_Host_Library/Class/CDC/Src/usbh_cdc.c **** static USBH_StatusTypeDef USBH_CDC_InterfaceInit(USBH_HandleTypeDef *phost);
 106:Middlewares/ST/STM32_USB_Host_Library/Class/CDC/Src/usbh_cdc.c **** 
 107:Middlewares/ST/STM32_USB_Host_Library/Class/CDC/Src/usbh_cdc.c **** static USBH_StatusTypeDef USBH_CDC_InterfaceDeInit(USBH_HandleTypeDef *phost);
 108:Middlewares/ST/STM32_USB_Host_Library/Class/CDC/Src/usbh_cdc.c **** 
 109:Middlewares/ST/STM32_USB_Host_Library/Class/CDC/Src/usbh_cdc.c **** static USBH_StatusTypeDef USBH_CDC_Process(USBH_HandleTypeDef *phost);
 110:Middlewares/ST/STM32_USB_Host_Library/Class/CDC/Src/usbh_cdc.c **** 
 111:Middlewares/ST/STM32_USB_Host_Library/Class/CDC/Src/usbh_cdc.c **** static USBH_StatusTypeDef USBH_CDC_SOFProcess(USBH_HandleTypeDef *phost);
 112:Middlewares/ST/STM32_USB_Host_Library/Class/CDC/Src/usbh_cdc.c **** 
 113:Middlewares/ST/STM32_USB_Host_Library/Class/CDC/Src/usbh_cdc.c **** static USBH_StatusTypeDef USBH_CDC_ClassRequest(USBH_HandleTypeDef *phost);
 114:Middlewares/ST/STM32_USB_Host_Library/Class/CDC/Src/usbh_cdc.c **** 
 115:Middlewares/ST/STM32_USB_Host_Library/Class/CDC/Src/usbh_cdc.c **** static USBH_StatusTypeDef GetLineCoding(USBH_HandleTypeDef *phost,
 116:Middlewares/ST/STM32_USB_Host_Library/Class/CDC/Src/usbh_cdc.c ****                                         CDC_LineCodingTypeDef *linecoding);
 117:Middlewares/ST/STM32_USB_Host_Library/Class/CDC/Src/usbh_cdc.c **** 
 118:Middlewares/ST/STM32_USB_Host_Library/Class/CDC/Src/usbh_cdc.c **** static USBH_StatusTypeDef SetLineCoding(USBH_HandleTypeDef *phost,
 119:Middlewares/ST/STM32_USB_Host_Library/Class/CDC/Src/usbh_cdc.c ****                                         CDC_LineCodingTypeDef *linecoding);
 120:Middlewares/ST/STM32_USB_Host_Library/Class/CDC/Src/usbh_cdc.c **** 
 121:Middlewares/ST/STM32_USB_Host_Library/Class/CDC/Src/usbh_cdc.c **** static void CDC_ProcessTransmission(USBH_HandleTypeDef *phost);
 122:Middlewares/ST/STM32_USB_Host_Library/Class/CDC/Src/usbh_cdc.c **** 
 123:Middlewares/ST/STM32_USB_Host_Library/Class/CDC/Src/usbh_cdc.c **** static void CDC_ProcessReception(USBH_HandleTypeDef *phost);
 124:Middlewares/ST/STM32_USB_Host_Library/Class/CDC/Src/usbh_cdc.c **** 
 125:Middlewares/ST/STM32_USB_Host_Library/Class/CDC/Src/usbh_cdc.c **** USBH_ClassTypeDef  CDC_Class =
 126:Middlewares/ST/STM32_USB_Host_Library/Class/CDC/Src/usbh_cdc.c **** {
 127:Middlewares/ST/STM32_USB_Host_Library/Class/CDC/Src/usbh_cdc.c ****   "CDC",
 128:Middlewares/ST/STM32_USB_Host_Library/Class/CDC/Src/usbh_cdc.c ****   USB_CDC_CLASS,
 129:Middlewares/ST/STM32_USB_Host_Library/Class/CDC/Src/usbh_cdc.c ****   USBH_CDC_InterfaceInit,
 130:Middlewares/ST/STM32_USB_Host_Library/Class/CDC/Src/usbh_cdc.c ****   USBH_CDC_InterfaceDeInit,
 131:Middlewares/ST/STM32_USB_Host_Library/Class/CDC/Src/usbh_cdc.c ****   USBH_CDC_ClassRequest,
 132:Middlewares/ST/STM32_USB_Host_Library/Class/CDC/Src/usbh_cdc.c ****   USBH_CDC_Process,
 133:Middlewares/ST/STM32_USB_Host_Library/Class/CDC/Src/usbh_cdc.c ****   USBH_CDC_SOFProcess,
 134:Middlewares/ST/STM32_USB_Host_Library/Class/CDC/Src/usbh_cdc.c ****   NULL,
 135:Middlewares/ST/STM32_USB_Host_Library/Class/CDC/Src/usbh_cdc.c **** };
 136:Middlewares/ST/STM32_USB_Host_Library/Class/CDC/Src/usbh_cdc.c **** /**
 137:Middlewares/ST/STM32_USB_Host_Library/Class/CDC/Src/usbh_cdc.c ****   * @}
 138:Middlewares/ST/STM32_USB_Host_Library/Class/CDC/Src/usbh_cdc.c ****   */
 139:Middlewares/ST/STM32_USB_Host_Library/Class/CDC/Src/usbh_cdc.c **** 
 140:Middlewares/ST/STM32_USB_Host_Library/Class/CDC/Src/usbh_cdc.c **** 
 141:Middlewares/ST/STM32_USB_Host_Library/Class/CDC/Src/usbh_cdc.c **** /** @defgroup USBH_CDC_CORE_Private_Functions
 142:Middlewares/ST/STM32_USB_Host_Library/Class/CDC/Src/usbh_cdc.c ****   * @{
 143:Middlewares/ST/STM32_USB_Host_Library/Class/CDC/Src/usbh_cdc.c ****   */
 144:Middlewares/ST/STM32_USB_Host_Library/Class/CDC/Src/usbh_cdc.c **** 
ARM GAS  /tmp/ccmcMWNH.s 			page 4


 145:Middlewares/ST/STM32_USB_Host_Library/Class/CDC/Src/usbh_cdc.c **** /**
 146:Middlewares/ST/STM32_USB_Host_Library/Class/CDC/Src/usbh_cdc.c ****   * @brief  USBH_CDC_InterfaceInit
 147:Middlewares/ST/STM32_USB_Host_Library/Class/CDC/Src/usbh_cdc.c ****   *         The function init the CDC class.
 148:Middlewares/ST/STM32_USB_Host_Library/Class/CDC/Src/usbh_cdc.c ****   * @param  phost: Host handle
 149:Middlewares/ST/STM32_USB_Host_Library/Class/CDC/Src/usbh_cdc.c ****   * @retval USBH Status
 150:Middlewares/ST/STM32_USB_Host_Library/Class/CDC/Src/usbh_cdc.c ****   */
 151:Middlewares/ST/STM32_USB_Host_Library/Class/CDC/Src/usbh_cdc.c **** static USBH_StatusTypeDef USBH_CDC_InterfaceInit(USBH_HandleTypeDef *phost)
 152:Middlewares/ST/STM32_USB_Host_Library/Class/CDC/Src/usbh_cdc.c **** {
 153:Middlewares/ST/STM32_USB_Host_Library/Class/CDC/Src/usbh_cdc.c **** 
 154:Middlewares/ST/STM32_USB_Host_Library/Class/CDC/Src/usbh_cdc.c ****   USBH_StatusTypeDef status;
 155:Middlewares/ST/STM32_USB_Host_Library/Class/CDC/Src/usbh_cdc.c ****   uint8_t interface;
 156:Middlewares/ST/STM32_USB_Host_Library/Class/CDC/Src/usbh_cdc.c ****   CDC_HandleTypeDef *CDC_Handle;
 157:Middlewares/ST/STM32_USB_Host_Library/Class/CDC/Src/usbh_cdc.c **** 
 158:Middlewares/ST/STM32_USB_Host_Library/Class/CDC/Src/usbh_cdc.c ****   interface = USBH_FindInterface(phost, COMMUNICATION_INTERFACE_CLASS_CODE,
 159:Middlewares/ST/STM32_USB_Host_Library/Class/CDC/Src/usbh_cdc.c ****                                    ABSTRACT_CONTROL_MODEL, COMMON_AT_COMMAND);
 160:Middlewares/ST/STM32_USB_Host_Library/Class/CDC/Src/usbh_cdc.c **** 
 161:Middlewares/ST/STM32_USB_Host_Library/Class/CDC/Src/usbh_cdc.c ****   if ((interface == 0xFFU) || (interface >= USBH_MAX_NUM_INTERFACES)) /* No Valid Interface */
 162:Middlewares/ST/STM32_USB_Host_Library/Class/CDC/Src/usbh_cdc.c ****   {
 163:Middlewares/ST/STM32_USB_Host_Library/Class/CDC/Src/usbh_cdc.c ****     USBH_DbgLog("Cannot Find the interface for Communication Interface Class.", phost->pActiveClass
 164:Middlewares/ST/STM32_USB_Host_Library/Class/CDC/Src/usbh_cdc.c ****     return USBH_FAIL;
 165:Middlewares/ST/STM32_USB_Host_Library/Class/CDC/Src/usbh_cdc.c ****   }
 166:Middlewares/ST/STM32_USB_Host_Library/Class/CDC/Src/usbh_cdc.c **** 
 167:Middlewares/ST/STM32_USB_Host_Library/Class/CDC/Src/usbh_cdc.c ****   status = USBH_SelectInterface(phost, interface);
 168:Middlewares/ST/STM32_USB_Host_Library/Class/CDC/Src/usbh_cdc.c **** 
 169:Middlewares/ST/STM32_USB_Host_Library/Class/CDC/Src/usbh_cdc.c ****   if (status != USBH_OK)
 170:Middlewares/ST/STM32_USB_Host_Library/Class/CDC/Src/usbh_cdc.c ****   {
 171:Middlewares/ST/STM32_USB_Host_Library/Class/CDC/Src/usbh_cdc.c ****     return USBH_FAIL;
 172:Middlewares/ST/STM32_USB_Host_Library/Class/CDC/Src/usbh_cdc.c ****   }
 173:Middlewares/ST/STM32_USB_Host_Library/Class/CDC/Src/usbh_cdc.c **** 
 174:Middlewares/ST/STM32_USB_Host_Library/Class/CDC/Src/usbh_cdc.c ****   phost->pActiveClass->pData = (CDC_HandleTypeDef *)USBH_malloc(sizeof(CDC_HandleTypeDef));
 175:Middlewares/ST/STM32_USB_Host_Library/Class/CDC/Src/usbh_cdc.c ****   CDC_Handle = (CDC_HandleTypeDef *) phost->pActiveClass->pData;
 176:Middlewares/ST/STM32_USB_Host_Library/Class/CDC/Src/usbh_cdc.c **** 
 177:Middlewares/ST/STM32_USB_Host_Library/Class/CDC/Src/usbh_cdc.c ****   if (CDC_Handle == NULL)
 178:Middlewares/ST/STM32_USB_Host_Library/Class/CDC/Src/usbh_cdc.c ****   {
 179:Middlewares/ST/STM32_USB_Host_Library/Class/CDC/Src/usbh_cdc.c ****     USBH_DbgLog("Cannot allocate memory for CDC Handle");
 180:Middlewares/ST/STM32_USB_Host_Library/Class/CDC/Src/usbh_cdc.c ****     return USBH_FAIL;
 181:Middlewares/ST/STM32_USB_Host_Library/Class/CDC/Src/usbh_cdc.c ****   }
 182:Middlewares/ST/STM32_USB_Host_Library/Class/CDC/Src/usbh_cdc.c **** 
 183:Middlewares/ST/STM32_USB_Host_Library/Class/CDC/Src/usbh_cdc.c ****   /* Initialize cdc handler */
 184:Middlewares/ST/STM32_USB_Host_Library/Class/CDC/Src/usbh_cdc.c ****   (void)USBH_memset(CDC_Handle, 0, sizeof(CDC_HandleTypeDef));
 185:Middlewares/ST/STM32_USB_Host_Library/Class/CDC/Src/usbh_cdc.c **** 
 186:Middlewares/ST/STM32_USB_Host_Library/Class/CDC/Src/usbh_cdc.c ****   /*Collect the notification endpoint address and length*/
 187:Middlewares/ST/STM32_USB_Host_Library/Class/CDC/Src/usbh_cdc.c ****   if ((phost->device.CfgDesc.Itf_Desc[interface].Ep_Desc[0].bEndpointAddress & 0x80U) != 0U)
 188:Middlewares/ST/STM32_USB_Host_Library/Class/CDC/Src/usbh_cdc.c ****   {
 189:Middlewares/ST/STM32_USB_Host_Library/Class/CDC/Src/usbh_cdc.c ****     CDC_Handle->CommItf.NotifEp = phost->device.CfgDesc.Itf_Desc[interface].Ep_Desc[0].bEndpointAdd
 190:Middlewares/ST/STM32_USB_Host_Library/Class/CDC/Src/usbh_cdc.c ****     CDC_Handle->CommItf.NotifEpSize  = phost->device.CfgDesc.Itf_Desc[interface].Ep_Desc[0].wMaxPac
 191:Middlewares/ST/STM32_USB_Host_Library/Class/CDC/Src/usbh_cdc.c ****   }
 192:Middlewares/ST/STM32_USB_Host_Library/Class/CDC/Src/usbh_cdc.c **** 
 193:Middlewares/ST/STM32_USB_Host_Library/Class/CDC/Src/usbh_cdc.c ****   /*Allocate the length for host channel number in*/
 194:Middlewares/ST/STM32_USB_Host_Library/Class/CDC/Src/usbh_cdc.c ****   CDC_Handle->CommItf.NotifPipe = USBH_AllocPipe(phost, CDC_Handle->CommItf.NotifEp);
 195:Middlewares/ST/STM32_USB_Host_Library/Class/CDC/Src/usbh_cdc.c **** 
 196:Middlewares/ST/STM32_USB_Host_Library/Class/CDC/Src/usbh_cdc.c ****   /* Open pipe for Notification endpoint */
 197:Middlewares/ST/STM32_USB_Host_Library/Class/CDC/Src/usbh_cdc.c ****   (void)USBH_OpenPipe(phost, CDC_Handle->CommItf.NotifPipe, CDC_Handle->CommItf.NotifEp,
 198:Middlewares/ST/STM32_USB_Host_Library/Class/CDC/Src/usbh_cdc.c ****                       phost->device.address, phost->device.speed, USB_EP_TYPE_INTR,
 199:Middlewares/ST/STM32_USB_Host_Library/Class/CDC/Src/usbh_cdc.c ****                       CDC_Handle->CommItf.NotifEpSize);
 200:Middlewares/ST/STM32_USB_Host_Library/Class/CDC/Src/usbh_cdc.c **** 
 201:Middlewares/ST/STM32_USB_Host_Library/Class/CDC/Src/usbh_cdc.c ****   (void)USBH_LL_SetToggle(phost, CDC_Handle->CommItf.NotifPipe, 0U);
ARM GAS  /tmp/ccmcMWNH.s 			page 5


 202:Middlewares/ST/STM32_USB_Host_Library/Class/CDC/Src/usbh_cdc.c **** 
 203:Middlewares/ST/STM32_USB_Host_Library/Class/CDC/Src/usbh_cdc.c ****   interface = USBH_FindInterface(phost, DATA_INTERFACE_CLASS_CODE,
 204:Middlewares/ST/STM32_USB_Host_Library/Class/CDC/Src/usbh_cdc.c ****                                    RESERVED, NO_CLASS_SPECIFIC_PROTOCOL_CODE);
 205:Middlewares/ST/STM32_USB_Host_Library/Class/CDC/Src/usbh_cdc.c **** 
 206:Middlewares/ST/STM32_USB_Host_Library/Class/CDC/Src/usbh_cdc.c ****   if ((interface == 0xFFU) || (interface >= USBH_MAX_NUM_INTERFACES)) /* No Valid Interface */
 207:Middlewares/ST/STM32_USB_Host_Library/Class/CDC/Src/usbh_cdc.c ****   {
 208:Middlewares/ST/STM32_USB_Host_Library/Class/CDC/Src/usbh_cdc.c ****     USBH_DbgLog("Cannot Find the interface for Data Interface Class.", phost->pActiveClass->Name);
 209:Middlewares/ST/STM32_USB_Host_Library/Class/CDC/Src/usbh_cdc.c ****     return USBH_FAIL;
 210:Middlewares/ST/STM32_USB_Host_Library/Class/CDC/Src/usbh_cdc.c ****   }
 211:Middlewares/ST/STM32_USB_Host_Library/Class/CDC/Src/usbh_cdc.c **** 
 212:Middlewares/ST/STM32_USB_Host_Library/Class/CDC/Src/usbh_cdc.c ****   /*Collect the class specific endpoint address and length*/
 213:Middlewares/ST/STM32_USB_Host_Library/Class/CDC/Src/usbh_cdc.c ****   if ((phost->device.CfgDesc.Itf_Desc[interface].Ep_Desc[0].bEndpointAddress & 0x80U) != 0U)
 214:Middlewares/ST/STM32_USB_Host_Library/Class/CDC/Src/usbh_cdc.c ****   {
 215:Middlewares/ST/STM32_USB_Host_Library/Class/CDC/Src/usbh_cdc.c ****     CDC_Handle->DataItf.InEp = phost->device.CfgDesc.Itf_Desc[interface].Ep_Desc[0].bEndpointAddres
 216:Middlewares/ST/STM32_USB_Host_Library/Class/CDC/Src/usbh_cdc.c ****     CDC_Handle->DataItf.InEpSize  = phost->device.CfgDesc.Itf_Desc[interface].Ep_Desc[0].wMaxPacket
 217:Middlewares/ST/STM32_USB_Host_Library/Class/CDC/Src/usbh_cdc.c ****   }
 218:Middlewares/ST/STM32_USB_Host_Library/Class/CDC/Src/usbh_cdc.c ****   else
 219:Middlewares/ST/STM32_USB_Host_Library/Class/CDC/Src/usbh_cdc.c ****   {
 220:Middlewares/ST/STM32_USB_Host_Library/Class/CDC/Src/usbh_cdc.c ****     CDC_Handle->DataItf.OutEp = phost->device.CfgDesc.Itf_Desc[interface].Ep_Desc[0].bEndpointAddre
 221:Middlewares/ST/STM32_USB_Host_Library/Class/CDC/Src/usbh_cdc.c ****     CDC_Handle->DataItf.OutEpSize  = phost->device.CfgDesc.Itf_Desc[interface].Ep_Desc[0].wMaxPacke
 222:Middlewares/ST/STM32_USB_Host_Library/Class/CDC/Src/usbh_cdc.c ****   }
 223:Middlewares/ST/STM32_USB_Host_Library/Class/CDC/Src/usbh_cdc.c **** 
 224:Middlewares/ST/STM32_USB_Host_Library/Class/CDC/Src/usbh_cdc.c ****   if ((phost->device.CfgDesc.Itf_Desc[interface].Ep_Desc[1].bEndpointAddress & 0x80U) != 0U)
 225:Middlewares/ST/STM32_USB_Host_Library/Class/CDC/Src/usbh_cdc.c ****   {
 226:Middlewares/ST/STM32_USB_Host_Library/Class/CDC/Src/usbh_cdc.c ****     CDC_Handle->DataItf.InEp = phost->device.CfgDesc.Itf_Desc[interface].Ep_Desc[1].bEndpointAddres
 227:Middlewares/ST/STM32_USB_Host_Library/Class/CDC/Src/usbh_cdc.c ****     CDC_Handle->DataItf.InEpSize  = phost->device.CfgDesc.Itf_Desc[interface].Ep_Desc[1].wMaxPacket
 228:Middlewares/ST/STM32_USB_Host_Library/Class/CDC/Src/usbh_cdc.c ****   }
 229:Middlewares/ST/STM32_USB_Host_Library/Class/CDC/Src/usbh_cdc.c ****   else
 230:Middlewares/ST/STM32_USB_Host_Library/Class/CDC/Src/usbh_cdc.c ****   {
 231:Middlewares/ST/STM32_USB_Host_Library/Class/CDC/Src/usbh_cdc.c ****     CDC_Handle->DataItf.OutEp = phost->device.CfgDesc.Itf_Desc[interface].Ep_Desc[1].bEndpointAddre
 232:Middlewares/ST/STM32_USB_Host_Library/Class/CDC/Src/usbh_cdc.c ****     CDC_Handle->DataItf.OutEpSize = phost->device.CfgDesc.Itf_Desc[interface].Ep_Desc[1].wMaxPacket
 233:Middlewares/ST/STM32_USB_Host_Library/Class/CDC/Src/usbh_cdc.c ****   }
 234:Middlewares/ST/STM32_USB_Host_Library/Class/CDC/Src/usbh_cdc.c **** 
 235:Middlewares/ST/STM32_USB_Host_Library/Class/CDC/Src/usbh_cdc.c ****   /*Allocate the length for host channel number out*/
 236:Middlewares/ST/STM32_USB_Host_Library/Class/CDC/Src/usbh_cdc.c ****   CDC_Handle->DataItf.OutPipe = USBH_AllocPipe(phost, CDC_Handle->DataItf.OutEp);
 237:Middlewares/ST/STM32_USB_Host_Library/Class/CDC/Src/usbh_cdc.c **** 
 238:Middlewares/ST/STM32_USB_Host_Library/Class/CDC/Src/usbh_cdc.c ****   /*Allocate the length for host channel number in*/
 239:Middlewares/ST/STM32_USB_Host_Library/Class/CDC/Src/usbh_cdc.c ****   CDC_Handle->DataItf.InPipe = USBH_AllocPipe(phost, CDC_Handle->DataItf.InEp);
 240:Middlewares/ST/STM32_USB_Host_Library/Class/CDC/Src/usbh_cdc.c **** 
 241:Middlewares/ST/STM32_USB_Host_Library/Class/CDC/Src/usbh_cdc.c ****   /* Open channel for OUT endpoint */
 242:Middlewares/ST/STM32_USB_Host_Library/Class/CDC/Src/usbh_cdc.c ****   (void)USBH_OpenPipe(phost, CDC_Handle->DataItf.OutPipe, CDC_Handle->DataItf.OutEp,
 243:Middlewares/ST/STM32_USB_Host_Library/Class/CDC/Src/usbh_cdc.c ****                       phost->device.address, phost->device.speed, USB_EP_TYPE_BULK,
 244:Middlewares/ST/STM32_USB_Host_Library/Class/CDC/Src/usbh_cdc.c ****                       CDC_Handle->DataItf.OutEpSize);
 245:Middlewares/ST/STM32_USB_Host_Library/Class/CDC/Src/usbh_cdc.c **** 
 246:Middlewares/ST/STM32_USB_Host_Library/Class/CDC/Src/usbh_cdc.c ****   /* Open channel for IN endpoint */
 247:Middlewares/ST/STM32_USB_Host_Library/Class/CDC/Src/usbh_cdc.c ****   (void)USBH_OpenPipe(phost, CDC_Handle->DataItf.InPipe, CDC_Handle->DataItf.InEp,
 248:Middlewares/ST/STM32_USB_Host_Library/Class/CDC/Src/usbh_cdc.c ****                       phost->device.address, phost->device.speed, USB_EP_TYPE_BULK,
 249:Middlewares/ST/STM32_USB_Host_Library/Class/CDC/Src/usbh_cdc.c ****                       CDC_Handle->DataItf.InEpSize);
 250:Middlewares/ST/STM32_USB_Host_Library/Class/CDC/Src/usbh_cdc.c **** 
 251:Middlewares/ST/STM32_USB_Host_Library/Class/CDC/Src/usbh_cdc.c ****   CDC_Handle->state = CDC_IDLE_STATE;
 252:Middlewares/ST/STM32_USB_Host_Library/Class/CDC/Src/usbh_cdc.c **** 
 253:Middlewares/ST/STM32_USB_Host_Library/Class/CDC/Src/usbh_cdc.c ****   (void)USBH_LL_SetToggle(phost, CDC_Handle->DataItf.OutPipe, 0U);
 254:Middlewares/ST/STM32_USB_Host_Library/Class/CDC/Src/usbh_cdc.c ****   (void)USBH_LL_SetToggle(phost, CDC_Handle->DataItf.InPipe, 0U);
 255:Middlewares/ST/STM32_USB_Host_Library/Class/CDC/Src/usbh_cdc.c **** 
 256:Middlewares/ST/STM32_USB_Host_Library/Class/CDC/Src/usbh_cdc.c ****   return USBH_OK;
 257:Middlewares/ST/STM32_USB_Host_Library/Class/CDC/Src/usbh_cdc.c **** }
 258:Middlewares/ST/STM32_USB_Host_Library/Class/CDC/Src/usbh_cdc.c **** 
ARM GAS  /tmp/ccmcMWNH.s 			page 6


 259:Middlewares/ST/STM32_USB_Host_Library/Class/CDC/Src/usbh_cdc.c **** 
 260:Middlewares/ST/STM32_USB_Host_Library/Class/CDC/Src/usbh_cdc.c **** 
 261:Middlewares/ST/STM32_USB_Host_Library/Class/CDC/Src/usbh_cdc.c **** /**
 262:Middlewares/ST/STM32_USB_Host_Library/Class/CDC/Src/usbh_cdc.c ****   * @brief  USBH_CDC_InterfaceDeInit
 263:Middlewares/ST/STM32_USB_Host_Library/Class/CDC/Src/usbh_cdc.c ****   *         The function DeInit the Pipes used for the CDC class.
 264:Middlewares/ST/STM32_USB_Host_Library/Class/CDC/Src/usbh_cdc.c ****   * @param  phost: Host handle
 265:Middlewares/ST/STM32_USB_Host_Library/Class/CDC/Src/usbh_cdc.c ****   * @retval USBH Status
 266:Middlewares/ST/STM32_USB_Host_Library/Class/CDC/Src/usbh_cdc.c ****   */
 267:Middlewares/ST/STM32_USB_Host_Library/Class/CDC/Src/usbh_cdc.c **** static USBH_StatusTypeDef USBH_CDC_InterfaceDeInit(USBH_HandleTypeDef *phost)
 268:Middlewares/ST/STM32_USB_Host_Library/Class/CDC/Src/usbh_cdc.c **** {
 269:Middlewares/ST/STM32_USB_Host_Library/Class/CDC/Src/usbh_cdc.c ****   CDC_HandleTypeDef *CDC_Handle = (CDC_HandleTypeDef *) phost->pActiveClass->pData;
 270:Middlewares/ST/STM32_USB_Host_Library/Class/CDC/Src/usbh_cdc.c **** 
 271:Middlewares/ST/STM32_USB_Host_Library/Class/CDC/Src/usbh_cdc.c ****   if ((CDC_Handle->CommItf.NotifPipe) != 0U)
 272:Middlewares/ST/STM32_USB_Host_Library/Class/CDC/Src/usbh_cdc.c ****   {
 273:Middlewares/ST/STM32_USB_Host_Library/Class/CDC/Src/usbh_cdc.c ****     (void)USBH_ClosePipe(phost, CDC_Handle->CommItf.NotifPipe);
 274:Middlewares/ST/STM32_USB_Host_Library/Class/CDC/Src/usbh_cdc.c ****     (void)USBH_FreePipe(phost, CDC_Handle->CommItf.NotifPipe);
 275:Middlewares/ST/STM32_USB_Host_Library/Class/CDC/Src/usbh_cdc.c ****     CDC_Handle->CommItf.NotifPipe = 0U;     /* Reset the Channel as Free */
 276:Middlewares/ST/STM32_USB_Host_Library/Class/CDC/Src/usbh_cdc.c ****   }
 277:Middlewares/ST/STM32_USB_Host_Library/Class/CDC/Src/usbh_cdc.c **** 
 278:Middlewares/ST/STM32_USB_Host_Library/Class/CDC/Src/usbh_cdc.c ****   if ((CDC_Handle->DataItf.InPipe) != 0U)
 279:Middlewares/ST/STM32_USB_Host_Library/Class/CDC/Src/usbh_cdc.c ****   {
 280:Middlewares/ST/STM32_USB_Host_Library/Class/CDC/Src/usbh_cdc.c ****     (void)USBH_ClosePipe(phost, CDC_Handle->DataItf.InPipe);
 281:Middlewares/ST/STM32_USB_Host_Library/Class/CDC/Src/usbh_cdc.c ****     (void)USBH_FreePipe(phost, CDC_Handle->DataItf.InPipe);
 282:Middlewares/ST/STM32_USB_Host_Library/Class/CDC/Src/usbh_cdc.c ****     CDC_Handle->DataItf.InPipe = 0U;     /* Reset the Channel as Free */
 283:Middlewares/ST/STM32_USB_Host_Library/Class/CDC/Src/usbh_cdc.c ****   }
 284:Middlewares/ST/STM32_USB_Host_Library/Class/CDC/Src/usbh_cdc.c **** 
 285:Middlewares/ST/STM32_USB_Host_Library/Class/CDC/Src/usbh_cdc.c ****   if ((CDC_Handle->DataItf.OutPipe) != 0U)
 286:Middlewares/ST/STM32_USB_Host_Library/Class/CDC/Src/usbh_cdc.c ****   {
 287:Middlewares/ST/STM32_USB_Host_Library/Class/CDC/Src/usbh_cdc.c ****     (void)USBH_ClosePipe(phost, CDC_Handle->DataItf.OutPipe);
 288:Middlewares/ST/STM32_USB_Host_Library/Class/CDC/Src/usbh_cdc.c ****     (void)USBH_FreePipe(phost, CDC_Handle->DataItf.OutPipe);
 289:Middlewares/ST/STM32_USB_Host_Library/Class/CDC/Src/usbh_cdc.c ****     CDC_Handle->DataItf.OutPipe = 0U;    /* Reset the Channel as Free */
 290:Middlewares/ST/STM32_USB_Host_Library/Class/CDC/Src/usbh_cdc.c ****   }
 291:Middlewares/ST/STM32_USB_Host_Library/Class/CDC/Src/usbh_cdc.c **** 
 292:Middlewares/ST/STM32_USB_Host_Library/Class/CDC/Src/usbh_cdc.c ****   if ((phost->pActiveClass->pData) != NULL)
 293:Middlewares/ST/STM32_USB_Host_Library/Class/CDC/Src/usbh_cdc.c ****   {
 294:Middlewares/ST/STM32_USB_Host_Library/Class/CDC/Src/usbh_cdc.c ****     USBH_free(phost->pActiveClass->pData);
 295:Middlewares/ST/STM32_USB_Host_Library/Class/CDC/Src/usbh_cdc.c ****     phost->pActiveClass->pData = 0U;
 296:Middlewares/ST/STM32_USB_Host_Library/Class/CDC/Src/usbh_cdc.c ****   }
 297:Middlewares/ST/STM32_USB_Host_Library/Class/CDC/Src/usbh_cdc.c **** 
 298:Middlewares/ST/STM32_USB_Host_Library/Class/CDC/Src/usbh_cdc.c ****   return USBH_OK;
 299:Middlewares/ST/STM32_USB_Host_Library/Class/CDC/Src/usbh_cdc.c **** }
 300:Middlewares/ST/STM32_USB_Host_Library/Class/CDC/Src/usbh_cdc.c **** 
 301:Middlewares/ST/STM32_USB_Host_Library/Class/CDC/Src/usbh_cdc.c **** /**
 302:Middlewares/ST/STM32_USB_Host_Library/Class/CDC/Src/usbh_cdc.c ****   * @brief  USBH_CDC_ClassRequest
 303:Middlewares/ST/STM32_USB_Host_Library/Class/CDC/Src/usbh_cdc.c ****   *         The function is responsible for handling Standard requests
 304:Middlewares/ST/STM32_USB_Host_Library/Class/CDC/Src/usbh_cdc.c ****   *         for CDC class.
 305:Middlewares/ST/STM32_USB_Host_Library/Class/CDC/Src/usbh_cdc.c ****   * @param  phost: Host handle
 306:Middlewares/ST/STM32_USB_Host_Library/Class/CDC/Src/usbh_cdc.c ****   * @retval USBH Status
 307:Middlewares/ST/STM32_USB_Host_Library/Class/CDC/Src/usbh_cdc.c ****   */
 308:Middlewares/ST/STM32_USB_Host_Library/Class/CDC/Src/usbh_cdc.c **** static USBH_StatusTypeDef USBH_CDC_ClassRequest(USBH_HandleTypeDef *phost)
 309:Middlewares/ST/STM32_USB_Host_Library/Class/CDC/Src/usbh_cdc.c **** {
 310:Middlewares/ST/STM32_USB_Host_Library/Class/CDC/Src/usbh_cdc.c ****   USBH_StatusTypeDef status;
 311:Middlewares/ST/STM32_USB_Host_Library/Class/CDC/Src/usbh_cdc.c ****   CDC_HandleTypeDef *CDC_Handle = (CDC_HandleTypeDef *) phost->pActiveClass->pData;
 312:Middlewares/ST/STM32_USB_Host_Library/Class/CDC/Src/usbh_cdc.c **** 
 313:Middlewares/ST/STM32_USB_Host_Library/Class/CDC/Src/usbh_cdc.c ****   /* Issue the get line coding request */
 314:Middlewares/ST/STM32_USB_Host_Library/Class/CDC/Src/usbh_cdc.c ****   status = GetLineCoding(phost, &CDC_Handle->LineCoding);
 315:Middlewares/ST/STM32_USB_Host_Library/Class/CDC/Src/usbh_cdc.c ****   if (status == USBH_OK)
ARM GAS  /tmp/ccmcMWNH.s 			page 7


 316:Middlewares/ST/STM32_USB_Host_Library/Class/CDC/Src/usbh_cdc.c ****   {
 317:Middlewares/ST/STM32_USB_Host_Library/Class/CDC/Src/usbh_cdc.c ****     phost->pUser(phost, HOST_USER_CLASS_ACTIVE);
 318:Middlewares/ST/STM32_USB_Host_Library/Class/CDC/Src/usbh_cdc.c ****   }
 319:Middlewares/ST/STM32_USB_Host_Library/Class/CDC/Src/usbh_cdc.c ****   else if (status == USBH_NOT_SUPPORTED)
 320:Middlewares/ST/STM32_USB_Host_Library/Class/CDC/Src/usbh_cdc.c ****   {
 321:Middlewares/ST/STM32_USB_Host_Library/Class/CDC/Src/usbh_cdc.c ****     USBH_ErrLog("Control error: CDC: Device Get Line Coding configuration failed");
 322:Middlewares/ST/STM32_USB_Host_Library/Class/CDC/Src/usbh_cdc.c ****   }
 323:Middlewares/ST/STM32_USB_Host_Library/Class/CDC/Src/usbh_cdc.c ****   else
 324:Middlewares/ST/STM32_USB_Host_Library/Class/CDC/Src/usbh_cdc.c ****   {
 325:Middlewares/ST/STM32_USB_Host_Library/Class/CDC/Src/usbh_cdc.c ****     /* .. */
 326:Middlewares/ST/STM32_USB_Host_Library/Class/CDC/Src/usbh_cdc.c ****   }
 327:Middlewares/ST/STM32_USB_Host_Library/Class/CDC/Src/usbh_cdc.c **** 
 328:Middlewares/ST/STM32_USB_Host_Library/Class/CDC/Src/usbh_cdc.c ****   return status;
 329:Middlewares/ST/STM32_USB_Host_Library/Class/CDC/Src/usbh_cdc.c **** }
 330:Middlewares/ST/STM32_USB_Host_Library/Class/CDC/Src/usbh_cdc.c **** 
 331:Middlewares/ST/STM32_USB_Host_Library/Class/CDC/Src/usbh_cdc.c **** 
 332:Middlewares/ST/STM32_USB_Host_Library/Class/CDC/Src/usbh_cdc.c **** /**
 333:Middlewares/ST/STM32_USB_Host_Library/Class/CDC/Src/usbh_cdc.c ****   * @brief  USBH_CDC_Process
 334:Middlewares/ST/STM32_USB_Host_Library/Class/CDC/Src/usbh_cdc.c ****   *         The function is for managing state machine for CDC data transfers
 335:Middlewares/ST/STM32_USB_Host_Library/Class/CDC/Src/usbh_cdc.c ****   * @param  phost: Host handle
 336:Middlewares/ST/STM32_USB_Host_Library/Class/CDC/Src/usbh_cdc.c ****   * @retval USBH Status
 337:Middlewares/ST/STM32_USB_Host_Library/Class/CDC/Src/usbh_cdc.c ****   */
 338:Middlewares/ST/STM32_USB_Host_Library/Class/CDC/Src/usbh_cdc.c **** static USBH_StatusTypeDef USBH_CDC_Process(USBH_HandleTypeDef *phost)
 339:Middlewares/ST/STM32_USB_Host_Library/Class/CDC/Src/usbh_cdc.c **** {
 340:Middlewares/ST/STM32_USB_Host_Library/Class/CDC/Src/usbh_cdc.c ****   USBH_StatusTypeDef status = USBH_BUSY;
 341:Middlewares/ST/STM32_USB_Host_Library/Class/CDC/Src/usbh_cdc.c ****   USBH_StatusTypeDef req_status = USBH_OK;
 342:Middlewares/ST/STM32_USB_Host_Library/Class/CDC/Src/usbh_cdc.c ****   CDC_HandleTypeDef *CDC_Handle = (CDC_HandleTypeDef *) phost->pActiveClass->pData;
 343:Middlewares/ST/STM32_USB_Host_Library/Class/CDC/Src/usbh_cdc.c **** 
 344:Middlewares/ST/STM32_USB_Host_Library/Class/CDC/Src/usbh_cdc.c ****   switch (CDC_Handle->state)
 345:Middlewares/ST/STM32_USB_Host_Library/Class/CDC/Src/usbh_cdc.c ****   {
 346:Middlewares/ST/STM32_USB_Host_Library/Class/CDC/Src/usbh_cdc.c **** 
 347:Middlewares/ST/STM32_USB_Host_Library/Class/CDC/Src/usbh_cdc.c ****     case CDC_IDLE_STATE:
 348:Middlewares/ST/STM32_USB_Host_Library/Class/CDC/Src/usbh_cdc.c ****       status = USBH_OK;
 349:Middlewares/ST/STM32_USB_Host_Library/Class/CDC/Src/usbh_cdc.c ****       break;
 350:Middlewares/ST/STM32_USB_Host_Library/Class/CDC/Src/usbh_cdc.c **** 
 351:Middlewares/ST/STM32_USB_Host_Library/Class/CDC/Src/usbh_cdc.c ****     case CDC_SET_LINE_CODING_STATE:
 352:Middlewares/ST/STM32_USB_Host_Library/Class/CDC/Src/usbh_cdc.c ****       req_status = SetLineCoding(phost, CDC_Handle->pUserLineCoding);
 353:Middlewares/ST/STM32_USB_Host_Library/Class/CDC/Src/usbh_cdc.c **** 
 354:Middlewares/ST/STM32_USB_Host_Library/Class/CDC/Src/usbh_cdc.c ****       if (req_status == USBH_OK)
 355:Middlewares/ST/STM32_USB_Host_Library/Class/CDC/Src/usbh_cdc.c ****       {
 356:Middlewares/ST/STM32_USB_Host_Library/Class/CDC/Src/usbh_cdc.c ****         CDC_Handle->state = CDC_GET_LAST_LINE_CODING_STATE;
 357:Middlewares/ST/STM32_USB_Host_Library/Class/CDC/Src/usbh_cdc.c ****       }
 358:Middlewares/ST/STM32_USB_Host_Library/Class/CDC/Src/usbh_cdc.c **** 
 359:Middlewares/ST/STM32_USB_Host_Library/Class/CDC/Src/usbh_cdc.c ****       else
 360:Middlewares/ST/STM32_USB_Host_Library/Class/CDC/Src/usbh_cdc.c ****       {
 361:Middlewares/ST/STM32_USB_Host_Library/Class/CDC/Src/usbh_cdc.c ****         if (req_status != USBH_BUSY)
 362:Middlewares/ST/STM32_USB_Host_Library/Class/CDC/Src/usbh_cdc.c ****         {
 363:Middlewares/ST/STM32_USB_Host_Library/Class/CDC/Src/usbh_cdc.c ****           CDC_Handle->state = CDC_ERROR_STATE;
 364:Middlewares/ST/STM32_USB_Host_Library/Class/CDC/Src/usbh_cdc.c ****         }
 365:Middlewares/ST/STM32_USB_Host_Library/Class/CDC/Src/usbh_cdc.c ****       }
 366:Middlewares/ST/STM32_USB_Host_Library/Class/CDC/Src/usbh_cdc.c ****       break;
 367:Middlewares/ST/STM32_USB_Host_Library/Class/CDC/Src/usbh_cdc.c **** 
 368:Middlewares/ST/STM32_USB_Host_Library/Class/CDC/Src/usbh_cdc.c **** 
 369:Middlewares/ST/STM32_USB_Host_Library/Class/CDC/Src/usbh_cdc.c ****     case CDC_GET_LAST_LINE_CODING_STATE:
 370:Middlewares/ST/STM32_USB_Host_Library/Class/CDC/Src/usbh_cdc.c ****       req_status = GetLineCoding(phost, &(CDC_Handle->LineCoding));
 371:Middlewares/ST/STM32_USB_Host_Library/Class/CDC/Src/usbh_cdc.c **** 
 372:Middlewares/ST/STM32_USB_Host_Library/Class/CDC/Src/usbh_cdc.c ****       if (req_status == USBH_OK)
ARM GAS  /tmp/ccmcMWNH.s 			page 8


 373:Middlewares/ST/STM32_USB_Host_Library/Class/CDC/Src/usbh_cdc.c ****       {
 374:Middlewares/ST/STM32_USB_Host_Library/Class/CDC/Src/usbh_cdc.c ****         CDC_Handle->state = CDC_IDLE_STATE;
 375:Middlewares/ST/STM32_USB_Host_Library/Class/CDC/Src/usbh_cdc.c **** 
 376:Middlewares/ST/STM32_USB_Host_Library/Class/CDC/Src/usbh_cdc.c ****         if ((CDC_Handle->LineCoding.b.bCharFormat == CDC_Handle->pUserLineCoding->b.bCharFormat) &&
 377:Middlewares/ST/STM32_USB_Host_Library/Class/CDC/Src/usbh_cdc.c ****             (CDC_Handle->LineCoding.b.bDataBits == CDC_Handle->pUserLineCoding->b.bDataBits) &&
 378:Middlewares/ST/STM32_USB_Host_Library/Class/CDC/Src/usbh_cdc.c ****             (CDC_Handle->LineCoding.b.bParityType == CDC_Handle->pUserLineCoding->b.bParityType) &&
 379:Middlewares/ST/STM32_USB_Host_Library/Class/CDC/Src/usbh_cdc.c ****             (CDC_Handle->LineCoding.b.dwDTERate == CDC_Handle->pUserLineCoding->b.dwDTERate))
 380:Middlewares/ST/STM32_USB_Host_Library/Class/CDC/Src/usbh_cdc.c ****         {
 381:Middlewares/ST/STM32_USB_Host_Library/Class/CDC/Src/usbh_cdc.c ****           USBH_CDC_LineCodingChanged(phost);
 382:Middlewares/ST/STM32_USB_Host_Library/Class/CDC/Src/usbh_cdc.c ****         }
 383:Middlewares/ST/STM32_USB_Host_Library/Class/CDC/Src/usbh_cdc.c ****       }
 384:Middlewares/ST/STM32_USB_Host_Library/Class/CDC/Src/usbh_cdc.c ****       else
 385:Middlewares/ST/STM32_USB_Host_Library/Class/CDC/Src/usbh_cdc.c ****       {
 386:Middlewares/ST/STM32_USB_Host_Library/Class/CDC/Src/usbh_cdc.c ****         if (req_status != USBH_BUSY)
 387:Middlewares/ST/STM32_USB_Host_Library/Class/CDC/Src/usbh_cdc.c ****         {
 388:Middlewares/ST/STM32_USB_Host_Library/Class/CDC/Src/usbh_cdc.c ****           CDC_Handle->state = CDC_ERROR_STATE;
 389:Middlewares/ST/STM32_USB_Host_Library/Class/CDC/Src/usbh_cdc.c ****         }
 390:Middlewares/ST/STM32_USB_Host_Library/Class/CDC/Src/usbh_cdc.c ****       }
 391:Middlewares/ST/STM32_USB_Host_Library/Class/CDC/Src/usbh_cdc.c ****       break;
 392:Middlewares/ST/STM32_USB_Host_Library/Class/CDC/Src/usbh_cdc.c **** 
 393:Middlewares/ST/STM32_USB_Host_Library/Class/CDC/Src/usbh_cdc.c ****     case CDC_TRANSFER_DATA:
 394:Middlewares/ST/STM32_USB_Host_Library/Class/CDC/Src/usbh_cdc.c ****       CDC_ProcessTransmission(phost);
 395:Middlewares/ST/STM32_USB_Host_Library/Class/CDC/Src/usbh_cdc.c ****       CDC_ProcessReception(phost);
 396:Middlewares/ST/STM32_USB_Host_Library/Class/CDC/Src/usbh_cdc.c ****       break;
 397:Middlewares/ST/STM32_USB_Host_Library/Class/CDC/Src/usbh_cdc.c **** 
 398:Middlewares/ST/STM32_USB_Host_Library/Class/CDC/Src/usbh_cdc.c ****     case CDC_ERROR_STATE:
 399:Middlewares/ST/STM32_USB_Host_Library/Class/CDC/Src/usbh_cdc.c ****       req_status = USBH_ClrFeature(phost, 0x00U);
 400:Middlewares/ST/STM32_USB_Host_Library/Class/CDC/Src/usbh_cdc.c **** 
 401:Middlewares/ST/STM32_USB_Host_Library/Class/CDC/Src/usbh_cdc.c ****       if (req_status == USBH_OK)
 402:Middlewares/ST/STM32_USB_Host_Library/Class/CDC/Src/usbh_cdc.c ****       {
 403:Middlewares/ST/STM32_USB_Host_Library/Class/CDC/Src/usbh_cdc.c ****         /*Change the state to waiting*/
 404:Middlewares/ST/STM32_USB_Host_Library/Class/CDC/Src/usbh_cdc.c ****         CDC_Handle->state = CDC_IDLE_STATE;
 405:Middlewares/ST/STM32_USB_Host_Library/Class/CDC/Src/usbh_cdc.c ****       }
 406:Middlewares/ST/STM32_USB_Host_Library/Class/CDC/Src/usbh_cdc.c ****       break;
 407:Middlewares/ST/STM32_USB_Host_Library/Class/CDC/Src/usbh_cdc.c **** 
 408:Middlewares/ST/STM32_USB_Host_Library/Class/CDC/Src/usbh_cdc.c ****     default:
 409:Middlewares/ST/STM32_USB_Host_Library/Class/CDC/Src/usbh_cdc.c ****       break;
 410:Middlewares/ST/STM32_USB_Host_Library/Class/CDC/Src/usbh_cdc.c **** 
 411:Middlewares/ST/STM32_USB_Host_Library/Class/CDC/Src/usbh_cdc.c ****   }
 412:Middlewares/ST/STM32_USB_Host_Library/Class/CDC/Src/usbh_cdc.c **** 
 413:Middlewares/ST/STM32_USB_Host_Library/Class/CDC/Src/usbh_cdc.c ****   return status;
 414:Middlewares/ST/STM32_USB_Host_Library/Class/CDC/Src/usbh_cdc.c **** }
 415:Middlewares/ST/STM32_USB_Host_Library/Class/CDC/Src/usbh_cdc.c **** 
 416:Middlewares/ST/STM32_USB_Host_Library/Class/CDC/Src/usbh_cdc.c **** /**
 417:Middlewares/ST/STM32_USB_Host_Library/Class/CDC/Src/usbh_cdc.c ****   * @brief  USBH_CDC_SOFProcess
 418:Middlewares/ST/STM32_USB_Host_Library/Class/CDC/Src/usbh_cdc.c ****   *         The function is for managing SOF callback
 419:Middlewares/ST/STM32_USB_Host_Library/Class/CDC/Src/usbh_cdc.c ****   * @param  phost: Host handle
 420:Middlewares/ST/STM32_USB_Host_Library/Class/CDC/Src/usbh_cdc.c ****   * @retval USBH Status
 421:Middlewares/ST/STM32_USB_Host_Library/Class/CDC/Src/usbh_cdc.c ****   */
 422:Middlewares/ST/STM32_USB_Host_Library/Class/CDC/Src/usbh_cdc.c **** static USBH_StatusTypeDef USBH_CDC_SOFProcess(USBH_HandleTypeDef *phost)
 423:Middlewares/ST/STM32_USB_Host_Library/Class/CDC/Src/usbh_cdc.c **** {
  29              		.loc 1 423 1 view -0
  30              		.cfi_startproc
  31              		@ args = 0, pretend = 0, frame = 0
  32              		@ frame_needed = 0, uses_anonymous_args = 0
  33              		@ link register save eliminated.
 424:Middlewares/ST/STM32_USB_Host_Library/Class/CDC/Src/usbh_cdc.c ****   /* Prevent unused argument(s) compilation warning */
ARM GAS  /tmp/ccmcMWNH.s 			page 9


 425:Middlewares/ST/STM32_USB_Host_Library/Class/CDC/Src/usbh_cdc.c ****   UNUSED(phost);
  34              		.loc 1 425 3 view .LVU1
 426:Middlewares/ST/STM32_USB_Host_Library/Class/CDC/Src/usbh_cdc.c **** 
 427:Middlewares/ST/STM32_USB_Host_Library/Class/CDC/Src/usbh_cdc.c ****   return USBH_OK;
  35              		.loc 1 427 3 view .LVU2
 428:Middlewares/ST/STM32_USB_Host_Library/Class/CDC/Src/usbh_cdc.c **** }
  36              		.loc 1 428 1 is_stmt 0 view .LVU3
  37 0000 0020     		movs	r0, #0
  38              	.LVL1:
  39              		.loc 1 428 1 view .LVU4
  40 0002 7047     		bx	lr
  41              		.cfi_endproc
  42              	.LFE246:
  44              		.section	.text.SetLineCoding,"ax",%progbits
  45              		.align	1
  46              		.syntax unified
  47              		.thumb
  48              		.thumb_func
  50              	SetLineCoding:
  51              	.LVL2:
  52              	.LFB249:
 429:Middlewares/ST/STM32_USB_Host_Library/Class/CDC/Src/usbh_cdc.c **** 
 430:Middlewares/ST/STM32_USB_Host_Library/Class/CDC/Src/usbh_cdc.c **** 
 431:Middlewares/ST/STM32_USB_Host_Library/Class/CDC/Src/usbh_cdc.c **** /**
 432:Middlewares/ST/STM32_USB_Host_Library/Class/CDC/Src/usbh_cdc.c ****   * @brief  USBH_CDC_Stop
 433:Middlewares/ST/STM32_USB_Host_Library/Class/CDC/Src/usbh_cdc.c ****   *         Stop current CDC Transmission
 434:Middlewares/ST/STM32_USB_Host_Library/Class/CDC/Src/usbh_cdc.c ****   * @param  phost: Host handle
 435:Middlewares/ST/STM32_USB_Host_Library/Class/CDC/Src/usbh_cdc.c ****   * @retval USBH Status
 436:Middlewares/ST/STM32_USB_Host_Library/Class/CDC/Src/usbh_cdc.c ****   */
 437:Middlewares/ST/STM32_USB_Host_Library/Class/CDC/Src/usbh_cdc.c **** USBH_StatusTypeDef USBH_CDC_Stop(USBH_HandleTypeDef *phost)
 438:Middlewares/ST/STM32_USB_Host_Library/Class/CDC/Src/usbh_cdc.c **** {
 439:Middlewares/ST/STM32_USB_Host_Library/Class/CDC/Src/usbh_cdc.c ****   CDC_HandleTypeDef *CDC_Handle = (CDC_HandleTypeDef *) phost->pActiveClass->pData;
 440:Middlewares/ST/STM32_USB_Host_Library/Class/CDC/Src/usbh_cdc.c **** 
 441:Middlewares/ST/STM32_USB_Host_Library/Class/CDC/Src/usbh_cdc.c ****   if (phost->gState == HOST_CLASS)
 442:Middlewares/ST/STM32_USB_Host_Library/Class/CDC/Src/usbh_cdc.c ****   {
 443:Middlewares/ST/STM32_USB_Host_Library/Class/CDC/Src/usbh_cdc.c ****     CDC_Handle->state = CDC_IDLE_STATE;
 444:Middlewares/ST/STM32_USB_Host_Library/Class/CDC/Src/usbh_cdc.c **** 
 445:Middlewares/ST/STM32_USB_Host_Library/Class/CDC/Src/usbh_cdc.c ****     (void)USBH_ClosePipe(phost, CDC_Handle->CommItf.NotifPipe);
 446:Middlewares/ST/STM32_USB_Host_Library/Class/CDC/Src/usbh_cdc.c ****     (void)USBH_ClosePipe(phost, CDC_Handle->DataItf.InPipe);
 447:Middlewares/ST/STM32_USB_Host_Library/Class/CDC/Src/usbh_cdc.c ****     (void)USBH_ClosePipe(phost, CDC_Handle->DataItf.OutPipe);
 448:Middlewares/ST/STM32_USB_Host_Library/Class/CDC/Src/usbh_cdc.c ****   }
 449:Middlewares/ST/STM32_USB_Host_Library/Class/CDC/Src/usbh_cdc.c ****   return USBH_OK;
 450:Middlewares/ST/STM32_USB_Host_Library/Class/CDC/Src/usbh_cdc.c **** }
 451:Middlewares/ST/STM32_USB_Host_Library/Class/CDC/Src/usbh_cdc.c **** /**
 452:Middlewares/ST/STM32_USB_Host_Library/Class/CDC/Src/usbh_cdc.c ****   * @brief  This request allows the host to find out the currently
 453:Middlewares/ST/STM32_USB_Host_Library/Class/CDC/Src/usbh_cdc.c ****   *         configured line coding.
 454:Middlewares/ST/STM32_USB_Host_Library/Class/CDC/Src/usbh_cdc.c ****   * @param  pdev: Selected device
 455:Middlewares/ST/STM32_USB_Host_Library/Class/CDC/Src/usbh_cdc.c ****   * @retval USBH_StatusTypeDef : USB ctl xfer status
 456:Middlewares/ST/STM32_USB_Host_Library/Class/CDC/Src/usbh_cdc.c ****   */
 457:Middlewares/ST/STM32_USB_Host_Library/Class/CDC/Src/usbh_cdc.c **** static USBH_StatusTypeDef GetLineCoding(USBH_HandleTypeDef *phost, CDC_LineCodingTypeDef *linecodin
 458:Middlewares/ST/STM32_USB_Host_Library/Class/CDC/Src/usbh_cdc.c **** {
 459:Middlewares/ST/STM32_USB_Host_Library/Class/CDC/Src/usbh_cdc.c **** 
 460:Middlewares/ST/STM32_USB_Host_Library/Class/CDC/Src/usbh_cdc.c ****   phost->Control.setup.b.bmRequestType = USB_D2H | USB_REQ_TYPE_CLASS | \
 461:Middlewares/ST/STM32_USB_Host_Library/Class/CDC/Src/usbh_cdc.c ****                                          USB_REQ_RECIPIENT_INTERFACE;
 462:Middlewares/ST/STM32_USB_Host_Library/Class/CDC/Src/usbh_cdc.c **** 
 463:Middlewares/ST/STM32_USB_Host_Library/Class/CDC/Src/usbh_cdc.c ****   phost->Control.setup.b.bRequest = CDC_GET_LINE_CODING;
 464:Middlewares/ST/STM32_USB_Host_Library/Class/CDC/Src/usbh_cdc.c ****   phost->Control.setup.b.wValue.w = 0U;
ARM GAS  /tmp/ccmcMWNH.s 			page 10


 465:Middlewares/ST/STM32_USB_Host_Library/Class/CDC/Src/usbh_cdc.c ****   phost->Control.setup.b.wIndex.w = 0U;
 466:Middlewares/ST/STM32_USB_Host_Library/Class/CDC/Src/usbh_cdc.c ****   phost->Control.setup.b.wLength.w = LINE_CODING_STRUCTURE_SIZE;
 467:Middlewares/ST/STM32_USB_Host_Library/Class/CDC/Src/usbh_cdc.c **** 
 468:Middlewares/ST/STM32_USB_Host_Library/Class/CDC/Src/usbh_cdc.c ****   return USBH_CtlReq(phost, linecoding->Array, LINE_CODING_STRUCTURE_SIZE);
 469:Middlewares/ST/STM32_USB_Host_Library/Class/CDC/Src/usbh_cdc.c **** }
 470:Middlewares/ST/STM32_USB_Host_Library/Class/CDC/Src/usbh_cdc.c **** 
 471:Middlewares/ST/STM32_USB_Host_Library/Class/CDC/Src/usbh_cdc.c **** 
 472:Middlewares/ST/STM32_USB_Host_Library/Class/CDC/Src/usbh_cdc.c **** /**
 473:Middlewares/ST/STM32_USB_Host_Library/Class/CDC/Src/usbh_cdc.c ****   * @brief  This request allows the host to specify typical asynchronous
 474:Middlewares/ST/STM32_USB_Host_Library/Class/CDC/Src/usbh_cdc.c ****   * line-character formatting properties
 475:Middlewares/ST/STM32_USB_Host_Library/Class/CDC/Src/usbh_cdc.c ****   * This request applies to asynchronous byte stream data class interfaces
 476:Middlewares/ST/STM32_USB_Host_Library/Class/CDC/Src/usbh_cdc.c ****   * and endpoints
 477:Middlewares/ST/STM32_USB_Host_Library/Class/CDC/Src/usbh_cdc.c ****   * @param  pdev: Selected device
 478:Middlewares/ST/STM32_USB_Host_Library/Class/CDC/Src/usbh_cdc.c ****   * @retval USBH_StatusTypeDef : USB ctl xfer status
 479:Middlewares/ST/STM32_USB_Host_Library/Class/CDC/Src/usbh_cdc.c ****   */
 480:Middlewares/ST/STM32_USB_Host_Library/Class/CDC/Src/usbh_cdc.c **** static USBH_StatusTypeDef SetLineCoding(USBH_HandleTypeDef *phost,
 481:Middlewares/ST/STM32_USB_Host_Library/Class/CDC/Src/usbh_cdc.c ****                                         CDC_LineCodingTypeDef *linecoding)
 482:Middlewares/ST/STM32_USB_Host_Library/Class/CDC/Src/usbh_cdc.c **** {
  53              		.loc 1 482 1 is_stmt 1 view -0
  54              		.cfi_startproc
  55              		@ args = 0, pretend = 0, frame = 0
  56              		@ frame_needed = 0, uses_anonymous_args = 0
  57              		.loc 1 482 1 is_stmt 0 view .LVU6
  58 0000 08B5     		push	{r3, lr}
  59              	.LCFI0:
  60              		.cfi_def_cfa_offset 8
  61              		.cfi_offset 3, -8
  62              		.cfi_offset 14, -4
 483:Middlewares/ST/STM32_USB_Host_Library/Class/CDC/Src/usbh_cdc.c ****   phost->Control.setup.b.bmRequestType = USB_H2D | USB_REQ_TYPE_CLASS |
  63              		.loc 1 483 3 is_stmt 1 view .LVU7
  64              		.loc 1 483 40 is_stmt 0 view .LVU8
  65 0002 2122     		movs	r2, #33
  66 0004 0274     		strb	r2, [r0, #16]
 484:Middlewares/ST/STM32_USB_Host_Library/Class/CDC/Src/usbh_cdc.c ****                                          USB_REQ_RECIPIENT_INTERFACE;
 485:Middlewares/ST/STM32_USB_Host_Library/Class/CDC/Src/usbh_cdc.c **** 
 486:Middlewares/ST/STM32_USB_Host_Library/Class/CDC/Src/usbh_cdc.c ****   phost->Control.setup.b.bRequest = CDC_SET_LINE_CODING;
  67              		.loc 1 486 3 is_stmt 1 view .LVU9
  68              		.loc 1 486 35 is_stmt 0 view .LVU10
  69 0006 2022     		movs	r2, #32
  70 0008 4274     		strb	r2, [r0, #17]
 487:Middlewares/ST/STM32_USB_Host_Library/Class/CDC/Src/usbh_cdc.c ****   phost->Control.setup.b.wValue.w = 0U;
  71              		.loc 1 487 3 is_stmt 1 view .LVU11
  72              		.loc 1 487 35 is_stmt 0 view .LVU12
  73 000a 0022     		movs	r2, #0
  74 000c 4282     		strh	r2, [r0, #18]	@ movhi
 488:Middlewares/ST/STM32_USB_Host_Library/Class/CDC/Src/usbh_cdc.c **** 
 489:Middlewares/ST/STM32_USB_Host_Library/Class/CDC/Src/usbh_cdc.c ****   phost->Control.setup.b.wIndex.w = 0U;
  75              		.loc 1 489 3 is_stmt 1 view .LVU13
  76              		.loc 1 489 35 is_stmt 0 view .LVU14
  77 000e 8282     		strh	r2, [r0, #20]	@ movhi
 490:Middlewares/ST/STM32_USB_Host_Library/Class/CDC/Src/usbh_cdc.c **** 
 491:Middlewares/ST/STM32_USB_Host_Library/Class/CDC/Src/usbh_cdc.c ****   phost->Control.setup.b.wLength.w = LINE_CODING_STRUCTURE_SIZE;
  78              		.loc 1 491 3 is_stmt 1 view .LVU15
  79              		.loc 1 491 36 is_stmt 0 view .LVU16
  80 0010 0722     		movs	r2, #7
  81 0012 C282     		strh	r2, [r0, #22]	@ movhi
 492:Middlewares/ST/STM32_USB_Host_Library/Class/CDC/Src/usbh_cdc.c **** 
ARM GAS  /tmp/ccmcMWNH.s 			page 11


 493:Middlewares/ST/STM32_USB_Host_Library/Class/CDC/Src/usbh_cdc.c ****   return USBH_CtlReq(phost, linecoding->Array, LINE_CODING_STRUCTURE_SIZE);
  82              		.loc 1 493 3 is_stmt 1 view .LVU17
  83              		.loc 1 493 10 is_stmt 0 view .LVU18
  84 0014 FFF7FEFF 		bl	USBH_CtlReq
  85              	.LVL3:
 494:Middlewares/ST/STM32_USB_Host_Library/Class/CDC/Src/usbh_cdc.c **** }
  86              		.loc 1 494 1 view .LVU19
  87 0018 08BD     		pop	{r3, pc}
  88              		.cfi_endproc
  89              	.LFE249:
  91              		.section	.text.GetLineCoding,"ax",%progbits
  92              		.align	1
  93              		.syntax unified
  94              		.thumb
  95              		.thumb_func
  97              	GetLineCoding:
  98              	.LVL4:
  99              	.LFB248:
 458:Middlewares/ST/STM32_USB_Host_Library/Class/CDC/Src/usbh_cdc.c **** 
 100              		.loc 1 458 1 is_stmt 1 view -0
 101              		.cfi_startproc
 102              		@ args = 0, pretend = 0, frame = 0
 103              		@ frame_needed = 0, uses_anonymous_args = 0
 458:Middlewares/ST/STM32_USB_Host_Library/Class/CDC/Src/usbh_cdc.c **** 
 104              		.loc 1 458 1 is_stmt 0 view .LVU21
 105 0000 08B5     		push	{r3, lr}
 106              	.LCFI1:
 107              		.cfi_def_cfa_offset 8
 108              		.cfi_offset 3, -8
 109              		.cfi_offset 14, -4
 460:Middlewares/ST/STM32_USB_Host_Library/Class/CDC/Src/usbh_cdc.c ****                                          USB_REQ_RECIPIENT_INTERFACE;
 110              		.loc 1 460 3 is_stmt 1 view .LVU22
 460:Middlewares/ST/STM32_USB_Host_Library/Class/CDC/Src/usbh_cdc.c ****                                          USB_REQ_RECIPIENT_INTERFACE;
 111              		.loc 1 460 40 is_stmt 0 view .LVU23
 112 0002 A122     		movs	r2, #161
 113 0004 0274     		strb	r2, [r0, #16]
 463:Middlewares/ST/STM32_USB_Host_Library/Class/CDC/Src/usbh_cdc.c ****   phost->Control.setup.b.wValue.w = 0U;
 114              		.loc 1 463 3 is_stmt 1 view .LVU24
 463:Middlewares/ST/STM32_USB_Host_Library/Class/CDC/Src/usbh_cdc.c ****   phost->Control.setup.b.wValue.w = 0U;
 115              		.loc 1 463 35 is_stmt 0 view .LVU25
 116 0006 2122     		movs	r2, #33
 117 0008 4274     		strb	r2, [r0, #17]
 464:Middlewares/ST/STM32_USB_Host_Library/Class/CDC/Src/usbh_cdc.c ****   phost->Control.setup.b.wIndex.w = 0U;
 118              		.loc 1 464 3 is_stmt 1 view .LVU26
 464:Middlewares/ST/STM32_USB_Host_Library/Class/CDC/Src/usbh_cdc.c ****   phost->Control.setup.b.wIndex.w = 0U;
 119              		.loc 1 464 35 is_stmt 0 view .LVU27
 120 000a 0022     		movs	r2, #0
 121 000c 4282     		strh	r2, [r0, #18]	@ movhi
 465:Middlewares/ST/STM32_USB_Host_Library/Class/CDC/Src/usbh_cdc.c ****   phost->Control.setup.b.wLength.w = LINE_CODING_STRUCTURE_SIZE;
 122              		.loc 1 465 3 is_stmt 1 view .LVU28
 465:Middlewares/ST/STM32_USB_Host_Library/Class/CDC/Src/usbh_cdc.c ****   phost->Control.setup.b.wLength.w = LINE_CODING_STRUCTURE_SIZE;
 123              		.loc 1 465 35 is_stmt 0 view .LVU29
 124 000e 8282     		strh	r2, [r0, #20]	@ movhi
 466:Middlewares/ST/STM32_USB_Host_Library/Class/CDC/Src/usbh_cdc.c **** 
 125              		.loc 1 466 3 is_stmt 1 view .LVU30
 466:Middlewares/ST/STM32_USB_Host_Library/Class/CDC/Src/usbh_cdc.c **** 
 126              		.loc 1 466 36 is_stmt 0 view .LVU31
ARM GAS  /tmp/ccmcMWNH.s 			page 12


 127 0010 0722     		movs	r2, #7
 128 0012 C282     		strh	r2, [r0, #22]	@ movhi
 468:Middlewares/ST/STM32_USB_Host_Library/Class/CDC/Src/usbh_cdc.c **** }
 129              		.loc 1 468 3 is_stmt 1 view .LVU32
 468:Middlewares/ST/STM32_USB_Host_Library/Class/CDC/Src/usbh_cdc.c **** }
 130              		.loc 1 468 10 is_stmt 0 view .LVU33
 131 0014 FFF7FEFF 		bl	USBH_CtlReq
 132              	.LVL5:
 469:Middlewares/ST/STM32_USB_Host_Library/Class/CDC/Src/usbh_cdc.c **** 
 133              		.loc 1 469 1 view .LVU34
 134 0018 08BD     		pop	{r3, pc}
 135              		.cfi_endproc
 136              	.LFE248:
 138              		.section	.text.USBH_CDC_ClassRequest,"ax",%progbits
 139              		.align	1
 140              		.syntax unified
 141              		.thumb
 142              		.thumb_func
 144              	USBH_CDC_ClassRequest:
 145              	.LVL6:
 146              	.LFB244:
 309:Middlewares/ST/STM32_USB_Host_Library/Class/CDC/Src/usbh_cdc.c ****   USBH_StatusTypeDef status;
 147              		.loc 1 309 1 is_stmt 1 view -0
 148              		.cfi_startproc
 149              		@ args = 0, pretend = 0, frame = 0
 150              		@ frame_needed = 0, uses_anonymous_args = 0
 309:Middlewares/ST/STM32_USB_Host_Library/Class/CDC/Src/usbh_cdc.c ****   USBH_StatusTypeDef status;
 151              		.loc 1 309 1 is_stmt 0 view .LVU36
 152 0000 38B5     		push	{r3, r4, r5, lr}
 153              	.LCFI2:
 154              		.cfi_def_cfa_offset 16
 155              		.cfi_offset 3, -16
 156              		.cfi_offset 4, -12
 157              		.cfi_offset 5, -8
 158              		.cfi_offset 14, -4
 159 0002 0446     		mov	r4, r0
 310:Middlewares/ST/STM32_USB_Host_Library/Class/CDC/Src/usbh_cdc.c ****   CDC_HandleTypeDef *CDC_Handle = (CDC_HandleTypeDef *) phost->pActiveClass->pData;
 160              		.loc 1 310 3 is_stmt 1 view .LVU37
 311:Middlewares/ST/STM32_USB_Host_Library/Class/CDC/Src/usbh_cdc.c **** 
 161              		.loc 1 311 3 view .LVU38
 311:Middlewares/ST/STM32_USB_Host_Library/Class/CDC/Src/usbh_cdc.c **** 
 162              		.loc 1 311 62 is_stmt 0 view .LVU39
 163 0004 D0F87C33 		ldr	r3, [r0, #892]
 311:Middlewares/ST/STM32_USB_Host_Library/Class/CDC/Src/usbh_cdc.c **** 
 164              		.loc 1 311 22 view .LVU40
 165 0008 D969     		ldr	r1, [r3, #28]
 166              	.LVL7:
 314:Middlewares/ST/STM32_USB_Host_Library/Class/CDC/Src/usbh_cdc.c ****   if (status == USBH_OK)
 167              		.loc 1 314 3 is_stmt 1 view .LVU41
 314:Middlewares/ST/STM32_USB_Host_Library/Class/CDC/Src/usbh_cdc.c ****   if (status == USBH_OK)
 168              		.loc 1 314 12 is_stmt 0 view .LVU42
 169 000a 4031     		adds	r1, r1, #64
 170              	.LVL8:
 314:Middlewares/ST/STM32_USB_Host_Library/Class/CDC/Src/usbh_cdc.c ****   if (status == USBH_OK)
 171              		.loc 1 314 12 view .LVU43
 172 000c FFF7FEFF 		bl	GetLineCoding
 173              	.LVL9:
ARM GAS  /tmp/ccmcMWNH.s 			page 13


 315:Middlewares/ST/STM32_USB_Host_Library/Class/CDC/Src/usbh_cdc.c ****   {
 174              		.loc 1 315 3 is_stmt 1 view .LVU44
 315:Middlewares/ST/STM32_USB_Host_Library/Class/CDC/Src/usbh_cdc.c ****   {
 175              		.loc 1 315 6 is_stmt 0 view .LVU45
 176 0010 0546     		mov	r5, r0
 177 0012 20B9     		cbnz	r0, .L7
 317:Middlewares/ST/STM32_USB_Host_Library/Class/CDC/Src/usbh_cdc.c ****   }
 178              		.loc 1 317 5 is_stmt 1 view .LVU46
 317:Middlewares/ST/STM32_USB_Host_Library/Class/CDC/Src/usbh_cdc.c ****   }
 179              		.loc 1 317 10 is_stmt 0 view .LVU47
 180 0014 D4F8D433 		ldr	r3, [r4, #980]
 317:Middlewares/ST/STM32_USB_Host_Library/Class/CDC/Src/usbh_cdc.c ****   }
 181              		.loc 1 317 5 view .LVU48
 182 0018 0221     		movs	r1, #2
 183 001a 2046     		mov	r0, r4
 184              	.LVL10:
 317:Middlewares/ST/STM32_USB_Host_Library/Class/CDC/Src/usbh_cdc.c ****   }
 185              		.loc 1 317 5 view .LVU49
 186 001c 9847     		blx	r3
 187              	.LVL11:
 188              	.L7:
 326:Middlewares/ST/STM32_USB_Host_Library/Class/CDC/Src/usbh_cdc.c **** 
 189              		.loc 1 326 3 is_stmt 1 view .LVU50
 328:Middlewares/ST/STM32_USB_Host_Library/Class/CDC/Src/usbh_cdc.c **** }
 190              		.loc 1 328 3 view .LVU51
 329:Middlewares/ST/STM32_USB_Host_Library/Class/CDC/Src/usbh_cdc.c **** 
 191              		.loc 1 329 1 is_stmt 0 view .LVU52
 192 001e 2846     		mov	r0, r5
 193 0020 38BD     		pop	{r3, r4, r5, pc}
 329:Middlewares/ST/STM32_USB_Host_Library/Class/CDC/Src/usbh_cdc.c **** 
 194              		.loc 1 329 1 view .LVU53
 195              		.cfi_endproc
 196              	.LFE244:
 198              		.section	.text.USBH_CDC_InterfaceDeInit,"ax",%progbits
 199              		.align	1
 200              		.syntax unified
 201              		.thumb
 202              		.thumb_func
 204              	USBH_CDC_InterfaceDeInit:
 205              	.LVL12:
 206              	.LFB243:
 268:Middlewares/ST/STM32_USB_Host_Library/Class/CDC/Src/usbh_cdc.c ****   CDC_HandleTypeDef *CDC_Handle = (CDC_HandleTypeDef *) phost->pActiveClass->pData;
 207              		.loc 1 268 1 is_stmt 1 view -0
 208              		.cfi_startproc
 209              		@ args = 0, pretend = 0, frame = 0
 210              		@ frame_needed = 0, uses_anonymous_args = 0
 268:Middlewares/ST/STM32_USB_Host_Library/Class/CDC/Src/usbh_cdc.c ****   CDC_HandleTypeDef *CDC_Handle = (CDC_HandleTypeDef *) phost->pActiveClass->pData;
 211              		.loc 1 268 1 is_stmt 0 view .LVU55
 212 0000 38B5     		push	{r3, r4, r5, lr}
 213              	.LCFI3:
 214              		.cfi_def_cfa_offset 16
 215              		.cfi_offset 3, -16
 216              		.cfi_offset 4, -12
 217              		.cfi_offset 5, -8
 218              		.cfi_offset 14, -4
 219 0002 0446     		mov	r4, r0
 269:Middlewares/ST/STM32_USB_Host_Library/Class/CDC/Src/usbh_cdc.c **** 
ARM GAS  /tmp/ccmcMWNH.s 			page 14


 220              		.loc 1 269 3 is_stmt 1 view .LVU56
 269:Middlewares/ST/STM32_USB_Host_Library/Class/CDC/Src/usbh_cdc.c **** 
 221              		.loc 1 269 62 is_stmt 0 view .LVU57
 222 0004 D0F87C33 		ldr	r3, [r0, #892]
 269:Middlewares/ST/STM32_USB_Host_Library/Class/CDC/Src/usbh_cdc.c **** 
 223              		.loc 1 269 22 view .LVU58
 224 0008 DD69     		ldr	r5, [r3, #28]
 225              	.LVL13:
 271:Middlewares/ST/STM32_USB_Host_Library/Class/CDC/Src/usbh_cdc.c ****   {
 226              		.loc 1 271 3 is_stmt 1 view .LVU59
 271:Middlewares/ST/STM32_USB_Host_Library/Class/CDC/Src/usbh_cdc.c ****   {
 227              		.loc 1 271 27 is_stmt 0 view .LVU60
 228 000a 2978     		ldrb	r1, [r5]	@ zero_extendqisi2
 271:Middlewares/ST/STM32_USB_Host_Library/Class/CDC/Src/usbh_cdc.c ****   {
 229              		.loc 1 271 6 view .LVU61
 230 000c 79B9     		cbnz	r1, .L15
 231              	.LVL14:
 232              	.L10:
 278:Middlewares/ST/STM32_USB_Host_Library/Class/CDC/Src/usbh_cdc.c ****   {
 233              		.loc 1 278 3 is_stmt 1 view .LVU62
 278:Middlewares/ST/STM32_USB_Host_Library/Class/CDC/Src/usbh_cdc.c ****   {
 234              		.loc 1 278 27 is_stmt 0 view .LVU63
 235 000e 297B     		ldrb	r1, [r5, #12]	@ zero_extendqisi2
 278:Middlewares/ST/STM32_USB_Host_Library/Class/CDC/Src/usbh_cdc.c ****   {
 236              		.loc 1 278 6 view .LVU64
 237 0010 B1B9     		cbnz	r1, .L16
 238              	.L11:
 285:Middlewares/ST/STM32_USB_Host_Library/Class/CDC/Src/usbh_cdc.c ****   {
 239              		.loc 1 285 3 is_stmt 1 view .LVU65
 285:Middlewares/ST/STM32_USB_Host_Library/Class/CDC/Src/usbh_cdc.c ****   {
 240              		.loc 1 285 27 is_stmt 0 view .LVU66
 241 0012 697B     		ldrb	r1, [r5, #13]	@ zero_extendqisi2
 285:Middlewares/ST/STM32_USB_Host_Library/Class/CDC/Src/usbh_cdc.c ****   {
 242              		.loc 1 285 6 view .LVU67
 243 0014 F1B9     		cbnz	r1, .L17
 244              	.L12:
 292:Middlewares/ST/STM32_USB_Host_Library/Class/CDC/Src/usbh_cdc.c ****   {
 245              		.loc 1 292 3 is_stmt 1 view .LVU68
 292:Middlewares/ST/STM32_USB_Host_Library/Class/CDC/Src/usbh_cdc.c ****   {
 246              		.loc 1 292 13 is_stmt 0 view .LVU69
 247 0016 D4F87C33 		ldr	r3, [r4, #892]
 292:Middlewares/ST/STM32_USB_Host_Library/Class/CDC/Src/usbh_cdc.c ****   {
 248              		.loc 1 292 27 view .LVU70
 249 001a D869     		ldr	r0, [r3, #28]
 292:Middlewares/ST/STM32_USB_Host_Library/Class/CDC/Src/usbh_cdc.c ****   {
 250              		.loc 1 292 6 view .LVU71
 251 001c 28B1     		cbz	r0, .L13
 294:Middlewares/ST/STM32_USB_Host_Library/Class/CDC/Src/usbh_cdc.c ****     phost->pActiveClass->pData = 0U;
 252              		.loc 1 294 5 is_stmt 1 view .LVU72
 253 001e FFF7FEFF 		bl	free
 254              	.LVL15:
 295:Middlewares/ST/STM32_USB_Host_Library/Class/CDC/Src/usbh_cdc.c ****   }
 255              		.loc 1 295 5 view .LVU73
 295:Middlewares/ST/STM32_USB_Host_Library/Class/CDC/Src/usbh_cdc.c ****   }
 256              		.loc 1 295 10 is_stmt 0 view .LVU74
 257 0022 D4F87C33 		ldr	r3, [r4, #892]
 295:Middlewares/ST/STM32_USB_Host_Library/Class/CDC/Src/usbh_cdc.c ****   }
ARM GAS  /tmp/ccmcMWNH.s 			page 15


 258              		.loc 1 295 32 view .LVU75
 259 0026 0022     		movs	r2, #0
 260 0028 DA61     		str	r2, [r3, #28]
 261              	.L13:
 298:Middlewares/ST/STM32_USB_Host_Library/Class/CDC/Src/usbh_cdc.c **** }
 262              		.loc 1 298 3 is_stmt 1 view .LVU76
 299:Middlewares/ST/STM32_USB_Host_Library/Class/CDC/Src/usbh_cdc.c **** 
 263              		.loc 1 299 1 is_stmt 0 view .LVU77
 264 002a 0020     		movs	r0, #0
 265 002c 38BD     		pop	{r3, r4, r5, pc}
 266              	.LVL16:
 267              	.L15:
 273:Middlewares/ST/STM32_USB_Host_Library/Class/CDC/Src/usbh_cdc.c ****     (void)USBH_FreePipe(phost, CDC_Handle->CommItf.NotifPipe);
 268              		.loc 1 273 5 is_stmt 1 view .LVU78
 273:Middlewares/ST/STM32_USB_Host_Library/Class/CDC/Src/usbh_cdc.c ****     (void)USBH_FreePipe(phost, CDC_Handle->CommItf.NotifPipe);
 269              		.loc 1 273 11 is_stmt 0 view .LVU79
 270 002e FFF7FEFF 		bl	USBH_ClosePipe
 271              	.LVL17:
 274:Middlewares/ST/STM32_USB_Host_Library/Class/CDC/Src/usbh_cdc.c ****     CDC_Handle->CommItf.NotifPipe = 0U;     /* Reset the Channel as Free */
 272              		.loc 1 274 5 is_stmt 1 view .LVU80
 274:Middlewares/ST/STM32_USB_Host_Library/Class/CDC/Src/usbh_cdc.c ****     CDC_Handle->CommItf.NotifPipe = 0U;     /* Reset the Channel as Free */
 273              		.loc 1 274 11 is_stmt 0 view .LVU81
 274 0032 2978     		ldrb	r1, [r5]	@ zero_extendqisi2
 275 0034 2046     		mov	r0, r4
 276 0036 FFF7FEFF 		bl	USBH_FreePipe
 277              	.LVL18:
 275:Middlewares/ST/STM32_USB_Host_Library/Class/CDC/Src/usbh_cdc.c ****   }
 278              		.loc 1 275 5 is_stmt 1 view .LVU82
 275:Middlewares/ST/STM32_USB_Host_Library/Class/CDC/Src/usbh_cdc.c ****   }
 279              		.loc 1 275 35 is_stmt 0 view .LVU83
 280 003a 0023     		movs	r3, #0
 281 003c 2B70     		strb	r3, [r5]
 282 003e E6E7     		b	.L10
 283              	.L16:
 280:Middlewares/ST/STM32_USB_Host_Library/Class/CDC/Src/usbh_cdc.c ****     (void)USBH_FreePipe(phost, CDC_Handle->DataItf.InPipe);
 284              		.loc 1 280 5 is_stmt 1 view .LVU84
 280:Middlewares/ST/STM32_USB_Host_Library/Class/CDC/Src/usbh_cdc.c ****     (void)USBH_FreePipe(phost, CDC_Handle->DataItf.InPipe);
 285              		.loc 1 280 11 is_stmt 0 view .LVU85
 286 0040 2046     		mov	r0, r4
 287 0042 FFF7FEFF 		bl	USBH_ClosePipe
 288              	.LVL19:
 281:Middlewares/ST/STM32_USB_Host_Library/Class/CDC/Src/usbh_cdc.c ****     CDC_Handle->DataItf.InPipe = 0U;     /* Reset the Channel as Free */
 289              		.loc 1 281 5 is_stmt 1 view .LVU86
 281:Middlewares/ST/STM32_USB_Host_Library/Class/CDC/Src/usbh_cdc.c ****     CDC_Handle->DataItf.InPipe = 0U;     /* Reset the Channel as Free */
 290              		.loc 1 281 11 is_stmt 0 view .LVU87
 291 0046 297B     		ldrb	r1, [r5, #12]	@ zero_extendqisi2
 292 0048 2046     		mov	r0, r4
 293 004a FFF7FEFF 		bl	USBH_FreePipe
 294              	.LVL20:
 282:Middlewares/ST/STM32_USB_Host_Library/Class/CDC/Src/usbh_cdc.c ****   }
 295              		.loc 1 282 5 is_stmt 1 view .LVU88
 282:Middlewares/ST/STM32_USB_Host_Library/Class/CDC/Src/usbh_cdc.c ****   }
 296              		.loc 1 282 32 is_stmt 0 view .LVU89
 297 004e 0023     		movs	r3, #0
 298 0050 2B73     		strb	r3, [r5, #12]
 299 0052 DEE7     		b	.L11
 300              	.L17:
ARM GAS  /tmp/ccmcMWNH.s 			page 16


 287:Middlewares/ST/STM32_USB_Host_Library/Class/CDC/Src/usbh_cdc.c ****     (void)USBH_FreePipe(phost, CDC_Handle->DataItf.OutPipe);
 301              		.loc 1 287 5 is_stmt 1 view .LVU90
 287:Middlewares/ST/STM32_USB_Host_Library/Class/CDC/Src/usbh_cdc.c ****     (void)USBH_FreePipe(phost, CDC_Handle->DataItf.OutPipe);
 302              		.loc 1 287 11 is_stmt 0 view .LVU91
 303 0054 2046     		mov	r0, r4
 304 0056 FFF7FEFF 		bl	USBH_ClosePipe
 305              	.LVL21:
 288:Middlewares/ST/STM32_USB_Host_Library/Class/CDC/Src/usbh_cdc.c ****     CDC_Handle->DataItf.OutPipe = 0U;    /* Reset the Channel as Free */
 306              		.loc 1 288 5 is_stmt 1 view .LVU92
 288:Middlewares/ST/STM32_USB_Host_Library/Class/CDC/Src/usbh_cdc.c ****     CDC_Handle->DataItf.OutPipe = 0U;    /* Reset the Channel as Free */
 307              		.loc 1 288 11 is_stmt 0 view .LVU93
 308 005a 697B     		ldrb	r1, [r5, #13]	@ zero_extendqisi2
 309 005c 2046     		mov	r0, r4
 310 005e FFF7FEFF 		bl	USBH_FreePipe
 311              	.LVL22:
 289:Middlewares/ST/STM32_USB_Host_Library/Class/CDC/Src/usbh_cdc.c ****   }
 312              		.loc 1 289 5 is_stmt 1 view .LVU94
 289:Middlewares/ST/STM32_USB_Host_Library/Class/CDC/Src/usbh_cdc.c ****   }
 313              		.loc 1 289 33 is_stmt 0 view .LVU95
 314 0062 0023     		movs	r3, #0
 315 0064 6B73     		strb	r3, [r5, #13]
 316 0066 D6E7     		b	.L12
 317              		.cfi_endproc
 318              	.LFE243:
 320              		.section	.text.USBH_CDC_InterfaceInit,"ax",%progbits
 321              		.align	1
 322              		.syntax unified
 323              		.thumb
 324              		.thumb_func
 326              	USBH_CDC_InterfaceInit:
 327              	.LVL23:
 328              	.LFB242:
 152:Middlewares/ST/STM32_USB_Host_Library/Class/CDC/Src/usbh_cdc.c **** 
 329              		.loc 1 152 1 is_stmt 1 view -0
 330              		.cfi_startproc
 331              		@ args = 0, pretend = 0, frame = 0
 332              		@ frame_needed = 0, uses_anonymous_args = 0
 152:Middlewares/ST/STM32_USB_Host_Library/Class/CDC/Src/usbh_cdc.c **** 
 333              		.loc 1 152 1 is_stmt 0 view .LVU97
 334 0000 F0B5     		push	{r4, r5, r6, r7, lr}
 335              	.LCFI4:
 336              		.cfi_def_cfa_offset 20
 337              		.cfi_offset 4, -20
 338              		.cfi_offset 5, -16
 339              		.cfi_offset 6, -12
 340              		.cfi_offset 7, -8
 341              		.cfi_offset 14, -4
 342 0002 85B0     		sub	sp, sp, #20
 343              	.LCFI5:
 344              		.cfi_def_cfa_offset 40
 345 0004 0446     		mov	r4, r0
 154:Middlewares/ST/STM32_USB_Host_Library/Class/CDC/Src/usbh_cdc.c ****   uint8_t interface;
 346              		.loc 1 154 3 is_stmt 1 view .LVU98
 155:Middlewares/ST/STM32_USB_Host_Library/Class/CDC/Src/usbh_cdc.c ****   CDC_HandleTypeDef *CDC_Handle;
 347              		.loc 1 155 3 view .LVU99
 156:Middlewares/ST/STM32_USB_Host_Library/Class/CDC/Src/usbh_cdc.c **** 
 348              		.loc 1 156 3 view .LVU100
ARM GAS  /tmp/ccmcMWNH.s 			page 17


 158:Middlewares/ST/STM32_USB_Host_Library/Class/CDC/Src/usbh_cdc.c ****                                    ABSTRACT_CONTROL_MODEL, COMMON_AT_COMMAND);
 349              		.loc 1 158 3 view .LVU101
 158:Middlewares/ST/STM32_USB_Host_Library/Class/CDC/Src/usbh_cdc.c ****                                    ABSTRACT_CONTROL_MODEL, COMMON_AT_COMMAND);
 350              		.loc 1 158 15 is_stmt 0 view .LVU102
 351 0006 0123     		movs	r3, #1
 352 0008 0222     		movs	r2, #2
 353 000a 1146     		mov	r1, r2
 354 000c FFF7FEFF 		bl	USBH_FindInterface
 355              	.LVL24:
 161:Middlewares/ST/STM32_USB_Host_Library/Class/CDC/Src/usbh_cdc.c ****   {
 356              		.loc 1 161 3 is_stmt 1 view .LVU103
 161:Middlewares/ST/STM32_USB_Host_Library/Class/CDC/Src/usbh_cdc.c ****   {
 357              		.loc 1 161 6 is_stmt 0 view .LVU104
 358 0010 0128     		cmp	r0, #1
 359 0012 00F2AE80 		bhi	.L25
 360 0016 0646     		mov	r6, r0
 167:Middlewares/ST/STM32_USB_Host_Library/Class/CDC/Src/usbh_cdc.c **** 
 361              		.loc 1 167 3 is_stmt 1 view .LVU105
 167:Middlewares/ST/STM32_USB_Host_Library/Class/CDC/Src/usbh_cdc.c **** 
 362              		.loc 1 167 12 is_stmt 0 view .LVU106
 363 0018 0146     		mov	r1, r0
 364 001a 2046     		mov	r0, r4
 365              	.LVL25:
 167:Middlewares/ST/STM32_USB_Host_Library/Class/CDC/Src/usbh_cdc.c **** 
 366              		.loc 1 167 12 view .LVU107
 367 001c FFF7FEFF 		bl	USBH_SelectInterface
 368              	.LVL26:
 169:Middlewares/ST/STM32_USB_Host_Library/Class/CDC/Src/usbh_cdc.c ****   {
 369              		.loc 1 169 3 is_stmt 1 view .LVU108
 169:Middlewares/ST/STM32_USB_Host_Library/Class/CDC/Src/usbh_cdc.c ****   {
 370              		.loc 1 169 6 is_stmt 0 view .LVU109
 371 0020 0746     		mov	r7, r0
 372 0022 0028     		cmp	r0, #0
 373 0024 40F0A980 		bne	.L26
 174:Middlewares/ST/STM32_USB_Host_Library/Class/CDC/Src/usbh_cdc.c ****   CDC_Handle = (CDC_HandleTypeDef *) phost->pActiveClass->pData;
 374              		.loc 1 174 3 is_stmt 1 view .LVU110
 174:Middlewares/ST/STM32_USB_Host_Library/Class/CDC/Src/usbh_cdc.c ****   CDC_Handle = (CDC_HandleTypeDef *) phost->pActiveClass->pData;
 375              		.loc 1 174 8 is_stmt 0 view .LVU111
 376 0028 D4F87C53 		ldr	r5, [r4, #892]
 174:Middlewares/ST/STM32_USB_Host_Library/Class/CDC/Src/usbh_cdc.c ****   CDC_Handle = (CDC_HandleTypeDef *) phost->pActiveClass->pData;
 377              		.loc 1 174 53 view .LVU112
 378 002c 5020     		movs	r0, #80
 379              	.LVL27:
 174:Middlewares/ST/STM32_USB_Host_Library/Class/CDC/Src/usbh_cdc.c ****   CDC_Handle = (CDC_HandleTypeDef *) phost->pActiveClass->pData;
 380              		.loc 1 174 53 view .LVU113
 381 002e FFF7FEFF 		bl	malloc
 382              	.LVL28:
 174:Middlewares/ST/STM32_USB_Host_Library/Class/CDC/Src/usbh_cdc.c ****   CDC_Handle = (CDC_HandleTypeDef *) phost->pActiveClass->pData;
 383              		.loc 1 174 30 discriminator 1 view .LVU114
 384 0032 E861     		str	r0, [r5, #28]
 175:Middlewares/ST/STM32_USB_Host_Library/Class/CDC/Src/usbh_cdc.c **** 
 385              		.loc 1 175 3 is_stmt 1 view .LVU115
 175:Middlewares/ST/STM32_USB_Host_Library/Class/CDC/Src/usbh_cdc.c **** 
 386              		.loc 1 175 43 is_stmt 0 view .LVU116
 387 0034 D4F87C33 		ldr	r3, [r4, #892]
 175:Middlewares/ST/STM32_USB_Host_Library/Class/CDC/Src/usbh_cdc.c **** 
 388              		.loc 1 175 14 view .LVU117
ARM GAS  /tmp/ccmcMWNH.s 			page 18


 389 0038 DD69     		ldr	r5, [r3, #28]
 390              	.LVL29:
 177:Middlewares/ST/STM32_USB_Host_Library/Class/CDC/Src/usbh_cdc.c ****   {
 391              		.loc 1 177 3 is_stmt 1 view .LVU118
 177:Middlewares/ST/STM32_USB_Host_Library/Class/CDC/Src/usbh_cdc.c ****   {
 392              		.loc 1 177 6 is_stmt 0 view .LVU119
 393 003a 002D     		cmp	r5, #0
 394 003c 00F09F80 		beq	.L27
 184:Middlewares/ST/STM32_USB_Host_Library/Class/CDC/Src/usbh_cdc.c **** 
 395              		.loc 1 184 3 is_stmt 1 view .LVU120
 184:Middlewares/ST/STM32_USB_Host_Library/Class/CDC/Src/usbh_cdc.c **** 
 396              		.loc 1 184 9 is_stmt 0 view .LVU121
 397 0040 5022     		movs	r2, #80
 398 0042 0021     		movs	r1, #0
 399 0044 2846     		mov	r0, r5
 400 0046 FFF7FEFF 		bl	memset
 401              	.LVL30:
 187:Middlewares/ST/STM32_USB_Host_Library/Class/CDC/Src/usbh_cdc.c ****   {
 402              		.loc 1 187 3 is_stmt 1 view .LVU122
 187:Middlewares/ST/STM32_USB_Host_Library/Class/CDC/Src/usbh_cdc.c ****   {
 403              		.loc 1 187 60 is_stmt 0 view .LVU123
 404 004a 1A23     		movs	r3, #26
 405 004c 03FB0643 		mla	r3, r3, r6, r4
 406 0050 93F84E23 		ldrb	r2, [r3, #846]	@ zero_extendqisi2
 187:Middlewares/ST/STM32_USB_Host_Library/Class/CDC/Src/usbh_cdc.c ****   {
 407              		.loc 1 187 87 view .LVU124
 408 0054 93F94E33 		ldrsb	r3, [r3, #846]
 187:Middlewares/ST/STM32_USB_Host_Library/Class/CDC/Src/usbh_cdc.c ****   {
 409              		.loc 1 187 6 view .LVU125
 410 0058 002B     		cmp	r3, #0
 411 005a 72DB     		blt	.L30
 412              	.LVL31:
 413              	.L20:
 194:Middlewares/ST/STM32_USB_Host_Library/Class/CDC/Src/usbh_cdc.c **** 
 414              		.loc 1 194 3 is_stmt 1 view .LVU126
 194:Middlewares/ST/STM32_USB_Host_Library/Class/CDC/Src/usbh_cdc.c **** 
 415              		.loc 1 194 35 is_stmt 0 view .LVU127
 416 005c 6978     		ldrb	r1, [r5, #1]	@ zero_extendqisi2
 417 005e 2046     		mov	r0, r4
 418 0060 FFF7FEFF 		bl	USBH_AllocPipe
 419              	.LVL32:
 420 0064 0146     		mov	r1, r0
 194:Middlewares/ST/STM32_USB_Host_Library/Class/CDC/Src/usbh_cdc.c **** 
 421              		.loc 1 194 33 discriminator 1 view .LVU128
 422 0066 2870     		strb	r0, [r5]
 197:Middlewares/ST/STM32_USB_Host_Library/Class/CDC/Src/usbh_cdc.c ****                       phost->device.address, phost->device.speed, USB_EP_TYPE_INTR,
 423              		.loc 1 197 3 is_stmt 1 view .LVU129
 197:Middlewares/ST/STM32_USB_Host_Library/Class/CDC/Src/usbh_cdc.c ****                       phost->device.address, phost->device.speed, USB_EP_TYPE_INTR,
 424              		.loc 1 197 9 is_stmt 0 view .LVU130
 425 0068 6A78     		ldrb	r2, [r5, #1]	@ zero_extendqisi2
 426 006a 6B89     		ldrh	r3, [r5, #10]
 427 006c 0293     		str	r3, [sp, #8]
 428 006e 0323     		movs	r3, #3
 429 0070 0193     		str	r3, [sp, #4]
 430 0072 94F81D33 		ldrb	r3, [r4, #797]	@ zero_extendqisi2
 431 0076 0093     		str	r3, [sp]
 432 0078 94F81C33 		ldrb	r3, [r4, #796]	@ zero_extendqisi2
ARM GAS  /tmp/ccmcMWNH.s 			page 19


 433 007c 2046     		mov	r0, r4
 434 007e FFF7FEFF 		bl	USBH_OpenPipe
 435              	.LVL33:
 201:Middlewares/ST/STM32_USB_Host_Library/Class/CDC/Src/usbh_cdc.c **** 
 436              		.loc 1 201 3 is_stmt 1 view .LVU131
 201:Middlewares/ST/STM32_USB_Host_Library/Class/CDC/Src/usbh_cdc.c **** 
 437              		.loc 1 201 9 is_stmt 0 view .LVU132
 438 0082 0022     		movs	r2, #0
 439 0084 2978     		ldrb	r1, [r5]	@ zero_extendqisi2
 440 0086 2046     		mov	r0, r4
 441 0088 FFF7FEFF 		bl	USBH_LL_SetToggle
 442              	.LVL34:
 203:Middlewares/ST/STM32_USB_Host_Library/Class/CDC/Src/usbh_cdc.c ****                                    RESERVED, NO_CLASS_SPECIFIC_PROTOCOL_CODE);
 443              		.loc 1 203 3 is_stmt 1 view .LVU133
 203:Middlewares/ST/STM32_USB_Host_Library/Class/CDC/Src/usbh_cdc.c ****                                    RESERVED, NO_CLASS_SPECIFIC_PROTOCOL_CODE);
 444              		.loc 1 203 15 is_stmt 0 view .LVU134
 445 008c 0023     		movs	r3, #0
 446 008e 1A46     		mov	r2, r3
 447 0090 0A21     		movs	r1, #10
 448 0092 2046     		mov	r0, r4
 449 0094 FFF7FEFF 		bl	USBH_FindInterface
 450              	.LVL35:
 206:Middlewares/ST/STM32_USB_Host_Library/Class/CDC/Src/usbh_cdc.c ****   {
 451              		.loc 1 206 3 is_stmt 1 view .LVU135
 206:Middlewares/ST/STM32_USB_Host_Library/Class/CDC/Src/usbh_cdc.c ****   {
 452              		.loc 1 206 6 is_stmt 0 view .LVU136
 453 0098 0128     		cmp	r0, #1
 454 009a 72D8     		bhi	.L28
 213:Middlewares/ST/STM32_USB_Host_Library/Class/CDC/Src/usbh_cdc.c ****   {
 455              		.loc 1 213 3 is_stmt 1 view .LVU137
 213:Middlewares/ST/STM32_USB_Host_Library/Class/CDC/Src/usbh_cdc.c ****   {
 456              		.loc 1 213 60 is_stmt 0 view .LVU138
 457 009c 1A23     		movs	r3, #26
 458 009e 03FB0043 		mla	r3, r3, r0, r4
 459 00a2 93F84E23 		ldrb	r2, [r3, #846]	@ zero_extendqisi2
 213:Middlewares/ST/STM32_USB_Host_Library/Class/CDC/Src/usbh_cdc.c ****   {
 460              		.loc 1 213 87 view .LVU139
 461 00a6 93F94E33 		ldrsb	r3, [r3, #846]
 213:Middlewares/ST/STM32_USB_Host_Library/Class/CDC/Src/usbh_cdc.c ****   {
 462              		.loc 1 213 6 view .LVU140
 463 00aa 002B     		cmp	r3, #0
 464 00ac 51DB     		blt	.L31
 220:Middlewares/ST/STM32_USB_Host_Library/Class/CDC/Src/usbh_cdc.c ****     CDC_Handle->DataItf.OutEpSize  = phost->device.CfgDesc.Itf_Desc[interface].Ep_Desc[0].wMaxPacke
 465              		.loc 1 220 5 is_stmt 1 view .LVU141
 220:Middlewares/ST/STM32_USB_Host_Library/Class/CDC/Src/usbh_cdc.c ****     CDC_Handle->DataItf.OutEpSize  = phost->device.CfgDesc.Itf_Desc[interface].Ep_Desc[0].wMaxPacke
 466              		.loc 1 220 31 is_stmt 0 view .LVU142
 467 00ae AA73     		strb	r2, [r5, #14]
 221:Middlewares/ST/STM32_USB_Host_Library/Class/CDC/Src/usbh_cdc.c ****   }
 468              		.loc 1 221 5 is_stmt 1 view .LVU143
 221:Middlewares/ST/STM32_USB_Host_Library/Class/CDC/Src/usbh_cdc.c ****   }
 469              		.loc 1 221 90 is_stmt 0 view .LVU144
 470 00b0 1A23     		movs	r3, #26
 471 00b2 03FB0043 		mla	r3, r3, r0, r4
 472 00b6 B3F85033 		ldrh	r3, [r3, #848]
 221:Middlewares/ST/STM32_USB_Host_Library/Class/CDC/Src/usbh_cdc.c ****   }
 473              		.loc 1 221 36 view .LVU145
 474 00ba 2B83     		strh	r3, [r5, #24]	@ movhi
ARM GAS  /tmp/ccmcMWNH.s 			page 20


 475              	.L22:
 224:Middlewares/ST/STM32_USB_Host_Library/Class/CDC/Src/usbh_cdc.c ****   {
 476              		.loc 1 224 3 is_stmt 1 view .LVU146
 224:Middlewares/ST/STM32_USB_Host_Library/Class/CDC/Src/usbh_cdc.c ****   {
 477              		.loc 1 224 60 is_stmt 0 view .LVU147
 478 00bc 1A23     		movs	r3, #26
 479 00be 03FB0043 		mla	r3, r3, r0, r4
 480 00c2 93F85623 		ldrb	r2, [r3, #854]	@ zero_extendqisi2
 224:Middlewares/ST/STM32_USB_Host_Library/Class/CDC/Src/usbh_cdc.c ****   {
 481              		.loc 1 224 87 view .LVU148
 482 00c6 93F95633 		ldrsb	r3, [r3, #854]
 224:Middlewares/ST/STM32_USB_Host_Library/Class/CDC/Src/usbh_cdc.c ****   {
 483              		.loc 1 224 6 view .LVU149
 484 00ca 002B     		cmp	r3, #0
 485 00cc 49DB     		blt	.L32
 231:Middlewares/ST/STM32_USB_Host_Library/Class/CDC/Src/usbh_cdc.c ****     CDC_Handle->DataItf.OutEpSize = phost->device.CfgDesc.Itf_Desc[interface].Ep_Desc[1].wMaxPacket
 486              		.loc 1 231 5 is_stmt 1 view .LVU150
 231:Middlewares/ST/STM32_USB_Host_Library/Class/CDC/Src/usbh_cdc.c ****     CDC_Handle->DataItf.OutEpSize = phost->device.CfgDesc.Itf_Desc[interface].Ep_Desc[1].wMaxPacket
 487              		.loc 1 231 31 is_stmt 0 view .LVU151
 488 00ce AA73     		strb	r2, [r5, #14]
 232:Middlewares/ST/STM32_USB_Host_Library/Class/CDC/Src/usbh_cdc.c ****   }
 489              		.loc 1 232 5 is_stmt 1 view .LVU152
 232:Middlewares/ST/STM32_USB_Host_Library/Class/CDC/Src/usbh_cdc.c ****   }
 490              		.loc 1 232 89 is_stmt 0 view .LVU153
 491 00d0 1A23     		movs	r3, #26
 492 00d2 03FB0040 		mla	r0, r3, r0, r4
 493              	.LVL36:
 232:Middlewares/ST/STM32_USB_Host_Library/Class/CDC/Src/usbh_cdc.c ****   }
 494              		.loc 1 232 89 view .LVU154
 495 00d6 B0F85833 		ldrh	r3, [r0, #856]
 232:Middlewares/ST/STM32_USB_Host_Library/Class/CDC/Src/usbh_cdc.c ****   }
 496              		.loc 1 232 35 view .LVU155
 497 00da 2B83     		strh	r3, [r5, #24]	@ movhi
 498              	.L24:
 236:Middlewares/ST/STM32_USB_Host_Library/Class/CDC/Src/usbh_cdc.c **** 
 499              		.loc 1 236 3 is_stmt 1 view .LVU156
 236:Middlewares/ST/STM32_USB_Host_Library/Class/CDC/Src/usbh_cdc.c **** 
 500              		.loc 1 236 33 is_stmt 0 view .LVU157
 501 00dc A97B     		ldrb	r1, [r5, #14]	@ zero_extendqisi2
 502 00de 2046     		mov	r0, r4
 503 00e0 FFF7FEFF 		bl	USBH_AllocPipe
 504              	.LVL37:
 236:Middlewares/ST/STM32_USB_Host_Library/Class/CDC/Src/usbh_cdc.c **** 
 505              		.loc 1 236 31 discriminator 1 view .LVU158
 506 00e4 6873     		strb	r0, [r5, #13]
 239:Middlewares/ST/STM32_USB_Host_Library/Class/CDC/Src/usbh_cdc.c **** 
 507              		.loc 1 239 3 is_stmt 1 view .LVU159
 239:Middlewares/ST/STM32_USB_Host_Library/Class/CDC/Src/usbh_cdc.c **** 
 508              		.loc 1 239 32 is_stmt 0 view .LVU160
 509 00e6 E97B     		ldrb	r1, [r5, #15]	@ zero_extendqisi2
 510 00e8 2046     		mov	r0, r4
 511 00ea FFF7FEFF 		bl	USBH_AllocPipe
 512              	.LVL38:
 239:Middlewares/ST/STM32_USB_Host_Library/Class/CDC/Src/usbh_cdc.c **** 
 513              		.loc 1 239 30 discriminator 1 view .LVU161
 514 00ee 2873     		strb	r0, [r5, #12]
 242:Middlewares/ST/STM32_USB_Host_Library/Class/CDC/Src/usbh_cdc.c ****                       phost->device.address, phost->device.speed, USB_EP_TYPE_BULK,
ARM GAS  /tmp/ccmcMWNH.s 			page 21


 515              		.loc 1 242 3 is_stmt 1 view .LVU162
 242:Middlewares/ST/STM32_USB_Host_Library/Class/CDC/Src/usbh_cdc.c ****                       phost->device.address, phost->device.speed, USB_EP_TYPE_BULK,
 516              		.loc 1 242 9 is_stmt 0 view .LVU163
 517 00f0 AA7B     		ldrb	r2, [r5, #14]	@ zero_extendqisi2
 518 00f2 697B     		ldrb	r1, [r5, #13]	@ zero_extendqisi2
 519 00f4 2B8B     		ldrh	r3, [r5, #24]
 520 00f6 0293     		str	r3, [sp, #8]
 521 00f8 0226     		movs	r6, #2
 522 00fa 0196     		str	r6, [sp, #4]
 523 00fc 94F81D33 		ldrb	r3, [r4, #797]	@ zero_extendqisi2
 524 0100 0093     		str	r3, [sp]
 525 0102 94F81C33 		ldrb	r3, [r4, #796]	@ zero_extendqisi2
 526 0106 2046     		mov	r0, r4
 527 0108 FFF7FEFF 		bl	USBH_OpenPipe
 528              	.LVL39:
 247:Middlewares/ST/STM32_USB_Host_Library/Class/CDC/Src/usbh_cdc.c ****                       phost->device.address, phost->device.speed, USB_EP_TYPE_BULK,
 529              		.loc 1 247 3 is_stmt 1 view .LVU164
 247:Middlewares/ST/STM32_USB_Host_Library/Class/CDC/Src/usbh_cdc.c ****                       phost->device.address, phost->device.speed, USB_EP_TYPE_BULK,
 530              		.loc 1 247 9 is_stmt 0 view .LVU165
 531 010c EA7B     		ldrb	r2, [r5, #15]	@ zero_extendqisi2
 532 010e 297B     		ldrb	r1, [r5, #12]	@ zero_extendqisi2
 533 0110 6B8B     		ldrh	r3, [r5, #26]
 534 0112 0293     		str	r3, [sp, #8]
 535 0114 0196     		str	r6, [sp, #4]
 536 0116 94F81D33 		ldrb	r3, [r4, #797]	@ zero_extendqisi2
 537 011a 0093     		str	r3, [sp]
 538 011c 94F81C33 		ldrb	r3, [r4, #796]	@ zero_extendqisi2
 539 0120 2046     		mov	r0, r4
 540 0122 FFF7FEFF 		bl	USBH_OpenPipe
 541              	.LVL40:
 251:Middlewares/ST/STM32_USB_Host_Library/Class/CDC/Src/usbh_cdc.c **** 
 542              		.loc 1 251 3 is_stmt 1 view .LVU166
 251:Middlewares/ST/STM32_USB_Host_Library/Class/CDC/Src/usbh_cdc.c **** 
 543              		.loc 1 251 21 is_stmt 0 view .LVU167
 544 0126 0026     		movs	r6, #0
 545 0128 85F84C60 		strb	r6, [r5, #76]
 253:Middlewares/ST/STM32_USB_Host_Library/Class/CDC/Src/usbh_cdc.c ****   (void)USBH_LL_SetToggle(phost, CDC_Handle->DataItf.InPipe, 0U);
 546              		.loc 1 253 3 is_stmt 1 view .LVU168
 253:Middlewares/ST/STM32_USB_Host_Library/Class/CDC/Src/usbh_cdc.c ****   (void)USBH_LL_SetToggle(phost, CDC_Handle->DataItf.InPipe, 0U);
 547              		.loc 1 253 9 is_stmt 0 view .LVU169
 548 012c 3246     		mov	r2, r6
 549 012e 697B     		ldrb	r1, [r5, #13]	@ zero_extendqisi2
 550 0130 2046     		mov	r0, r4
 551 0132 FFF7FEFF 		bl	USBH_LL_SetToggle
 552              	.LVL41:
 254:Middlewares/ST/STM32_USB_Host_Library/Class/CDC/Src/usbh_cdc.c **** 
 553              		.loc 1 254 3 is_stmt 1 view .LVU170
 254:Middlewares/ST/STM32_USB_Host_Library/Class/CDC/Src/usbh_cdc.c **** 
 554              		.loc 1 254 9 is_stmt 0 view .LVU171
 555 0136 3246     		mov	r2, r6
 556 0138 297B     		ldrb	r1, [r5, #12]	@ zero_extendqisi2
 557 013a 2046     		mov	r0, r4
 558 013c FFF7FEFF 		bl	USBH_LL_SetToggle
 559              	.LVL42:
 256:Middlewares/ST/STM32_USB_Host_Library/Class/CDC/Src/usbh_cdc.c **** }
 560              		.loc 1 256 3 is_stmt 1 view .LVU172
 256:Middlewares/ST/STM32_USB_Host_Library/Class/CDC/Src/usbh_cdc.c **** }
ARM GAS  /tmp/ccmcMWNH.s 			page 22


 561              		.loc 1 256 10 is_stmt 0 view .LVU173
 562 0140 18E0     		b	.L19
 563              	.LVL43:
 564              	.L30:
 189:Middlewares/ST/STM32_USB_Host_Library/Class/CDC/Src/usbh_cdc.c ****     CDC_Handle->CommItf.NotifEpSize  = phost->device.CfgDesc.Itf_Desc[interface].Ep_Desc[0].wMaxPac
 565              		.loc 1 189 5 is_stmt 1 view .LVU174
 189:Middlewares/ST/STM32_USB_Host_Library/Class/CDC/Src/usbh_cdc.c ****     CDC_Handle->CommItf.NotifEpSize  = phost->device.CfgDesc.Itf_Desc[interface].Ep_Desc[0].wMaxPac
 566              		.loc 1 189 33 is_stmt 0 view .LVU175
 567 0142 6A70     		strb	r2, [r5, #1]
 190:Middlewares/ST/STM32_USB_Host_Library/Class/CDC/Src/usbh_cdc.c ****   }
 568              		.loc 1 190 5 is_stmt 1 view .LVU176
 190:Middlewares/ST/STM32_USB_Host_Library/Class/CDC/Src/usbh_cdc.c ****   }
 569              		.loc 1 190 92 is_stmt 0 view .LVU177
 570 0144 1A23     		movs	r3, #26
 571 0146 03FB0646 		mla	r6, r3, r6, r4
 572              	.LVL44:
 190:Middlewares/ST/STM32_USB_Host_Library/Class/CDC/Src/usbh_cdc.c ****   }
 573              		.loc 1 190 92 view .LVU178
 574 014a B6F85033 		ldrh	r3, [r6, #848]
 190:Middlewares/ST/STM32_USB_Host_Library/Class/CDC/Src/usbh_cdc.c ****   }
 575              		.loc 1 190 38 view .LVU179
 576 014e 6B81     		strh	r3, [r5, #10]	@ movhi
 577 0150 84E7     		b	.L20
 578              	.LVL45:
 579              	.L31:
 215:Middlewares/ST/STM32_USB_Host_Library/Class/CDC/Src/usbh_cdc.c ****     CDC_Handle->DataItf.InEpSize  = phost->device.CfgDesc.Itf_Desc[interface].Ep_Desc[0].wMaxPacket
 580              		.loc 1 215 5 is_stmt 1 view .LVU180
 215:Middlewares/ST/STM32_USB_Host_Library/Class/CDC/Src/usbh_cdc.c ****     CDC_Handle->DataItf.InEpSize  = phost->device.CfgDesc.Itf_Desc[interface].Ep_Desc[0].wMaxPacket
 581              		.loc 1 215 30 is_stmt 0 view .LVU181
 582 0152 EA73     		strb	r2, [r5, #15]
 216:Middlewares/ST/STM32_USB_Host_Library/Class/CDC/Src/usbh_cdc.c ****   }
 583              		.loc 1 216 5 is_stmt 1 view .LVU182
 216:Middlewares/ST/STM32_USB_Host_Library/Class/CDC/Src/usbh_cdc.c ****   }
 584              		.loc 1 216 89 is_stmt 0 view .LVU183
 585 0154 1A23     		movs	r3, #26
 586 0156 03FB0043 		mla	r3, r3, r0, r4
 587 015a B3F85033 		ldrh	r3, [r3, #848]
 216:Middlewares/ST/STM32_USB_Host_Library/Class/CDC/Src/usbh_cdc.c ****   }
 588              		.loc 1 216 35 view .LVU184
 589 015e 6B83     		strh	r3, [r5, #26]	@ movhi
 590 0160 ACE7     		b	.L22
 591              	.L32:
 226:Middlewares/ST/STM32_USB_Host_Library/Class/CDC/Src/usbh_cdc.c ****     CDC_Handle->DataItf.InEpSize  = phost->device.CfgDesc.Itf_Desc[interface].Ep_Desc[1].wMaxPacket
 592              		.loc 1 226 5 is_stmt 1 view .LVU185
 226:Middlewares/ST/STM32_USB_Host_Library/Class/CDC/Src/usbh_cdc.c ****     CDC_Handle->DataItf.InEpSize  = phost->device.CfgDesc.Itf_Desc[interface].Ep_Desc[1].wMaxPacket
 593              		.loc 1 226 30 is_stmt 0 view .LVU186
 594 0162 EA73     		strb	r2, [r5, #15]
 227:Middlewares/ST/STM32_USB_Host_Library/Class/CDC/Src/usbh_cdc.c ****   }
 595              		.loc 1 227 5 is_stmt 1 view .LVU187
 227:Middlewares/ST/STM32_USB_Host_Library/Class/CDC/Src/usbh_cdc.c ****   }
 596              		.loc 1 227 89 is_stmt 0 view .LVU188
 597 0164 1A23     		movs	r3, #26
 598 0166 03FB0043 		mla	r3, r3, r0, r4
 599 016a B3F85833 		ldrh	r3, [r3, #856]
 227:Middlewares/ST/STM32_USB_Host_Library/Class/CDC/Src/usbh_cdc.c ****   }
 600              		.loc 1 227 35 view .LVU189
 601 016e 6B83     		strh	r3, [r5, #26]	@ movhi
ARM GAS  /tmp/ccmcMWNH.s 			page 23


 602 0170 B4E7     		b	.L24
 603              	.LVL46:
 604              	.L25:
 164:Middlewares/ST/STM32_USB_Host_Library/Class/CDC/Src/usbh_cdc.c ****   }
 605              		.loc 1 164 12 view .LVU190
 606 0172 0227     		movs	r7, #2
 607              	.LVL47:
 608              	.L19:
 257:Middlewares/ST/STM32_USB_Host_Library/Class/CDC/Src/usbh_cdc.c **** 
 609              		.loc 1 257 1 view .LVU191
 610 0174 3846     		mov	r0, r7
 611 0176 05B0     		add	sp, sp, #20
 612              	.LCFI6:
 613              		.cfi_remember_state
 614              		.cfi_def_cfa_offset 20
 615              		@ sp needed
 616 0178 F0BD     		pop	{r4, r5, r6, r7, pc}
 617              	.LVL48:
 618              	.L26:
 619              	.LCFI7:
 620              		.cfi_restore_state
 171:Middlewares/ST/STM32_USB_Host_Library/Class/CDC/Src/usbh_cdc.c ****   }
 621              		.loc 1 171 12 view .LVU192
 622 017a 0227     		movs	r7, #2
 623 017c FAE7     		b	.L19
 624              	.LVL49:
 625              	.L27:
 180:Middlewares/ST/STM32_USB_Host_Library/Class/CDC/Src/usbh_cdc.c ****   }
 626              		.loc 1 180 12 view .LVU193
 627 017e 0227     		movs	r7, #2
 628              	.LVL50:
 180:Middlewares/ST/STM32_USB_Host_Library/Class/CDC/Src/usbh_cdc.c ****   }
 629              		.loc 1 180 12 view .LVU194
 630 0180 F8E7     		b	.L19
 631              	.LVL51:
 632              	.L28:
 209:Middlewares/ST/STM32_USB_Host_Library/Class/CDC/Src/usbh_cdc.c ****   }
 633              		.loc 1 209 12 view .LVU195
 634 0182 0227     		movs	r7, #2
 635              	.LVL52:
 209:Middlewares/ST/STM32_USB_Host_Library/Class/CDC/Src/usbh_cdc.c ****   }
 636              		.loc 1 209 12 view .LVU196
 637 0184 F6E7     		b	.L19
 638              		.cfi_endproc
 639              	.LFE242:
 641              		.section	.text.USBH_CDC_Stop,"ax",%progbits
 642              		.align	1
 643              		.global	USBH_CDC_Stop
 644              		.syntax unified
 645              		.thumb
 646              		.thumb_func
 648              	USBH_CDC_Stop:
 649              	.LVL53:
 650              	.LFB247:
 438:Middlewares/ST/STM32_USB_Host_Library/Class/CDC/Src/usbh_cdc.c ****   CDC_HandleTypeDef *CDC_Handle = (CDC_HandleTypeDef *) phost->pActiveClass->pData;
 651              		.loc 1 438 1 is_stmt 1 view -0
 652              		.cfi_startproc
ARM GAS  /tmp/ccmcMWNH.s 			page 24


 653              		@ args = 0, pretend = 0, frame = 0
 654              		@ frame_needed = 0, uses_anonymous_args = 0
 438:Middlewares/ST/STM32_USB_Host_Library/Class/CDC/Src/usbh_cdc.c ****   CDC_HandleTypeDef *CDC_Handle = (CDC_HandleTypeDef *) phost->pActiveClass->pData;
 655              		.loc 1 438 1 is_stmt 0 view .LVU198
 656 0000 38B5     		push	{r3, r4, r5, lr}
 657              	.LCFI8:
 658              		.cfi_def_cfa_offset 16
 659              		.cfi_offset 3, -16
 660              		.cfi_offset 4, -12
 661              		.cfi_offset 5, -8
 662              		.cfi_offset 14, -4
 439:Middlewares/ST/STM32_USB_Host_Library/Class/CDC/Src/usbh_cdc.c **** 
 663              		.loc 1 439 3 is_stmt 1 view .LVU199
 439:Middlewares/ST/STM32_USB_Host_Library/Class/CDC/Src/usbh_cdc.c **** 
 664              		.loc 1 439 62 is_stmt 0 view .LVU200
 665 0002 D0F87C33 		ldr	r3, [r0, #892]
 439:Middlewares/ST/STM32_USB_Host_Library/Class/CDC/Src/usbh_cdc.c **** 
 666              		.loc 1 439 22 view .LVU201
 667 0006 DD69     		ldr	r5, [r3, #28]
 668              	.LVL54:
 441:Middlewares/ST/STM32_USB_Host_Library/Class/CDC/Src/usbh_cdc.c ****   {
 669              		.loc 1 441 3 is_stmt 1 view .LVU202
 441:Middlewares/ST/STM32_USB_Host_Library/Class/CDC/Src/usbh_cdc.c ****   {
 670              		.loc 1 441 12 is_stmt 0 view .LVU203
 671 0008 0378     		ldrb	r3, [r0]	@ zero_extendqisi2
 441:Middlewares/ST/STM32_USB_Host_Library/Class/CDC/Src/usbh_cdc.c ****   {
 672              		.loc 1 441 6 view .LVU204
 673 000a 0B2B     		cmp	r3, #11
 674 000c 01D0     		beq	.L36
 675              	.LVL55:
 676              	.L34:
 449:Middlewares/ST/STM32_USB_Host_Library/Class/CDC/Src/usbh_cdc.c **** }
 677              		.loc 1 449 3 is_stmt 1 view .LVU205
 450:Middlewares/ST/STM32_USB_Host_Library/Class/CDC/Src/usbh_cdc.c **** /**
 678              		.loc 1 450 1 is_stmt 0 view .LVU206
 679 000e 0020     		movs	r0, #0
 680 0010 38BD     		pop	{r3, r4, r5, pc}
 681              	.LVL56:
 682              	.L36:
 450:Middlewares/ST/STM32_USB_Host_Library/Class/CDC/Src/usbh_cdc.c **** /**
 683              		.loc 1 450 1 view .LVU207
 684 0012 0446     		mov	r4, r0
 443:Middlewares/ST/STM32_USB_Host_Library/Class/CDC/Src/usbh_cdc.c **** 
 685              		.loc 1 443 5 is_stmt 1 view .LVU208
 443:Middlewares/ST/STM32_USB_Host_Library/Class/CDC/Src/usbh_cdc.c **** 
 686              		.loc 1 443 23 is_stmt 0 view .LVU209
 687 0014 0023     		movs	r3, #0
 688 0016 85F84C30 		strb	r3, [r5, #76]
 445:Middlewares/ST/STM32_USB_Host_Library/Class/CDC/Src/usbh_cdc.c ****     (void)USBH_ClosePipe(phost, CDC_Handle->DataItf.InPipe);
 689              		.loc 1 445 5 is_stmt 1 view .LVU210
 445:Middlewares/ST/STM32_USB_Host_Library/Class/CDC/Src/usbh_cdc.c ****     (void)USBH_ClosePipe(phost, CDC_Handle->DataItf.InPipe);
 690              		.loc 1 445 11 is_stmt 0 view .LVU211
 691 001a 2978     		ldrb	r1, [r5]	@ zero_extendqisi2
 692 001c FFF7FEFF 		bl	USBH_ClosePipe
 693              	.LVL57:
 446:Middlewares/ST/STM32_USB_Host_Library/Class/CDC/Src/usbh_cdc.c ****     (void)USBH_ClosePipe(phost, CDC_Handle->DataItf.OutPipe);
 694              		.loc 1 446 5 is_stmt 1 view .LVU212
ARM GAS  /tmp/ccmcMWNH.s 			page 25


 446:Middlewares/ST/STM32_USB_Host_Library/Class/CDC/Src/usbh_cdc.c ****     (void)USBH_ClosePipe(phost, CDC_Handle->DataItf.OutPipe);
 695              		.loc 1 446 11 is_stmt 0 view .LVU213
 696 0020 297B     		ldrb	r1, [r5, #12]	@ zero_extendqisi2
 697 0022 2046     		mov	r0, r4
 698 0024 FFF7FEFF 		bl	USBH_ClosePipe
 699              	.LVL58:
 447:Middlewares/ST/STM32_USB_Host_Library/Class/CDC/Src/usbh_cdc.c ****   }
 700              		.loc 1 447 5 is_stmt 1 view .LVU214
 447:Middlewares/ST/STM32_USB_Host_Library/Class/CDC/Src/usbh_cdc.c ****   }
 701              		.loc 1 447 11 is_stmt 0 view .LVU215
 702 0028 697B     		ldrb	r1, [r5, #13]	@ zero_extendqisi2
 703 002a 2046     		mov	r0, r4
 704 002c FFF7FEFF 		bl	USBH_ClosePipe
 705              	.LVL59:
 706 0030 EDE7     		b	.L34
 707              		.cfi_endproc
 708              	.LFE247:
 710              		.section	.text.USBH_CDC_SetLineCoding,"ax",%progbits
 711              		.align	1
 712              		.global	USBH_CDC_SetLineCoding
 713              		.syntax unified
 714              		.thumb
 715              		.thumb_func
 717              	USBH_CDC_SetLineCoding:
 718              	.LVL60:
 719              	.LFB250:
 495:Middlewares/ST/STM32_USB_Host_Library/Class/CDC/Src/usbh_cdc.c **** 
 496:Middlewares/ST/STM32_USB_Host_Library/Class/CDC/Src/usbh_cdc.c **** /**
 497:Middlewares/ST/STM32_USB_Host_Library/Class/CDC/Src/usbh_cdc.c ****   * @brief  This function prepares the state before issuing the class specific commands
 498:Middlewares/ST/STM32_USB_Host_Library/Class/CDC/Src/usbh_cdc.c ****   * @param  None
 499:Middlewares/ST/STM32_USB_Host_Library/Class/CDC/Src/usbh_cdc.c ****   * @retval None
 500:Middlewares/ST/STM32_USB_Host_Library/Class/CDC/Src/usbh_cdc.c ****   */
 501:Middlewares/ST/STM32_USB_Host_Library/Class/CDC/Src/usbh_cdc.c **** USBH_StatusTypeDef USBH_CDC_SetLineCoding(USBH_HandleTypeDef *phost,
 502:Middlewares/ST/STM32_USB_Host_Library/Class/CDC/Src/usbh_cdc.c ****                                           CDC_LineCodingTypeDef *linecoding)
 503:Middlewares/ST/STM32_USB_Host_Library/Class/CDC/Src/usbh_cdc.c **** {
 720              		.loc 1 503 1 is_stmt 1 view -0
 721              		.cfi_startproc
 722              		@ args = 0, pretend = 0, frame = 0
 723              		@ frame_needed = 0, uses_anonymous_args = 0
 724              		@ link register save eliminated.
 504:Middlewares/ST/STM32_USB_Host_Library/Class/CDC/Src/usbh_cdc.c ****   CDC_HandleTypeDef *CDC_Handle = (CDC_HandleTypeDef *) phost->pActiveClass->pData;
 725              		.loc 1 504 3 view .LVU217
 726              		.loc 1 504 62 is_stmt 0 view .LVU218
 727 0000 D0F87C33 		ldr	r3, [r0, #892]
 728              		.loc 1 504 22 view .LVU219
 729 0004 DA69     		ldr	r2, [r3, #28]
 730              	.LVL61:
 505:Middlewares/ST/STM32_USB_Host_Library/Class/CDC/Src/usbh_cdc.c **** 
 506:Middlewares/ST/STM32_USB_Host_Library/Class/CDC/Src/usbh_cdc.c ****   if (phost->gState == HOST_CLASS)
 731              		.loc 1 506 3 is_stmt 1 view .LVU220
 732              		.loc 1 506 12 is_stmt 0 view .LVU221
 733 0006 0378     		ldrb	r3, [r0]	@ zero_extendqisi2
 734              		.loc 1 506 6 view .LVU222
 735 0008 0B2B     		cmp	r3, #11
 736 000a 01D0     		beq	.L39
 737              	.L38:
 507:Middlewares/ST/STM32_USB_Host_Library/Class/CDC/Src/usbh_cdc.c ****   {
ARM GAS  /tmp/ccmcMWNH.s 			page 26


 508:Middlewares/ST/STM32_USB_Host_Library/Class/CDC/Src/usbh_cdc.c ****     CDC_Handle->state = CDC_SET_LINE_CODING_STATE;
 509:Middlewares/ST/STM32_USB_Host_Library/Class/CDC/Src/usbh_cdc.c ****     CDC_Handle->pUserLineCoding = linecoding;
 510:Middlewares/ST/STM32_USB_Host_Library/Class/CDC/Src/usbh_cdc.c **** 
 511:Middlewares/ST/STM32_USB_Host_Library/Class/CDC/Src/usbh_cdc.c **** #if (USBH_USE_OS == 1U)
 512:Middlewares/ST/STM32_USB_Host_Library/Class/CDC/Src/usbh_cdc.c ****     USBH_OS_PutMessage(phost, USBH_CLASS_EVENT, 0U, 0U);
 513:Middlewares/ST/STM32_USB_Host_Library/Class/CDC/Src/usbh_cdc.c **** #endif /* (USBH_USE_OS == 1U) */
 514:Middlewares/ST/STM32_USB_Host_Library/Class/CDC/Src/usbh_cdc.c ****   }
 515:Middlewares/ST/STM32_USB_Host_Library/Class/CDC/Src/usbh_cdc.c **** 
 516:Middlewares/ST/STM32_USB_Host_Library/Class/CDC/Src/usbh_cdc.c ****   return USBH_OK;
 738              		.loc 1 516 3 is_stmt 1 view .LVU223
 517:Middlewares/ST/STM32_USB_Host_Library/Class/CDC/Src/usbh_cdc.c **** }
 739              		.loc 1 517 1 is_stmt 0 view .LVU224
 740 000c 0020     		movs	r0, #0
 741              	.LVL62:
 742              		.loc 1 517 1 view .LVU225
 743 000e 7047     		bx	lr
 744              	.LVL63:
 745              	.L39:
 508:Middlewares/ST/STM32_USB_Host_Library/Class/CDC/Src/usbh_cdc.c ****     CDC_Handle->pUserLineCoding = linecoding;
 746              		.loc 1 508 5 is_stmt 1 view .LVU226
 508:Middlewares/ST/STM32_USB_Host_Library/Class/CDC/Src/usbh_cdc.c ****     CDC_Handle->pUserLineCoding = linecoding;
 747              		.loc 1 508 23 is_stmt 0 view .LVU227
 748 0010 0123     		movs	r3, #1
 749 0012 82F84C30 		strb	r3, [r2, #76]
 509:Middlewares/ST/STM32_USB_Host_Library/Class/CDC/Src/usbh_cdc.c **** 
 750              		.loc 1 509 5 is_stmt 1 view .LVU228
 509:Middlewares/ST/STM32_USB_Host_Library/Class/CDC/Src/usbh_cdc.c **** 
 751              		.loc 1 509 33 is_stmt 0 view .LVU229
 752 0016 9164     		str	r1, [r2, #72]
 753 0018 F8E7     		b	.L38
 754              		.cfi_endproc
 755              	.LFE250:
 757              		.section	.text.USBH_CDC_GetLineCoding,"ax",%progbits
 758              		.align	1
 759              		.global	USBH_CDC_GetLineCoding
 760              		.syntax unified
 761              		.thumb
 762              		.thumb_func
 764              	USBH_CDC_GetLineCoding:
 765              	.LVL64:
 766              	.LFB251:
 518:Middlewares/ST/STM32_USB_Host_Library/Class/CDC/Src/usbh_cdc.c **** 
 519:Middlewares/ST/STM32_USB_Host_Library/Class/CDC/Src/usbh_cdc.c **** /**
 520:Middlewares/ST/STM32_USB_Host_Library/Class/CDC/Src/usbh_cdc.c ****   * @brief  This function prepares the state before issuing the class specific commands
 521:Middlewares/ST/STM32_USB_Host_Library/Class/CDC/Src/usbh_cdc.c ****   * @param  None
 522:Middlewares/ST/STM32_USB_Host_Library/Class/CDC/Src/usbh_cdc.c ****   * @retval None
 523:Middlewares/ST/STM32_USB_Host_Library/Class/CDC/Src/usbh_cdc.c ****   */
 524:Middlewares/ST/STM32_USB_Host_Library/Class/CDC/Src/usbh_cdc.c **** USBH_StatusTypeDef USBH_CDC_GetLineCoding(USBH_HandleTypeDef *phost,
 525:Middlewares/ST/STM32_USB_Host_Library/Class/CDC/Src/usbh_cdc.c ****                                           CDC_LineCodingTypeDef *linecoding)
 526:Middlewares/ST/STM32_USB_Host_Library/Class/CDC/Src/usbh_cdc.c **** {
 767              		.loc 1 526 1 is_stmt 1 view -0
 768              		.cfi_startproc
 769              		@ args = 0, pretend = 0, frame = 0
 770              		@ frame_needed = 0, uses_anonymous_args = 0
 771              		@ link register save eliminated.
 772              		.loc 1 526 1 is_stmt 0 view .LVU231
 773 0000 0B46     		mov	r3, r1
ARM GAS  /tmp/ccmcMWNH.s 			page 27


 527:Middlewares/ST/STM32_USB_Host_Library/Class/CDC/Src/usbh_cdc.c ****   CDC_HandleTypeDef *CDC_Handle = (CDC_HandleTypeDef *) phost->pActiveClass->pData;
 774              		.loc 1 527 3 is_stmt 1 view .LVU232
 775              		.loc 1 527 62 is_stmt 0 view .LVU233
 776 0002 D0F87C23 		ldr	r2, [r0, #892]
 777              		.loc 1 527 22 view .LVU234
 778 0006 D269     		ldr	r2, [r2, #28]
 779              	.LVL65:
 528:Middlewares/ST/STM32_USB_Host_Library/Class/CDC/Src/usbh_cdc.c **** 
 529:Middlewares/ST/STM32_USB_Host_Library/Class/CDC/Src/usbh_cdc.c ****   if ((phost->gState == HOST_CLASS) || (phost->gState == HOST_CLASS_REQUEST))
 780              		.loc 1 529 3 is_stmt 1 view .LVU235
 781              		.loc 1 529 13 is_stmt 0 view .LVU236
 782 0008 0178     		ldrb	r1, [r0]	@ zero_extendqisi2
 783              	.LVL66:
 784              		.loc 1 529 6 view .LVU237
 785 000a 0B29     		cmp	r1, #11
 786 000c 04D0     		beq	.L41
 787              		.loc 1 529 46 discriminator 1 view .LVU238
 788 000e 0178     		ldrb	r1, [r0]	@ zero_extendqisi2
 789              		.loc 1 529 37 discriminator 1 view .LVU239
 790 0010 0629     		cmp	r1, #6
 791 0012 01D0     		beq	.L41
 530:Middlewares/ST/STM32_USB_Host_Library/Class/CDC/Src/usbh_cdc.c ****   {
 531:Middlewares/ST/STM32_USB_Host_Library/Class/CDC/Src/usbh_cdc.c ****     *linecoding = CDC_Handle->LineCoding;
 532:Middlewares/ST/STM32_USB_Host_Library/Class/CDC/Src/usbh_cdc.c ****     return USBH_OK;
 533:Middlewares/ST/STM32_USB_Host_Library/Class/CDC/Src/usbh_cdc.c ****   }
 534:Middlewares/ST/STM32_USB_Host_Library/Class/CDC/Src/usbh_cdc.c ****   else
 535:Middlewares/ST/STM32_USB_Host_Library/Class/CDC/Src/usbh_cdc.c ****   {
 536:Middlewares/ST/STM32_USB_Host_Library/Class/CDC/Src/usbh_cdc.c ****     return USBH_FAIL;
 792              		.loc 1 536 12 view .LVU240
 793 0014 0220     		movs	r0, #2
 794              	.LVL67:
 537:Middlewares/ST/STM32_USB_Host_Library/Class/CDC/Src/usbh_cdc.c ****   }
 538:Middlewares/ST/STM32_USB_Host_Library/Class/CDC/Src/usbh_cdc.c **** }
 795              		.loc 1 538 1 view .LVU241
 796 0016 7047     		bx	lr
 797              	.LVL68:
 798              	.L41:
 531:Middlewares/ST/STM32_USB_Host_Library/Class/CDC/Src/usbh_cdc.c ****     return USBH_OK;
 799              		.loc 1 531 5 is_stmt 1 view .LVU242
 531:Middlewares/ST/STM32_USB_Host_Library/Class/CDC/Src/usbh_cdc.c ****     return USBH_OK;
 800              		.loc 1 531 17 is_stmt 0 view .LVU243
 801 0018 4032     		adds	r2, r2, #64
 802              	.LVL69:
 531:Middlewares/ST/STM32_USB_Host_Library/Class/CDC/Src/usbh_cdc.c ****     return USBH_OK;
 803              		.loc 1 531 17 view .LVU244
 804 001a 92E80300 		ldm	r2, {r0, r1}
 805              	.LVL70:
 531:Middlewares/ST/STM32_USB_Host_Library/Class/CDC/Src/usbh_cdc.c ****     return USBH_OK;
 806              		.loc 1 531 17 view .LVU245
 807 001e 83E80300 		stm	r3, {r0, r1}
 532:Middlewares/ST/STM32_USB_Host_Library/Class/CDC/Src/usbh_cdc.c ****   }
 808              		.loc 1 532 5 is_stmt 1 view .LVU246
 532:Middlewares/ST/STM32_USB_Host_Library/Class/CDC/Src/usbh_cdc.c ****   }
 809              		.loc 1 532 12 is_stmt 0 view .LVU247
 810 0022 0020     		movs	r0, #0
 811 0024 7047     		bx	lr
 812              		.cfi_endproc
ARM GAS  /tmp/ccmcMWNH.s 			page 28


 813              	.LFE251:
 815              		.section	.text.USBH_CDC_GetLastReceivedDataSize,"ax",%progbits
 816              		.align	1
 817              		.global	USBH_CDC_GetLastReceivedDataSize
 818              		.syntax unified
 819              		.thumb
 820              		.thumb_func
 822              	USBH_CDC_GetLastReceivedDataSize:
 823              	.LVL71:
 824              	.LFB252:
 539:Middlewares/ST/STM32_USB_Host_Library/Class/CDC/Src/usbh_cdc.c **** 
 540:Middlewares/ST/STM32_USB_Host_Library/Class/CDC/Src/usbh_cdc.c **** /**
 541:Middlewares/ST/STM32_USB_Host_Library/Class/CDC/Src/usbh_cdc.c ****   * @brief  This function return last received data size
 542:Middlewares/ST/STM32_USB_Host_Library/Class/CDC/Src/usbh_cdc.c ****   * @param  None
 543:Middlewares/ST/STM32_USB_Host_Library/Class/CDC/Src/usbh_cdc.c ****   * @retval None
 544:Middlewares/ST/STM32_USB_Host_Library/Class/CDC/Src/usbh_cdc.c ****   */
 545:Middlewares/ST/STM32_USB_Host_Library/Class/CDC/Src/usbh_cdc.c **** uint16_t USBH_CDC_GetLastReceivedDataSize(USBH_HandleTypeDef *phost)
 546:Middlewares/ST/STM32_USB_Host_Library/Class/CDC/Src/usbh_cdc.c **** {
 825              		.loc 1 546 1 is_stmt 1 view -0
 826              		.cfi_startproc
 827              		@ args = 0, pretend = 0, frame = 0
 828              		@ frame_needed = 0, uses_anonymous_args = 0
 829              		.loc 1 546 1 is_stmt 0 view .LVU249
 830 0000 08B5     		push	{r3, lr}
 831              	.LCFI9:
 832              		.cfi_def_cfa_offset 8
 833              		.cfi_offset 3, -8
 834              		.cfi_offset 14, -4
 547:Middlewares/ST/STM32_USB_Host_Library/Class/CDC/Src/usbh_cdc.c ****   uint32_t dataSize;
 835              		.loc 1 547 3 is_stmt 1 view .LVU250
 548:Middlewares/ST/STM32_USB_Host_Library/Class/CDC/Src/usbh_cdc.c ****   CDC_HandleTypeDef *CDC_Handle = (CDC_HandleTypeDef *) phost->pActiveClass->pData;
 836              		.loc 1 548 3 view .LVU251
 837              		.loc 1 548 62 is_stmt 0 view .LVU252
 838 0002 D0F87C33 		ldr	r3, [r0, #892]
 839              		.loc 1 548 22 view .LVU253
 840 0006 DA69     		ldr	r2, [r3, #28]
 841              	.LVL72:
 549:Middlewares/ST/STM32_USB_Host_Library/Class/CDC/Src/usbh_cdc.c **** 
 550:Middlewares/ST/STM32_USB_Host_Library/Class/CDC/Src/usbh_cdc.c ****   if (phost->gState == HOST_CLASS)
 842              		.loc 1 550 3 is_stmt 1 view .LVU254
 843              		.loc 1 550 12 is_stmt 0 view .LVU255
 844 0008 0378     		ldrb	r3, [r0]	@ zero_extendqisi2
 845              		.loc 1 550 6 view .LVU256
 846 000a 0B2B     		cmp	r3, #11
 847 000c 02D0     		beq	.L48
 551:Middlewares/ST/STM32_USB_Host_Library/Class/CDC/Src/usbh_cdc.c ****   {
 552:Middlewares/ST/STM32_USB_Host_Library/Class/CDC/Src/usbh_cdc.c ****     dataSize = USBH_LL_GetLastXferSize(phost, CDC_Handle->DataItf.InPipe);
 553:Middlewares/ST/STM32_USB_Host_Library/Class/CDC/Src/usbh_cdc.c ****   }
 554:Middlewares/ST/STM32_USB_Host_Library/Class/CDC/Src/usbh_cdc.c ****   else
 555:Middlewares/ST/STM32_USB_Host_Library/Class/CDC/Src/usbh_cdc.c ****   {
 556:Middlewares/ST/STM32_USB_Host_Library/Class/CDC/Src/usbh_cdc.c ****     dataSize =  0U;
 848              		.loc 1 556 14 view .LVU257
 849 000e 0020     		movs	r0, #0
 850              	.LVL73:
 851              	.L45:
 557:Middlewares/ST/STM32_USB_Host_Library/Class/CDC/Src/usbh_cdc.c ****   }
 558:Middlewares/ST/STM32_USB_Host_Library/Class/CDC/Src/usbh_cdc.c **** 
ARM GAS  /tmp/ccmcMWNH.s 			page 29


 559:Middlewares/ST/STM32_USB_Host_Library/Class/CDC/Src/usbh_cdc.c ****   return (uint16_t)dataSize;
 852              		.loc 1 559 3 is_stmt 1 view .LVU258
 560:Middlewares/ST/STM32_USB_Host_Library/Class/CDC/Src/usbh_cdc.c **** }
 853              		.loc 1 560 1 is_stmt 0 view .LVU259
 854 0010 80B2     		uxth	r0, r0
 855              	.LVL74:
 856              		.loc 1 560 1 view .LVU260
 857 0012 08BD     		pop	{r3, pc}
 858              	.LVL75:
 859              	.L48:
 552:Middlewares/ST/STM32_USB_Host_Library/Class/CDC/Src/usbh_cdc.c ****   }
 860              		.loc 1 552 5 is_stmt 1 view .LVU261
 552:Middlewares/ST/STM32_USB_Host_Library/Class/CDC/Src/usbh_cdc.c ****   }
 861              		.loc 1 552 16 is_stmt 0 view .LVU262
 862 0014 117B     		ldrb	r1, [r2, #12]	@ zero_extendqisi2
 863 0016 FFF7FEFF 		bl	USBH_LL_GetLastXferSize
 864              	.LVL76:
 552:Middlewares/ST/STM32_USB_Host_Library/Class/CDC/Src/usbh_cdc.c ****   }
 865              		.loc 1 552 16 view .LVU263
 866 001a F9E7     		b	.L45
 867              		.cfi_endproc
 868              	.LFE252:
 870              		.section	.text.USBH_CDC_Transmit,"ax",%progbits
 871              		.align	1
 872              		.global	USBH_CDC_Transmit
 873              		.syntax unified
 874              		.thumb
 875              		.thumb_func
 877              	USBH_CDC_Transmit:
 878              	.LVL77:
 879              	.LFB253:
 561:Middlewares/ST/STM32_USB_Host_Library/Class/CDC/Src/usbh_cdc.c **** 
 562:Middlewares/ST/STM32_USB_Host_Library/Class/CDC/Src/usbh_cdc.c **** /**
 563:Middlewares/ST/STM32_USB_Host_Library/Class/CDC/Src/usbh_cdc.c ****   * @brief  This function prepares the state before issuing the class specific commands
 564:Middlewares/ST/STM32_USB_Host_Library/Class/CDC/Src/usbh_cdc.c ****   * @param  None
 565:Middlewares/ST/STM32_USB_Host_Library/Class/CDC/Src/usbh_cdc.c ****   * @retval None
 566:Middlewares/ST/STM32_USB_Host_Library/Class/CDC/Src/usbh_cdc.c ****   */
 567:Middlewares/ST/STM32_USB_Host_Library/Class/CDC/Src/usbh_cdc.c **** USBH_StatusTypeDef USBH_CDC_Transmit(USBH_HandleTypeDef *phost, uint8_t *pbuff, uint32_t length)
 568:Middlewares/ST/STM32_USB_Host_Library/Class/CDC/Src/usbh_cdc.c **** {
 880              		.loc 1 568 1 is_stmt 1 view -0
 881              		.cfi_startproc
 882              		@ args = 0, pretend = 0, frame = 0
 883              		@ frame_needed = 0, uses_anonymous_args = 0
 884              		@ link register save eliminated.
 569:Middlewares/ST/STM32_USB_Host_Library/Class/CDC/Src/usbh_cdc.c ****   USBH_StatusTypeDef Status = USBH_BUSY;
 885              		.loc 1 569 3 view .LVU265
 570:Middlewares/ST/STM32_USB_Host_Library/Class/CDC/Src/usbh_cdc.c ****   CDC_HandleTypeDef *CDC_Handle = (CDC_HandleTypeDef *) phost->pActiveClass->pData;
 886              		.loc 1 570 3 view .LVU266
 887              		.loc 1 570 62 is_stmt 0 view .LVU267
 888 0000 D0F87C33 		ldr	r3, [r0, #892]
 889              		.loc 1 570 22 view .LVU268
 890 0004 DB69     		ldr	r3, [r3, #28]
 891              	.LVL78:
 571:Middlewares/ST/STM32_USB_Host_Library/Class/CDC/Src/usbh_cdc.c **** 
 572:Middlewares/ST/STM32_USB_Host_Library/Class/CDC/Src/usbh_cdc.c ****   if ((CDC_Handle->state == CDC_IDLE_STATE) || (CDC_Handle->state == CDC_TRANSFER_DATA))
 892              		.loc 1 572 3 is_stmt 1 view .LVU269
 893              		.loc 1 572 18 is_stmt 0 view .LVU270
ARM GAS  /tmp/ccmcMWNH.s 			page 30


 894 0006 93F84C00 		ldrb	r0, [r3, #76]	@ zero_extendqisi2
 895              	.LVL79:
 896              		.loc 1 572 6 view .LVU271
 897 000a 18B1     		cbz	r0, .L50
 898              		.loc 1 572 45 discriminator 1 view .LVU272
 899 000c 0328     		cmp	r0, #3
 900 000e 01D0     		beq	.L50
 569:Middlewares/ST/STM32_USB_Host_Library/Class/CDC/Src/usbh_cdc.c ****   CDC_HandleTypeDef *CDC_Handle = (CDC_HandleTypeDef *) phost->pActiveClass->pData;
 901              		.loc 1 569 22 view .LVU273
 902 0010 0120     		movs	r0, #1
 903              	.LVL80:
 573:Middlewares/ST/STM32_USB_Host_Library/Class/CDC/Src/usbh_cdc.c ****   {
 574:Middlewares/ST/STM32_USB_Host_Library/Class/CDC/Src/usbh_cdc.c ****     CDC_Handle->pTxData = pbuff;
 575:Middlewares/ST/STM32_USB_Host_Library/Class/CDC/Src/usbh_cdc.c ****     CDC_Handle->TxDataLength = length;
 576:Middlewares/ST/STM32_USB_Host_Library/Class/CDC/Src/usbh_cdc.c ****     CDC_Handle->state = CDC_TRANSFER_DATA;
 577:Middlewares/ST/STM32_USB_Host_Library/Class/CDC/Src/usbh_cdc.c ****     CDC_Handle->data_tx_state = CDC_SEND_DATA;
 578:Middlewares/ST/STM32_USB_Host_Library/Class/CDC/Src/usbh_cdc.c ****     Status = USBH_OK;
 579:Middlewares/ST/STM32_USB_Host_Library/Class/CDC/Src/usbh_cdc.c **** 
 580:Middlewares/ST/STM32_USB_Host_Library/Class/CDC/Src/usbh_cdc.c **** #if (USBH_USE_OS == 1U)
 581:Middlewares/ST/STM32_USB_Host_Library/Class/CDC/Src/usbh_cdc.c ****     USBH_OS_PutMessage(phost, USBH_CLASS_EVENT, 0U, 0U);
 582:Middlewares/ST/STM32_USB_Host_Library/Class/CDC/Src/usbh_cdc.c **** #endif /* (USBH_USE_OS == 1U) */
 583:Middlewares/ST/STM32_USB_Host_Library/Class/CDC/Src/usbh_cdc.c ****   }
 584:Middlewares/ST/STM32_USB_Host_Library/Class/CDC/Src/usbh_cdc.c **** 
 585:Middlewares/ST/STM32_USB_Host_Library/Class/CDC/Src/usbh_cdc.c ****   return Status;
 904              		.loc 1 585 3 is_stmt 1 view .LVU274
 586:Middlewares/ST/STM32_USB_Host_Library/Class/CDC/Src/usbh_cdc.c **** }
 905              		.loc 1 586 1 is_stmt 0 view .LVU275
 906 0012 7047     		bx	lr
 907              	.LVL81:
 908              	.L50:
 574:Middlewares/ST/STM32_USB_Host_Library/Class/CDC/Src/usbh_cdc.c ****     CDC_Handle->TxDataLength = length;
 909              		.loc 1 574 5 is_stmt 1 view .LVU276
 574:Middlewares/ST/STM32_USB_Host_Library/Class/CDC/Src/usbh_cdc.c ****     CDC_Handle->TxDataLength = length;
 910              		.loc 1 574 25 is_stmt 0 view .LVU277
 911 0014 D961     		str	r1, [r3, #28]
 575:Middlewares/ST/STM32_USB_Host_Library/Class/CDC/Src/usbh_cdc.c ****     CDC_Handle->state = CDC_TRANSFER_DATA;
 912              		.loc 1 575 5 is_stmt 1 view .LVU278
 575:Middlewares/ST/STM32_USB_Host_Library/Class/CDC/Src/usbh_cdc.c ****     CDC_Handle->state = CDC_TRANSFER_DATA;
 913              		.loc 1 575 30 is_stmt 0 view .LVU279
 914 0016 5A62     		str	r2, [r3, #36]
 576:Middlewares/ST/STM32_USB_Host_Library/Class/CDC/Src/usbh_cdc.c ****     CDC_Handle->data_tx_state = CDC_SEND_DATA;
 915              		.loc 1 576 5 is_stmt 1 view .LVU280
 576:Middlewares/ST/STM32_USB_Host_Library/Class/CDC/Src/usbh_cdc.c ****     CDC_Handle->data_tx_state = CDC_SEND_DATA;
 916              		.loc 1 576 23 is_stmt 0 view .LVU281
 917 0018 0322     		movs	r2, #3
 918              	.LVL82:
 576:Middlewares/ST/STM32_USB_Host_Library/Class/CDC/Src/usbh_cdc.c ****     CDC_Handle->data_tx_state = CDC_SEND_DATA;
 919              		.loc 1 576 23 view .LVU282
 920 001a 83F84C20 		strb	r2, [r3, #76]
 577:Middlewares/ST/STM32_USB_Host_Library/Class/CDC/Src/usbh_cdc.c ****     Status = USBH_OK;
 921              		.loc 1 577 5 is_stmt 1 view .LVU283
 577:Middlewares/ST/STM32_USB_Host_Library/Class/CDC/Src/usbh_cdc.c ****     Status = USBH_OK;
 922              		.loc 1 577 31 is_stmt 0 view .LVU284
 923 001e 0122     		movs	r2, #1
 924 0020 83F84D20 		strb	r2, [r3, #77]
 578:Middlewares/ST/STM32_USB_Host_Library/Class/CDC/Src/usbh_cdc.c **** 
 925              		.loc 1 578 5 is_stmt 1 view .LVU285
ARM GAS  /tmp/ccmcMWNH.s 			page 31


 926              	.LVL83:
 578:Middlewares/ST/STM32_USB_Host_Library/Class/CDC/Src/usbh_cdc.c **** 
 927              		.loc 1 578 12 is_stmt 0 view .LVU286
 928 0024 0020     		movs	r0, #0
 929 0026 7047     		bx	lr
 930              		.cfi_endproc
 931              	.LFE253:
 933              		.section	.text.USBH_CDC_Receive,"ax",%progbits
 934              		.align	1
 935              		.global	USBH_CDC_Receive
 936              		.syntax unified
 937              		.thumb
 938              		.thumb_func
 940              	USBH_CDC_Receive:
 941              	.LVL84:
 942              	.LFB254:
 587:Middlewares/ST/STM32_USB_Host_Library/Class/CDC/Src/usbh_cdc.c **** 
 588:Middlewares/ST/STM32_USB_Host_Library/Class/CDC/Src/usbh_cdc.c **** 
 589:Middlewares/ST/STM32_USB_Host_Library/Class/CDC/Src/usbh_cdc.c **** /**
 590:Middlewares/ST/STM32_USB_Host_Library/Class/CDC/Src/usbh_cdc.c ****   * @brief  This function prepares the state before issuing the class specific commands
 591:Middlewares/ST/STM32_USB_Host_Library/Class/CDC/Src/usbh_cdc.c ****   * @param  None
 592:Middlewares/ST/STM32_USB_Host_Library/Class/CDC/Src/usbh_cdc.c ****   * @retval None
 593:Middlewares/ST/STM32_USB_Host_Library/Class/CDC/Src/usbh_cdc.c ****   */
 594:Middlewares/ST/STM32_USB_Host_Library/Class/CDC/Src/usbh_cdc.c **** USBH_StatusTypeDef USBH_CDC_Receive(USBH_HandleTypeDef *phost, uint8_t *pbuff, uint32_t length)
 595:Middlewares/ST/STM32_USB_Host_Library/Class/CDC/Src/usbh_cdc.c **** {
 943              		.loc 1 595 1 is_stmt 1 view -0
 944              		.cfi_startproc
 945              		@ args = 0, pretend = 0, frame = 0
 946              		@ frame_needed = 0, uses_anonymous_args = 0
 947              		@ link register save eliminated.
 596:Middlewares/ST/STM32_USB_Host_Library/Class/CDC/Src/usbh_cdc.c ****   USBH_StatusTypeDef Status = USBH_BUSY;
 948              		.loc 1 596 3 view .LVU288
 597:Middlewares/ST/STM32_USB_Host_Library/Class/CDC/Src/usbh_cdc.c ****   CDC_HandleTypeDef *CDC_Handle = (CDC_HandleTypeDef *) phost->pActiveClass->pData;
 949              		.loc 1 597 3 view .LVU289
 950              		.loc 1 597 62 is_stmt 0 view .LVU290
 951 0000 D0F87C33 		ldr	r3, [r0, #892]
 952              		.loc 1 597 22 view .LVU291
 953 0004 DB69     		ldr	r3, [r3, #28]
 954              	.LVL85:
 598:Middlewares/ST/STM32_USB_Host_Library/Class/CDC/Src/usbh_cdc.c **** 
 599:Middlewares/ST/STM32_USB_Host_Library/Class/CDC/Src/usbh_cdc.c ****   if ((CDC_Handle->state == CDC_IDLE_STATE) || (CDC_Handle->state == CDC_TRANSFER_DATA))
 955              		.loc 1 599 3 is_stmt 1 view .LVU292
 956              		.loc 1 599 18 is_stmt 0 view .LVU293
 957 0006 93F84C00 		ldrb	r0, [r3, #76]	@ zero_extendqisi2
 958              	.LVL86:
 959              		.loc 1 599 6 view .LVU294
 960 000a 18B1     		cbz	r0, .L54
 961              		.loc 1 599 45 discriminator 1 view .LVU295
 962 000c 0328     		cmp	r0, #3
 963 000e 01D0     		beq	.L54
 596:Middlewares/ST/STM32_USB_Host_Library/Class/CDC/Src/usbh_cdc.c ****   CDC_HandleTypeDef *CDC_Handle = (CDC_HandleTypeDef *) phost->pActiveClass->pData;
 964              		.loc 1 596 22 view .LVU296
 965 0010 0120     		movs	r0, #1
 966              	.LVL87:
 600:Middlewares/ST/STM32_USB_Host_Library/Class/CDC/Src/usbh_cdc.c ****   {
 601:Middlewares/ST/STM32_USB_Host_Library/Class/CDC/Src/usbh_cdc.c ****     CDC_Handle->pRxData = pbuff;
 602:Middlewares/ST/STM32_USB_Host_Library/Class/CDC/Src/usbh_cdc.c ****     CDC_Handle->RxDataLength = length;
ARM GAS  /tmp/ccmcMWNH.s 			page 32


 603:Middlewares/ST/STM32_USB_Host_Library/Class/CDC/Src/usbh_cdc.c ****     CDC_Handle->state = CDC_TRANSFER_DATA;
 604:Middlewares/ST/STM32_USB_Host_Library/Class/CDC/Src/usbh_cdc.c ****     CDC_Handle->data_rx_state = CDC_RECEIVE_DATA;
 605:Middlewares/ST/STM32_USB_Host_Library/Class/CDC/Src/usbh_cdc.c ****     Status = USBH_OK;
 606:Middlewares/ST/STM32_USB_Host_Library/Class/CDC/Src/usbh_cdc.c **** 
 607:Middlewares/ST/STM32_USB_Host_Library/Class/CDC/Src/usbh_cdc.c **** #if (USBH_USE_OS == 1U)
 608:Middlewares/ST/STM32_USB_Host_Library/Class/CDC/Src/usbh_cdc.c ****     USBH_OS_PutMessage(phost, USBH_CLASS_EVENT, 0U, 0U);
 609:Middlewares/ST/STM32_USB_Host_Library/Class/CDC/Src/usbh_cdc.c **** #endif /* (USBH_USE_OS == 1U) */
 610:Middlewares/ST/STM32_USB_Host_Library/Class/CDC/Src/usbh_cdc.c ****   }
 611:Middlewares/ST/STM32_USB_Host_Library/Class/CDC/Src/usbh_cdc.c ****   return Status;
 967              		.loc 1 611 3 is_stmt 1 view .LVU297
 612:Middlewares/ST/STM32_USB_Host_Library/Class/CDC/Src/usbh_cdc.c **** }
 968              		.loc 1 612 1 is_stmt 0 view .LVU298
 969 0012 7047     		bx	lr
 970              	.LVL88:
 971              	.L54:
 601:Middlewares/ST/STM32_USB_Host_Library/Class/CDC/Src/usbh_cdc.c ****     CDC_Handle->RxDataLength = length;
 972              		.loc 1 601 5 is_stmt 1 view .LVU299
 601:Middlewares/ST/STM32_USB_Host_Library/Class/CDC/Src/usbh_cdc.c ****     CDC_Handle->RxDataLength = length;
 973              		.loc 1 601 25 is_stmt 0 view .LVU300
 974 0014 1962     		str	r1, [r3, #32]
 602:Middlewares/ST/STM32_USB_Host_Library/Class/CDC/Src/usbh_cdc.c ****     CDC_Handle->state = CDC_TRANSFER_DATA;
 975              		.loc 1 602 5 is_stmt 1 view .LVU301
 602:Middlewares/ST/STM32_USB_Host_Library/Class/CDC/Src/usbh_cdc.c ****     CDC_Handle->state = CDC_TRANSFER_DATA;
 976              		.loc 1 602 30 is_stmt 0 view .LVU302
 977 0016 9A62     		str	r2, [r3, #40]
 603:Middlewares/ST/STM32_USB_Host_Library/Class/CDC/Src/usbh_cdc.c ****     CDC_Handle->data_rx_state = CDC_RECEIVE_DATA;
 978              		.loc 1 603 5 is_stmt 1 view .LVU303
 603:Middlewares/ST/STM32_USB_Host_Library/Class/CDC/Src/usbh_cdc.c ****     CDC_Handle->data_rx_state = CDC_RECEIVE_DATA;
 979              		.loc 1 603 23 is_stmt 0 view .LVU304
 980 0018 0322     		movs	r2, #3
 981              	.LVL89:
 603:Middlewares/ST/STM32_USB_Host_Library/Class/CDC/Src/usbh_cdc.c ****     CDC_Handle->data_rx_state = CDC_RECEIVE_DATA;
 982              		.loc 1 603 23 view .LVU305
 983 001a 83F84C20 		strb	r2, [r3, #76]
 604:Middlewares/ST/STM32_USB_Host_Library/Class/CDC/Src/usbh_cdc.c ****     Status = USBH_OK;
 984              		.loc 1 604 5 is_stmt 1 view .LVU306
 604:Middlewares/ST/STM32_USB_Host_Library/Class/CDC/Src/usbh_cdc.c ****     Status = USBH_OK;
 985              		.loc 1 604 31 is_stmt 0 view .LVU307
 986 001e 83F84E20 		strb	r2, [r3, #78]
 605:Middlewares/ST/STM32_USB_Host_Library/Class/CDC/Src/usbh_cdc.c **** 
 987              		.loc 1 605 5 is_stmt 1 view .LVU308
 988              	.LVL90:
 605:Middlewares/ST/STM32_USB_Host_Library/Class/CDC/Src/usbh_cdc.c **** 
 989              		.loc 1 605 12 is_stmt 0 view .LVU309
 990 0022 0020     		movs	r0, #0
 991 0024 7047     		bx	lr
 992              		.cfi_endproc
 993              	.LFE254:
 995              		.section	.text.USBH_CDC_TransmitCallback,"ax",%progbits
 996              		.align	1
 997              		.weak	USBH_CDC_TransmitCallback
 998              		.syntax unified
 999              		.thumb
 1000              		.thumb_func
 1002              	USBH_CDC_TransmitCallback:
 1003              	.LVL91:
 1004              	.LFB257:
ARM GAS  /tmp/ccmcMWNH.s 			page 33


 613:Middlewares/ST/STM32_USB_Host_Library/Class/CDC/Src/usbh_cdc.c **** 
 614:Middlewares/ST/STM32_USB_Host_Library/Class/CDC/Src/usbh_cdc.c **** /**
 615:Middlewares/ST/STM32_USB_Host_Library/Class/CDC/Src/usbh_cdc.c ****   * @brief  The function is responsible for sending data to the device
 616:Middlewares/ST/STM32_USB_Host_Library/Class/CDC/Src/usbh_cdc.c ****   *  @param  pdev: Selected device
 617:Middlewares/ST/STM32_USB_Host_Library/Class/CDC/Src/usbh_cdc.c ****   * @retval None
 618:Middlewares/ST/STM32_USB_Host_Library/Class/CDC/Src/usbh_cdc.c ****   */
 619:Middlewares/ST/STM32_USB_Host_Library/Class/CDC/Src/usbh_cdc.c **** static void CDC_ProcessTransmission(USBH_HandleTypeDef *phost)
 620:Middlewares/ST/STM32_USB_Host_Library/Class/CDC/Src/usbh_cdc.c **** {
 621:Middlewares/ST/STM32_USB_Host_Library/Class/CDC/Src/usbh_cdc.c ****   CDC_HandleTypeDef *CDC_Handle = (CDC_HandleTypeDef *) phost->pActiveClass->pData;
 622:Middlewares/ST/STM32_USB_Host_Library/Class/CDC/Src/usbh_cdc.c ****   USBH_URBStateTypeDef URB_Status = USBH_URB_IDLE;
 623:Middlewares/ST/STM32_USB_Host_Library/Class/CDC/Src/usbh_cdc.c **** 
 624:Middlewares/ST/STM32_USB_Host_Library/Class/CDC/Src/usbh_cdc.c ****   switch (CDC_Handle->data_tx_state)
 625:Middlewares/ST/STM32_USB_Host_Library/Class/CDC/Src/usbh_cdc.c ****   {
 626:Middlewares/ST/STM32_USB_Host_Library/Class/CDC/Src/usbh_cdc.c ****     case CDC_SEND_DATA:
 627:Middlewares/ST/STM32_USB_Host_Library/Class/CDC/Src/usbh_cdc.c ****       if (CDC_Handle->TxDataLength > CDC_Handle->DataItf.OutEpSize)
 628:Middlewares/ST/STM32_USB_Host_Library/Class/CDC/Src/usbh_cdc.c ****       {
 629:Middlewares/ST/STM32_USB_Host_Library/Class/CDC/Src/usbh_cdc.c ****         (void)USBH_BulkSendData(phost,
 630:Middlewares/ST/STM32_USB_Host_Library/Class/CDC/Src/usbh_cdc.c ****                                 CDC_Handle->pTxData,
 631:Middlewares/ST/STM32_USB_Host_Library/Class/CDC/Src/usbh_cdc.c ****                                 CDC_Handle->DataItf.OutEpSize,
 632:Middlewares/ST/STM32_USB_Host_Library/Class/CDC/Src/usbh_cdc.c ****                                 CDC_Handle->DataItf.OutPipe,
 633:Middlewares/ST/STM32_USB_Host_Library/Class/CDC/Src/usbh_cdc.c ****                                 1U);
 634:Middlewares/ST/STM32_USB_Host_Library/Class/CDC/Src/usbh_cdc.c ****       }
 635:Middlewares/ST/STM32_USB_Host_Library/Class/CDC/Src/usbh_cdc.c ****       else
 636:Middlewares/ST/STM32_USB_Host_Library/Class/CDC/Src/usbh_cdc.c ****       {
 637:Middlewares/ST/STM32_USB_Host_Library/Class/CDC/Src/usbh_cdc.c ****         (void)USBH_BulkSendData(phost,
 638:Middlewares/ST/STM32_USB_Host_Library/Class/CDC/Src/usbh_cdc.c ****                                 CDC_Handle->pTxData,
 639:Middlewares/ST/STM32_USB_Host_Library/Class/CDC/Src/usbh_cdc.c ****                                 (uint16_t)CDC_Handle->TxDataLength,
 640:Middlewares/ST/STM32_USB_Host_Library/Class/CDC/Src/usbh_cdc.c ****                                 CDC_Handle->DataItf.OutPipe,
 641:Middlewares/ST/STM32_USB_Host_Library/Class/CDC/Src/usbh_cdc.c ****                                 1U);
 642:Middlewares/ST/STM32_USB_Host_Library/Class/CDC/Src/usbh_cdc.c ****       }
 643:Middlewares/ST/STM32_USB_Host_Library/Class/CDC/Src/usbh_cdc.c **** 
 644:Middlewares/ST/STM32_USB_Host_Library/Class/CDC/Src/usbh_cdc.c ****       CDC_Handle->data_tx_state = CDC_SEND_DATA_WAIT;
 645:Middlewares/ST/STM32_USB_Host_Library/Class/CDC/Src/usbh_cdc.c ****       break;
 646:Middlewares/ST/STM32_USB_Host_Library/Class/CDC/Src/usbh_cdc.c **** 
 647:Middlewares/ST/STM32_USB_Host_Library/Class/CDC/Src/usbh_cdc.c ****     case CDC_SEND_DATA_WAIT:
 648:Middlewares/ST/STM32_USB_Host_Library/Class/CDC/Src/usbh_cdc.c **** 
 649:Middlewares/ST/STM32_USB_Host_Library/Class/CDC/Src/usbh_cdc.c ****       URB_Status = USBH_LL_GetURBState(phost, CDC_Handle->DataItf.OutPipe);
 650:Middlewares/ST/STM32_USB_Host_Library/Class/CDC/Src/usbh_cdc.c **** 
 651:Middlewares/ST/STM32_USB_Host_Library/Class/CDC/Src/usbh_cdc.c ****       /* Check the status done for transmission */
 652:Middlewares/ST/STM32_USB_Host_Library/Class/CDC/Src/usbh_cdc.c ****       if (URB_Status == USBH_URB_DONE)
 653:Middlewares/ST/STM32_USB_Host_Library/Class/CDC/Src/usbh_cdc.c ****       {
 654:Middlewares/ST/STM32_USB_Host_Library/Class/CDC/Src/usbh_cdc.c ****         if (CDC_Handle->TxDataLength > CDC_Handle->DataItf.OutEpSize)
 655:Middlewares/ST/STM32_USB_Host_Library/Class/CDC/Src/usbh_cdc.c ****         {
 656:Middlewares/ST/STM32_USB_Host_Library/Class/CDC/Src/usbh_cdc.c ****           CDC_Handle->TxDataLength -= CDC_Handle->DataItf.OutEpSize;
 657:Middlewares/ST/STM32_USB_Host_Library/Class/CDC/Src/usbh_cdc.c ****           CDC_Handle->pTxData += CDC_Handle->DataItf.OutEpSize;
 658:Middlewares/ST/STM32_USB_Host_Library/Class/CDC/Src/usbh_cdc.c ****         }
 659:Middlewares/ST/STM32_USB_Host_Library/Class/CDC/Src/usbh_cdc.c ****         else
 660:Middlewares/ST/STM32_USB_Host_Library/Class/CDC/Src/usbh_cdc.c ****         {
 661:Middlewares/ST/STM32_USB_Host_Library/Class/CDC/Src/usbh_cdc.c ****           CDC_Handle->TxDataLength = 0U;
 662:Middlewares/ST/STM32_USB_Host_Library/Class/CDC/Src/usbh_cdc.c ****         }
 663:Middlewares/ST/STM32_USB_Host_Library/Class/CDC/Src/usbh_cdc.c **** 
 664:Middlewares/ST/STM32_USB_Host_Library/Class/CDC/Src/usbh_cdc.c ****         if (CDC_Handle->TxDataLength > 0U)
 665:Middlewares/ST/STM32_USB_Host_Library/Class/CDC/Src/usbh_cdc.c ****         {
 666:Middlewares/ST/STM32_USB_Host_Library/Class/CDC/Src/usbh_cdc.c ****           CDC_Handle->data_tx_state = CDC_SEND_DATA;
 667:Middlewares/ST/STM32_USB_Host_Library/Class/CDC/Src/usbh_cdc.c ****         }
 668:Middlewares/ST/STM32_USB_Host_Library/Class/CDC/Src/usbh_cdc.c ****         else
 669:Middlewares/ST/STM32_USB_Host_Library/Class/CDC/Src/usbh_cdc.c ****         {
ARM GAS  /tmp/ccmcMWNH.s 			page 34


 670:Middlewares/ST/STM32_USB_Host_Library/Class/CDC/Src/usbh_cdc.c ****           CDC_Handle->data_tx_state = CDC_IDLE;
 671:Middlewares/ST/STM32_USB_Host_Library/Class/CDC/Src/usbh_cdc.c ****           USBH_CDC_TransmitCallback(phost);
 672:Middlewares/ST/STM32_USB_Host_Library/Class/CDC/Src/usbh_cdc.c ****         }
 673:Middlewares/ST/STM32_USB_Host_Library/Class/CDC/Src/usbh_cdc.c **** 
 674:Middlewares/ST/STM32_USB_Host_Library/Class/CDC/Src/usbh_cdc.c **** #if (USBH_USE_OS == 1U)
 675:Middlewares/ST/STM32_USB_Host_Library/Class/CDC/Src/usbh_cdc.c ****         USBH_OS_PutMessage(phost, USBH_CLASS_EVENT, 0U, 0U);
 676:Middlewares/ST/STM32_USB_Host_Library/Class/CDC/Src/usbh_cdc.c **** #endif /* (USBH_USE_OS == 1U) */
 677:Middlewares/ST/STM32_USB_Host_Library/Class/CDC/Src/usbh_cdc.c ****       }
 678:Middlewares/ST/STM32_USB_Host_Library/Class/CDC/Src/usbh_cdc.c ****       else
 679:Middlewares/ST/STM32_USB_Host_Library/Class/CDC/Src/usbh_cdc.c ****       {
 680:Middlewares/ST/STM32_USB_Host_Library/Class/CDC/Src/usbh_cdc.c ****         if (URB_Status == USBH_URB_NOTREADY)
 681:Middlewares/ST/STM32_USB_Host_Library/Class/CDC/Src/usbh_cdc.c ****         {
 682:Middlewares/ST/STM32_USB_Host_Library/Class/CDC/Src/usbh_cdc.c ****           CDC_Handle->data_tx_state = CDC_SEND_DATA;
 683:Middlewares/ST/STM32_USB_Host_Library/Class/CDC/Src/usbh_cdc.c **** 
 684:Middlewares/ST/STM32_USB_Host_Library/Class/CDC/Src/usbh_cdc.c **** #if (USBH_USE_OS == 1U)
 685:Middlewares/ST/STM32_USB_Host_Library/Class/CDC/Src/usbh_cdc.c ****           USBH_OS_PutMessage(phost, USBH_CLASS_EVENT, 0U, 0U);
 686:Middlewares/ST/STM32_USB_Host_Library/Class/CDC/Src/usbh_cdc.c **** #endif /* (USBH_USE_OS == 1U) */
 687:Middlewares/ST/STM32_USB_Host_Library/Class/CDC/Src/usbh_cdc.c ****         }
 688:Middlewares/ST/STM32_USB_Host_Library/Class/CDC/Src/usbh_cdc.c ****       }
 689:Middlewares/ST/STM32_USB_Host_Library/Class/CDC/Src/usbh_cdc.c ****       break;
 690:Middlewares/ST/STM32_USB_Host_Library/Class/CDC/Src/usbh_cdc.c **** 
 691:Middlewares/ST/STM32_USB_Host_Library/Class/CDC/Src/usbh_cdc.c ****     default:
 692:Middlewares/ST/STM32_USB_Host_Library/Class/CDC/Src/usbh_cdc.c ****       break;
 693:Middlewares/ST/STM32_USB_Host_Library/Class/CDC/Src/usbh_cdc.c ****   }
 694:Middlewares/ST/STM32_USB_Host_Library/Class/CDC/Src/usbh_cdc.c **** }
 695:Middlewares/ST/STM32_USB_Host_Library/Class/CDC/Src/usbh_cdc.c **** /**
 696:Middlewares/ST/STM32_USB_Host_Library/Class/CDC/Src/usbh_cdc.c ****   * @brief  This function responsible for reception of data from the device
 697:Middlewares/ST/STM32_USB_Host_Library/Class/CDC/Src/usbh_cdc.c ****   *  @param  pdev: Selected device
 698:Middlewares/ST/STM32_USB_Host_Library/Class/CDC/Src/usbh_cdc.c ****   * @retval None
 699:Middlewares/ST/STM32_USB_Host_Library/Class/CDC/Src/usbh_cdc.c ****   */
 700:Middlewares/ST/STM32_USB_Host_Library/Class/CDC/Src/usbh_cdc.c **** 
 701:Middlewares/ST/STM32_USB_Host_Library/Class/CDC/Src/usbh_cdc.c **** static void CDC_ProcessReception(USBH_HandleTypeDef *phost)
 702:Middlewares/ST/STM32_USB_Host_Library/Class/CDC/Src/usbh_cdc.c **** {
 703:Middlewares/ST/STM32_USB_Host_Library/Class/CDC/Src/usbh_cdc.c ****   CDC_HandleTypeDef *CDC_Handle = (CDC_HandleTypeDef *) phost->pActiveClass->pData;
 704:Middlewares/ST/STM32_USB_Host_Library/Class/CDC/Src/usbh_cdc.c ****   USBH_URBStateTypeDef URB_Status = USBH_URB_IDLE;
 705:Middlewares/ST/STM32_USB_Host_Library/Class/CDC/Src/usbh_cdc.c ****   uint32_t length;
 706:Middlewares/ST/STM32_USB_Host_Library/Class/CDC/Src/usbh_cdc.c **** 
 707:Middlewares/ST/STM32_USB_Host_Library/Class/CDC/Src/usbh_cdc.c ****   switch (CDC_Handle->data_rx_state)
 708:Middlewares/ST/STM32_USB_Host_Library/Class/CDC/Src/usbh_cdc.c ****   {
 709:Middlewares/ST/STM32_USB_Host_Library/Class/CDC/Src/usbh_cdc.c **** 
 710:Middlewares/ST/STM32_USB_Host_Library/Class/CDC/Src/usbh_cdc.c ****     case CDC_RECEIVE_DATA:
 711:Middlewares/ST/STM32_USB_Host_Library/Class/CDC/Src/usbh_cdc.c **** 
 712:Middlewares/ST/STM32_USB_Host_Library/Class/CDC/Src/usbh_cdc.c ****       (void)USBH_BulkReceiveData(phost,
 713:Middlewares/ST/STM32_USB_Host_Library/Class/CDC/Src/usbh_cdc.c ****                                  CDC_Handle->pRxData,
 714:Middlewares/ST/STM32_USB_Host_Library/Class/CDC/Src/usbh_cdc.c ****                                  CDC_Handle->DataItf.InEpSize,
 715:Middlewares/ST/STM32_USB_Host_Library/Class/CDC/Src/usbh_cdc.c ****                                  CDC_Handle->DataItf.InPipe);
 716:Middlewares/ST/STM32_USB_Host_Library/Class/CDC/Src/usbh_cdc.c **** 
 717:Middlewares/ST/STM32_USB_Host_Library/Class/CDC/Src/usbh_cdc.c **** #if defined (USBH_IN_NAK_PROCESS) && (USBH_IN_NAK_PROCESS == 1U)
 718:Middlewares/ST/STM32_USB_Host_Library/Class/CDC/Src/usbh_cdc.c ****       phost->NakTimer = phost->Timer;
 719:Middlewares/ST/STM32_USB_Host_Library/Class/CDC/Src/usbh_cdc.c **** #endif  /* defined (USBH_IN_NAK_PROCESS) && (USBH_IN_NAK_PROCESS == 1U) */
 720:Middlewares/ST/STM32_USB_Host_Library/Class/CDC/Src/usbh_cdc.c **** 
 721:Middlewares/ST/STM32_USB_Host_Library/Class/CDC/Src/usbh_cdc.c ****       CDC_Handle->data_rx_state = CDC_RECEIVE_DATA_WAIT;
 722:Middlewares/ST/STM32_USB_Host_Library/Class/CDC/Src/usbh_cdc.c **** 
 723:Middlewares/ST/STM32_USB_Host_Library/Class/CDC/Src/usbh_cdc.c ****       break;
 724:Middlewares/ST/STM32_USB_Host_Library/Class/CDC/Src/usbh_cdc.c **** 
 725:Middlewares/ST/STM32_USB_Host_Library/Class/CDC/Src/usbh_cdc.c ****     case CDC_RECEIVE_DATA_WAIT:
 726:Middlewares/ST/STM32_USB_Host_Library/Class/CDC/Src/usbh_cdc.c **** 
ARM GAS  /tmp/ccmcMWNH.s 			page 35


 727:Middlewares/ST/STM32_USB_Host_Library/Class/CDC/Src/usbh_cdc.c ****       URB_Status = USBH_LL_GetURBState(phost, CDC_Handle->DataItf.InPipe);
 728:Middlewares/ST/STM32_USB_Host_Library/Class/CDC/Src/usbh_cdc.c **** 
 729:Middlewares/ST/STM32_USB_Host_Library/Class/CDC/Src/usbh_cdc.c ****       /*Check the status done for reception*/
 730:Middlewares/ST/STM32_USB_Host_Library/Class/CDC/Src/usbh_cdc.c ****       if (URB_Status == USBH_URB_DONE)
 731:Middlewares/ST/STM32_USB_Host_Library/Class/CDC/Src/usbh_cdc.c ****       {
 732:Middlewares/ST/STM32_USB_Host_Library/Class/CDC/Src/usbh_cdc.c ****         length = USBH_LL_GetLastXferSize(phost, CDC_Handle->DataItf.InPipe);
 733:Middlewares/ST/STM32_USB_Host_Library/Class/CDC/Src/usbh_cdc.c **** 
 734:Middlewares/ST/STM32_USB_Host_Library/Class/CDC/Src/usbh_cdc.c ****         if (((CDC_Handle->RxDataLength - length) > 0U) && (length == CDC_Handle->DataItf.InEpSize))
 735:Middlewares/ST/STM32_USB_Host_Library/Class/CDC/Src/usbh_cdc.c ****         {
 736:Middlewares/ST/STM32_USB_Host_Library/Class/CDC/Src/usbh_cdc.c ****           CDC_Handle->RxDataLength -= length;
 737:Middlewares/ST/STM32_USB_Host_Library/Class/CDC/Src/usbh_cdc.c ****           CDC_Handle->pRxData += length;
 738:Middlewares/ST/STM32_USB_Host_Library/Class/CDC/Src/usbh_cdc.c ****           CDC_Handle->data_rx_state = CDC_RECEIVE_DATA;
 739:Middlewares/ST/STM32_USB_Host_Library/Class/CDC/Src/usbh_cdc.c ****         }
 740:Middlewares/ST/STM32_USB_Host_Library/Class/CDC/Src/usbh_cdc.c ****         else
 741:Middlewares/ST/STM32_USB_Host_Library/Class/CDC/Src/usbh_cdc.c ****         {
 742:Middlewares/ST/STM32_USB_Host_Library/Class/CDC/Src/usbh_cdc.c ****           CDC_Handle->data_rx_state = CDC_IDLE;
 743:Middlewares/ST/STM32_USB_Host_Library/Class/CDC/Src/usbh_cdc.c ****           USBH_CDC_ReceiveCallback(phost);
 744:Middlewares/ST/STM32_USB_Host_Library/Class/CDC/Src/usbh_cdc.c ****         }
 745:Middlewares/ST/STM32_USB_Host_Library/Class/CDC/Src/usbh_cdc.c **** 
 746:Middlewares/ST/STM32_USB_Host_Library/Class/CDC/Src/usbh_cdc.c **** #if (USBH_USE_OS == 1U)
 747:Middlewares/ST/STM32_USB_Host_Library/Class/CDC/Src/usbh_cdc.c ****         USBH_OS_PutMessage(phost, USBH_CLASS_EVENT, 0U, 0U);
 748:Middlewares/ST/STM32_USB_Host_Library/Class/CDC/Src/usbh_cdc.c **** #endif /* (USBH_USE_OS == 1U) */
 749:Middlewares/ST/STM32_USB_Host_Library/Class/CDC/Src/usbh_cdc.c ****       }
 750:Middlewares/ST/STM32_USB_Host_Library/Class/CDC/Src/usbh_cdc.c **** #if defined (USBH_IN_NAK_PROCESS) && (USBH_IN_NAK_PROCESS == 1U)
 751:Middlewares/ST/STM32_USB_Host_Library/Class/CDC/Src/usbh_cdc.c ****       else if (URB_Status == USBH_URB_NAK_WAIT)
 752:Middlewares/ST/STM32_USB_Host_Library/Class/CDC/Src/usbh_cdc.c ****       {
 753:Middlewares/ST/STM32_USB_Host_Library/Class/CDC/Src/usbh_cdc.c ****         CDC_Handle->data_rx_state = CDC_RECEIVE_DATA_WAIT;
 754:Middlewares/ST/STM32_USB_Host_Library/Class/CDC/Src/usbh_cdc.c **** 
 755:Middlewares/ST/STM32_USB_Host_Library/Class/CDC/Src/usbh_cdc.c ****         if ((phost->Timer - phost->NakTimer) > phost->NakTimeout)
 756:Middlewares/ST/STM32_USB_Host_Library/Class/CDC/Src/usbh_cdc.c ****         {
 757:Middlewares/ST/STM32_USB_Host_Library/Class/CDC/Src/usbh_cdc.c ****           phost->NakTimer = phost->Timer;
 758:Middlewares/ST/STM32_USB_Host_Library/Class/CDC/Src/usbh_cdc.c ****           USBH_ActivatePipe(phost, CDC_Handle->DataItf.InPipe);
 759:Middlewares/ST/STM32_USB_Host_Library/Class/CDC/Src/usbh_cdc.c ****         }
 760:Middlewares/ST/STM32_USB_Host_Library/Class/CDC/Src/usbh_cdc.c **** 
 761:Middlewares/ST/STM32_USB_Host_Library/Class/CDC/Src/usbh_cdc.c **** #if (USBH_USE_OS == 1U)
 762:Middlewares/ST/STM32_USB_Host_Library/Class/CDC/Src/usbh_cdc.c ****         USBH_OS_PutMessage(phost, USBH_CLASS_EVENT, 0U, 0U);
 763:Middlewares/ST/STM32_USB_Host_Library/Class/CDC/Src/usbh_cdc.c **** #endif /* (USBH_USE_OS == 1U) */
 764:Middlewares/ST/STM32_USB_Host_Library/Class/CDC/Src/usbh_cdc.c ****       }
 765:Middlewares/ST/STM32_USB_Host_Library/Class/CDC/Src/usbh_cdc.c **** #endif /* defined (USBH_IN_NAK_PROCESS) && (USBH_IN_NAK_PROCESS == 1U) */
 766:Middlewares/ST/STM32_USB_Host_Library/Class/CDC/Src/usbh_cdc.c ****       else
 767:Middlewares/ST/STM32_USB_Host_Library/Class/CDC/Src/usbh_cdc.c ****       {
 768:Middlewares/ST/STM32_USB_Host_Library/Class/CDC/Src/usbh_cdc.c ****         /* .. */
 769:Middlewares/ST/STM32_USB_Host_Library/Class/CDC/Src/usbh_cdc.c ****       }
 770:Middlewares/ST/STM32_USB_Host_Library/Class/CDC/Src/usbh_cdc.c ****       break;
 771:Middlewares/ST/STM32_USB_Host_Library/Class/CDC/Src/usbh_cdc.c **** 
 772:Middlewares/ST/STM32_USB_Host_Library/Class/CDC/Src/usbh_cdc.c ****     default:
 773:Middlewares/ST/STM32_USB_Host_Library/Class/CDC/Src/usbh_cdc.c ****       break;
 774:Middlewares/ST/STM32_USB_Host_Library/Class/CDC/Src/usbh_cdc.c ****   }
 775:Middlewares/ST/STM32_USB_Host_Library/Class/CDC/Src/usbh_cdc.c **** }
 776:Middlewares/ST/STM32_USB_Host_Library/Class/CDC/Src/usbh_cdc.c **** 
 777:Middlewares/ST/STM32_USB_Host_Library/Class/CDC/Src/usbh_cdc.c **** /**
 778:Middlewares/ST/STM32_USB_Host_Library/Class/CDC/Src/usbh_cdc.c ****   * @brief  The function informs user that data have been received
 779:Middlewares/ST/STM32_USB_Host_Library/Class/CDC/Src/usbh_cdc.c ****   *  @param  pdev: Selected device
 780:Middlewares/ST/STM32_USB_Host_Library/Class/CDC/Src/usbh_cdc.c ****   * @retval None
 781:Middlewares/ST/STM32_USB_Host_Library/Class/CDC/Src/usbh_cdc.c ****   */
 782:Middlewares/ST/STM32_USB_Host_Library/Class/CDC/Src/usbh_cdc.c **** __weak void USBH_CDC_TransmitCallback(USBH_HandleTypeDef *phost)
 783:Middlewares/ST/STM32_USB_Host_Library/Class/CDC/Src/usbh_cdc.c **** {
ARM GAS  /tmp/ccmcMWNH.s 			page 36


 1005              		.loc 1 783 1 is_stmt 1 view -0
 1006              		.cfi_startproc
 1007              		@ args = 0, pretend = 0, frame = 0
 1008              		@ frame_needed = 0, uses_anonymous_args = 0
 1009              		@ link register save eliminated.
 784:Middlewares/ST/STM32_USB_Host_Library/Class/CDC/Src/usbh_cdc.c ****   /* Prevent unused argument(s) compilation warning */
 785:Middlewares/ST/STM32_USB_Host_Library/Class/CDC/Src/usbh_cdc.c ****   UNUSED(phost);
 1010              		.loc 1 785 3 view .LVU311
 786:Middlewares/ST/STM32_USB_Host_Library/Class/CDC/Src/usbh_cdc.c **** }
 1011              		.loc 1 786 1 is_stmt 0 view .LVU312
 1012 0000 7047     		bx	lr
 1013              		.cfi_endproc
 1014              	.LFE257:
 1016              		.section	.text.CDC_ProcessTransmission,"ax",%progbits
 1017              		.align	1
 1018              		.syntax unified
 1019              		.thumb
 1020              		.thumb_func
 1022              	CDC_ProcessTransmission:
 1023              	.LVL92:
 1024              	.LFB255:
 620:Middlewares/ST/STM32_USB_Host_Library/Class/CDC/Src/usbh_cdc.c ****   CDC_HandleTypeDef *CDC_Handle = (CDC_HandleTypeDef *) phost->pActiveClass->pData;
 1025              		.loc 1 620 1 is_stmt 1 view -0
 1026              		.cfi_startproc
 1027              		@ args = 0, pretend = 0, frame = 0
 1028              		@ frame_needed = 0, uses_anonymous_args = 0
 620:Middlewares/ST/STM32_USB_Host_Library/Class/CDC/Src/usbh_cdc.c ****   CDC_HandleTypeDef *CDC_Handle = (CDC_HandleTypeDef *) phost->pActiveClass->pData;
 1029              		.loc 1 620 1 is_stmt 0 view .LVU314
 1030 0000 30B5     		push	{r4, r5, lr}
 1031              	.LCFI10:
 1032              		.cfi_def_cfa_offset 12
 1033              		.cfi_offset 4, -12
 1034              		.cfi_offset 5, -8
 1035              		.cfi_offset 14, -4
 1036 0002 83B0     		sub	sp, sp, #12
 1037              	.LCFI11:
 1038              		.cfi_def_cfa_offset 24
 1039 0004 0546     		mov	r5, r0
 621:Middlewares/ST/STM32_USB_Host_Library/Class/CDC/Src/usbh_cdc.c ****   USBH_URBStateTypeDef URB_Status = USBH_URB_IDLE;
 1040              		.loc 1 621 3 is_stmt 1 view .LVU315
 621:Middlewares/ST/STM32_USB_Host_Library/Class/CDC/Src/usbh_cdc.c ****   USBH_URBStateTypeDef URB_Status = USBH_URB_IDLE;
 1041              		.loc 1 621 62 is_stmt 0 view .LVU316
 1042 0006 D0F87C33 		ldr	r3, [r0, #892]
 621:Middlewares/ST/STM32_USB_Host_Library/Class/CDC/Src/usbh_cdc.c ****   USBH_URBStateTypeDef URB_Status = USBH_URB_IDLE;
 1043              		.loc 1 621 22 view .LVU317
 1044 000a DC69     		ldr	r4, [r3, #28]
 1045              	.LVL93:
 622:Middlewares/ST/STM32_USB_Host_Library/Class/CDC/Src/usbh_cdc.c **** 
 1046              		.loc 1 622 3 is_stmt 1 view .LVU318
 624:Middlewares/ST/STM32_USB_Host_Library/Class/CDC/Src/usbh_cdc.c ****   {
 1047              		.loc 1 624 3 view .LVU319
 624:Middlewares/ST/STM32_USB_Host_Library/Class/CDC/Src/usbh_cdc.c ****   {
 1048              		.loc 1 624 21 is_stmt 0 view .LVU320
 1049 000c 94F84D30 		ldrb	r3, [r4, #77]	@ zero_extendqisi2
 624:Middlewares/ST/STM32_USB_Host_Library/Class/CDC/Src/usbh_cdc.c ****   {
 1050              		.loc 1 624 3 view .LVU321
 1051 0010 012B     		cmp	r3, #1
ARM GAS  /tmp/ccmcMWNH.s 			page 37


 1052 0012 0CD0     		beq	.L59
 1053 0014 022B     		cmp	r3, #2
 1054 0016 18D1     		bne	.L58
 649:Middlewares/ST/STM32_USB_Host_Library/Class/CDC/Src/usbh_cdc.c **** 
 1055              		.loc 1 649 7 is_stmt 1 view .LVU322
 649:Middlewares/ST/STM32_USB_Host_Library/Class/CDC/Src/usbh_cdc.c **** 
 1056              		.loc 1 649 20 is_stmt 0 view .LVU323
 1057 0018 617B     		ldrb	r1, [r4, #13]	@ zero_extendqisi2
 1058 001a FFF7FEFF 		bl	USBH_LL_GetURBState
 1059              	.LVL94:
 652:Middlewares/ST/STM32_USB_Host_Library/Class/CDC/Src/usbh_cdc.c ****       {
 1060              		.loc 1 652 7 is_stmt 1 view .LVU324
 652:Middlewares/ST/STM32_USB_Host_Library/Class/CDC/Src/usbh_cdc.c ****       {
 1061              		.loc 1 652 10 is_stmt 0 view .LVU325
 1062 001e 0128     		cmp	r0, #1
 1063 0020 1ED0     		beq	.L69
 680:Middlewares/ST/STM32_USB_Host_Library/Class/CDC/Src/usbh_cdc.c ****         {
 1064              		.loc 1 680 9 is_stmt 1 view .LVU326
 680:Middlewares/ST/STM32_USB_Host_Library/Class/CDC/Src/usbh_cdc.c ****         {
 1065              		.loc 1 680 12 is_stmt 0 view .LVU327
 1066 0022 0228     		cmp	r0, #2
 1067 0024 11D1     		bne	.L58
 682:Middlewares/ST/STM32_USB_Host_Library/Class/CDC/Src/usbh_cdc.c **** 
 1068              		.loc 1 682 11 is_stmt 1 view .LVU328
 682:Middlewares/ST/STM32_USB_Host_Library/Class/CDC/Src/usbh_cdc.c **** 
 1069              		.loc 1 682 37 is_stmt 0 view .LVU329
 1070 0026 0123     		movs	r3, #1
 1071 0028 84F84D30 		strb	r3, [r4, #77]
 694:Middlewares/ST/STM32_USB_Host_Library/Class/CDC/Src/usbh_cdc.c **** /**
 1072              		.loc 1 694 1 view .LVU330
 1073 002c 0DE0     		b	.L58
 1074              	.LVL95:
 1075              	.L59:
 627:Middlewares/ST/STM32_USB_Host_Library/Class/CDC/Src/usbh_cdc.c ****       {
 1076              		.loc 1 627 7 is_stmt 1 view .LVU331
 627:Middlewares/ST/STM32_USB_Host_Library/Class/CDC/Src/usbh_cdc.c ****       {
 1077              		.loc 1 627 21 is_stmt 0 view .LVU332
 1078 002e 606A     		ldr	r0, [r4, #36]
 1079              	.LVL96:
 627:Middlewares/ST/STM32_USB_Host_Library/Class/CDC/Src/usbh_cdc.c ****       {
 1080              		.loc 1 627 57 view .LVU333
 1081 0030 228B     		ldrh	r2, [r4, #24]
 627:Middlewares/ST/STM32_USB_Host_Library/Class/CDC/Src/usbh_cdc.c ****       {
 1082              		.loc 1 627 10 view .LVU334
 1083 0032 9042     		cmp	r0, r2
 1084 0034 0BD9     		bls	.L62
 629:Middlewares/ST/STM32_USB_Host_Library/Class/CDC/Src/usbh_cdc.c ****                                 CDC_Handle->pTxData,
 1085              		.loc 1 629 9 is_stmt 1 view .LVU335
 629:Middlewares/ST/STM32_USB_Host_Library/Class/CDC/Src/usbh_cdc.c ****                                 CDC_Handle->pTxData,
 1086              		.loc 1 629 15 is_stmt 0 view .LVU336
 1087 0036 637B     		ldrb	r3, [r4, #13]	@ zero_extendqisi2
 1088 0038 E169     		ldr	r1, [r4, #28]
 1089 003a 0120     		movs	r0, #1
 1090 003c 0090     		str	r0, [sp]
 1091 003e 2846     		mov	r0, r5
 1092 0040 FFF7FEFF 		bl	USBH_BulkSendData
 1093              	.LVL97:
ARM GAS  /tmp/ccmcMWNH.s 			page 38


 1094              	.L63:
 644:Middlewares/ST/STM32_USB_Host_Library/Class/CDC/Src/usbh_cdc.c ****       break;
 1095              		.loc 1 644 7 is_stmt 1 view .LVU337
 644:Middlewares/ST/STM32_USB_Host_Library/Class/CDC/Src/usbh_cdc.c ****       break;
 1096              		.loc 1 644 33 is_stmt 0 view .LVU338
 1097 0044 0223     		movs	r3, #2
 1098 0046 84F84D30 		strb	r3, [r4, #77]
 645:Middlewares/ST/STM32_USB_Host_Library/Class/CDC/Src/usbh_cdc.c **** 
 1099              		.loc 1 645 7 is_stmt 1 view .LVU339
 1100              	.LVL98:
 1101              	.L58:
 694:Middlewares/ST/STM32_USB_Host_Library/Class/CDC/Src/usbh_cdc.c **** /**
 1102              		.loc 1 694 1 is_stmt 0 view .LVU340
 1103 004a 03B0     		add	sp, sp, #12
 1104              	.LCFI12:
 1105              		.cfi_remember_state
 1106              		.cfi_def_cfa_offset 12
 1107              		@ sp needed
 1108 004c 30BD     		pop	{r4, r5, pc}
 1109              	.LVL99:
 1110              	.L62:
 1111              	.LCFI13:
 1112              		.cfi_restore_state
 637:Middlewares/ST/STM32_USB_Host_Library/Class/CDC/Src/usbh_cdc.c ****                                 CDC_Handle->pTxData,
 1113              		.loc 1 637 9 is_stmt 1 view .LVU341
 637:Middlewares/ST/STM32_USB_Host_Library/Class/CDC/Src/usbh_cdc.c ****                                 CDC_Handle->pTxData,
 1114              		.loc 1 637 15 is_stmt 0 view .LVU342
 1115 004e 637B     		ldrb	r3, [r4, #13]	@ zero_extendqisi2
 1116 0050 E169     		ldr	r1, [r4, #28]
 1117 0052 0122     		movs	r2, #1
 1118 0054 0092     		str	r2, [sp]
 1119 0056 82B2     		uxth	r2, r0
 1120 0058 2846     		mov	r0, r5
 1121 005a FFF7FEFF 		bl	USBH_BulkSendData
 1122              	.LVL100:
 1123 005e F1E7     		b	.L63
 1124              	.LVL101:
 1125              	.L69:
 654:Middlewares/ST/STM32_USB_Host_Library/Class/CDC/Src/usbh_cdc.c ****         {
 1126              		.loc 1 654 9 is_stmt 1 view .LVU343
 654:Middlewares/ST/STM32_USB_Host_Library/Class/CDC/Src/usbh_cdc.c ****         {
 1127              		.loc 1 654 23 is_stmt 0 view .LVU344
 1128 0060 636A     		ldr	r3, [r4, #36]
 654:Middlewares/ST/STM32_USB_Host_Library/Class/CDC/Src/usbh_cdc.c ****         {
 1129              		.loc 1 654 59 view .LVU345
 1130 0062 228B     		ldrh	r2, [r4, #24]
 654:Middlewares/ST/STM32_USB_Host_Library/Class/CDC/Src/usbh_cdc.c ****         {
 1131              		.loc 1 654 12 view .LVU346
 1132 0064 9342     		cmp	r3, r2
 1133 0066 0AD9     		bls	.L65
 656:Middlewares/ST/STM32_USB_Host_Library/Class/CDC/Src/usbh_cdc.c ****           CDC_Handle->pTxData += CDC_Handle->DataItf.OutEpSize;
 1134              		.loc 1 656 11 is_stmt 1 view .LVU347
 656:Middlewares/ST/STM32_USB_Host_Library/Class/CDC/Src/usbh_cdc.c ****           CDC_Handle->pTxData += CDC_Handle->DataItf.OutEpSize;
 1135              		.loc 1 656 36 is_stmt 0 view .LVU348
 1136 0068 9B1A     		subs	r3, r3, r2
 1137 006a 6362     		str	r3, [r4, #36]
 657:Middlewares/ST/STM32_USB_Host_Library/Class/CDC/Src/usbh_cdc.c ****         }
ARM GAS  /tmp/ccmcMWNH.s 			page 39


 1138              		.loc 1 657 11 is_stmt 1 view .LVU349
 657:Middlewares/ST/STM32_USB_Host_Library/Class/CDC/Src/usbh_cdc.c ****         }
 1139              		.loc 1 657 21 is_stmt 0 view .LVU350
 1140 006c E369     		ldr	r3, [r4, #28]
 657:Middlewares/ST/STM32_USB_Host_Library/Class/CDC/Src/usbh_cdc.c ****         }
 1141              		.loc 1 657 31 view .LVU351
 1142 006e 1344     		add	r3, r3, r2
 1143 0070 E361     		str	r3, [r4, #28]
 1144              	.L66:
 664:Middlewares/ST/STM32_USB_Host_Library/Class/CDC/Src/usbh_cdc.c ****         {
 1145              		.loc 1 664 9 is_stmt 1 view .LVU352
 664:Middlewares/ST/STM32_USB_Host_Library/Class/CDC/Src/usbh_cdc.c ****         {
 1146              		.loc 1 664 23 is_stmt 0 view .LVU353
 1147 0072 636A     		ldr	r3, [r4, #36]
 664:Middlewares/ST/STM32_USB_Host_Library/Class/CDC/Src/usbh_cdc.c ****         {
 1148              		.loc 1 664 12 view .LVU354
 1149 0074 33B1     		cbz	r3, .L67
 666:Middlewares/ST/STM32_USB_Host_Library/Class/CDC/Src/usbh_cdc.c ****         }
 1150              		.loc 1 666 11 is_stmt 1 view .LVU355
 666:Middlewares/ST/STM32_USB_Host_Library/Class/CDC/Src/usbh_cdc.c ****         }
 1151              		.loc 1 666 37 is_stmt 0 view .LVU356
 1152 0076 0123     		movs	r3, #1
 1153 0078 84F84D30 		strb	r3, [r4, #77]
 1154 007c E5E7     		b	.L58
 1155              	.L65:
 661:Middlewares/ST/STM32_USB_Host_Library/Class/CDC/Src/usbh_cdc.c ****         }
 1156              		.loc 1 661 11 is_stmt 1 view .LVU357
 661:Middlewares/ST/STM32_USB_Host_Library/Class/CDC/Src/usbh_cdc.c ****         }
 1157              		.loc 1 661 36 is_stmt 0 view .LVU358
 1158 007e 0023     		movs	r3, #0
 1159 0080 6362     		str	r3, [r4, #36]
 1160 0082 F6E7     		b	.L66
 1161              	.L67:
 670:Middlewares/ST/STM32_USB_Host_Library/Class/CDC/Src/usbh_cdc.c ****           USBH_CDC_TransmitCallback(phost);
 1162              		.loc 1 670 11 is_stmt 1 view .LVU359
 670:Middlewares/ST/STM32_USB_Host_Library/Class/CDC/Src/usbh_cdc.c ****           USBH_CDC_TransmitCallback(phost);
 1163              		.loc 1 670 37 is_stmt 0 view .LVU360
 1164 0084 0023     		movs	r3, #0
 1165 0086 84F84D30 		strb	r3, [r4, #77]
 671:Middlewares/ST/STM32_USB_Host_Library/Class/CDC/Src/usbh_cdc.c ****         }
 1166              		.loc 1 671 11 is_stmt 1 view .LVU361
 1167 008a 2846     		mov	r0, r5
 1168              	.LVL102:
 671:Middlewares/ST/STM32_USB_Host_Library/Class/CDC/Src/usbh_cdc.c ****         }
 1169              		.loc 1 671 11 is_stmt 0 view .LVU362
 1170 008c FFF7FEFF 		bl	USBH_CDC_TransmitCallback
 1171              	.LVL103:
 1172 0090 DBE7     		b	.L58
 1173              		.cfi_endproc
 1174              	.LFE255:
 1176              		.section	.text.USBH_CDC_ReceiveCallback,"ax",%progbits
 1177              		.align	1
 1178              		.weak	USBH_CDC_ReceiveCallback
 1179              		.syntax unified
 1180              		.thumb
 1181              		.thumb_func
 1183              	USBH_CDC_ReceiveCallback:
ARM GAS  /tmp/ccmcMWNH.s 			page 40


 1184              	.LVL104:
 1185              	.LFB258:
 787:Middlewares/ST/STM32_USB_Host_Library/Class/CDC/Src/usbh_cdc.c **** 
 788:Middlewares/ST/STM32_USB_Host_Library/Class/CDC/Src/usbh_cdc.c **** /**
 789:Middlewares/ST/STM32_USB_Host_Library/Class/CDC/Src/usbh_cdc.c ****   * @brief  The function informs user that data have been sent
 790:Middlewares/ST/STM32_USB_Host_Library/Class/CDC/Src/usbh_cdc.c ****   *  @param  pdev: Selected device
 791:Middlewares/ST/STM32_USB_Host_Library/Class/CDC/Src/usbh_cdc.c ****   * @retval None
 792:Middlewares/ST/STM32_USB_Host_Library/Class/CDC/Src/usbh_cdc.c ****   */
 793:Middlewares/ST/STM32_USB_Host_Library/Class/CDC/Src/usbh_cdc.c **** __weak void USBH_CDC_ReceiveCallback(USBH_HandleTypeDef *phost)
 794:Middlewares/ST/STM32_USB_Host_Library/Class/CDC/Src/usbh_cdc.c **** {
 1186              		.loc 1 794 1 is_stmt 1 view -0
 1187              		.cfi_startproc
 1188              		@ args = 0, pretend = 0, frame = 0
 1189              		@ frame_needed = 0, uses_anonymous_args = 0
 1190              		@ link register save eliminated.
 795:Middlewares/ST/STM32_USB_Host_Library/Class/CDC/Src/usbh_cdc.c ****   /* Prevent unused argument(s) compilation warning */
 796:Middlewares/ST/STM32_USB_Host_Library/Class/CDC/Src/usbh_cdc.c ****   UNUSED(phost);
 1191              		.loc 1 796 3 view .LVU364
 797:Middlewares/ST/STM32_USB_Host_Library/Class/CDC/Src/usbh_cdc.c **** }
 1192              		.loc 1 797 1 is_stmt 0 view .LVU365
 1193 0000 7047     		bx	lr
 1194              		.cfi_endproc
 1195              	.LFE258:
 1197              		.section	.text.CDC_ProcessReception,"ax",%progbits
 1198              		.align	1
 1199              		.syntax unified
 1200              		.thumb
 1201              		.thumb_func
 1203              	CDC_ProcessReception:
 1204              	.LVL105:
 1205              	.LFB256:
 702:Middlewares/ST/STM32_USB_Host_Library/Class/CDC/Src/usbh_cdc.c ****   CDC_HandleTypeDef *CDC_Handle = (CDC_HandleTypeDef *) phost->pActiveClass->pData;
 1206              		.loc 1 702 1 is_stmt 1 view -0
 1207              		.cfi_startproc
 1208              		@ args = 0, pretend = 0, frame = 0
 1209              		@ frame_needed = 0, uses_anonymous_args = 0
 702:Middlewares/ST/STM32_USB_Host_Library/Class/CDC/Src/usbh_cdc.c ****   CDC_HandleTypeDef *CDC_Handle = (CDC_HandleTypeDef *) phost->pActiveClass->pData;
 1210              		.loc 1 702 1 is_stmt 0 view .LVU367
 1211 0000 38B5     		push	{r3, r4, r5, lr}
 1212              	.LCFI14:
 1213              		.cfi_def_cfa_offset 16
 1214              		.cfi_offset 3, -16
 1215              		.cfi_offset 4, -12
 1216              		.cfi_offset 5, -8
 1217              		.cfi_offset 14, -4
 1218 0002 0446     		mov	r4, r0
 703:Middlewares/ST/STM32_USB_Host_Library/Class/CDC/Src/usbh_cdc.c ****   USBH_URBStateTypeDef URB_Status = USBH_URB_IDLE;
 1219              		.loc 1 703 3 is_stmt 1 view .LVU368
 703:Middlewares/ST/STM32_USB_Host_Library/Class/CDC/Src/usbh_cdc.c ****   USBH_URBStateTypeDef URB_Status = USBH_URB_IDLE;
 1220              		.loc 1 703 62 is_stmt 0 view .LVU369
 1221 0004 D0F87C33 		ldr	r3, [r0, #892]
 703:Middlewares/ST/STM32_USB_Host_Library/Class/CDC/Src/usbh_cdc.c ****   USBH_URBStateTypeDef URB_Status = USBH_URB_IDLE;
 1222              		.loc 1 703 22 view .LVU370
 1223 0008 DD69     		ldr	r5, [r3, #28]
 1224              	.LVL106:
 704:Middlewares/ST/STM32_USB_Host_Library/Class/CDC/Src/usbh_cdc.c ****   uint32_t length;
 1225              		.loc 1 704 3 is_stmt 1 view .LVU371
ARM GAS  /tmp/ccmcMWNH.s 			page 41


 705:Middlewares/ST/STM32_USB_Host_Library/Class/CDC/Src/usbh_cdc.c **** 
 1226              		.loc 1 705 3 view .LVU372
 707:Middlewares/ST/STM32_USB_Host_Library/Class/CDC/Src/usbh_cdc.c ****   {
 1227              		.loc 1 707 3 view .LVU373
 707:Middlewares/ST/STM32_USB_Host_Library/Class/CDC/Src/usbh_cdc.c ****   {
 1228              		.loc 1 707 21 is_stmt 0 view .LVU374
 1229 000a 95F84E30 		ldrb	r3, [r5, #78]	@ zero_extendqisi2
 707:Middlewares/ST/STM32_USB_Host_Library/Class/CDC/Src/usbh_cdc.c ****   {
 1230              		.loc 1 707 3 view .LVU375
 1231 000e 032B     		cmp	r3, #3
 1232 0010 17D0     		beq	.L72
 1233 0012 042B     		cmp	r3, #4
 1234 0014 1DD1     		bne	.L71
 727:Middlewares/ST/STM32_USB_Host_Library/Class/CDC/Src/usbh_cdc.c **** 
 1235              		.loc 1 727 7 is_stmt 1 view .LVU376
 727:Middlewares/ST/STM32_USB_Host_Library/Class/CDC/Src/usbh_cdc.c **** 
 1236              		.loc 1 727 20 is_stmt 0 view .LVU377
 1237 0016 297B     		ldrb	r1, [r5, #12]	@ zero_extendqisi2
 1238 0018 FFF7FEFF 		bl	USBH_LL_GetURBState
 1239              	.LVL107:
 730:Middlewares/ST/STM32_USB_Host_Library/Class/CDC/Src/usbh_cdc.c ****       {
 1240              		.loc 1 730 7 is_stmt 1 view .LVU378
 730:Middlewares/ST/STM32_USB_Host_Library/Class/CDC/Src/usbh_cdc.c ****       {
 1241              		.loc 1 730 10 is_stmt 0 view .LVU379
 1242 001c 0128     		cmp	r0, #1
 1243 001e 18D1     		bne	.L71
 732:Middlewares/ST/STM32_USB_Host_Library/Class/CDC/Src/usbh_cdc.c **** 
 1244              		.loc 1 732 9 is_stmt 1 view .LVU380
 732:Middlewares/ST/STM32_USB_Host_Library/Class/CDC/Src/usbh_cdc.c **** 
 1245              		.loc 1 732 18 is_stmt 0 view .LVU381
 1246 0020 297B     		ldrb	r1, [r5, #12]	@ zero_extendqisi2
 1247 0022 2046     		mov	r0, r4
 1248              	.LVL108:
 732:Middlewares/ST/STM32_USB_Host_Library/Class/CDC/Src/usbh_cdc.c **** 
 1249              		.loc 1 732 18 view .LVU382
 1250 0024 FFF7FEFF 		bl	USBH_LL_GetLastXferSize
 1251              	.LVL109:
 734:Middlewares/ST/STM32_USB_Host_Library/Class/CDC/Src/usbh_cdc.c ****         {
 1252              		.loc 1 734 9 is_stmt 1 view .LVU383
 734:Middlewares/ST/STM32_USB_Host_Library/Class/CDC/Src/usbh_cdc.c ****         {
 1253              		.loc 1 734 25 is_stmt 0 view .LVU384
 1254 0028 AB6A     		ldr	r3, [r5, #40]
 734:Middlewares/ST/STM32_USB_Host_Library/Class/CDC/Src/usbh_cdc.c ****         {
 1255              		.loc 1 734 12 view .LVU385
 1256 002a 8342     		cmp	r3, r0
 1257 002c 02D0     		beq	.L75
 734:Middlewares/ST/STM32_USB_Host_Library/Class/CDC/Src/usbh_cdc.c ****         {
 1258              		.loc 1 734 89 discriminator 1 view .LVU386
 1259 002e 6A8B     		ldrh	r2, [r5, #26]
 734:Middlewares/ST/STM32_USB_Host_Library/Class/CDC/Src/usbh_cdc.c ****         {
 1260              		.loc 1 734 56 discriminator 1 view .LVU387
 1261 0030 8242     		cmp	r2, r0
 1262 0032 0FD0     		beq	.L77
 1263              	.L75:
 742:Middlewares/ST/STM32_USB_Host_Library/Class/CDC/Src/usbh_cdc.c ****           USBH_CDC_ReceiveCallback(phost);
 1264              		.loc 1 742 11 is_stmt 1 view .LVU388
 742:Middlewares/ST/STM32_USB_Host_Library/Class/CDC/Src/usbh_cdc.c ****           USBH_CDC_ReceiveCallback(phost);
ARM GAS  /tmp/ccmcMWNH.s 			page 42


 1265              		.loc 1 742 37 is_stmt 0 view .LVU389
 1266 0034 0023     		movs	r3, #0
 1267 0036 85F84E30 		strb	r3, [r5, #78]
 743:Middlewares/ST/STM32_USB_Host_Library/Class/CDC/Src/usbh_cdc.c ****         }
 1268              		.loc 1 743 11 is_stmt 1 view .LVU390
 1269 003a 2046     		mov	r0, r4
 1270              	.LVL110:
 743:Middlewares/ST/STM32_USB_Host_Library/Class/CDC/Src/usbh_cdc.c ****         }
 1271              		.loc 1 743 11 is_stmt 0 view .LVU391
 1272 003c FFF7FEFF 		bl	USBH_CDC_ReceiveCallback
 1273              	.LVL111:
 775:Middlewares/ST/STM32_USB_Host_Library/Class/CDC/Src/usbh_cdc.c **** 
 1274              		.loc 1 775 1 view .LVU392
 1275 0040 07E0     		b	.L71
 1276              	.LVL112:
 1277              	.L72:
 712:Middlewares/ST/STM32_USB_Host_Library/Class/CDC/Src/usbh_cdc.c ****                                  CDC_Handle->pRxData,
 1278              		.loc 1 712 7 is_stmt 1 view .LVU393
 712:Middlewares/ST/STM32_USB_Host_Library/Class/CDC/Src/usbh_cdc.c ****                                  CDC_Handle->pRxData,
 1279              		.loc 1 712 13 is_stmt 0 view .LVU394
 1280 0042 2B7B     		ldrb	r3, [r5, #12]	@ zero_extendqisi2
 1281 0044 6A8B     		ldrh	r2, [r5, #26]
 1282 0046 296A     		ldr	r1, [r5, #32]
 1283 0048 FFF7FEFF 		bl	USBH_BulkReceiveData
 1284              	.LVL113:
 721:Middlewares/ST/STM32_USB_Host_Library/Class/CDC/Src/usbh_cdc.c **** 
 1285              		.loc 1 721 7 is_stmt 1 view .LVU395
 721:Middlewares/ST/STM32_USB_Host_Library/Class/CDC/Src/usbh_cdc.c **** 
 1286              		.loc 1 721 33 is_stmt 0 view .LVU396
 1287 004c 0423     		movs	r3, #4
 1288 004e 85F84E30 		strb	r3, [r5, #78]
 723:Middlewares/ST/STM32_USB_Host_Library/Class/CDC/Src/usbh_cdc.c **** 
 1289              		.loc 1 723 7 is_stmt 1 view .LVU397
 1290              	.LVL114:
 1291              	.L71:
 775:Middlewares/ST/STM32_USB_Host_Library/Class/CDC/Src/usbh_cdc.c **** 
 1292              		.loc 1 775 1 is_stmt 0 view .LVU398
 1293 0052 38BD     		pop	{r3, r4, r5, pc}
 1294              	.LVL115:
 1295              	.L77:
 736:Middlewares/ST/STM32_USB_Host_Library/Class/CDC/Src/usbh_cdc.c ****           CDC_Handle->pRxData += length;
 1296              		.loc 1 736 11 is_stmt 1 view .LVU399
 736:Middlewares/ST/STM32_USB_Host_Library/Class/CDC/Src/usbh_cdc.c ****           CDC_Handle->pRxData += length;
 1297              		.loc 1 736 36 is_stmt 0 view .LVU400
 1298 0054 1B1A     		subs	r3, r3, r0
 1299 0056 AB62     		str	r3, [r5, #40]
 737:Middlewares/ST/STM32_USB_Host_Library/Class/CDC/Src/usbh_cdc.c ****           CDC_Handle->data_rx_state = CDC_RECEIVE_DATA;
 1300              		.loc 1 737 11 is_stmt 1 view .LVU401
 737:Middlewares/ST/STM32_USB_Host_Library/Class/CDC/Src/usbh_cdc.c ****           CDC_Handle->data_rx_state = CDC_RECEIVE_DATA;
 1301              		.loc 1 737 21 is_stmt 0 view .LVU402
 1302 0058 2B6A     		ldr	r3, [r5, #32]
 737:Middlewares/ST/STM32_USB_Host_Library/Class/CDC/Src/usbh_cdc.c ****           CDC_Handle->data_rx_state = CDC_RECEIVE_DATA;
 1303              		.loc 1 737 31 view .LVU403
 1304 005a 0344     		add	r3, r3, r0
 1305 005c 2B62     		str	r3, [r5, #32]
 738:Middlewares/ST/STM32_USB_Host_Library/Class/CDC/Src/usbh_cdc.c ****         }
 1306              		.loc 1 738 11 is_stmt 1 view .LVU404
ARM GAS  /tmp/ccmcMWNH.s 			page 43


 738:Middlewares/ST/STM32_USB_Host_Library/Class/CDC/Src/usbh_cdc.c ****         }
 1307              		.loc 1 738 37 is_stmt 0 view .LVU405
 1308 005e 0323     		movs	r3, #3
 1309 0060 85F84E30 		strb	r3, [r5, #78]
 1310 0064 F5E7     		b	.L71
 1311              		.cfi_endproc
 1312              	.LFE256:
 1314              		.section	.text.USBH_CDC_LineCodingChanged,"ax",%progbits
 1315              		.align	1
 1316              		.weak	USBH_CDC_LineCodingChanged
 1317              		.syntax unified
 1318              		.thumb
 1319              		.thumb_func
 1321              	USBH_CDC_LineCodingChanged:
 1322              	.LVL116:
 1323              	.LFB259:
 798:Middlewares/ST/STM32_USB_Host_Library/Class/CDC/Src/usbh_cdc.c **** 
 799:Middlewares/ST/STM32_USB_Host_Library/Class/CDC/Src/usbh_cdc.c **** /**
 800:Middlewares/ST/STM32_USB_Host_Library/Class/CDC/Src/usbh_cdc.c ****   * @brief  The function informs user that Settings have been changed
 801:Middlewares/ST/STM32_USB_Host_Library/Class/CDC/Src/usbh_cdc.c ****   *  @param  pdev: Selected device
 802:Middlewares/ST/STM32_USB_Host_Library/Class/CDC/Src/usbh_cdc.c ****   * @retval None
 803:Middlewares/ST/STM32_USB_Host_Library/Class/CDC/Src/usbh_cdc.c ****   */
 804:Middlewares/ST/STM32_USB_Host_Library/Class/CDC/Src/usbh_cdc.c **** __weak void USBH_CDC_LineCodingChanged(USBH_HandleTypeDef *phost)
 805:Middlewares/ST/STM32_USB_Host_Library/Class/CDC/Src/usbh_cdc.c **** {
 1324              		.loc 1 805 1 is_stmt 1 view -0
 1325              		.cfi_startproc
 1326              		@ args = 0, pretend = 0, frame = 0
 1327              		@ frame_needed = 0, uses_anonymous_args = 0
 1328              		@ link register save eliminated.
 806:Middlewares/ST/STM32_USB_Host_Library/Class/CDC/Src/usbh_cdc.c ****   /* Prevent unused argument(s) compilation warning */
 807:Middlewares/ST/STM32_USB_Host_Library/Class/CDC/Src/usbh_cdc.c ****   UNUSED(phost);
 1329              		.loc 1 807 3 view .LVU407
 808:Middlewares/ST/STM32_USB_Host_Library/Class/CDC/Src/usbh_cdc.c **** }
 1330              		.loc 1 808 1 is_stmt 0 view .LVU408
 1331 0000 7047     		bx	lr
 1332              		.cfi_endproc
 1333              	.LFE259:
 1335              		.section	.text.USBH_CDC_Process,"ax",%progbits
 1336              		.align	1
 1337              		.syntax unified
 1338              		.thumb
 1339              		.thumb_func
 1341              	USBH_CDC_Process:
 1342              	.LVL117:
 1343              	.LFB245:
 339:Middlewares/ST/STM32_USB_Host_Library/Class/CDC/Src/usbh_cdc.c ****   USBH_StatusTypeDef status = USBH_BUSY;
 1344              		.loc 1 339 1 is_stmt 1 view -0
 1345              		.cfi_startproc
 1346              		@ args = 0, pretend = 0, frame = 0
 1347              		@ frame_needed = 0, uses_anonymous_args = 0
 339:Middlewares/ST/STM32_USB_Host_Library/Class/CDC/Src/usbh_cdc.c ****   USBH_StatusTypeDef status = USBH_BUSY;
 1348              		.loc 1 339 1 is_stmt 0 view .LVU410
 1349 0000 70B5     		push	{r4, r5, r6, lr}
 1350              	.LCFI15:
 1351              		.cfi_def_cfa_offset 16
 1352              		.cfi_offset 4, -16
 1353              		.cfi_offset 5, -12
ARM GAS  /tmp/ccmcMWNH.s 			page 44


 1354              		.cfi_offset 6, -8
 1355              		.cfi_offset 14, -4
 1356 0002 0446     		mov	r4, r0
 340:Middlewares/ST/STM32_USB_Host_Library/Class/CDC/Src/usbh_cdc.c ****   USBH_StatusTypeDef req_status = USBH_OK;
 1357              		.loc 1 340 3 is_stmt 1 view .LVU411
 1358              	.LVL118:
 341:Middlewares/ST/STM32_USB_Host_Library/Class/CDC/Src/usbh_cdc.c ****   CDC_HandleTypeDef *CDC_Handle = (CDC_HandleTypeDef *) phost->pActiveClass->pData;
 1359              		.loc 1 341 3 view .LVU412
 342:Middlewares/ST/STM32_USB_Host_Library/Class/CDC/Src/usbh_cdc.c **** 
 1360              		.loc 1 342 3 view .LVU413
 342:Middlewares/ST/STM32_USB_Host_Library/Class/CDC/Src/usbh_cdc.c **** 
 1361              		.loc 1 342 62 is_stmt 0 view .LVU414
 1362 0004 D0F87C33 		ldr	r3, [r0, #892]
 342:Middlewares/ST/STM32_USB_Host_Library/Class/CDC/Src/usbh_cdc.c **** 
 1363              		.loc 1 342 22 view .LVU415
 1364 0008 DE69     		ldr	r6, [r3, #28]
 1365              	.LVL119:
 344:Middlewares/ST/STM32_USB_Host_Library/Class/CDC/Src/usbh_cdc.c ****   {
 1366              		.loc 1 344 3 is_stmt 1 view .LVU416
 344:Middlewares/ST/STM32_USB_Host_Library/Class/CDC/Src/usbh_cdc.c ****   {
 1367              		.loc 1 344 21 is_stmt 0 view .LVU417
 1368 000a 96F84C50 		ldrb	r5, [r6, #76]	@ zero_extendqisi2
 344:Middlewares/ST/STM32_USB_Host_Library/Class/CDC/Src/usbh_cdc.c ****   {
 1369              		.loc 1 344 3 view .LVU418
 1370 000e 042D     		cmp	r5, #4
 1371 0010 04D8     		bhi	.L80
 1372 0012 DFE805F0 		tbb	[pc, r5]
 1373              	.L82:
 1374 0016 3B       		.byte	(.L86-.L82)/2
 1375 0017 05       		.byte	(.L85-.L82)/2
 1376 0018 13       		.byte	(.L84-.L82)/2
 1377 0019 35       		.byte	(.L83-.L82)/2
 1378 001a 3D       		.byte	(.L81-.L82)/2
 1379 001b 00       		.p2align 1
 1380              	.L80:
 1381 001c 0125     		movs	r5, #1
 1382 001e 35E0     		b	.L86
 1383              	.L85:
 352:Middlewares/ST/STM32_USB_Host_Library/Class/CDC/Src/usbh_cdc.c **** 
 1384              		.loc 1 352 7 is_stmt 1 view .LVU419
 352:Middlewares/ST/STM32_USB_Host_Library/Class/CDC/Src/usbh_cdc.c **** 
 1385              		.loc 1 352 20 is_stmt 0 view .LVU420
 1386 0020 B16C     		ldr	r1, [r6, #72]
 1387 0022 FFF7FEFF 		bl	SetLineCoding
 1388              	.LVL120:
 354:Middlewares/ST/STM32_USB_Host_Library/Class/CDC/Src/usbh_cdc.c ****       {
 1389              		.loc 1 354 7 is_stmt 1 view .LVU421
 354:Middlewares/ST/STM32_USB_Host_Library/Class/CDC/Src/usbh_cdc.c ****       {
 1390              		.loc 1 354 10 is_stmt 0 view .LVU422
 1391 0026 18B9     		cbnz	r0, .L87
 356:Middlewares/ST/STM32_USB_Host_Library/Class/CDC/Src/usbh_cdc.c ****       }
 1392              		.loc 1 356 9 is_stmt 1 view .LVU423
 356:Middlewares/ST/STM32_USB_Host_Library/Class/CDC/Src/usbh_cdc.c ****       }
 1393              		.loc 1 356 27 is_stmt 0 view .LVU424
 1394 0028 0223     		movs	r3, #2
 1395 002a 86F84C30 		strb	r3, [r6, #76]
 1396 002e 2DE0     		b	.L86
ARM GAS  /tmp/ccmcMWNH.s 			page 45


 1397              	.L87:
 361:Middlewares/ST/STM32_USB_Host_Library/Class/CDC/Src/usbh_cdc.c ****         {
 1398              		.loc 1 361 9 is_stmt 1 view .LVU425
 361:Middlewares/ST/STM32_USB_Host_Library/Class/CDC/Src/usbh_cdc.c ****         {
 1399              		.loc 1 361 12 is_stmt 0 view .LVU426
 1400 0030 0128     		cmp	r0, #1
 1401 0032 36D0     		beq	.L89
 363:Middlewares/ST/STM32_USB_Host_Library/Class/CDC/Src/usbh_cdc.c ****         }
 1402              		.loc 1 363 11 is_stmt 1 view .LVU427
 363:Middlewares/ST/STM32_USB_Host_Library/Class/CDC/Src/usbh_cdc.c ****         }
 1403              		.loc 1 363 29 is_stmt 0 view .LVU428
 1404 0034 0423     		movs	r3, #4
 1405 0036 86F84C30 		strb	r3, [r6, #76]
 1406 003a 27E0     		b	.L86
 1407              	.LVL121:
 1408              	.L84:
 370:Middlewares/ST/STM32_USB_Host_Library/Class/CDC/Src/usbh_cdc.c **** 
 1409              		.loc 1 370 7 is_stmt 1 view .LVU429
 370:Middlewares/ST/STM32_USB_Host_Library/Class/CDC/Src/usbh_cdc.c **** 
 1410              		.loc 1 370 20 is_stmt 0 view .LVU430
 1411 003c 06F14001 		add	r1, r6, #64
 1412 0040 FFF7FEFF 		bl	GetLineCoding
 1413              	.LVL122:
 372:Middlewares/ST/STM32_USB_Host_Library/Class/CDC/Src/usbh_cdc.c ****       {
 1414              		.loc 1 372 7 is_stmt 1 view .LVU431
 372:Middlewares/ST/STM32_USB_Host_Library/Class/CDC/Src/usbh_cdc.c ****       {
 1415              		.loc 1 372 10 is_stmt 0 view .LVU432
 1416 0044 0546     		mov	r5, r0
 1417 0046 A0B9     		cbnz	r0, .L88
 374:Middlewares/ST/STM32_USB_Host_Library/Class/CDC/Src/usbh_cdc.c **** 
 1418              		.loc 1 374 9 is_stmt 1 view .LVU433
 374:Middlewares/ST/STM32_USB_Host_Library/Class/CDC/Src/usbh_cdc.c **** 
 1419              		.loc 1 374 27 is_stmt 0 view .LVU434
 1420 0048 0023     		movs	r3, #0
 1421 004a 86F84C30 		strb	r3, [r6, #76]
 376:Middlewares/ST/STM32_USB_Host_Library/Class/CDC/Src/usbh_cdc.c ****             (CDC_Handle->LineCoding.b.bDataBits == CDC_Handle->pUserLineCoding->b.bDataBits) &&
 1422              		.loc 1 376 9 is_stmt 1 view .LVU435
 377:Middlewares/ST/STM32_USB_Host_Library/Class/CDC/Src/usbh_cdc.c ****             (CDC_Handle->LineCoding.b.bParityType == CDC_Handle->pUserLineCoding->b.bParityType) &&
 1423              		.loc 1 377 94 is_stmt 0 view .LVU436
 1424 004e 736C     		ldr	r3, [r6, #68]
 376:Middlewares/ST/STM32_USB_Host_Library/Class/CDC/Src/usbh_cdc.c ****             (CDC_Handle->LineCoding.b.bDataBits == CDC_Handle->pUserLineCoding->b.bDataBits) &&
 1425              		.loc 1 376 64 view .LVU437
 1426 0050 B26C     		ldr	r2, [r6, #72]
 377:Middlewares/ST/STM32_USB_Host_Library/Class/CDC/Src/usbh_cdc.c ****             (CDC_Handle->LineCoding.b.bParityType == CDC_Handle->pUserLineCoding->b.bParityType) &&
 1427              		.loc 1 377 94 view .LVU438
 1428 0052 5168     		ldr	r1, [r2, #4]
 376:Middlewares/ST/STM32_USB_Host_Library/Class/CDC/Src/usbh_cdc.c ****             (CDC_Handle->LineCoding.b.bDataBits == CDC_Handle->pUserLineCoding->b.bDataBits) &&
 1429              		.loc 1 376 12 view .LVU439
 1430 0054 4B40     		eors	r3, r3, r1
 1431 0056 33F07F43 		bics	r3, r3, #-16777216
 1432 005a 24D1     		bne	.L90
 379:Middlewares/ST/STM32_USB_Host_Library/Class/CDC/Src/usbh_cdc.c ****         {
 1433              		.loc 1 379 38 view .LVU440
 1434 005c 316C     		ldr	r1, [r6, #64]
 379:Middlewares/ST/STM32_USB_Host_Library/Class/CDC/Src/usbh_cdc.c ****         {
 1435              		.loc 1 379 82 view .LVU441
 1436 005e 1368     		ldr	r3, [r2]
ARM GAS  /tmp/ccmcMWNH.s 			page 46


 378:Middlewares/ST/STM32_USB_Host_Library/Class/CDC/Src/usbh_cdc.c ****             (CDC_Handle->LineCoding.b.dwDTERate == CDC_Handle->pUserLineCoding->b.dwDTERate))
 1437              		.loc 1 378 98 view .LVU442
 1438 0060 9942     		cmp	r1, r3
 1439 0062 01D0     		beq	.L95
 340:Middlewares/ST/STM32_USB_Host_Library/Class/CDC/Src/usbh_cdc.c ****   USBH_StatusTypeDef req_status = USBH_OK;
 1440              		.loc 1 340 22 view .LVU443
 1441 0064 0125     		movs	r5, #1
 1442 0066 11E0     		b	.L86
 1443              	.L95:
 381:Middlewares/ST/STM32_USB_Host_Library/Class/CDC/Src/usbh_cdc.c ****         }
 1444              		.loc 1 381 11 is_stmt 1 view .LVU444
 1445 0068 2046     		mov	r0, r4
 1446              	.LVL123:
 381:Middlewares/ST/STM32_USB_Host_Library/Class/CDC/Src/usbh_cdc.c ****         }
 1447              		.loc 1 381 11 is_stmt 0 view .LVU445
 1448 006a FFF7FEFF 		bl	USBH_CDC_LineCodingChanged
 1449              	.LVL124:
 340:Middlewares/ST/STM32_USB_Host_Library/Class/CDC/Src/usbh_cdc.c ****   USBH_StatusTypeDef req_status = USBH_OK;
 1450              		.loc 1 340 22 view .LVU446
 1451 006e 0125     		movs	r5, #1
 1452              	.LVL125:
 340:Middlewares/ST/STM32_USB_Host_Library/Class/CDC/Src/usbh_cdc.c ****   USBH_StatusTypeDef req_status = USBH_OK;
 1453              		.loc 1 340 22 view .LVU447
 1454 0070 0CE0     		b	.L86
 1455              	.LVL126:
 1456              	.L88:
 386:Middlewares/ST/STM32_USB_Host_Library/Class/CDC/Src/usbh_cdc.c ****         {
 1457              		.loc 1 386 9 is_stmt 1 view .LVU448
 386:Middlewares/ST/STM32_USB_Host_Library/Class/CDC/Src/usbh_cdc.c ****         {
 1458              		.loc 1 386 12 is_stmt 0 view .LVU449
 1459 0072 0128     		cmp	r0, #1
 1460 0074 0AD0     		beq	.L86
 388:Middlewares/ST/STM32_USB_Host_Library/Class/CDC/Src/usbh_cdc.c ****         }
 1461              		.loc 1 388 11 is_stmt 1 view .LVU450
 388:Middlewares/ST/STM32_USB_Host_Library/Class/CDC/Src/usbh_cdc.c ****         }
 1462              		.loc 1 388 29 is_stmt 0 view .LVU451
 1463 0076 0423     		movs	r3, #4
 1464 0078 86F84C30 		strb	r3, [r6, #76]
 340:Middlewares/ST/STM32_USB_Host_Library/Class/CDC/Src/usbh_cdc.c ****   USBH_StatusTypeDef req_status = USBH_OK;
 1465              		.loc 1 340 22 view .LVU452
 1466 007c 0125     		movs	r5, #1
 1467 007e 05E0     		b	.L86
 1468              	.LVL127:
 1469              	.L83:
 394:Middlewares/ST/STM32_USB_Host_Library/Class/CDC/Src/usbh_cdc.c ****       CDC_ProcessReception(phost);
 1470              		.loc 1 394 7 is_stmt 1 view .LVU453
 1471 0080 FFF7FEFF 		bl	CDC_ProcessTransmission
 1472              	.LVL128:
 395:Middlewares/ST/STM32_USB_Host_Library/Class/CDC/Src/usbh_cdc.c ****       break;
 1473              		.loc 1 395 7 view .LVU454
 1474 0084 2046     		mov	r0, r4
 1475 0086 FFF7FEFF 		bl	CDC_ProcessReception
 1476              	.LVL129:
 396:Middlewares/ST/STM32_USB_Host_Library/Class/CDC/Src/usbh_cdc.c **** 
 1477              		.loc 1 396 7 view .LVU455
 340:Middlewares/ST/STM32_USB_Host_Library/Class/CDC/Src/usbh_cdc.c ****   USBH_StatusTypeDef req_status = USBH_OK;
 1478              		.loc 1 340 22 is_stmt 0 view .LVU456
ARM GAS  /tmp/ccmcMWNH.s 			page 47


 1479 008a 0125     		movs	r5, #1
 1480              	.LVL130:
 1481              	.L86:
 413:Middlewares/ST/STM32_USB_Host_Library/Class/CDC/Src/usbh_cdc.c **** }
 1482              		.loc 1 413 3 is_stmt 1 view .LVU457
 414:Middlewares/ST/STM32_USB_Host_Library/Class/CDC/Src/usbh_cdc.c **** 
 1483              		.loc 1 414 1 is_stmt 0 view .LVU458
 1484 008c 2846     		mov	r0, r5
 1485 008e 70BD     		pop	{r4, r5, r6, pc}
 1486              	.LVL131:
 1487              	.L81:
 399:Middlewares/ST/STM32_USB_Host_Library/Class/CDC/Src/usbh_cdc.c **** 
 1488              		.loc 1 399 7 is_stmt 1 view .LVU459
 399:Middlewares/ST/STM32_USB_Host_Library/Class/CDC/Src/usbh_cdc.c **** 
 1489              		.loc 1 399 20 is_stmt 0 view .LVU460
 1490 0090 0021     		movs	r1, #0
 1491 0092 FFF7FEFF 		bl	USBH_ClrFeature
 1492              	.LVL132:
 401:Middlewares/ST/STM32_USB_Host_Library/Class/CDC/Src/usbh_cdc.c ****       {
 1493              		.loc 1 401 7 is_stmt 1 view .LVU461
 401:Middlewares/ST/STM32_USB_Host_Library/Class/CDC/Src/usbh_cdc.c ****       {
 1494              		.loc 1 401 10 is_stmt 0 view .LVU462
 1495 0096 40B9     		cbnz	r0, .L92
 404:Middlewares/ST/STM32_USB_Host_Library/Class/CDC/Src/usbh_cdc.c ****       }
 1496              		.loc 1 404 9 is_stmt 1 view .LVU463
 404:Middlewares/ST/STM32_USB_Host_Library/Class/CDC/Src/usbh_cdc.c ****       }
 1497              		.loc 1 404 27 is_stmt 0 view .LVU464
 1498 0098 0023     		movs	r3, #0
 1499 009a 86F84C30 		strb	r3, [r6, #76]
 340:Middlewares/ST/STM32_USB_Host_Library/Class/CDC/Src/usbh_cdc.c ****   USBH_StatusTypeDef req_status = USBH_OK;
 1500              		.loc 1 340 22 view .LVU465
 1501 009e 0125     		movs	r5, #1
 1502 00a0 F4E7     		b	.L86
 1503              	.L89:
 340:Middlewares/ST/STM32_USB_Host_Library/Class/CDC/Src/usbh_cdc.c ****   USBH_StatusTypeDef req_status = USBH_OK;
 1504              		.loc 1 340 22 view .LVU466
 1505 00a2 0546     		mov	r5, r0
 1506 00a4 F2E7     		b	.L86
 1507              	.L90:
 340:Middlewares/ST/STM32_USB_Host_Library/Class/CDC/Src/usbh_cdc.c ****   USBH_StatusTypeDef req_status = USBH_OK;
 1508              		.loc 1 340 22 view .LVU467
 1509 00a6 0125     		movs	r5, #1
 1510 00a8 F0E7     		b	.L86
 1511              	.L92:
 340:Middlewares/ST/STM32_USB_Host_Library/Class/CDC/Src/usbh_cdc.c ****   USBH_StatusTypeDef req_status = USBH_OK;
 1512              		.loc 1 340 22 view .LVU468
 1513 00aa 0125     		movs	r5, #1
 1514 00ac EEE7     		b	.L86
 1515              		.cfi_endproc
 1516              	.LFE245:
 1518              		.global	CDC_Class
 1519              		.section	.rodata.str1.4,"aMS",%progbits,1
 1520              		.align	2
 1521              	.LC0:
 1522 0000 43444300 		.ascii	"CDC\000"
 1523              		.section	.data.CDC_Class,"aw"
 1524              		.align	2
ARM GAS  /tmp/ccmcMWNH.s 			page 48


 1527              	CDC_Class:
 1528 0000 00000000 		.word	.LC0
 1529 0004 02       		.byte	2
 1530 0005 000000   		.space	3
 1531 0008 00000000 		.word	USBH_CDC_InterfaceInit
 1532 000c 00000000 		.word	USBH_CDC_InterfaceDeInit
 1533 0010 00000000 		.word	USBH_CDC_ClassRequest
 1534 0014 00000000 		.word	USBH_CDC_Process
 1535 0018 00000000 		.word	USBH_CDC_SOFProcess
 1536 001c 00000000 		.word	0
 1537              		.text
 1538              	.Letext0:
 1539              		.file 2 "/opt/st/stm32cubeclt_1.21.0/GNU-tools-for-STM32/arm-none-eabi/include/machine/_default_ty
 1540              		.file 3 "/opt/st/stm32cubeclt_1.21.0/GNU-tools-for-STM32/arm-none-eabi/include/sys/_stdint.h"
 1541              		.file 4 "Middlewares/ST/STM32_USB_Host_Library/Core/Inc/usbh_def.h"
 1542              		.file 5 "Middlewares/ST/STM32_USB_Host_Library/Class/CDC/Inc/usbh_cdc.h"
 1543              		.file 6 "Middlewares/ST/STM32_USB_Host_Library/Core/Inc/usbh_core.h"
 1544              		.file 7 "Middlewares/ST/STM32_USB_Host_Library/Core/Inc/usbh_pipes.h"
 1545              		.file 8 "/opt/st/stm32cubeclt_1.21.0/GNU-tools-for-STM32/arm-none-eabi/include/string.h"
 1546              		.file 9 "/opt/st/stm32cubeclt_1.21.0/GNU-tools-for-STM32/arm-none-eabi/include/stdlib.h"
 1547              		.file 10 "Middlewares/ST/STM32_USB_Host_Library/Core/Inc/usbh_ioreq.h"
 1548              		.file 11 "Middlewares/ST/STM32_USB_Host_Library/Core/Inc/usbh_ctlreq.h"
 1549              		.file 12 "<built-in>"
ARM GAS  /tmp/ccmcMWNH.s 			page 49


DEFINED SYMBOLS
                            *ABS*:00000000 usbh_cdc.c
     /tmp/ccmcMWNH.s:21     .text.USBH_CDC_SOFProcess:00000000 $t
     /tmp/ccmcMWNH.s:26     .text.USBH_CDC_SOFProcess:00000000 USBH_CDC_SOFProcess
     /tmp/ccmcMWNH.s:45     .text.SetLineCoding:00000000 $t
     /tmp/ccmcMWNH.s:50     .text.SetLineCoding:00000000 SetLineCoding
     /tmp/ccmcMWNH.s:92     .text.GetLineCoding:00000000 $t
     /tmp/ccmcMWNH.s:97     .text.GetLineCoding:00000000 GetLineCoding
     /tmp/ccmcMWNH.s:139    .text.USBH_CDC_ClassRequest:00000000 $t
     /tmp/ccmcMWNH.s:144    .text.USBH_CDC_ClassRequest:00000000 USBH_CDC_ClassRequest
     /tmp/ccmcMWNH.s:199    .text.USBH_CDC_InterfaceDeInit:00000000 $t
     /tmp/ccmcMWNH.s:204    .text.USBH_CDC_InterfaceDeInit:00000000 USBH_CDC_InterfaceDeInit
     /tmp/ccmcMWNH.s:321    .text.USBH_CDC_InterfaceInit:00000000 $t
     /tmp/ccmcMWNH.s:326    .text.USBH_CDC_InterfaceInit:00000000 USBH_CDC_InterfaceInit
     /tmp/ccmcMWNH.s:642    .text.USBH_CDC_Stop:00000000 $t
     /tmp/ccmcMWNH.s:648    .text.USBH_CDC_Stop:00000000 USBH_CDC_Stop
     /tmp/ccmcMWNH.s:711    .text.USBH_CDC_SetLineCoding:00000000 $t
     /tmp/ccmcMWNH.s:717    .text.USBH_CDC_SetLineCoding:00000000 USBH_CDC_SetLineCoding
     /tmp/ccmcMWNH.s:758    .text.USBH_CDC_GetLineCoding:00000000 $t
     /tmp/ccmcMWNH.s:764    .text.USBH_CDC_GetLineCoding:00000000 USBH_CDC_GetLineCoding
     /tmp/ccmcMWNH.s:816    .text.USBH_CDC_GetLastReceivedDataSize:00000000 $t
     /tmp/ccmcMWNH.s:822    .text.USBH_CDC_GetLastReceivedDataSize:00000000 USBH_CDC_GetLastReceivedDataSize
     /tmp/ccmcMWNH.s:871    .text.USBH_CDC_Transmit:00000000 $t
     /tmp/ccmcMWNH.s:877    .text.USBH_CDC_Transmit:00000000 USBH_CDC_Transmit
     /tmp/ccmcMWNH.s:934    .text.USBH_CDC_Receive:00000000 $t
     /tmp/ccmcMWNH.s:940    .text.USBH_CDC_Receive:00000000 USBH_CDC_Receive
     /tmp/ccmcMWNH.s:996    .text.USBH_CDC_TransmitCallback:00000000 $t
     /tmp/ccmcMWNH.s:1002   .text.USBH_CDC_TransmitCallback:00000000 USBH_CDC_TransmitCallback
     /tmp/ccmcMWNH.s:1017   .text.CDC_ProcessTransmission:00000000 $t
     /tmp/ccmcMWNH.s:1022   .text.CDC_ProcessTransmission:00000000 CDC_ProcessTransmission
     /tmp/ccmcMWNH.s:1177   .text.USBH_CDC_ReceiveCallback:00000000 $t
     /tmp/ccmcMWNH.s:1183   .text.USBH_CDC_ReceiveCallback:00000000 USBH_CDC_ReceiveCallback
     /tmp/ccmcMWNH.s:1198   .text.CDC_ProcessReception:00000000 $t
     /tmp/ccmcMWNH.s:1203   .text.CDC_ProcessReception:00000000 CDC_ProcessReception
     /tmp/ccmcMWNH.s:1315   .text.USBH_CDC_LineCodingChanged:00000000 $t
     /tmp/ccmcMWNH.s:1321   .text.USBH_CDC_LineCodingChanged:00000000 USBH_CDC_LineCodingChanged
     /tmp/ccmcMWNH.s:1336   .text.USBH_CDC_Process:00000000 $t
     /tmp/ccmcMWNH.s:1341   .text.USBH_CDC_Process:00000000 USBH_CDC_Process
     /tmp/ccmcMWNH.s:1374   .text.USBH_CDC_Process:00000016 $d
     /tmp/ccmcMWNH.s:1527   .data.CDC_Class:00000000 CDC_Class
     /tmp/ccmcMWNH.s:1520   .rodata.str1.4:00000000 $d
     /tmp/ccmcMWNH.s:1524   .data.CDC_Class:00000000 $d
     /tmp/ccmcMWNH.s:1379   .text.USBH_CDC_Process:0000001b $d
     /tmp/ccmcMWNH.s:1379   .text.USBH_CDC_Process:0000001c $t

UNDEFINED SYMBOLS
USBH_CtlReq
free
USBH_ClosePipe
USBH_FreePipe
USBH_FindInterface
USBH_SelectInterface
malloc
memset
USBH_AllocPipe
USBH_OpenPipe
USBH_LL_SetToggle
ARM GAS  /tmp/ccmcMWNH.s 			page 50


USBH_LL_GetLastXferSize
USBH_LL_GetURBState
USBH_BulkSendData
USBH_BulkReceiveData
USBH_ClrFeature
